(1788802205.466677) can0 03FF1000#0840112200000001
(1788802205.571700) can0 03FF1000#0840112200000001
(1788802205.676694) can0 03FF1000#0840112200000001
(1788802205.781690) can0 03FF1000#0840112200000001
(1788802205.886687) can0 03FF1000#0840112200000001
(1788802205.991690) can0 03FF1000#0840112200000001
(1788802206.096706) can0 03FF1000#0840112200000001
(1788802206.201713) can0 03FF1000#0840112200000001
(1788802206.306694) can0 03FF1000#0840112200000001
(1788802206.411695) can0 03FF1000#0840112200000001
(1788802206.516686) can0 03FF1000#0840112200000001
(1788802206.621714) can0 03FF1000#0840112200000001
(1788802206.726716) can0 03FF1000#0840112200000001
(1788802206.831722) can0 03FF1000#0840112200000001
(1788802206.936759) can0 03FF1000#0840112200000001
(1788802207.041709) can0 03FF1000#0840112200000001
(1788802207.146729) can0 03FF1000#0840112200000001
(1788802207.251729) can0 03FF1000#0840112200000001
(1788802207.356731) can0 03FF1000#0840112200000001
(1788802207.461767) can0 03FF1000#0840112200000001
(1788802207.566713) can0 03FF1000#0840112200000001
(1788802207.671731) can0 03FF1000#0840112200000001
(1788802207.776733) can0 03FF1000#0840112200000001
(1788802207.881729) can0 03FF1000#0840112200000001
(1788802207.986771) can0 03FF1000#0840112200000001
(1788802208.091728) can0 03FF1000#0840112200000001
(1788802208.196741) can0 03FF1000#0840112200000001
(1788802208.301737) can0 03FF1000#0840112200000001
(1788802208.406745) can0 03FF1000#0840112200000001
(1788802208.511727) can0 03FF1000#0840112200000001
(1788802208.616737) can0 03FF1000#0840112200000001
(1788802208.721751) can0 03FF1000#0840112200000001
(1788802208.826754) can0 03FF1000#0840112200000001
(1788802208.931750) can0 03FF1000#0840112200000001
(1788802209.036728) can0 03FF1000#0840112200000001
(1788802209.141746) can0 03FF1000#0840112200000001
(1788802209.246777) can0 03FF1000#0840112200000001
(1788802209.351768) can0 03FF1000#0840112200000001
(1788802209.388645) can0 04FF3400#0000022000000000
(1788802209.456750) can0 03FF1000#0840112200000001
(1788802209.561758) can0 03FF1000#0840112200000001
(1788802209.666762) can0 03FF1000#0840112200000001
(1788802209.771742) can0 03FF1000#0840112200000001
(1788802209.876774) can0 03FF1000#0840112200000001
(1788802209.981767) can0 03FF1000#0840112200000001
(1788802210.086773) can0 03FF1000#0840112200000001
(1788802210.191764) can0 03FF1000#0840112200000001
(1788802210.296819) can0 03FF1000#0840112200000001
(1788802210.401793) can0 03FF1000#0840112200000001
(1788802210.506787) can0 03FF1000#0840112200000001
(1788802210.611772) can0 03FF1000#0840112200000001
(1788802210.716769) can0 03FF1000#0840112200000001
(1788802210.821828) can0 03FF1000#0840112200000001
(1788802210.926798) can0 03FF1000#0840112200000001
(1788802211.031806) can0 03FF1000#0840112200000001
(1788802211.136782) can0 03FF1000#0840112200000001
(1788802211.241785) can0 03FF1000#0840112200000001
(1788802211.346819) can0 03FF1000#0840112200000001
(1788802211.451802) can0 03FF1000#0840112200000001
(1788802211.556817) can0 03FF1000#0840112200000001
(1788802211.661798) can0 03FF1000#0840112200000001
(1788802211.766801) can0 03FF1000#0840112200000001
(1788802211.871794) can0 03FF1000#0840112200000001
(1788802211.976840) can0 03FF1000#0840112200000001
(1788802212.081832) can0 03FF1000#0840112200000001
(1788802212.186800) can0 03FF1000#0840112200000001
(1788802212.291794) can0 03FF1000#0840112200000001
(1788802212.396804) can0 03FF1000#0840112200000001
(1788802212.501843) can0 03FF1000#0840112200000001
(1788802212.606832) can0 03FF1000#0840112200000001
(1788802212.711815) can0 03FF1000#0840112200000001
(1788802212.816822) can0 03FF1000#0840112200000001
(1788802212.921832) can0 03FF1000#0840112200000001
(1788802213.026843) can0 03FF1000#0840112200000001
(1788802213.131879) can0 03FF1000#0840112200000001
(1788802213.236842) can0 03FF1000#0840112200000001
(1788802213.341846) can0 03FF1000#0840112200000001
(1788802213.446858) can0 03FF1000#0840112200000001
(1788802213.551861) can0 03FF1000#0840112200000001
(1788802213.656898) can0 03FF1000#0840112200000001
(1788802213.761868) can0 03FF1000#0840112200000001
(1788802213.866874) can0 03FF1000#0840112200000001
(1788802213.971886) can0 03FF1000#0840112200000001
(1788802214.076887) can0 03FF1000#0840112200000001
(1788802214.181914) can0 03FF1000#0840112200000001
(1788802214.286896) can0 03FF1000#0840112200000001
(1788802214.391901) can0 03FF1000#0840112200000001
(1788802214.496913) can0 03FF1000#0840112200000001
(1788802214.601912) can0 03FF1000#0840112200000001
(1788802214.706917) can0 03FF1000#0840112200000001
(1788802214.811923) can0 03FF1000#0840112200000001
(1788802214.916932) can0 03FF1000#0840112200000001
(1788802215.021939) can0 03FF1000#0840112200000001
(1788802215.126942) can0 03FF1000#0840112200000001
(1788802215.231944) can0 03FF1000#0840112200000001
(1788802215.336949) can0 03FF1000#0840112200000001
(1788802215.441957) can0 03FF1000#0840112200000001
(1788802215.546968) can0 03FF1000#0840112200000001
(1788802215.651966) can0 03FF1000#0840112200000001
(1788802215.756972) can0 03FF1000#0840112200000001
(1788802215.861976) can0 03FF1000#0840112200000001
(1788802215.966984) can0 03FF1000#0840112200000001
(1788802216.071992) can0 03FF1000#0840112200000001
(1788802216.176994) can0 03FF1000#0840112200000001
(1788802216.246996) can0 02181606#0100120001030200
(1788802216.286998) can0 03FF1000#0840112200000001
(1788802216.296999) can0 03FF1001#0000000000000000
(1788802216.307999) can0 03FF1603#0000D03600000000
(1788802216.317999) can0 03FF1605#0100000000000000
(1788802216.319999) can0 05FF4610#0000D0A2FFFFFFDA
(1788802216.329000) can0 03121606#0100000000000000
(1788802216.357002) can0 02181606#0100120001030200
(1788802216.392004) can0 03FF1000#0840112200000001
(1788802216.402003) can0 03FF1001#0000000000000000
(1788802216.413005) can0 03FF1603#0000D03600000000
(1788802216.423005) can0 03FF1605#0100000000000000
(1788802216.434006) can0 03121606#0000000000000000
(1788802216.448006) can0 05FF4001#0000000000000000
(1788802216.450006) can0 05FF4000#0000000000000000
(1788802216.497014) can0 03FF1000#0840112200000001
(1788802216.507013) can0 03FF1001#0000000000000000
(1788802216.518009) can0 03FF1603#0000D03600000000
(1788802216.528010) can0 03FF1605#0100000000000000
(1788802216.530010) can0 05FF4602#07100D100D100C10
(1788802216.540010) can0 05FF4603#0D100A100E100E10
(1788802216.550012) can0 05FF4604#0B100C100F101110
(1788802216.560013) can0 05FF4605#0B10000000000000
(1788802216.581014) can0 05FF4610#0000D0A2FFFFFFDA
(1788802216.590013) can0 05FF4606#1E1E1E
(1788802216.600014) can0 05FF4607#1E1D1E
(1788802216.602014) can0 03FF1000#0840112200000001
(1788802216.610015) can0 05FF4608#0019007C
(1788802216.612014) can0 03FF1001#0000000000000000
(1788802216.620015) can0 05FF4609#010003CA03CA00
(1788802216.623015) can0 03FF1603#0000D03600000000
(1788802216.633016) can0 03FF1605#0100000000000000
(1788802216.707019) can0 03FF1000#0840112200000001
(1788802216.717019) can0 03FF1001#0000000000000000
(1788802216.728021) can0 03FF1603#0000D03600000000
(1788802216.738020) can0 03FF1605#0100000000000000
(1788802216.770023) can0 05FF4400#00000000
(1788802216.812025) can0 03FF1000#0840112200000001
(1788802216.820025) can0 05FF4600#0D0300900303
(1788802216.822024) can0 03FF1001#0000000000000000
(1788802216.832280) can0 03FF1603#0000D03600000000
(1788802216.842026) can0 05FF4610#0000D0A2FFFFFFDA
(1788802216.843026) can0 03FF1605#0100000000000000
(1788802216.868027) can0 02191602#0000000000000000
(1788802216.882032) can0 05FF4601#007300000000
(1788802216.917031) can0 03FF1000#0840112200000001
(1788802216.927031) can0 03FF1001#0000000000000000
(1788802216.938031) can0 03FF1603#0000D03600000000
(1788802216.948031) can0 03FF1605#0100000000000000
(1788802216.990034) can0 03FF1600#142B000104001312
(1788802217.001035) can0 03FF1601#6E50000000000000
(1788802217.011037) can0 03FF1602#000005000000157C
(1788802217.022037) can0 03FF1604#0000000000000000
(1788802217.032036) can0 03FF1000#0840112200000001
(1788802217.043036) can0 03FF1001#0000000000000000
(1788802217.053037) can0 03FF1603#0000D03600000000
(1788802217.064038) can0 03FF1605#0100000000000000
(1788802217.127041) can0 03FF1000#0840112200000001
(1788802217.137042) can0 03FF1001#0000000000000000
(1788802217.143041) can0 05FF4610#0000D0A0FFFFFFC4
(1788802217.147296) can0 03FF1603#0000D03600000000
(1788802217.158043) can0 03FF1605#0100000000000000
(1788802217.232047) can0 03FF1000#0840112200000001
(1788802217.242047) can0 03FF1001#0000000000000000
(1788802217.252301) can0 03FF1603#0000D03600000000
(1788802217.263048) can0 03FF1605#0100000000000000
(1788802217.337053) can0 03FF1000#0840112200000001
(1788802217.347052) can0 03FF1001#0000000000000000
(1788802217.357295) can0 03FF1603#0000D03600000000
(1788802217.368053) can0 03FF1605#0100000000000000
(1788802217.405057) can0 05FF4610#0000D0A0FFFFFFC4
(1788802217.442057) can0 03FF1000#0840112200000001
(1788802217.452057) can0 03FF1001#0000000000000000
(1788802217.462290) can0 03FF1603#0000D03600000000
(1788802217.473058) can0 03FF1605#0100000000000000
(1788802217.490060) can0 05FF4001#0000000000000000
(1788802217.492059) can0 05FF4000#0000000000000000
(1788802217.547063) can0 03FF1000#0840112200000001
(1788802217.557064) can0 03FF1001#0000000000000000
(1788802217.567319) can0 03FF1603#0000D03600000000
(1788802217.573064) can0 05FF4602#07100C100D100C10
(1788802217.578063) can0 03FF1605#0100000000000000
(1788802217.583064) can0 05FF4603#0D100A100E100E10
(1788802217.593065) can0 05FF4604#0B100C100F101010
(1788802217.603065) can0 05FF4605#0B10000000000000
(1788802217.633067) can0 05FF4606#1E1E1E
(1788802217.644067) can0 05FF4607#1E1D1E
(1788802217.652068) can0 03FF1000#0840112200000001
(1788802217.654067) can0 05FF4608#0019007C
(1788802217.662069) can0 03FF1001#0000000000000000
(1788802217.665068) can0 05FF4609#010003CA03CA00
(1788802217.668068) can0 05FF4610#0000D0A0FFFFFFC4
(1788802217.672311) can0 03FF1603#0000D03600000000
(1788802217.683070) can0 03FF1605#0100000000000000
(1788802217.757074) can0 03FF1000#0840112200000001
(1788802217.767074) can0 03FF1001#0000000000000000
(1788802217.778074) can0 03FF1603#0000D03600000000
(1788802217.788075) can0 03FF1605#0100000000000000
(1788802217.861333) can0 03FF1000#0840112200000001
(1788802217.872079) can0 03FF1001#0000000000000000
(1788802217.882311) can0 03FF1603#0000D03600000000
(1788802217.889080) can0 02FF2602#A48BF01D379F3F37
(1788802217.889141) can0 02294609#0000000000000000
(1788802217.891080) can0 05124609#030003CA03CA00
(1788802217.893080) can0 03FF1605#0100000000000000
(1788802217.941084) can0 05FF4610#0000D0A0FFFFFFC4
(1788802217.967083) can0 03FF1000#0840112200000001
(1788802217.977085) can0 03FF1001#0000000000000000
(1788802217.988085) can0 03FF1603#0000D03600000000
(1788802217.998085) can0 03FF1605#0100000000000000
(1788802218.008318) can0 03FF1600#142B000104001312
(1788802218.019087) can0 03FF1601#6E50000000000000
(1788802218.029284) can0 03FF1602#000005000000157C
(1788802218.040087) can0 03FF1604#0000000000000000
(1788802218.072090) can0 03FF1000#0840112200000001
(1788802218.082092) can0 03FF1001#0000000000000000
(1788802218.092323) can0 03FF1603#0000D03600000000
(1788802218.103091) can0 03FF1605#0100000000000000
(1788802218.176350) can0 03FF1000#0840112200000001
(1788802218.187096) can0 03FF1001#0000000000000000
(1788802218.197327) can0 03FF1603#0000D03600000000
(1788802218.208097) can0 03FF1605#0100000000000000
(1788802218.229097) can0 05FF4610#0000D0A2FFFFFFCF
(1788802218.281343) can0 03FF1000#0840112200000001
(1788802218.292101) can0 03FF1001#0000000000000000
(1788802218.302316) can0 03FF1603#0000D03600000000
(1788802218.313103) can0 03FF1605#0100000000000000
(1788802218.387106) can0 03FF1000#0840112200000001
(1788802218.397106) can0 03FF1001#0000000000000000
(1788802218.400106) can0 02FF2602#67EB1F4511C1F69F
(1788802218.400174) can0 02294609#0000000000000000
(1788802218.402106) can0 05124609#030003CA03CA00
(1788802218.407314) can0 03FF1603#0000D03600000000
(1788802218.418108) can0 03FF1605#0100000000000000
(1788802218.491111) can0 05FF4610#0000D0A2FFFFFFCF
(1788802218.491375) can0 03FF1000#0840112200000001
(1788802218.502112) can0 03FF1001#0000000000000000
(1788802218.509111) can0 02203606#0101000100010000
(1788802218.512332) can0 03FF1603#0000D03600000000
(1788802218.518298) can0 04FF3604#0004000300000100
(1788802218.523113) can0 03FF1605#0100000000000000
(1788802218.533113) can0 05FF4001#0000000000000000
(1788802218.535113) can0 05FF4000#0000000000000000
(1788802218.548313) can0 04FF3604#0005000300000100
(1788802218.557114) can0 02181606#0000000000030200
(1788802218.565115) can0 03FF1605#0000000000000000
(1788802218.578313) can0 04FF3604#0005000300000100
(1788802218.579117) can0 02203606#0200000000000000
(1788802218.609119) can0 02181608#0500000001000000
(1788802218.639119) can0 02181609#0000000000000000
(1788802218.669121) can0 02488600#0000000000000000
(1788802218.720122) can0 02294500#
(1788802218.721122) can0 05124500#0500
(1788802218.732124) can0 1FF8B028#0000000000000000
(1788802218.742124) can0 03FF1000#0840112200000001
(1788802218.749355) can0 02FF2605#0000060907070004
(1788802218.753124) can0 03FF1605#0000000000000000
(1788802218.763125) can0 03121606#0100000000000000
(1788802218.779126) can0 02FF2604#0000000000000000
(1788802218.809382) can0 02FF2704#0200000000000000
(1788802218.837129) can0 03FF1000#0840112200000001
(1788802218.839193) can0 0260B606#0100000000000000
(1788802218.869165) can0 02203607#0000000300000000
(1788802218.899238) can0 02F82400#0500000000000000
(1788802218.929205) can0 02FF2602#E543B5FD3F1279AB
(1788802218.942134) can0 03FF1000#0840112200000001
(1788802218.959262) can0 02181606#0100120001030200
(1788802218.991137) can0 02203606#0100000100010000
(1788802218.998298) can0 04FF3604#0004000300000000
(1788802219.009369) can0 03FF1600#142B000104001312
(1788802219.019346) can0 02181608#0500000001000000
(1788802219.020138) can0 03FF1601#6E50000000000000
(1788802219.028300) can0 04FF3604#0003000300000000
(1788802219.030330) can0 03FF1602#000005000000157C
(1788802219.041140) can0 03FF1604#0000000000000000
(1788802219.049383) can0 02181609#0000000000000000
(1788802219.051394) can0 03FF1000#0840112200000001
(1788802219.058286) can0 04FF3604#0003000300C80000
(1788802219.062140) can0 03FF1001#0000000000000000
(1788802219.072384) can0 03FF1603#0000D03600000000
(1788802219.080141) can0 02488600#0000000000000000
(1788802219.083143) can0 03FF1605#0100000000000000
(1788802219.085142) can0 05FF4610#0000D0A2FFFFFFCF
(1788802219.088305) can0 04FF3604#0003000300C80000
(1788802219.093352) can0 03121606#0100000000000000
(1788802219.109143) can0 02294501#
(1788802219.110143) can0 05124501#0103
(1788802219.118294) can0 04FF3604#0004000300C80000
(1788802219.140145) can0 02FF2605#0000060907070006
(1788802219.148291) can0 04FF3604#0003000300C80000
(1788802219.156365) can0 03FF1000#0840112200000001
(1788802219.167146) can0 03FF1001#0000000000000000
(1788802219.170145) can0 02FF2604#0000000000000000
(1788802219.177354) can0 03FF1603#0000D03600000000
(1788802219.178319) can0 04FF3604#0003000300C80000
(1788802219.188147) can0 03FF1605#0100000000000000
(1788802219.208310) can0 04FF3604#0003000300C80000
(1788802219.215148) can0 05FF4001#0000000000000000
(1788802219.217147) can0 05FF4000#0000000000000000
(1788802219.238288) can0 04FF3604#0003000300C80000
(1788802219.240149) can0 02FF2704#0200000000000000
(1788802219.261354) can0 03FF1000#0840112200000001
(1788802219.268301) can0 04FF3604#0003000300C80000
(1788802219.272150) can0 0260B606#0100000000000000
(1788802219.272205) can0 03FF1001#0000000000000000
(1788802219.282360) can0 03FF1603#0000D03600000000
(1788802219.293152) can0 03FF1605#0100000000000000
(1788802219.297152) can0 05FF4602#07100D100D100C10
(1788802219.298291) can0 04FF3604#0003000300C80000
(1788802219.305299) can0 02203607#0000000300000000
(1788802219.307152) can0 05FF4603#0D100A100E100E10
(1788802219.317153) can0 05FF4604#0B100C100F101110
(1788802219.327153) can0 05FF4605#0B10000000000000
(1788802219.328287) can0 04FF3604#0003000300C80000
(1788802219.332154) can0 02181606#0100120001030200
(1788802219.348155) can0 05FF4610#0000D0A2FFFFFFDA
(1788802219.358155) can0 05FF4606#1E1E1E
(1788802219.358291) can0 04FF3604#0004000300C80000
(1788802219.360155) can0 02203606#0101000100010000
(1788802219.366376) can0 03FF1000#0840112200000001
(1788802219.368155) can0 05FF4607#1E1D1E
(1788802219.377156) can0 03FF1001#0000000000000000
(1788802219.378156) can0 05FF4608#0019007C
(1788802219.387344) can0 03FF1603#0000D03600000000
(1788802219.388157) can0 05FF4609#030003CA03CA00
(1788802219.389156) can0 04FF3400#0000022100000000
(1788802219.389213) can0 04FF3602#0000000000000000
(1788802219.390157) can0 04FF3603#0100000000000000
(1788802219.391156) can0 02181608#0500000001000000
(1788802219.393307) can0 04FF3604#0005000300C80100
(1788802219.398158) can0 03FF1605#0100000000000000
(1788802219.408366) can0 03121606#0000000000000000
(1788802219.418298) can0 04FF3604#0004000300C80100
(1788802219.421158) can0 02181609#0000000000000000
(1788802219.448287) can0 04FF3604#0004000300C80100
(1788802219.451160) can0 02488600#0000000000000000
(1788802219.471369) can0 03FF1000#0840112200000001
(1788802219.478283) can0 04FF3604#0005000300C80100
(1788802219.482161) can0 02191500#
(1788802219.482216) can0 03FF1001#0000000000000000
(1788802219.492335) can0 03FF1603#0000D03600000000
(1788802219.503162) can0 03FF1605#0100000000000000
(1788802219.508301) can0 04FF3604#0004000300C80100
(1788802219.513359) can0 03FF1500#000000C300000000
(1788802219.538304) can0 04FF3604#0004000300C80100
(1788802219.539165) can0 05FF4400#00000001
(1788802219.541164) can0 02FF2605#0000060907070007
(1788802219.568294) can0 04FF3604#0005000300C80100
(1788802219.571212) can0 02FF2604#0000000000000000
(1788802219.576381) can0 03FF1000#0840112200000001
(1788802219.587168) can0 03FF1001#0000000000000000
(1788802219.589169) can0 05FF4600#0D0300900303
(1788802219.597389) can0 03FF1603#0000D03600000000
(1788802219.598289) can0 04FF3604#0004000300C80100
(1788802219.608170) can0 03FF1605#0100000000000000
(1788802219.611169) can0 05FF4610#0000D0A2FFFFFFDA
(1788802219.613319) can0 02FF2704#0200000000000000
(1788802219.628293) can0 04FF3604#0006000300C80100
(1788802219.640172) can0 05FF4601#007300000000
(1788802219.641170) can0 0260B606#0100000000000000
(1788802219.658287) can0 04FF3604#0005000300C80100
(1788802219.672295) can0 02203607#0000000300000000
(1788802219.681381) can0 03FF1000#0840112200000001
(1788802219.688291) can0 04FF3604#0004000300C80100
(1788802219.692172) can0 03FF1001#0000000000000000
(1788802219.702372) can0 03FF1603#0000D03600000000
(1788802219.713174) can0 03FF1605#0100000000000000
(1788802219.718301) can0 04FF3604#0004000300C80100
(1788802219.748303) can0 04FF3604#0004000300C80100
(1788802219.778288) can0 04FF3604#0004000300C80100
(1788802219.786375) can0 03FF1000#0840112200000001
(1788802219.797179) can0 03FF1001#0000000000000000
(1788802219.807365) can0 03FF1603#0000D03600000000
(1788802219.808289) can0 04FF3604#0002000300C80100
(1788802219.818180) can0 03FF1605#0100000000000000
(1788802219.838297) can0 04FF3604#0004000300C80100
(1788802219.868285) can0 04FF3604#0005000300C80100
(1788802219.886186) can0 05FF4610#0000D0A2FFFFFFDA
(1788802219.888298) can0 04FF3602#0000000000000000
(1788802219.891368) can0 03FF1000#0840112200000001
(1788802219.898287) can0 04FF3604#0005000300C80100
(1788802219.902183) can0 03FF1001#0000000000000000
(1788802219.912357) can0 03FF1603#0000D03600000000
(1788802219.923185) can0 03FF1605#0100000000000000
(1788802219.928288) can0 04FF3604#0003000300C80100
(1788802219.958286) can0 04FF3604#0006000300C80100
(1788802219.988304) can0 04FF3604#0006000300C80100
(1788802219.996408) can0 03FF1000#0840112200000001
(1788802220.007188) can0 03FF1001#0000000000000000
(1788802220.017386) can0 03FF1603#0000D03600000000
(1788802220.018281) can0 04FF3604#0004000300C80100
(1788802220.028189) can0 03FF1605#0100000000000000
(1788802220.038364) can0 03FF1600#142B000104001312
(1788802220.048279) can0 04FF3604#0003000300C80100
(1788802220.049191) can0 03FF1601#6E50000000000000
(1788802220.052307) can0 02181606#0100120001030200
(1788802220.059355) can0 03FF1602#000005000000157C
(1788802220.070192) can0 03FF1604#0000000000000000
(1788802220.078296) can0 04FF3604#0005000300C80100
(1788802220.081192) can0 02203606#0101000100010000
(1788802220.102194) can0 03FF1000#0840112200000001
(1788802220.108277) can0 04FF3604#0005000300C80100
(1788802220.112195) can0 03FF1001#0000000000000000
(1788802220.113194) can0 02181608#0500000001000000
(1788802220.122358) can0 03FF1603#0000D03600000000
(1788802220.133196) can0 03FF1605#0100000000000000
(1788802220.138300) can0 04FF3604#0005000300C80100
(1788802220.141392) can0 02181609#0000000000000000
(1788802220.143358) can0 03121606#0000000000000000
(1788802220.168297) can0 04FF3604#0006000300C80100
(1788802220.171324) can0 02488600#0000000000000000
(1788802220.174197) can0 05FF4610#0000D09DFFFFFF9E
(1788802220.198291) can0 04FF3604#0003000300C80100
(1788802220.201198) can0 02191501#
(1788802220.206395) can0 03FF1000#0840112200000001
(1788802220.217200) can0 03FF1001#0000000000000000
(1788802220.227362) can0 03FF1603#0000D03600000000
(1788802220.228288) can0 04FF3604#0006000300C80100
(1788802220.238201) can0 03FF1605#0100000000000000
(1788802220.248363) can0 03FF1501#0000004A00000000
(1788802220.258283) can0 04FF3604#0007000300C80100
(1788802220.259201) can0 05FF4001#0000000000000000
(1788802220.261201) can0 05FF4000#0000000000000000
(1788802220.288296) can0 04FF3604#0004000300C80100
(1788802220.311378) can0 03FF1000#0840112200000001
(1788802220.318286) can0 04FF3604#0005000300C80100
(1788802220.322205) can0 03FF1001#0000000000000000
(1788802220.332378) can0 03FF1603#0000D03600000000
(1788802220.341206) can0 05FF4602#06100C100D100C10
(1788802220.343206) can0 03FF1605#0100000000000000
(1788802220.348275) can0 04FF3604#0006000300C80100
(1788802220.351206) can0 05FF4603#0C100A100D100E10
(1788802220.361207) can0 05FF4604#0B100C100F101010
(1788802220.371208) can0 05FF4605#0B10000000000000
(1788802220.378278) can0 04FF3604#0004000300C80100
(1788802220.388290) can0 04FF3602#0000000000000000
(1788802220.401209) can0 05FF4606#1E1E1E
(1788802220.408279) can0 04FF3604#0007000400C80100
(1788802220.411209) can0 05FF4607#1E1D1E
(1788802220.416383) can0 03FF1000#0840112200000001
(1788802220.421210) can0 05FF4608#0019007C
(1788802220.427211) can0 03FF1001#0000000000000000
(1788802220.431211) can0 05FF4609#030003CA03CA00
(1788802220.435211) can0 05FF4610#0000D09DFFFFFF9E
(1788802220.437361) can0 03FF1603#0000D03600000000
(1788802220.438275) can0 04FF3604#0007000300C80100
(1788802220.448212) can0 03FF1605#0100000000000000
(1788802220.468293) can0 04FF3604#0005000300C80100
(1788802220.498284) can0 04FF3604#0004000300C80100
(1788802220.521378) can0 03FF1000#0840112200000001
(1788802220.528297) can0 04FF3604#0007000300C80100
(1788802220.532216) can0 03FF1001#0000000000000000
(1788802220.542355) can0 03FF1603#0000D03600000000
(1788802220.551217) can0 02FF2605#0000060907070008
(1788802220.553216) can0 03FF1605#0100000000000000
(1788802220.558275) can0 04FF3604#0007000300C80100
(1788802220.581219) can0 02FF2604#0000000000000000
(1788802220.588272) can0 04FF3604#0004000300C80100
(1788802220.611220) can0 02FF2704#0200000000000000
(1788802220.618280) can0 04FF3604#0005000300C80100
(1788802220.626452) can0 03FF1000#0840112200000001
(1788802220.637221) can0 03FF1001#0000000000000000
(1788802220.641221) can0 0260B606#0100000000000000
(1788802220.647372) can0 03FF1603#0000D03600000000
(1788802220.648302) can0 04FF3604#0006000300C80100
(1788802220.658223) can0 03FF1605#0100000000000000
(1788802220.671222) can0 02203607#0000000300000000
(1788802220.678281) can0 04FF3604#0003000300C80100
(1788802220.698224) can0 05FF4610#0000D09DFFFFFF9E
(1788802220.708277) can0 04FF3604#0004000300C80100
(1788802220.731399) can0 03FF1000#0840112200000001
(1788802220.738284) can0 04FF3604#0005000300C80100
(1788802220.742226) can0 03FF1001#0000000000000000
(1788802220.752388) can0 03FF1603#0000D03600000000
(1788802220.763228) can0 03FF1605#0100000000000000
(1788802220.768285) can0 04FF3604#0003000300C80100
(1788802220.798264) can0 04FF3604#0003000300C80100
(1788802220.813230) can0 02181606#0100120001030200
(1788802220.828301) can0 04FF3604#0005000300C80100
(1788802220.836388) can0 03FF1000#0840112200000001
(1788802220.843232) can0 02203606#0101000100010000
(1788802220.847231) can0 03FF1001#0000000000000000
(1788802220.857370) can0 03FF1603#0000D03600000000
(1788802220.858290) can0 04FF3604#0006000300C80100
(1788802220.868233) can0 03FF1605#0100000000000000
(1788802220.871233) can0 02181608#0500000001000000
(1788802220.878361) can0 03121606#0000000000000000
(1788802220.888305) can0 04FF3602#0000000000000000
(1788802220.889233) can0 04FF3604#0004000300C80100
(1788802220.902235) can0 02181609#0000000000000000
(1788802220.918294) can0 04FF3604#0004000400C80100
(1788802220.931236) can0 02488600#0000000000000000
(1788802220.941394) can0 03FF1000#0840112200000001
(1788802220.948283) can0 04FF3604#0004000300C80100
(1788802220.952237) can0 03FF1001#0000000000000000
(1788802220.961387) can0 02213500#
(1788802220.962376) can0 03FF1603#0000D03600000000
(1788802220.968272) can0 04F93500#000000EB00000000
(1788802220.973238) can0 03FF1605#0100000000000000
(1788802220.977238) can0 05FF4610#0000D09DFFFFFF9E
(1788802220.978291) can0 04FF3604#0004000300C80100
(1788802221.008286) can0 04FF3604#0005000300C80100
(1788802221.025392) can0 03FF1600#142B000104001312
(1788802221.036241) can0 03FF1601#6E50000000000000
(1788802221.038271) can0 04FF3604#0006000300C80100
(1788802221.046392) can0 03FF1602#000005000000157C
(1788802221.057243) can0 03FF1604#0000000000000000
(1788802221.067371) can0 03FF1000#0840112200000001
(1788802221.068277) can0 04FF3604#0004000300C80100
(1788802221.078244) can0 03FF1001#0000000000000000
(1788802221.088395) can0 03FF1603#0000D03600000000
(1788802221.098280) can0 04FF3604#0004000300C80100
(1788802221.099244) can0 03FF1605#0100000000000000
(1788802221.128281) can0 04FF3604#0003000400C80100
(1788802221.151424) can0 03FF1000#0840112200000001
(1788802221.158271) can0 04FF3604#0003000300C80100
(1788802221.162248) can0 03FF1001#0000000000000000
(1788802221.172375) can0 03FF1603#0000D03600000000
(1788802221.183249) can0 03FF1605#0100000000000000
(1788802221.188284) can0 04FF3604#0006000300C80100
(1788802221.218274) can0 04FF3604#0006000300C80100
(1788802221.248276) can0 04FF3604#0002000300C80100
(1788802221.256426) can0 03FF1000#0840112200000001
(1788802221.265254) can0 05FF4610#0000D09EFFFFFFA3
(1788802221.267253) can0 03FF1001#0000000000000000
(1788802221.277393) can0 03FF1603#0000D03600000000
(1788802221.278276) can0 04FF3604#0004000300C80100
(1788802221.288254) can0 03FF1605#0100000000000000
(1788802221.307255) can0 05FF4001#0000000000000000
(1788802221.308290) can0 04FF3604#0004000400C80100
(1788802221.309255) can0 05FF4000#0000000000000000
(1788802221.338269) can0 04FF3604#0004000300C80100
(1788802221.361408) can0 03FF1000#0840112200000001
(1788802221.368282) can0 04FF3604#0005000300C80100
(1788802221.372258) can0 03FF1001#0000000000000000
(1788802221.382399) can0 03FF1603#0000D03600000000
(1788802221.388279) can0 04FF3602#0000000000000000
(1788802221.389259) can0 05FF4602#07100C100D100C10
(1788802221.393260) can0 03FF1605#0100000000000000
(1788802221.398399) can0 04FF3604#0004000300C80100
(1788802221.399260) can0 05FF4603#0C100A100D100E10
(1788802221.409261) can0 05FF4604#0B100C100F101010
(1788802221.419262) can0 05FF4605#0B10000000000000
(1788802221.428274) can0 04FF3604#0005000300C80100
(1788802221.449263) can0 05FF4606#1E1E1E
(1788802221.458275) can0 04FF3604#0005000300C80100
(1788802221.459263) can0 05FF4607#1E1D1E
(1788802221.466402) can0 03FF1000#0840112200000001
(1788802221.469263) can0 05FF4608#0019007C
(1788802221.477264) can0 03FF1001#0000000000000000
(1788802221.479264) can0 05FF4609#030003CA03CA00
(1788802221.487393) can0 03FF1603#0000D03600000000
(1788802221.488264) can0 04FF3604#0005000300C80100
(1788802221.498265) can0 03FF1605#0100000000000000
(1788802221.518266) can0 04FF3604#0004000300C80100
(1788802221.526267) can0 05FF4610#0000D09EFFFFFFA3
(1788802221.548268) can0 04FF3604#0003000300C80100
(1788802221.571443) can0 03FF1000#0840112200000001
(1788802221.574269) can0 02FF2605#0000060907070009
(1788802221.578269) can0 04FF3604#0004000300C80100
(1788802221.582269) can0 03FF1001#0000000000000000
(1788802221.592374) can0 03FF1603#0000D03600000000
(1788802221.602271) can0 02FF2604#0000000000000000
(1788802221.603270) can0 03FF1605#0100000000000000
(1788802221.608277) can0 04FF3604#0006000300C80100
(1788802221.632273) can0 02FF2704#0200000000000000
(1788802221.638275) can0 04FF3604#0004000300C80100
(1788802221.662277) can0 0260B606#0100000000000000
(1788802221.668274) can0 04FF3604#0004000300C80100
(1788802221.676436) can0 03FF1000#0840112200000001
(1788802221.687275) can0 03FF1001#0000000000000000
(1788802221.692275) can0 02203607#0000000300000000
(1788802221.697363) can0 03FF1603#0000D03600000000
(1788802221.698275) can0 04FF3604#0004000300C80100
(1788802221.708277) can0 03FF1605#0100000000000000
(1788802221.722277) can0 02181606#0100120001030200
(1788802221.728276) can0 04FF3604#0003000300C80100
(1788802221.752278) can0 02203606#0101000100010000
(1788802221.758279) can0 04FF3604#0004000300C80100
(1788802221.781420) can0 03FF1000#0840112200000001
(1788802221.782280) can0 02181608#0500000001000000
(1788802221.788280) can0 04FF3604#0005000300C80100
(1788802221.789280) can0 05FF4610#0000D09EFFFFFFA3
(1788802221.792280) can0 03FF1001#0000000000000000
(1788802221.802404) can0 03FF1603#0000D03600000000
(1788802221.812282) can0 02181609#0000000000000000
(1788802221.813281) can0 03FF1605#0100000000000000
(1788802221.818282) can0 04FF3604#0004000300C80100
(1788802221.823416) can0 03121606#0000000000000000
(1788802221.842283) can0 02488600#0000000000000000
(1788802221.848283) can0 04FF3604#0004000300C80100
(1788802221.872286) can0 02213501#
(1788802221.878285) can0 04F93501#0000000400000000
(1788802221.879285) can0 04FF3604#0003000300C80100
(1788802221.886424) can0 03FF1000#0840112200000001
(1788802221.888285) can0 04FF3602#0000000000000000
(1788802221.897286) can0 03FF1001#0000000000000000
(1788802221.907402) can0 03FF1603#0000D03600000000
(1788802221.908286) can0 04FF3604#0004000300C80100
(1788802221.918287) can0 03FF1605#0100000000000000
(1788802221.938287) can0 04FF3604#0004000300C80100
(1788802221.968290) can0 04FF3604#0002000300C80100
(1788802221.991407) can0 03FF1000#0840112200000001
(1788802221.998291) can0 04FF3604#0004000300C80100
(1788802222.002291) can0 03FF1001#0000000000000000
(1788802222.012395) can0 03FF1603#0000D03600000000
(1788802222.023293) can0 03FF1605#0100000000000000
(1788802222.028292) can0 04FF3604#0004000300C80100
(1788802222.033415) can0 03FF1600#142B000104001312
(1788802222.044294) can0 03FF1601#6E50000000000000
(1788802222.054399) can0 03FF1602#000005000000157C
(1788802222.058294) can0 04FF3604#0004000300C80100
(1788802222.065294) can0 03FF1604#0000000000000000
(1788802222.087295) can0 05FF4610#0000D09DFFFFFFA3
(1788802222.088295) can0 04FF3604#0004000300C80100
(1788802222.096424) can0 03FF1000#0840112200000001
(1788802222.107297) can0 03FF1001#0000000000000000
(1788802222.117378) can0 03FF1603#0000D03600000000
(1788802222.118297) can0 04FF3604#0004000300C80100
(1788802222.128298) can0 03FF1605#0100000000000000
(1788802222.148299) can0 04FF3604#0005000300C80100
(1788802222.178303) can0 04FF3604#0004000300C80100
(1788802222.201441) can0 03FF1000#0840112200000001
(1788802222.208302) can0 04FF3604#0005000300C80100
(1788802222.212301) can0 03FF1001#0000000000000000
(1788802222.222396) can0 03FF1603#0000D03600000000
(1788802222.233303) can0 03FF1605#0100000000000000
(1788802222.238303) can0 04FF3604#0004000300C80100
(1788802222.268305) can0 04FF3604#0003000300C80100
(1788802222.298307) can0 04FF3604#0004000300C80100
(1788802222.306434) can0 03FF1000#0840112200000001
(1788802222.317307) can0 03FF1001#0000000000000000
(1788802222.327396) can0 03FF1603#0000D03600000000
(1788802222.328307) can0 04FF3604#0003000400C80100
(1788802222.338308) can0 03FF1605#0100000000000000
(1788802222.343308) can0 02181606#0100120001030200
(1788802222.349308) can0 05FF4001#0000000000000000
(1788802222.350309) can0 05FF4610#0000D09DFFFFFFA3
(1788802222.351309) can0 05FF4000#0000000000000000
(1788802222.358309) can0 04FF3604#0003000300C80100
(1788802222.373311) can0 02203606#0101000100010000
(1788802222.388311) can0 04FF3602#0000000000000000
(1788802222.389311) can0 04FF3604#0002000300C80100
(1788802222.403312) can0 02181608#0500000001000000
(1788802222.411423) can0 03FF1000#0840112200000001
(1788802222.418313) can0 04FF3604#0005000300C80100
(1788802222.422312) can0 03FF1001#0000000000000000
(1788802222.431314) can0 05FF4602#07100C100D100C10
(1788802222.432459) can0 03FF1603#0000D03600000000
(1788802222.433313) can0 02181609#0000000000000000
(1788802222.441314) can0 05FF4603#0C100A100D100E10
(1788802222.443313) can0 03FF1605#0100000000000000
(1788802222.448314) can0 04FF3604#0005000300C80100
(1788802222.451314) can0 05FF4604#0B100C100F101010
(1788802222.453395) can0 03121606#0000000000000000
(1788802222.461315) can0 05FF4605#0A10000000000000
(1788802222.463314) can0 02488600#0000000000000000
(1788802222.478316) can0 04FF3604#0005000300C80100
(1788802222.491317) can0 05FF4606#1E1E1E
(1788802222.493316) can0 02294502#
(1788802222.494323) can0 05124502#5250313353333541
(1788802222.501316) can0 05FF4607#1E1D1E
(1788802222.508317) can0 04FF3604#0004000300C80100
(1788802222.511317) can0 05FF4608#0019007C
(1788802222.516421) can0 03FF1000#0840112200000001
(1788802222.521318) can0 05FF4609#030003CA03CA00
(1788802222.527319) can0 03FF1001#0000000000000000
(1788802222.537411) can0 03FF1603#0000D03600000000
(1788802222.538318) can0 04FF3604#0004000300C80100
(1788802222.548320) can0 03FF1605#0100000000000000
(1788802222.568320) can0 04FF3604#0003000300C80100
(1788802222.573528) can0 02FF2605#0000060907070000
(1788802222.598322) can0 04FF3604#0006000300C80100
(1788802222.603321) can0 02FF2604#0000000000000000
(1788802222.611323) can0 05FF4610#0000D09DFFFFFFA3
(1788802222.621473) can0 03FF1000#0840112200000001
(1788802222.628324) can0 04FF3604#0002000300C80100
(1788802222.632323) can0 03FF1001#0000000000000000
(1788802222.633323) can0 02FF2704#0200000000000000
(1788802222.642405) can0 03FF1603#0000D03600000000
(1788802222.653324) can0 03FF1605#0100000000000000
(1788802222.658326) can0 04FF3604#0003000300C80100
(1788802222.663395) can0 0260B606#0100000000000000
(1788802222.688328) can0 04FF3604#0002000300C80100
(1788802222.693327) can0 02203607#0000000300000000
(1788802222.718328) can0 04FF3604#0003000300C80100
(1788802222.726468) can0 03FF1000#0840112200000001
(1788802222.737329) can0 03FF1001#0000000000000000
(1788802222.747388) can0 03FF1603#0000D03600000000
(1788802222.748329) can0 04FF3604#0006000300C80100
(1788802222.758330) can0 03FF1605#0100000000000000
(1788802222.778331) can0 04FF3604#0005000300C80100
(1788802222.808333) can0 04FF3604#0003000300C80100
(1788802222.831461) can0 03FF1000#0840112200000001
(1788802222.838335) can0 04FF3604#0003000300C80100
(1788802222.842334) can0 03FF1001#0000000000000000
(1788802222.852411) can0 03FF1603#0000D03600000000
(1788802222.863337) can0 03FF1605#0100000000000000
(1788802222.868335) can0 04FF3604#0005000300C80100
(1788802222.885337) can0 05FF4610#0000D09DFFFFFFA3
(1788802222.888338) can0 04FF3602#0000000000000000
(1788802222.898337) can0 04FF3604#0004000400C80100
(1788802222.928340) can0 04FF3604#0003000300C80100
(1788802222.936444) can0 03FF1000#0840112200000001
(1788802222.947340) can0 03FF1001#0000000000000000
(1788802222.957421) can0 03FF1603#0000D03600000000
(1788802222.958340) can0 04FF3604#0005000300C80100
(1788802222.968340) can0 03FF1605#0100000000000000
(1788802222.988342) can0 04FF3604#0005000300C80100
(1788802223.018343) can0 04FF3604#0003000300C80100
(1788802223.041460) can0 03FF1000#0840112200000001
(1788802223.048345) can0 04FF3604#0004000300C80100
(1788802223.052345) can0 03FF1001#0000000000000000
(1788802223.062428) can0 03FF1600#142B000104001312
(1788802223.073347) can0 03FF1601#6E50000000000000
(1788802223.078347) can0 04FF3604#0006000300C80100
(1788802223.083411) can0 03FF1602#000005000000157C
(1788802223.094347) can0 03FF1603#0000D03600000000
(1788802223.103371) can0 02181606#0100120001030200
(1788802223.104440) can0 03FF1604#0000000000000000
(1788802223.108347) can0 04FF3604#0004000300C80100
(1788802223.115348) can0 03FF1605#0100000000000000
(1788802223.133350) can0 02203606#0101000100010000
(1788802223.138350) can0 04FF3604#0002000300C80100
(1788802223.146478) can0 03FF1000#0840112200000001
(1788802223.157350) can0 03FF1001#0000000000000000
(1788802223.163400) can0 02181608#0500000001000000
(1788802223.167421) can0 03FF1400#0000000700000000
(1788802223.168351) can0 04FF3604#0004000300C80100
(1788802223.176387) can0 05FF4610#0000D09DFFFFFFA3
(1788802223.178351) can0 03FF1603#0000D03600000000
(1788802223.188428) can0 03FF1605#0100000000000000
(1788802223.193433) can0 02181609#0000000000000000
(1788802223.198354) can0 04FF3604#0005000300C80100
(1788802223.199352) can0 03121606#0000000000000000
(1788802223.223448) can0 02488600#0000000000000000
(1788802223.228354) can0 04FF3604#0006000300C80100
(1788802223.251472) can0 03FF1000#0840112200000001
(1788802223.255506) can0 02294503#
(1788802223.256373) can0 05124503#00150C0900000C62
(1788802223.258355) can0 04FF3604#0004000300C80100
(1788802223.262356) can0 03FF1001#0000000000000000
(1788802223.272426) can0 03FF1603#0000D03600000000
(1788802223.283358) can0 03FF1605#0100000000000000
(1788802223.288357) can0 04FF3604#0003000300C80100
(1788802223.318358) can0 04FF3604#0006000300C80100
(1788802223.348360) can0 04FF3604#0004000300C80100
(1788802223.356465) can0 03FF1000#0840112200000001
(1788802223.367361) can0 03FF1001#0000000000000000
(1788802223.377431) can0 03FF1603#0000D03600000000
(1788802223.378361) can0 04FF3604#0005000300C80100
(1788802223.388364) can0 03FF1605#0100000000000000
(1788802223.388545) can0 04FF3602#0000000000000000
(1788802223.394571) can0 05FF4001#0000000000000000
(1788802223.396397) can0 05FF4000#0000000000000000
(1788802223.408363) can0 04FF3604#0004000300C80100
(1788802223.438366) can0 04FF3604#0002000300C80100
(1788802223.439365) can0 05FF4610#0000D09DFFFFFFA3
(1788802223.461482) can0 03FF1000#0840112200000001
(1788802223.468366) can0 04FF3604#0003000300C80100
(1788802223.472366) can0 03FF1001#0000000000000000
(1788802223.476401) can0 05FF4602#06100C100D100C10
(1788802223.482437) can0 03FF1603#0000D03600000000
(1788802223.486397) can0 05FF4603#0C100A100D100E10
(1788802223.493368) can0 03FF1605#0100000000000000
(1788802223.496402) can0 05FF4604#0B100C1010101010
(1788802223.498368) can0 04FF3604#0005000300C80100
(1788802223.506399) can0 05FF4605#0A10000000000000
(1788802223.528370) can0 04FF3604#0006000300C80100
(1788802223.536370) can0 05FF4606#1E1E1E
(1788802223.546370) can0 05FF4607#1E1D1E
(1788802223.556371) can0 05FF4608#0019007C
(1788802223.558371) can0 04FF3604#0003000300C80100
(1788802223.566395) can0 05FF4609#030003CA03CA00
(1788802223.567371) can0 03FF1000#0840112200000001
(1788802223.577372) can0 03FF1001#0000000000000000
(1788802223.584372) can0 02FF2605#0000060907070001
(1788802223.587430) can0 03FF1603#0000D03600000000
(1788802223.588372) can0 04FF3604#0004000300C80100
(1788802223.598374) can0 03FF1605#0100000000000000
(1788802223.614375) can0 02FF2604#0000000000000000
(1788802223.618374) can0 04FF3604#0005000300C80100
(1788802223.644375) can0 02FF2704#0200000000000000
(1788802223.648376) can0 04FF3604#0004000300C80100
(1788802223.671458) can0 03FF1000#0840112200000001
(1788802223.674379) can0 0260B606#0100000000000000
(1788802223.678377) can0 04FF3604#0004000300C80100
(1788802223.682377) can0 03FF1001#0000000000000000
(1788802223.692436) can0 03FF1603#0000D03600000000
(1788802223.699461) can0 05FF4610#0000D09DFFFFFFA3
(1788802223.703379) can0 03FF1605#0100000000000000
(1788802223.704378) can0 02203607#0000000300000000
(1788802223.708379) can0 04FF3604#0006000300C80100
(1788802223.738381) can0 04FF3604#0006000300C80100
(1788802223.768382) can0 04FF3604#0006000300C80100
(1788802223.776475) can0 03FF1000#0840112200000001
(1788802223.787383) can0 03FF1001#0000000000000000
(1788802223.797441) can0 03FF1603#0000D03600000000
(1788802223.798383) can0 04FF3604#0004000300C80100
(1788802223.808384) can0 03FF1605#0100000000000000
(1788802223.828386) can0 04FF3604#0006000300C80100
(1788802223.858387) can0 04FF3604#0003000300C80100
(1788802223.864386) can0 02181606#0100120001030200
(1788802223.881464) can0 03FF1000#0840112200000001
(1788802223.888389) can0 04FF3602#0000000000000000
(1788802223.889388) can0 04FF3604#0006000300C80100
(1788802223.892388) can0 03FF1001#0000000000000000
(1788802223.894388) can0 02203606#0101000100010000
(1788802223.902447) can0 03FF1603#0000D03600000000
(1788802223.913389) can0 03FF1605#0100000000000000
(1788802223.918390) can0 04FF3604#0004000400C80100
(1788802223.923431) can0 03121606#0000000000000000
(1788802223.924390) can0 02181608#0500000001000000
(1788802223.948392) can0 04FF3604#0005000300C80100
(1788802223.954391) can0 02181609#0000000000000000
(1788802223.973528) can0 05FF4610#0000D09DFFFFFFA3
(1788802223.978393) can0 04FF3604#0003000300C80100
(1788802223.984393) can0 02488600#0000000000000000
(1788802223.986485) can0 03FF1000#0840112200000001
(1788802223.997394) can0 03FF1001#0000000000000000
(1788802224.007441) can0 03FF1603#0000D03600000000
(1788802224.008394) can0 04FF3604#0005000300C80100
(1788802224.014394) can0 02294504#
(1788802224.014444) can0 05124504#1D
(1788802224.018395) can0 03FF1605#0100000000000000
(1788802224.038396) can0 04FF3604#0005000300C80100
(1788802224.049454) can0 03FF1600#142B000104001312
(1788802224.060398) can0 03FF1601#6E50000000000000
(1788802224.068397) can0 04FF3604#0005000400C80100
(1788802224.070444) can0 03FF1602#000005000000157C
(1788802224.081399) can0 03FF1604#0000000000000000
(1788802224.091457) can0 03FF1000#0840112200000001
(1788802224.098399) can0 04FF3604#0004000300C80100
(1788802224.102399) can0 03FF1001#0000000000000000
(1788802224.112470) can0 03FF1603#0000D03600000000
(1788802224.123400) can0 03FF1605#0100000000000000
(1788802224.128400) can0 04FF3604#0005000300C80100
(1788802224.158402) can0 04FF3604#0005000300C80100
(1788802224.188405) can0 04FF3604#0002000300C80100
(1788802224.196494) can0 03FF1000#0840112200000001
(1788802224.207405) can0 03FF1001#0000000000000000
(1788802224.217440) can0 03FF1603#0000D03600000000
(1788802224.218405) can0 04FF3604#0005000300C80100
(1788802224.228407) can0 03FF1605#0100000000000000
(1788802224.248406) can0 04FF3604#0004000300C80100
(1788802224.262582) can0 05FF4610#0000D09DFFFFFFA3
(1788802224.278408) can0 04FF3604#0002000300C80100
(1788802224.301497) can0 03FF1000#0840112200000001
(1788802224.308410) can0 04FF3604#0004000300C80100
(1788802224.312410) can0 03FF1001#0000000000000000
(1788802224.322456) can0 03FF1603#0000D03600000000
(1788802224.333411) can0 03FF1605#0100000000000000
(1788802224.338411) can0 04FF3604#0006000300C80100
(1788802224.368413) can0 04FF3604#0004000300C80100
(1788802224.388413) can0 04FF3602#0000000000000000
(1788802224.398415) can0 04FF3604#0004000300C80100
(1788802224.406484) can0 03FF1000#0840112200000001
(1788802224.417415) can0 03FF1001#0000000000000000
(1788802224.427451) can0 03FF1603#0000D03600000000
(1788802224.428415) can0 04FF3604#0003000300C80100
(1788802224.436637) can0 05FF4001#0000000000000000
(1788802224.438416) can0 03FF1605#0100000000000000
(1788802224.439416) can0 05FF4000#0000000000000000
(1788802224.458417) can0 04FF3604#0006000300C80100
(1788802224.488420) can0 04FF3604#0005000300C80100
(1788802224.511479) can0 03FF1000#0840112200000001
(1788802224.518421) can0 04FF3604#0005000300C80100
(1788802224.519640) can0 05FF4602#07100C100D100C10
(1788802224.522420) can0 03FF1001#0000000000000000
(1788802224.525652) can0 05FF4610#0000D09DFFFFFFA3
(1788802224.530641) can0 05FF4603#0C100A100D100E10
(1788802224.532451) can0 03FF1603#0000D03600000000
(1788802224.540654) can0 05FF4604#0B100C100F101010
(1788802224.543421) can0 03FF1605#0100000000000000
(1788802224.548421) can0 04FF3604#0005000300C80100
(1788802224.550660) can0 05FF4605#0A10000000000000
(1788802224.578424) can0 04FF3604#0006000300C80100
(1788802224.580470) can0 05FF4606#1E1E1E
(1788802224.590471) can0 05FF4607#1E1D1E
(1788802224.595424) can0 02FF2605#0000060907070002
(1788802224.600517) can0 05FF4608#0019007C
(1788802224.608425) can0 04FF3604#0005000300C80100
(1788802224.610633) can0 05FF4609#030003CA03CA00
(1788802224.616478) can0 03FF1000#0840112200000001
(1788802224.625426) can0 02FF2604#0000000000000000
(1788802224.627427) can0 03FF1001#0000000000000000
(1788802224.637451) can0 03FF1603#0000D03600000000
(1788802224.638427) can0 04FF3604#0003000300C80100
(1788802224.648427) can0 03FF1605#0100000000000000
(1788802224.655427) can0 02FF2704#0200000000000000
(1788802224.668429) can0 04FF3604#0006000300C80100
(1788802224.685430) can0 0260B606#0100000000000000
(1788802224.698430) can0 04FF3604#0004000300C80100
(1788802224.715434) can0 02203607#0000000300000000
(1788802224.721477) can0 03FF1000#0840112200000001
(1788802224.728431) can0 04FF3604#0005000300C80100
(1788802224.732431) can0 03FF1001#0000000000000000
(1788802224.742432) can0 03FF1603#0000D03600000000
(1788802224.745432) can0 02181606#0100120001030200
(1788802224.753432) can0 03FF1605#0100000000000000
(1788802224.758433) can0 04FF3604#0004000300C80100
(1788802224.775561) can0 02203606#0101000100010000
(1788802224.787435) can0 05FF4610#0000D09DFFFFFFA3
(1788802224.788434) can0 04FF3604#0004000300C80100
(1788802224.805435) can0 02181608#0500000001000000
(1788802224.806654) can0 05FF4600#0D0300900303
(1788802224.818436) can0 04FF3604#0004000300C80100
(1788802224.826489) can0 03FF1000#0840112200000001
(1788802224.835437) can0 02181609#0000000000000000
(1788802224.837437) can0 03FF1001#0000000000000000
(1788802224.847461) can0 03FF1603#0000D03600000000
(1788802224.848437) can0 04FF3604#0005000300C80100
(1788802224.858438) can0 03FF1605#0100000000000000
(1788802224.865438) can0 02488600#0000000000000000
(1788802224.868473) can0 03121606#0000000000000000
(1788802224.878439) can0 04FF3604#0004000300C80100
(1788802224.888446) can0 04FF3602#0000000000000000
(1788802224.895442) can0 02191502#
(1788802224.908441) can0 04FF3604#0004000300C80100
(1788802224.910470) can0 03FF1502#0100000000000000
(1788802224.931501) can0 03FF1000#0840112200000001
(1788802224.938443) can0 04FF3604#0007000300C80100
(1788802224.942443) can0 03FF1001#0000000000000000
(1788802224.952461) can0 03FF1603#0000D03600000000
(1788802224.963444) can0 03FF1605#0100000000000000
(1788802224.968444) can0 04FF3604#0005000300C80100
(1788802224.998446) can0 04FF3604#0003000300C80100
(1788802225.028446) can0 04FF3604#0002000300C80100
(1788802225.036471) can0 03FF1000#0840112200000001
(1788802225.047448) can0 03FF1001#0000000000000000
(1788802225.057473) can0 03FF1603#0000D03600000000
(1788802225.058448) can0 04FF3604#0003000300C80100
(1788802225.068449) can0 03FF1605#0100000000000000
(1788802225.078449) can0 03FF1600#142B000104001312
(1788802225.086450) can0 05FF4610#0000D09AFFFFFFA3
(1788802225.088450) can0 04FF3604#0005000300C80100
(1788802225.089450) can0 03FF1601#6E50000000000000
(1788802225.099464) can0 03FF1602#000005000000157C
(1788802225.110451) can0 03FF1604#0000000000000000
(1788802225.118452) can0 04FF3604#0004000300C80100
(1788802225.141488) can0 03FF1000#0840112200000001
(1788802225.148453) can0 04FF3604#0005000300C80100
(1788802225.152453) can0 03FF1001#0000000000000000
(1788802225.162461) can0 03FF1603#0000D03600000000
(1788802225.173455) can0 03FF1605#0100000000000000
(1788802225.178454) can0 04FF3604#0004000300C80100
(1788802225.208456) can0 04FF3604#0006000300C80100
(1788802225.238460) can0 04FF3604#0004000300C80100
(1788802225.246493) can0 03FF1000#0840112200000001
(1788802225.257459) can0 03FF1001#0000000000000000
(1788802225.267494) can0 03FF1603#0000D03600000000
(1788802225.268459) can0 04FF3604#0004000300C80100
(1788802225.278461) can0 03FF1605#0100000000000000
(1788802225.298461) can0 04FF3604#0004000300C80100
(1788802225.328462) can0 04FF3604#0005000300C80100
(1788802225.349464) can0 05FF4610#0000D09AFFFFFFA3
(1788802225.351509) can0 03FF1000#0840112200000001
(1788802225.358463) can0 04FF3604#0003000400C80100
(1788802225.362464) can0 03FF1001#0000000000000000
(1788802225.372465) can0 03FF1603#0000D03600000000
(1788802225.383466) can0 03FF1605#0100000000000000
(1788802225.386465) can0 02181606#0100120001030200
(1788802225.388465) can0 04FF3602#0000000000000000
(1788802225.389466) can0 04FF3604#0008000300C80100
(1788802225.415572) can0 02203606#0101000100010000
(1788802225.418467) can0 04FF3604#0005000300C80100
(1788802225.446469) can0 02181608#0500000001000000
(1788802225.448468) can0 04FF3604#0003000300C80100
(1788802225.456503) can0 03FF1000#0840112200000001
(1788802225.467469) can0 03FF1001#0000000000000000
(1788802225.475666) can0 02181609#0000000000000000
(1788802225.477476) can0 03FF1603#0000D03600000000
(1788802225.478469) can0 04FF3604#0007000300C80100
(1788802225.482470) can0 05FF4001#0000000000000000
(1788802225.485470) can0 05FF4000#0000000000000000
(1788802225.488470) can0 03FF1605#0100000000000000
(1788802225.498471) can0 03121606#0000000000000000
(1788802225.506564) can0 02488600#0000000000000000
(1788802225.508471) can0 04FF3604#0007000300C80100
(1788802225.535473) can0 02191503#
(1788802225.538473) can0 04FF3604#0006000300C80100
(1788802225.551474) can0 03FF1503#0100000000000000
(1788802225.561480) can0 03FF1000#0840112200000001
(1788802225.565509) can0 05FF4602#06100C100C100C10
(1788802225.568474) can0 04FF3604#0004000300C80100
(1788802225.572474) can0 03FF1001#0000000000000000
(1788802225.575474) can0 05FF4603#0C100A100D100E10
(1788802225.582487) can0 03FF1603#0000D03600000000
(1788802225.585475) can0 05FF4604#0A100C100F101010
(1788802225.593476) can0 03FF1605#0100000000000000
(1788802225.595475) can0 05FF4605#0A10000000000000
(1788802225.598475) can0 04FF3604#0003000300C80100
(1788802225.606477) can0 02FF2605#0000060907070003
(1788802225.613476) can0 05FF4610#0000D09AFFFFFFA3
(1788802225.625478) can0 05FF4606#1E1E1E
(1788802225.628477) can0 04FF3604#0008000300C80100
(1788802225.635478) can0 05FF4607#1E1D1E
(1788802225.636477) can0 02FF2604#0000000000000000
(1788802225.645479) can0 05FF4608#0019007C
(1788802225.655478) can0 05FF4609#030003CA03CA00
(1788802225.658479) can0 04FF3604#0006000400C80100
(1788802225.666480) can0 02FF2704#0200000000000000
(1788802225.667479) can0 03FF1000#0840112200000001
(1788802225.677480) can0 03FF1001#0000000000000000
(1788802225.687481) can0 03FF1603#0000D03600000000
(1788802225.688480) can0 04FF3604#0005000300C80100
(1788802225.697482) can0 0260B606#0100000000000000
(1788802225.698481) can0 03FF1605#0100000000000000
(1788802225.718482) can0 04FF3604#0004000300C80100
(1788802225.727659) can0 02203607#0000000300000000
(1788802225.748486) can0 04FF3604#0004000300C80100
(1788802225.771510) can0 03FF1000#0840112200000001
(1788802225.778485) can0 04FF3604#0007000300C80100
(1788802225.782485) can0 03FF1001#0000000000000000
(1788802225.792505) can0 03FF1603#0000D03600000000
(1788802225.803486) can0 03FF1605#0100000000000000
(1788802225.808486) can0 04FF3604#0004000300C80100
(1788802225.838489) can0 04FF3604#0005000300C80100
(1788802225.868490) can0 04FF3604#0001000300C80100
(1788802225.876537) can0 03FF1000#0840112200000001
(1788802225.887490) can0 03FF1001#0000000000000000
(1788802225.888490) can0 04FF3602#0000000000000000
(1788802225.889491) can0 05FF4610#0000D09AFFFFFFA3
(1788802225.897492) can0 03FF1603#0000D03600000000
(1788802225.898491) can0 04FF3604#0005000300C80100
(1788802225.908492) can0 03FF1605#0100000000000000
(1788802225.928492) can0 04FF3604#0005000300C80100
(1788802225.958495) can0 04FF3604#0004000300C80100
(1788802225.981507) can0 03FF1000#0840112200000001
(1788802225.988496) can0 04FF3604#0005000300C80100
(1788802225.992496) can0 03FF1001#0000000000000000
(1788802226.002497) can0 03FF1603#0000D03600000000
(1788802226.013498) can0 03FF1605#0100000000000000
(1788802226.018498) can0 04FF3604#0005000300C80100
(1788802226.048500) can0 04FF3604#0004000300C80100
(1788802226.065526) can0 03FF1600#142B000104001312
(1788802226.076501) can0 03FF1601#6E50000000000000
(1788802226.078500) can0 04FF3604#0004000300C80100
(1788802226.086502) can0 03FF1602#000005000000157C
(1788802226.097502) can0 03FF1604#0000000000000000
(1788802226.107502) can0 03FF1000#0840112200000001
(1788802226.108502) can0 04FF3604#0003000300C80100
(1788802226.118503) can0 03FF1001#0000000000000000
(1788802226.128504) can0 03FF1603#0000D03600000000
(1788802226.138504) can0 04FF3604#0004000300C80100
(1788802226.139503) can0 03FF1605#0100000000000000
(1788802226.147505) can0 02181606#0100120001030200
(1788802226.168506) can0 04FF3604#0004000300C80100
(1788802226.176506) can0 02203606#0101000100010000
(1788802226.178506) can0 05FF4610#0000D09CFFFFFFA3
(1788802226.191507) can0 03FF1000#0840112200000001
(1788802226.198507) can0 04FF3604#0003000300C80100
(1788802226.202507) can0 03FF1001#0000000000000000
(1788802226.206507) can0 02181608#0500000001000000
(1788802226.212507) can0 03FF1603#0000D03600000000
(1788802226.223508) can0 03FF1605#0100000000000000
(1788802226.228511) can0 04FF3604#0004000300C80100
(1788802226.233509) can0 03121606#0000000000000000
(1788802226.236509) can0 02181609#0000000000000000
(1788802226.258511) can0 04FF3604#0005000300C80100
(1788802226.266510) can0 02488600#0000000000000000
(1788802226.288513) can0 04FF3604#0005000300C80100
(1788802226.296512) can0 03FF1000#0840112200000001
(1788802226.296787) can0 02191504#
(1788802226.307512) can0 03FF1001#0000000000000000
(1788802226.317513) can0 03FF1603#0000D03600000000
(1788802226.318513) can0 04FF3604#0004000300C80100
(1788802226.326548) can0 02F82400#0600000000000000
(1788802226.328513) can0 03FF1605#0100000000000000
(1788802226.338515) can0 03FF1504#0000001D00000000
(1788802226.348515) can0 04FF3604#0002000300C80100
(1788802226.356514) can0 02FF2602#CAE3A6750742E02F
(1788802226.378517) can0 04FF3604#0003000300C80100
(1788802226.388517) can0 04FF3602#0000000000000000
(1788802226.401536) can0 03FF1000#0840112200000001
(1788802226.408517) can0 04FF3604#0004000300C80100
(1788802226.412518) can0 03FF1001#0000000000000000
(1788802226.422519) can0 03FF1603#0000D03600000000
(1788802226.433518) can0 03FF1605#0100000000000000
(1788802226.438520) can0 04FF3604#0007000300C80100
(1788802226.442519) can0 05FF4610#0000D09CFFFFFFA3
(1788802226.468520) can0 04FF3604#0004000300C80100
(1788802226.498523) can0 04FF3604#0004000300C80100
(1788802226.506534) can0 03FF1000#0840112200000001
(1788802226.517524) can0 03FF1001#0000000000000000
(1788802226.527524) can0 03FF1603#0000D03600000000
(1788802226.528523) can0 04FF3604#0006000300C80100
(1788802226.530523) can0 05FF4001#0000000000000000
(1788802226.532524) can0 05FF4000#0000000000000000
(1788802226.538524) can0 03FF1605#0100000000000000
(1788802226.558525) can0 04FF3604#0004000400C80100
(1788802226.588528) can0 04FF3604#0005000300C80100
(1788802226.611529) can0 03FF1000#0840112200000001
(1788802226.612528) can0 05FF4602#06100C100D100C10
(1788802226.617528) can0 02FF2605#0000060907070004
(1788802226.618528) can0 04FF3604#0004000300C80100
(1788802226.622528) can0 03FF1001#0000000000000000
(1788802226.623528) can0 05FF4603#0C100A100D100E10
(1788802226.632529) can0 03FF1603#0000D03600000000
(1788802226.633529) can0 05FF4604#0B100C100F101010
(1788802226.643530) can0 03FF1605#0100000000000000
(1788802226.643607) can0 05FF4605#0A10000000000000
(1788802226.647530) can0 02FF2604#0000000000000000
(1788802226.648529) can0 04FF3604#0005000300C80100
(1788802226.673532) can0 05FF4606#1E1E1E
(1788802226.677531) can0 02FF2704#0200000000000000
(1788802226.678531) can0 04FF3604#0005000400C80100
(1788802226.683531) can0 05FF4607#1E1D1E
(1788802226.693533) can0 05FF4608#0019007C
(1788802226.703533) can0 05FF4609#030003CA03CA00
(1788802226.704533) can0 05FF4610#0000D09CFFFFFFA3
(1788802226.707602) can0 0260B606#0100000000000000
(1788802226.708533) can0 04FF3604#0004000300C80100
(1788802226.716534) can0 03FF1000#0840112200000001
(1788802226.727536) can0 03FF1001#0000000000000000
(1788802226.737536) can0 02203607#0000000300000000
(1788802226.737590) can0 03FF1603#0000D03600000000
(1788802226.738535) can0 04FF3604#0006000300C80100
(1788802226.748536) can0 03FF1605#0100000000000000
(1788802226.768536) can0 04FF3604#0004000300C80100
(1788802226.798539) can0 04FF3604#0002000300C80100
(1788802226.821586) can0 03FF1000#0840112200000001
(1788802226.828539) can0 04FF3604#0006000300C80100
(1788802226.832539) can0 03FF1001#0000000000000000
(1788802226.842541) can0 03FF1603#0000D03600000000
(1788802226.853543) can0 03FF1605#0100000000000000
(1788802226.858540) can0 04FF3604#0004000300C80100
(1788802226.888542) can0 04FF3602#0000000000000000
(1788802226.888817) can0 04FF3604#0005000300C80100
(1788802226.907546) can0 02181606#0100120001030200
(1788802226.918545) can0 04FF3604#0003000300C80100
(1788802226.926545) can0 03FF1000#0840112200000001
(1788802226.937545) can0 03FF1001#0000000000000000
(1788802226.937611) can0 02203606#0101000100010000
(1788802226.947545) can0 03FF1603#0000D03600000000
(1788802226.948545) can0 04FF3604#0004000400C80100
(1788802226.958546) can0 03FF1605#0100000000000000
(1788802226.967546) can0 02181608#0500000001000000
(1788802226.968546) can0 03121606#0000000000000000
(1788802226.977548) can0 05FF4610#0000D09CFFFFFFA3
(1788802226.978547) can0 04FF3604#0003000300C80100
(1788802226.997549) can0 02181609#0000000000000000
(1788802227.008549) can0 04FF3604#0006000300C80100
(1788802227.027550) can0 02488600#0000000000000000
(1788802227.031549) can0 03FF1000#0840112200000001
(1788802227.038550) can0 04FF3604#0003000300C80100
(1788802227.042550) can0 03FF1001#0000000000000000
(1788802227.052552) can0 03FF1603#0000D03600000000
(1788802227.063552) can0 03FF1605#0100000000000000
(1788802227.068551) can0 04FF3604#0004000300C80100
(1788802227.073558) can0 03FF1600#142B000104001312
(1788802227.077552) can0 02213502#
(1788802227.083553) can0 04F93502#0000000000000000
(1788802227.084552) can0 03FF1601#6E50000000000000
(1788802227.094553) can0 03FF1602#000005000000157C
(1788802227.098552) can0 04FF3604#0005000300C80100
(1788802227.105553) can0 03FF1604#0000000000000000
(1788802227.128555) can0 04FF3604#0003000300C80100
(1788802227.136555) can0 03FF1000#0840112200000001
(1788802227.147556) can0 03FF1001#0000000000000000
(1788802227.157556) can0 03FF1603#0000D03600000000
(1788802227.158556) can0 04FF3604#0005000300C80100
(1788802227.168557) can0 03FF1605#0100000000000000
(1788802227.188558) can0 04FF3604#0006000300C80100
(1788802227.218560) can0 04FF3604#0006000300C80100
(1788802227.241560) can0 03FF1000#0840112200000001
(1788802227.248562) can0 04FF3604#0004000300C80100
(1788802227.252562) can0 03FF1001#0000000000000000
(1788802227.262563) can0 03FF1603#0000D03600000000
(1788802227.266562) can0 05FF4610#0000D09BFFFFFFA3
(1788802227.273562) can0 03FF1605#0100000000000000
(1788802227.278563) can0 04FF3604#0004000300C80100
(1788802227.308564) can0 04FF3604#0006000300C80100
(1788802227.338565) can0 04FF3604#0003000300C80100
(1788802227.346566) can0 03FF1000#0840112200000001
(1788802227.357566) can0 03FF1001#0000000000000000
(1788802227.367568) can0 03FF1603#0000D03600000000
(1788802227.368566) can0 04FF3604#0005000300C80100
(1788802227.378568) can0 03FF1605#0100000000000000
(1788802227.388568) can0 04FF3602#0000000000000000
(1788802227.398570) can0 04FF3604#0006000400C80100
(1788802227.428571) can0 04FF3604#0005000300C80100
(1788802227.451571) can0 03FF1000#0840112200000001
(1788802227.458571) can0 04FF3604#0002000300C80100
(1788802227.462571) can0 03FF1001#0000000000000000
(1788802227.472572) can0 03FF1603#0000D03600000000
(1788802227.483574) can0 03FF1605#0100000000000000
(1788802227.488573) can0 04FF3604#0006000300C80100
(1788802227.518575) can0 04FF3604#0003000300C80100
(1788802227.529576) can0 05FF4610#0000D09BFFFFFFA3
(1788802227.548577) can0 04FF3604#0004000300C80100
(1788802227.556577) can0 03FF1000#0840112200000001
(1788802227.567577) can0 03FF1001#0000000000000000
(1788802227.574578) can0 05FF4001#0000000000000000
(1788802227.576577) can0 05FF4000#0000000000000000
(1788802227.577577) can0 03FF1603#0000D03600000000
(1788802227.578577) can0 04FF3604#0006000300C80100
(1788802227.588578) can0 03FF1605#0100000000000000
(1788802227.608580) can0 04FF3604#0004000300C80100
(1788802227.627720) can0 02FF2605#0000060907070005
(1788802227.638581) can0 04FF3604#0005000300C80100
(1788802227.657582) can0 05FF4602#06100C100C100C10
(1788802227.658581) can0 02FF2604#0000000000000000
(1788802227.661581) can0 03FF1000#0840112200000001
(1788802227.667583) can0 05FF4603#0C100A100D100E10
(1788802227.668582) can0 04FF3604#0006000300C80100
(1788802227.672582) can0 03FF1001#0000000000000000
(1788802227.677584) can0 05FF4604#0B100C100F101010
(1788802227.682583) can0 03FF1603#0000D03600000000
(1788802227.688583) can0 02FF2704#0200000000000000
(1788802227.688634) can0 05FF4605#0A10000000000000
(1788802227.693583) can0 03FF1605#0100000000000000
(1788802227.698585) can0 04FF3604#0004000300C80100
(1788802227.717805) can0 0260B606#0100000000000000
(1788802227.718585) can0 05FF4606#1E1E1E
(1788802227.728585) can0 04FF3604#0005000300C80100
(1788802227.728652) can0 05FF4607#1E1D1E
(1788802227.738585) can0 05FF4608#0019007C
(1788802227.748588) can0 02203607#0000000300000000
(1788802227.748642) can0 05FF4609#030003CA03CA00
(1788802227.758590) can0 04FF3604#0005000400C80100
(1788802227.766588) can0 03FF1000#0840112200000001
(1788802227.777589) can0 03FF1001#0000000000000000
(1788802227.778588) can0 02181606#0100120001030200
(1788802227.787589) can0 03FF1603#0000D03600000000
(1788802227.788588) can0 04FF3604#0005000300C80100
(1788802227.792589) can0 05FF4610#0000D09BFFFFFFA3
(1788802227.798589) can0 03FF1605#0100000000000000
(1788802227.808590) can0 02203606#0101000100010000
(1788802227.818591) can0 04FF3604#0005000300C80100
(1788802227.838591) can0 02181608#0500000001000000
(1788802227.848592) can0 04FF3604#0005000300C80100
(1788802227.868593) can0 02181609#0000000000000000
(1788802227.871593) can0 03FF1000#0840112200000001
(1788802227.878594) can0 04FF3604#0003000300C80100
(1788802227.882593) can0 03FF1001#0000000000000000
(1788802227.888595) can0 04FF3602#0000000000000000
(1788802227.892594) can0 03FF1603#0000D03600000000
(1788802227.898595) can0 02488600#0000000000000000
(1788802227.903595) can0 03FF1605#0100000000000000
(1788802227.908595) can0 04FF3604#0004000300C80100
(1788802227.913595) can0 03121606#0000000000000000
(1788802227.927770) can0 02213503#
(1788802227.938596) can0 04F93503#0000000000000000
(1788802227.938797) can0 04FF3604#0006000400C80100
(1788802227.968599) can0 04FF3604#0004000300C80100
(1788802227.976598) can0 03FF1000#0840112200000001
(1788802227.987598) can0 03FF1001#0000000000000000
(1788802227.997600) can0 03FF1603#0000D03600000000
(1788802227.998599) can0 04FF3604#0004000300C80100
(1788802228.008600) can0 03FF1605#0100000000000000
(1788802228.028601) can0 04FF3604#0004000300C80100
(1788802228.058604) can0 04FF3604#0004000400C80100
(1788802228.066603) can0 05FF4610#0000D09BFFFFFFA3
(1788802228.081604) can0 03FF1000#0840112200000001
(1788802228.088604) can0 04FF3604#0003000300C80100
(1788802228.092604) can0 03FF1001#0000000000000000
(1788802228.102605) can0 03FF1600#142B000104001312
(1788802228.113605) can0 03FF1601#6E50000000000000
(1788802228.118606) can0 04FF3604#0005000400C80100
(1788802228.123605) can0 03FF1602#000005000000157C
(1788802228.134607) can0 03FF1603#0000D03600000000
(1788802228.144607) can0 03FF1604#0000000000000000
(1788802228.148607) can0 04FF3604#0003000300C80100
(1788802228.155607) can0 03FF1605#0100000000000000
(1788802228.178609) can0 04FF3604#0005000300C80100
(1788802228.186609) can0 03FF1000#0840112200000001
(1788802228.197610) can0 03FF1001#0000000000000000
(1788802228.207610) can0 03FF1603#0000D03600000000
(1788802228.208610) can0 04FF3604#0004000300C80100
(1788802228.218611) can0 03FF1605#0100000000000000
(1788802228.238611) can0 04FF3604#0005000300C80100
(1788802228.268614) can0 04FF3604#0004000300C80100
(1788802228.291617) can0 03FF1000#0840112200000001
(1788802228.298615) can0 04FF3604#0004000300C80100
(1788802228.302615) can0 03FF1001#0000000000000000
(1788802228.312615) can0 03FF1603#0000D03600000000
(1788802228.323616) can0 03FF1605#0100000000000000
(1788802228.328617) can0 04FF3604#0005000300C80100
(1788802228.356618) can0 05FF4610#0000D09DFFFFFFA3
(1788802228.358618) can0 04FF3604#0004000300C80100
(1788802228.388619) can0 04FF3602#0000000000000000
(1788802228.388814) can0 04FF3604#0002000300C80100
(1788802228.396620) can0 03FF1000#0840112200000001
(1788802228.407620) can0 03FF1001#0000000000000000
(1788802228.417620) can0 03FF1603#0000D03600000000
(1788802228.418621) can0 04FF3604#0006000300C80100
(1788802228.428621) can0 03FF1605#0100000000000000
(1788802228.428676) can0 02181606#0100120001030200
(1788802228.448623) can0 04FF3604#0004000300C80100
(1788802228.458623) can0 02203606#0101000100010000
(1788802228.478625) can0 04FF3604#0003000300C80100
(1788802228.488694) can0 02181608#0500000001000000
(1788802228.501626) can0 03FF1000#0840112200000001
(1788802228.508626) can0 04FF3604#0004000300C80100
(1788802228.512626) can0 03FF1001#0000000000000000
(1788802228.518661) can0 02181609#0000000000000000
(1788802228.522626) can0 03FF1603#0000D03600000000
(1788802228.533628) can0 03FF1605#0100000000000000
(1788802228.538627) can0 04FF3604#0006000300C80100
(1788802228.543627) can0 03121606#0000000000000000
(1788802228.548681) can0 02488600#0000000000000000
(1788802228.568629) can0 04FF3604#0003000300C80100
(1788802228.578653) can0 02213504#
(1788802228.588629) can0 04F93504#0000000000000000
(1788802228.598631) can0 04FF3604#0004000400C80100
(1788802228.606631) can0 03FF1000#0840112200000001
(1788802228.617631) can0 03FF1001#0000000000000000
(1788802228.619631) can0 05FF4610#0000D09DFFFFFFA3
(1788802228.621631) can0 05FF4001#0000000000000000
(1788802228.623632) can0 05FF4000#0000000000000000
(1788802228.627631) can0 03FF1603#0000D03600000000
(1788802228.628638) can0 04FF3604#0005000300C80100
(1788802228.638638) can0 03FF1605#0100000000000000
(1788802228.639635) can0 02FF2605#0000060907070006
(1788802228.658636) can0 04FF3604#0004000300C80100
(1788802228.668809) can0 02FF2604#0000000000000000
(1788802228.688637) can0 04FF3604#0006000300C80100
(1788802228.698869) can0 02FF2704#0200000000000000
(1788802228.704637) can0 05FF4602#07100C100D100C10
(1788802228.711638) can0 03FF1000#0840112200000001
(1788802228.714638) can0 05FF4603#0C100A100D100E10
(1788802228.718638) can0 04FF3604#0005000300C80100
(1788802228.722638) can0 03FF1001#0000000000000000
(1788802228.724638) can0 05FF4604#0B100C100F101010
(1788802228.729638) can0 0260B606#0100000000000000
(1788802228.732639) can0 03FF1603#0000D03600000000
(1788802228.734638) can0 05FF4605#0A10000000000000
(1788802228.743639) can0 03FF1605#0100000000000000
(1788802228.748639) can0 04FF3604#0004000300C80100
(1788802228.758872) can0 02203607#0000000300000000
(1788802228.764640) can0 05FF4606#1E1E1E
(1788802228.774641) can0 05FF4607#1E1D1E
(1788802228.778647) can0 04FF3604#0005000300C80100
(1788802228.784645) can0 05FF4608#0019007C
(1788802228.794643) can0 05FF4609#030003CA03CA00
(1788802228.808643) can0 04FF3604#0004000300C80100
(1788802228.816643) can0 03FF1000#0840112200000001
(1788802228.827644) can0 03FF1001#0000000000000000
(1788802228.837644) can0 03FF1603#0000D03600000000
(1788802228.838644) can0 04FF3604#0004000300C80100
(1788802228.848645) can0 03FF1605#0100000000000000
(1788802228.868646) can0 04FF3604#0006000400C80100
(1788802228.888647) can0 04FF3602#0000000000000000
(1788802228.894651) can0 05FF4610#0000D09DFFFFFFA3
(1788802228.898650) can0 04FF3604#0005000300C80100
(1788802228.921649) can0 03FF1000#0840112200000001
(1788802228.928650) can0 04FF3604#0003000300C80100
(1788802228.932649) can0 03FF1001#0000000000000000
(1788802228.942649) can0 03FF1603#0000D03600000000
(1788802228.953651) can0 03FF1605#0100000000000000
(1788802228.958650) can0 04FF3604#0004000300C80100
(1788802228.988652) can0 04FF3604#0004000300C80100
(1788802229.018653) can0 04FF3604#0005000300C80100
(1788802229.026655) can0 03FF1000#0840112200000001
(1788802229.037655) can0 03FF1001#0000000000000000
(1788802229.047656) can0 03FF1603#0000D03600000000
(1788802229.048655) can0 04FF3604#0003000300C80100
(1788802229.058658) can0 03FF1605#0100000000000000
(1788802229.078660) can0 04FF3604#0004000300C80100
(1788802229.089657) can0 03FF1600#142B000104001312
(1788802229.100658) can0 03FF1601#6E50000000000000
(1788802229.108659) can0 04FF3604#0004000300C80100
(1788802229.110658) can0 03FF1602#000005000000157C
(1788802229.121658) can0 03FF1604#0000000000000000
(1788802229.131660) can0 03FF1000#0840112200000001
(1788802229.138660) can0 04FF3604#0006000300C80100
(1788802229.142659) can0 03FF1001#0000000000000000
(1788802229.152661) can0 03FF1603#0000D03600000000
(1788802229.163662) can0 03FF1605#0100000000000000
(1788802229.168662) can0 04FF3604#0004000300C80100
(1788802229.183663) can0 05FF4610#0000D09EFFFFFFA3
(1788802229.189662) can0 02181606#0100120001030200
(1788802229.198663) can0 04FF3604#0005000300C80100
(1788802229.219663) can0 02203606#0101000100010000
(1788802229.228665) can0 04FF3604#0005000300C80100
(1788802229.236665) can0 03FF1000#0840112200000001
(1788802229.247665) can0 03FF1001#0000000000000000
(1788802229.250665) can0 02181608#0500000001000000
(1788802229.257666) can0 03FF1603#0000D03600000000
(1788802229.258665) can0 04FF3604#0006000300C80100
(1788802229.268666) can0 03FF1605#0100000000000000
(1788802229.278666) can0 03121606#0000000000000000
(1788802229.279671) can0 02181609#0000000000000000
(1788802229.288671) can0 04FF3604#0005000300C80100
(1788802229.318668) can0 04FF3604#0005000300C80100
(1788802229.339670) can0 02488600#0000000000000000
(1788802229.341670) can0 03FF1000#0840112200000001
(1788802229.348670) can0 04FF3604#0005000300C80100
(1788802229.352670) can0 03FF1001#0000000000000000
(1788802229.362671) can0 03FF1603#0000D03600000000
(1788802229.369671) can0 02213600#
(1788802229.373671) can0 03FF1605#0100000000000000
(1788802229.378673) can0 04FF3604#0006000300C80100
(1788802229.388672) can0 04FF3400#0000022200000000
(1788802229.388797) can0 04FF3602#0000000000000000
(1788802229.408677) can0 04FF3604#0004000300C80100
(1788802229.438679) can0 04FF3604#0005000400C80100
(1788802229.446676) can0 03FF1000#0840112200000001
(1788802229.447676) can0 05FF4610#0000D09EFFFFFFA9
(1788802229.457677) can0 03FF1001#0000000000000000
(1788802229.467677) can0 03FF1603#0000D03600000000
(1788802229.468676) can0 04FF3604#0003000300C80100
(1788802229.478678) can0 03FF1605#0100000000000000
(1788802229.498678) can0 04FF3604#0006000300C80100
(1788802229.528680) can0 04FF3604#0007000300C80100
(1788802229.551682) can0 03FF1000#0840112200000001
(1788802229.558682) can0 04FF3604#0005000300C80100
(1788802229.562681) can0 03FF1001#0000000000000000
(1788802229.572682) can0 03FF1603#0000D03600000000
(1788802229.583682) can0 03FF1605#0100000000000000
(1788802229.588683) can0 04FF3604#0003000300C80100
(1788802229.618685) can0 04FF3604#0003000300C80100
(1788802229.648686) can0 04FF3604#0003000300C80100
(1788802229.656687) can0 03FF1000#0840112200000001
(1788802229.659732) can0 02FF2605#0000060907070007
(1788802229.667687) can0 03FF1001#0000000000000000
(1788802229.669687) can0 05FF4001#0000000000000000
(1788802229.671687) can0 05FF4000#0000000000000000
(1788802229.677687) can0 03FF1603#0000D03600000000
(1788802229.678687) can0 04FF3604#0004000300C80100
(1788802229.688688) can0 03FF1605#0100000000000000
(1788802229.689815) can0 02FF2604#0000000000000000
(1788802229.708689) can0 04FF3604#0004000300C80100
(1788802229.710689) can0 05FF4610#0000D09EFFFFFFA9
(1788802229.719800) can0 02FF2704#0200000000000000
(1788802229.738691) can0 04FF3604#0005000300C80100
(1788802229.749819) can0 0260B606#0100000000000000
(1788802229.751691) can0 05FF4602#07100C100D100C10
(1788802229.761691) can0 03FF1000#0840112200000001
(1788802229.762692) can0 05FF4603#0D100A100D100E10
(1788802229.768692) can0 04FF3604#0006000300C80100
(1788802229.771692) can0 05FF4604#0B100C100F101010
(1788802229.772691) can0 03FF1001#0000000000000000
(1788802229.779936) can0 02203607#0000000300000000
(1788802229.781698) can0 05FF4605#0A10000000000000
(1788802229.782696) can0 03FF1603#0000D03600000000
(1788802229.793694) can0 03FF1605#0100000000000000
(1788802229.798694) can0 04FF3604#0003000300C80100
(1788802229.811694) can0 05FF4606#1E1E1E
(1788802229.821695) can0 05FF4607#1E1D1E
(1788802229.828695) can0 04FF3604#0004000300C80100
(1788802229.831695) can0 05FF4608#0019007C
(1788802229.841695) can0 05FF4609#030003CA03CA00
(1788802229.858697) can0 04FF3604#0004000300C80100
(1788802229.866698) can0 03FF1000#0840112200000001
(1788802229.877697) can0 03FF1001#0000000000000000
(1788802229.887698) can0 03FF1603#0000D03600000000
(1788802229.888698) can0 04FF3602#0000000000000000
(1788802229.888783) can0 04FF3604#0005000300C80100
(1788802229.898702) can0 03FF1605#0100000000000000
(1788802229.918703) can0 04FF3604#0005000300C80100
(1788802229.948702) can0 04FF3604#0006000300C80100
(1788802229.950701) can0 02181606#0100120001030200
(1788802229.971702) can0 03FF1000#0840112200000001
(1788802229.978704) can0 04FF3604#0006000300C80100
(1788802229.980703) can0 02203606#0101000100010000
(1788802229.982703) can0 03FF1001#0000000000000000
(1788802229.983703) can0 05FF4610#0000D09EFFFFFFA9
(1788802229.992704) can0 03FF1603#0000D03600000000
(1788802229.994703) can0 05FF4400#00000002
(1788802230.003705) can0 03FF1605#0100000000000000
(1788802230.008705) can0 04FF3604#0004000300C80100
(1788802230.010704) can0 02181608#0500000001000000
(1788802230.013705) can0 03121606#0000000000000000
(1788802230.038706) can0 04FF3604#0005000300C80100
(1788802230.040706) can0 02181609#0000000000000000
(1788802230.046707) can0 05FF4600#0D0300900303
(1788802230.068711) can0 04FF3604#0003000300C80100
(1788802230.076711) can0 03FF1000#0840112200000001
(1788802230.087709) can0 03FF1001#0000000000000000
(1788802230.091709) can0 02488600#0000000000000000
(1788802230.095708) can0 05FF4601#007300000000
(1788802230.097709) can0 03FF1603#0000D03600000000
(1788802230.098709) can0 04FF3604#0005000300C80100
(1788802230.108710) can0 03FF1605#0100000000000000
(1788802230.118711) can0 03FF1600#142B000104001312
(1788802230.119953) can0 02213601#
(1788802230.128711) can0 04FF3604#0005000300C80100
(1788802230.129711) can0 03FF1601#6E50000000000000
(1788802230.139711) can0 03FF1602#000005000000157C
(1788802230.150711) can0 03FF1604#0000000000000000
(1788802230.158712) can0 04FF3604#0007000300C80100
(1788802230.181714) can0 03FF1000#0840112200000001
(1788802230.188713) can0 04FF3604#0003000300C80100
(1788802230.192714) can0 03FF1001#0000000000000000
(1788802230.202715) can0 03FF1603#0000D03600000000
(1788802230.213715) can0 03FF1605#0100000000000000
(1788802230.218715) can0 04FF3604#0005000300C80100
(1788802230.248716) can0 04FF3604#0004000300C80100
(1788802230.273718) can0 05FF4610#0000D09BFFFFFF98
(1788802230.278718) can0 04FF3604#0005000300C80100
(1788802230.286719) can0 03FF1000#0840112200000001
(1788802230.297724) can0 03FF1001#0000000000000000
(1788802230.307724) can0 03FF1603#0000D03600000000
(1788802230.308720) can0 04FF3604#0006000400C80100
(1788802230.318720) can0 03FF1605#0100000000000000
(1788802230.338722) can0 04FF3604#0005000300C80100
(1788802230.368723) can0 04FF3604#0005000300C80100
(1788802230.388725) can0 04FF3602#0000000000000000
(1788802230.391725) can0 03FF1000#0840112200000001
(1788802230.398728) can0 04FF3604#0004000300C80100
(1788802230.402727) can0 03FF1001#0000000000000000
(1788802230.412725) can0 03FF1603#0000D03600000000
(1788802230.423726) can0 03FF1605#0100000000000000
(1788802230.428726) can0 04FF3604#0006000300C80100
(1788802230.458729) can0 04FF3604#0004000300C80100
(1788802230.488730) can0 04FF3604#0004000300C80100
(1788802230.496729) can0 03FF1000#0840112200000001
(1788802230.507731) can0 03FF1001#0000000000000000
(1788802230.517731) can0 03FF1603#0000D03600000000
(1788802230.518731) can0 04FF3604#0004000300C80100
(1788802230.528731) can0 03FF1605#0100000000000000
(1788802230.535790) can0 05FF4610#0000D09BFFFFFF98
(1788802230.548732) can0 04FF3604#0005000300C80100
(1788802230.578735) can0 04FF3604#0003000300C80100
(1788802230.601739) can0 03FF1000#0840112200000001
(1788802230.608735) can0 04FF3604#0006000400C80100
(1788802230.612735) can0 03FF1001#0000000000000000
(1788802230.622736) can0 03FF1603#0000D03600000000
(1788802230.633737) can0 03FF1605#0100000000000000
(1788802230.638737) can0 04FF3604#0005000300C80100
(1788802230.660738) can0 02FF2605#0000060907070008
(1788802230.668739) can0 04FF3604#0006000400C80100
(1788802230.690740) can0 02FF2604#0000000000000000
(1788802230.698740) can0 04FF3604#0004000300C80100
(1788802230.706741) can0 03FF1000#0840112200000001
(1788802230.713740) can0 05FF4001#0000000000000000
(1788802230.715828) can0 05FF4000#0000000000000000
(1788802230.717744) can0 03FF1001#0000000000000000
(1788802230.720869) can0 02FF2704#0200000000000000
(1788802230.727742) can0 03FF1603#0000D03600000000
(1788802230.728741) can0 04FF3604#0004000300C80100
(1788802230.738743) can0 03FF1605#0100000000000000
(1788802230.750812) can0 0260B606#0100000000000000
(1788802230.758744) can0 04FF3604#0005000300C80100
(1788802230.783745) can0 02203607#0000000300000000
(1788802230.788744) can0 04FF3604#0004000300C80100
(1788802230.795818) can0 05FF4602#06100C100C100C10
(1788802230.797752) can0 05FF4610#0000D09BFFFFFF98
(1788802230.805800) can0 05FF4603#0C100A100D100E10
(1788802230.810920) can0 02181606#0100120001030200
(1788802230.811745) can0 03FF1000#0840112200000001
(1788802230.815815) can0 05FF4604#0B100C100F101010
(1788802230.818745) can0 04FF3604#0004000300C80100
(1788802230.822746) can0 03FF1001#0000000000000000
(1788802230.825827) can0 05FF4605#0A10000000000000
(1788802230.832746) can0 03FF1603#0000D03600000000
(1788802230.840920) can0 02203606#0101000100010000
(1788802230.843747) can0 03FF1605#0100000000000000
(1788802230.848747) can0 04FF3604#0005000300C80100
(1788802230.855748) can0 05FF4606#1E1E1E
(1788802230.870884) can0 02181608#0500000001000000
(1788802230.877945) can0 05FF4607#1E1D1E
(1788802230.878749) can0 04FF3604#0003000300C80100
(1788802230.887750) can0 05FF4608#0019007C
(1788802230.888751) can0 04FF3602#0000000000000000
(1788802230.897760) can0 05FF4609#030003CA03CA00
(1788802230.901755) can0 02181609#0000000000000000
(1788802230.908751) can0 04FF3604#0006000400C80100
(1788802230.916751) can0 03FF1000#0840112200000001
(1788802230.927753) can0 03FF1001#0000000000000000
(1788802230.931752) can0 02488600#0000000000000000
(1788802230.937753) can0 03FF1603#0000D03600000000
(1788802230.938752) can0 04FF3604#0003000300C80100
(1788802230.948753) can0 03FF1605#0100000000000000
(1788802230.958753) can0 03121606#0000000000000000
(1788802230.962788) can0 02294611#
(1788802230.963753) can0 05124611#0061368C000034E5
(1788802230.968753) can0 04FF3604#0004000300C80100
(1788802230.998756) can0 04FF3604#0005000300C80100
(1788802231.021757) can0 03FF1000#0840112200000001
(1788802231.028756) can0 04FF3604#0005000300C80100
(1788802231.032757) can0 03FF1001#0000000000000000
(1788802231.042757) can0 03FF1603#0000D03600000000
(1788802231.053758) can0 03FF1605#0100000000000000
(1788802231.058761) can0 04FF3604#0005000300C80100
(1788802231.070761) can0 05FF4610#0000D09BFFFFFF98
(1788802231.088761) can0 04FF3604#0005000300C80100
(1788802231.105762) can0 03FF1600#142B000104001312
(1788802231.116762) can0 03FF1601#6E50000000000000
(1788802231.118761) can0 04FF3604#0006000300C80100
(1788802231.126762) can0 03FF1602#000005000000157C
(1788802231.137763) can0 03FF1604#0000000000000000
(1788802231.147763) can0 03FF1000#0840112200000001
(1788802231.148763) can0 04FF3604#0003000400C80100
(1788802231.158764) can0 03FF1001#0000000000000000
(1788802231.168765) can0 03FF1603#0000D03600000000
(1788802231.178764) can0 04FF3604#0004000300C80100
(1788802231.179764) can0 03FF1605#0100000000000000
(1788802231.208767) can0 04FF3604#0004000300C80100
(1788802231.231768) can0 03FF1000#0840112200000001
(1788802231.238768) can0 04FF3604#0004000300C80100
(1788802231.242768) can0 03FF1001#0000000000000000
(1788802231.252768) can0 03FF1603#0000D03600000000
(1788802231.263769) can0 03FF1605#0100000000000000
(1788802231.268769) can0 04FF3604#0007000300C80100
(1788802231.298771) can0 04FF3604#0004000400C80100
(1788802231.328776) can0 04FF3604#0005000300C80100
(1788802231.336776) can0 03FF1000#0840112200000001
(1788802231.347774) can0 03FF1001#0000000000000000
(1788802231.357776) can0 03FF1603#0000D03600000000
(1788802231.358774) can0 04FF3604#0005000300C80100
(1788802231.358829) can0 05FF4610#0000D09CFFFFFFA3
(1788802231.368774) can0 03FF1605#0100000000000000
(1788802231.388776) can0 04FF3602#0000000000000000
(1788802231.388831) can0 04FF3604#0004000300C80100
(1788802231.418780) can0 04FF3604#0005000300C80100
(1788802231.441782) can0 03FF1000#0840112200000001
(1788802231.448778) can0 04FF3604#0007000300C80100
(1788802231.452778) can0 03FF1001#0000000000000000
(1788802231.462780) can0 03FF1603#0000D03600000000
(1788802231.471784) can0 02181606#0100120001030200
(1788802231.473782) can0 03FF1605#0100000000000000
(1788802231.478780) can0 04FF3604#0004000300C80100
(1788802231.501782) can0 02203606#0101000100010000
(1788802231.508782) can0 04FF3604#0004000300C80100
(1788802231.531783) can0 02181608#0500000001000000
(1788802231.538784) can0 04FF3604#0005000300C80100
(1788802231.546784) can0 03FF1000#0840112200000001
(1788802231.557785) can0 03FF1001#0000000000000000
(1788802231.562784) can0 02181609#0000000000000000
(1788802231.567784) can0 03FF1603#0000D03600000000
(1788802231.568784) can0 04FF3604#0005000300C80100
(1788802231.578785) can0 03FF1605#0100000000000000
(1788802231.588787) can0 03121606#0000000000000000
(1788802231.591786) can0 02488600#0000000000000000
(1788802231.598786) can0 04FF3604#0004000300C80100
(1788802231.620788) can0 05FF4610#0000D09CFFFFFFA3
(1788802231.621787) can0 02294612#
(1788802231.622787) can0 05124612#0000000000000000
(1788802231.628787) can0 04FF3604#0007000300C80100
(1788802231.651789) can0 03FF1000#0840112200000001
(1788802231.658790) can0 04FF3604#0005000300C80100
(1788802231.662789) can0 03FF1001#0000000000000000
(1788802231.672791) can0 02FF2605#0000060907070009
(1788802231.672967) can0 03FF1603#0000D03600000000
(1788802231.683791) can0 03FF1605#0100000000000000
(1788802231.688791) can0 04FF3604#0005000300C80100
(1788802231.701792) can0 02FF2604#0000000000000000
(1788802231.718793) can0 04FF3604#0003000300C80100
(1788802231.731794) can0 02FF2704#0200000000000000
(1788802231.748795) can0 04FF3604#0003000300C80100
(1788802231.754794) can0 05FF4001#0000000000000000
(1788802231.756794) can0 03FF1000#0840112200000001
(1788802231.757794) can0 05FF4000#0000000000000000
(1788802231.762794) can0 0260B606#0100000000000000
(1788802231.767794) can0 03FF1001#0000000000000000
(1788802231.777795) can0 03FF1603#0000D03600000000
(1788802231.778795) can0 04FF3604#0006000300C80100
(1788802231.788797) can0 03FF1605#0100000000000000
(1788802231.791911) can0 02203607#0000000300000000
(1788802231.808797) can0 04FF3604#0003000300C80100
(1788802231.836827) can0 05FF4602#07100C100C100C10
(1788802231.838801) can0 04FF3604#0005000300C80100
(1788802231.846800) can0 05FF4603#0C100A100D100E10
(1788802231.857801) can0 05FF4604#0B100C100F101010
(1788802231.861802) can0 03FF1000#0840112200000001
(1788802231.868801) can0 04FF3604#0006000400C80100
(1788802231.872800) can0 03FF1001#0000000000000000
(1788802231.879819) can0 05FF4605#0A10000000000000
(1788802231.882801) can0 03FF1603#0000D03600000000
(1788802231.888801) can0 04FF3602#0000000000000000
(1788802231.893802) can0 03FF1605#0100000000000000
(1788802231.894820) can0 05FF4610#0000D09CFFFFFFA3
(1788802231.898805) can0 04FF3604#0005000300C80100
(1788802231.909805) can0 05FF4606#1E1E1E
(1788802231.919803) can0 05FF4607#1E1D1E
(1788802231.928804) can0 04FF3604#0004000300C80100
(1788802231.929803) can0 05FF4608#0019007C
(1788802231.939804) can0 05FF4609#030003CA03CA00
(1788802231.958804) can0 04FF3604#0004000300C80100
(1788802231.966805) can0 03FF1000#0840112200000001
(1788802231.977806) can0 03FF1001#0000000000000000
(1788802231.987807) can0 03FF1603#0000D03600000000
(1788802231.988807) can0 04FF3604#0006000300C80100
(1788802231.998807) can0 03FF1605#0100000000000000
(1788802232.018808) can0 04FF3604#0005000300C80100
(1788802232.048810) can0 04FF3604#0004000300C80100
(1788802232.071814) can0 03FF1000#0840112200000001
(1788802232.078814) can0 04FF3604#0004000300C80100
(1788802232.082811) can0 03FF1001#0000000000000000
(1788802232.092812) can0 03FF1603#0000D03600000000
(1788802232.103813) can0 03FF1605#0100000000000000
(1788802232.108813) can0 04FF3604#0004000300C80100
(1788802232.113813) can0 03FF1600#142B000104001312
(1788802232.124814) can0 03FF1601#6E50000000000000
(1788802232.134814) can0 03FF1602#000005000000157C
(1788802232.138814) can0 04FF3604#0005000300C80100
(1788802232.145815) can0 03FF1604#0000000000000000
(1788802232.168815) can0 04FF3604#0004000300C80100
(1788802232.176816) can0 03FF1000#0840112200000001
(1788802232.180840) can0 05FF4610#0000D09DFFFFFFA3
(1788802232.187817) can0 03FF1001#0000000000000000
(1788802232.197818) can0 03FF1603#0000D03600000000
(1788802232.198817) can0 04FF3604#0004000300C80100
(1788802232.208818) can0 03FF1605#0100000000000000
(1788802232.228819) can0 04FF3604#0004000300C80100
(1788802232.232818) can0 02181606#0100120001030200
(1788802232.258819) can0 04FF3604#0006000300C80100
(1788802232.262820) can0 02203606#0101000100010000
(1788802232.281821) can0 03FF1000#0840112200000001
(1788802232.288822) can0 04FF3604#0006000300C80100
(1788802232.292821) can0 03FF1001#0000000000000000
(1788802232.292888) can0 02181608#0500000001000000
(1788802232.302823) can0 03FF1603#0000D03600000000
(1788802232.313824) can0 03FF1605#0100000000000000
(1788802232.318827) can0 04FF3604#0001000300C80100
(1788802232.322827) can0 02181609#0000000000000000
(1788802232.323824) can0 03121606#0000000000000000
(1788802232.348826) can0 04FF3604#0005000300C80100
(1788802232.352825) can0 02488600#0000000000000000
(1788802232.378827) can0 04FF3604#0006000300C80100
(1788802232.382826) can0 02294613#
(1788802232.382916) can0 05124613#0000000000000000
(1788802232.386826) can0 03FF1000#0840112200000001
(1788802232.388826) can0 04FF3602#0000000000000000
(1788802232.397828) can0 03FF1001#0000000000000000
(1788802232.407831) can0 03FF1603#0000D03600000000
(1788802232.408831) can0 04FF3604#0005000300C80100
(1788802232.418829) can0 03FF1605#0100000000000000
(1788802232.438830) can0 04FF3604#0007000400C80100
(1788802232.443888) can0 05FF4610#0000D09DFFFFFFA3
(1788802232.468831) can0 04FF3604#0006000300C80100
(1788802232.491833) can0 03FF1000#0840112200000001
(1788802232.498833) can0 04FF3604#0006000300C80100
(1788802232.502833) can0 03FF1001#0000000000000000
(1788802232.512833) can0 03FF1603#0000D03600000000
(1788802232.523833) can0 03FF1605#0100000000000000
(1788802232.528833) can0 04FF3604#0005000300C80100
(1788802232.558835) can0 04FF3604#0004000300C80100
(1788802232.588838) can0 04FF3604#0005000300C80100
(1788802232.596838) can0 03FF1000#0840112200000001
(1788802232.607838) can0 03FF1001#0000000000000000
(1788802232.617839) can0 03FF1603#0000D03600000000
(1788802232.618838) can0 04FF3604#0004000300C80100
(1788802232.628839) can0 03FF1605#0100000000000000
(1788802232.648841) can0 04FF3604#0006000300C80100
(1788802232.678842) can0 04FF3604#0005000300C80100
(1788802232.683842) can0 02FF2605#0000060907070000
(1788802232.701844) can0 03FF1000#0840112200000001
(1788802232.704912) can0 05FF4610#0000D09DFFFFFFA3
(1788802232.708843) can0 04FF3604#0003000300C80100
(1788802232.712843) can0 03FF1001#0000000000000000
(1788802232.712893) can0 02FF2604#0000000000000000
(1788802232.722845) can0 03FF1603#0000D03600000000
(1788802232.733845) can0 03FF1605#0100000000000000
(1788802232.738845) can0 04FF3604#0003000300C80100
(1788802232.742845) can0 02FF2704#0200000000000000
(1788802232.768847) can0 04FF3604#0007000300C80100
(1788802232.772846) can0 0260B606#0100000000000000
(1788802232.796848) can0 05FF4001#0000000000000000
(1788802232.797952) can0 05FF4000#0000000000000000
(1788802232.798848) can0 04FF3604#0006000300C80100
(1788802232.803848) can0 02203607#0000000300000000
(1788802232.806848) can0 03FF1000#0840112200000001
(1788802232.817849) can0 03FF1001#0000000000000000
(1788802232.827854) can0 03FF1603#0000D03600000000
(1788802232.828853) can0 04FF3604#0004000300C80100
(1788802232.838851) can0 03FF1605#0100000000000000
(1788802232.858852) can0 04FF3604#0004000300C80100
(1788802232.888854) can0 04FF3602#0000000000000000
(1788802232.888909) can0 04FF3604#0002000300C80100
(1788802232.889922) can0 05FF4602#07100C100D100C10
(1788802232.899926) can0 05FF4603#0C100A100D100E10
(1788802232.909925) can0 05FF4604#0B100C100F101010
(1788802232.911854) can0 03FF1000#0840112200000001
(1788802232.918855) can0 04FF3604#0006000300C80100
(1788802232.919935) can0 05FF4605#0A10000000000000
(1788802232.922854) can0 03FF1001#0000000000000000
(1788802232.932855) can0 03FF1603#0000D03600000000
(1788802232.943859) can0 03FF1605#0100000000000000
(1788802232.948859) can0 04FF3604#0005000300C80100
(1788802232.949857) can0 05FF4606#1E1E1E
(1788802232.959857) can0 05FF4607#1E1D1E
(1788802232.969858) can0 05FF4608#0019007C
(1788802232.977951) can0 05FF4610#0000D09DFFFFFFA3
(1788802232.978857) can0 04FF3604#0006000300C80100
(1788802232.979915) can0 05FF4609#030003CA03CA00
(1788802232.993003) can0 02181606#0100120001030200
(1788802233.008859) can0 04FF3604#0004000300C80100
(1788802233.016860) can0 03FF1000#0840112200000001
(1788802233.023033) can0 02203606#0101000100010000
(1788802233.027860) can0 03FF1001#0000000000000000
(1788802233.037860) can0 03FF1603#0000D03600000000
(1788802233.038860) can0 04FF3604#0004000300C80100
(1788802233.048861) can0 03FF1605#0100000000000000
(1788802233.058865) can0 03121606#0000000000000000
(1788802233.068864) can0 04FF3604#0005000300C80100
(1788802233.073863) can0 02181608#0500000001000000
(1788802233.098864) can0 04FF3604#0004000300C80100
(1788802233.103864) can0 02181609#0000000000000000
(1788802233.121865) can0 03FF1000#0840112200000001
(1788802233.128865) can0 04FF3604#0006000300C80100
(1788802233.132865) can0 03FF1001#0000000000000000
(1788802233.133865) can0 02488600#0000000000000000
(1788802233.142866) can0 03FF1600#142B000104001312
(1788802233.153866) can0 03FF1601#6E50000000000000
(1788802233.158866) can0 04FF3604#0004000300C80100
(1788802233.162901) can0 02294614#
(1788802233.163866) can0 03FF1602#000005000000157C
(1788802233.174867) can0 03FF1603#0000D03600000000
(1788802233.180983) can0 05124614#10100B1007000009
(1788802233.184868) can0 03FF1604#0000000000000000
(1788802233.188868) can0 04FF3604#0002000300C80100
(1788802233.195869) can0 03FF1605#0100000000000000
(1788802233.205869) can0 03FF1400#0000000800000000
(1788802233.218870) can0 04FF3604#0004000300C80100
(1788802233.226871) can0 03FF1000#0840112200000001
(1788802233.237870) can0 03FF1001#0000000000000000
(1788802233.247872) can0 03FF1603#0000D03600000000
(1788802233.248871) can0 04FF3604#0004000300C80100
(1788802233.258872) can0 03FF1605#0100000000000000
(1788802233.265872) can0 05FF4610#0000D09CFFFFFFA3
(1788802233.278873) can0 04FF3604#0003000300C80100
(1788802233.308875) can0 04FF3604#0006000300C80100
(1788802233.331875) can0 03FF1000#0840112200000001
(1788802233.338881) can0 04FF3604#0004000300C80100
(1788802233.342878) can0 03FF1001#0000000000000000
(1788802233.352877) can0 03FF1603#0000D03600000000
(1788802233.363878) can0 03FF1605#0100000000000000
(1788802233.368877) can0 04FF3604#0004000300C80100
(1788802233.388878) can0 04FF3602#0000000000000000
(1788802233.398882) can0 04FF3604#0005000300C80100
(1788802233.428885) can0 04FF3604#0005000300C80100
(1788802233.436884) can0 03FF1000#0840112200000001
(1788802233.447882) can0 03FF1001#0000000000000000
(1788802233.457883) can0 03FF1603#0000D03600000000
(1788802233.458881) can0 04FF3604#0005000300C80100
(1788802233.468882) can0 03FF1605#0100000000000000
(1788802233.488883) can0 04FF3604#0005000300C80100
(1788802233.518136) can0 04FF3604#0004000300C80100
(1788802233.528025) can0 05FF4610#0000D09CFFFFFFA3
(1788802233.541887) can0 03FF1000#0840112200000001
(1788802233.548141) can0 04FF3604#0004000300C80100
(1788802233.552887) can0 03FF1001#0000000000000000
(1788802233.562887) can0 03FF1603#0000D03600000000
(1788802233.573143) can0 03FF1605#0100000000000000
(1788802233.578889) can0 04FF3604#0003000300C80100
(1788802233.608890) can0 04FF3604#0004000300C80100
(1788802233.638146) can0 04FF3604#0005000300C80100
(1788802233.646892) can0 03FF1000#0840112200000001
(1788802233.657892) can0 03FF1001#0000000000000000
(1788802233.667892) can0 03FF1603#0000D03600000000
(1788802233.668892) can0 04FF3604#0005000300C80100
(1788802233.678125) can0 03FF1605#0100000000000000
(1788802233.693894) can0 02FF2605#0000060907070001
(1788802233.698894) can0 04FF3604#0006000300C80100
(1788802233.723896) can0 02FF2604#0000000000000000
(1788802233.728150) can0 04FF3604#0005000300C80100
(1788802233.751898) can0 03FF1000#0840112200000001
(1788802233.753897) can0 02FF2704#0200000000000000
(1788802233.758152) can0 04FF3604#0005000300C80100
(1788802233.762898) can0 03FF1001#0000000000000000
(1788802233.772898) can0 03FF1603#0000D03600000000
(1788802233.783899) can0 03FF1605#0100000000000000
(1788802233.784898) can0 0260B606#0100000000000000
(1788802233.788153) can0 04FF3604#0005000300C80100
(1788802233.789095) can0 05FF4610#0000D09CFFFFFFA3
(1788802233.813900) can0 02203607#0000000300000000
(1788802233.818143) can0 04FF3604#0003000300C80100
(1788802233.837121) can0 05FF4001#0000000000000000
(1788802233.839137) can0 05FF4000#0000000000000000
(1788802233.844905) can0 02181606#0100120001030200
(1788802233.848145) can0 04FF3604#0005000300C80100
(1788802233.856902) can0 03FF1000#0840112200000001
(1788802233.867903) can0 03FF1001#0000000000000000
(1788802233.873903) can0 02203606#0101000100010000
(1788802233.877903) can0 03FF1603#0000D03600000000
(1788802233.878903) can0 04FF3604#0005000400C80100
(1788802233.888158) can0 03FF1605#0100000000000000
(1788802233.898906) can0 03121606#0000000000000000
(1788802233.903954) can0 02181608#0500000001000000
(1788802233.908150) can0 04FF3604#0003000300C80100
(1788802233.931092) can0 05FF4602#07100C100D100C10
(1788802233.933936) can0 02181609#0000000000000000
(1788802233.938149) can0 04FF3604#0004000300C80100
(1788802233.941091) can0 05FF4603#0C100A100D100E10
(1788802233.951093) can0 05FF4604#0B100C100F101010
(1788802233.961123) can0 05FF4605#0910000000000000
(1788802233.961907) can0 03FF1000#0840112200000001
(1788802233.964035) can0 02488600#0000000000000000
(1788802233.968151) can0 04FF3604#0005000300C80100
(1788802233.972163) can0 03FF1001#0000000000000000
(1788802233.982909) can0 03FF1603#0000D03600000000
(1788802233.990909) can0 05FF4606#1E1E1E
(1788802233.993151) can0 03FF1605#0100000000000000
(1788802233.993910) can0 02294615#
(1788802233.995025) can0 05124615#1E011E010000
(1788802233.998152) can0 04FF3604#0006000300C80100
(1788802234.000921) can0 05FF4607#1E1D1E
(1788802234.010952) can0 05FF4608#0019007C
(1788802234.021085) can0 05FF4609#030003CA03CA00
(1788802234.028131) can0 04FF3604#0003000300C80100
(1788802234.058172) can0 04FF3604#0006000300C80100
(1788802234.062124) can0 05FF4610#0000D09CFFFFFFA3
(1788802234.066914) can0 03FF1000#0840112200000001
(1788802234.077146) can0 03FF1001#0000000000000000
(1788802234.087914) can0 03FF1603#0000D03600000000
(1788802234.088914) can0 04FF3604#0005000300C80100
(1788802234.098147) can0 03FF1605#0100000000000000
(1788802234.118148) can0 04FF3604#0006000300C80100
(1788802234.129917) can0 03FF1600#142B000104001312
(1788802234.140143) can0 03FF1601#6E50000000000000
(1788802234.148149) can0 04FF3604#0005000300C80100
(1788802234.150918) can0 03FF1602#000005000000157C
(1788802234.161139) can0 03FF1604#0000000000000000
(1788802234.171918) can0 03FF1000#0840112200000001
(1788802234.178150) can0 04FF3604#0004000300C80100
(1788802234.182162) can0 03FF1001#0000000000000000
(1788802234.192919) can0 03FF1603#0000D03600000000
(1788802234.203159) can0 03FF1605#0100000000000000
(1788802234.208140) can0 04FF3604#0005000300C80100
(1788802234.238142) can0 04FF3604#0002000300C80100
(1788802234.268132) can0 04FF3604#0005000300C80100
(1788802234.276925) can0 03FF1000#0840112200000001
(1788802234.287925) can0 03FF1001#0000000000000000
(1788802234.297926) can0 03FF1603#0000D03600000000
(1788802234.298925) can0 04FF3604#0006000300C80100
(1788802234.308926) can0 03FF1605#0100000000000000
(1788802234.328135) can0 04FF3604#0004000300C80100
(1788802234.350137) can0 05FF4610#0000D09CFFFFFFA3
(1788802234.358141) can0 04FF3604#0005000300C80100
(1788802234.381932) can0 03FF1000#0840112200000001
(1788802234.388173) can0 04FF3602#0000000000000000
(1788802234.388929) can0 04FF3604#0003000300C80100
(1788802234.392185) can0 03FF1001#0000000000000000
(1788802234.402933) can0 03FF1603#0000D03600000000
(1788802234.413176) can0 03FF1605#0100000000000000
(1788802234.418140) can0 04FF3604#0005000300C80100
(1788802234.448142) can0 04FF3604#0005000300C80100
(1788802234.478132) can0 04FF3604#0005000300C80100
(1788802234.486936) can0 03FF1000#0840112200000001
(1788802234.497178) can0 03FF1001#0000000000000000
(1788802234.507937) can0 03FF1603#0000D03600000000
(1788802234.508936) can0 04FF3604#0005000300C80100
(1788802234.514936) can0 02181606#0100120001030200
(1788802234.518180) can0 03FF1605#0100000000000000
(1788802234.538135) can0 04FF3604#0004000300C80100
(1788802234.545939) can0 02203606#0101000100010000
(1788802234.568159) can0 04FF3604#0005000300C80100
(1788802234.574940) can0 02181608#0500000001000000
(1788802234.591940) can0 03FF1000#0840112200000001
(1788802234.598126) can0 04FF3604#0004000300C80100
(1788802234.602183) can0 03FF1001#0000000000000000
(1788802234.604941) can0 02181609#0000000000000000
(1788802234.611173) can0 05FF4610#0000D09CFFFFFFA3
(1788802234.612941) can0 03FF1603#0000D03600000000
(1788802234.623174) can0 03FF1605#0100000000000000
(1788802234.628162) can0 04FF3604#0006000300C80100
(1788802234.633943) can0 03121606#0000000000000000
(1788802234.634942) can0 02488600#0000000000000000
(1788802234.658141) can0 04FF3604#0005000300C80100
(1788802234.664944) can0 02294616#
(1788802234.665172) can0 05124616#00000000000030C6
(1788802234.688130) can0 04FF3604#0003000300C80100
(1788802234.696946) can0 03FF1000#0840112200000001
(1788802234.705947) can0 02FF2605#0000060907070002
(1788802234.707189) can0 03FF1001#0000000000000000
(1788802234.717946) can0 03FF1603#0000D03600000000
(1788802234.718947) can0 04FF3604#0003000300C80100
(1788802234.728179) can0 03FF1605#0100000000000000
(1788802234.734948) can0 02FF2604#0000000000000000
(1788802234.748129) can0 04FF3604#0004000300C80100
(1788802234.764950) can0 02FF2704#0200000000000000
(1788802234.778135) can0 04FF3604#0006000400C80100
(1788802234.794951) can0 0260B606#0100000000000000
(1788802234.801951) can0 03FF1000#0840112200000001
(1788802234.808136) can0 04FF3604#0005000300C80100
(1788802234.812183) can0 03FF1001#0000000000000000
(1788802234.822952) can0 03FF1603#0000D03600000000
(1788802234.825051) can0 02203607#0000000300000000
(1788802234.833197) can0 03FF1605#0100000000000000
(1788802234.838126) can0 04FF3604#0004000300C80100
(1788802234.868128) can0 04FF3604#0005000300C80100
(1788802234.884198) can0 05FF4610#0000D09CFFFFFFA3
(1788802234.888144) can0 04FF3602#0000000000000000
(1788802234.889956) can0 05FF4001#0000000000000000
(1788802234.891955) can0 05FF4000#0000000000000000
(1788802234.898956) can0 04FF3604#0003000300C80100
(1788802234.906959) can0 03FF1000#0840112200000001
(1788802234.917168) can0 03FF1001#0000000000000000
(1788802234.927959) can0 03FF1603#0000D03600000000
(1788802234.928957) can0 04FF3604#0005000300C80100
(1788802234.938178) can0 03FF1605#0100000000000000
(1788802234.958133) can0 04FF3604#0004000300C80100
(1788802234.971202) can0 05FF4602#07100C100C100C10
(1788802234.981187) can0 05FF4603#0C100A100D100E10
(1788802234.988146) can0 04FF3604#0002000300C80100
(1788802234.991192) can0 05FF4604#0B100C100F101010
(1788802235.001216) can0 05FF4605#0A10000000000000
(1788802235.011962) can0 03FF1000#0840112200000001
(1788802235.018136) can0 04FF3604#0004000300C80100
(1788802235.022182) can0 03FF1001#0000000000000000
(1788802235.031021) can0 05FF4606#1E1E1E
(1788802235.032962) can0 03FF1603#0000D03600000000
(1788802235.041022) can0 05FF4607#1E1D1E
(1788802235.043171) can0 03FF1605#0100000000000000
(1788802235.048137) can0 04FF3604#0007000300C80100
(1788802235.051063) can0 05FF4608#0019007C
(1788802235.061164) can0 05FF4609#030003CA03CA00
(1788802235.078165) can0 04FF3604#0007000300C80100
(1788802235.108140) can0 04FF3604#0005000300C80100
(1788802235.116967) can0 03FF1000#0840112200000001
(1788802235.127188) can0 03FF1001#0000000000000000
(1788802235.137968) can0 03FF1603#0000D03600000000
(1788802235.138968) can0 04FF3604#0003000300C80100
(1788802235.145211) can0 05FF4610#0000D09CFFFFFFA3
(1788802235.148165) can0 03FF1605#0100000000000000
(1788802235.158969) can0 03FF1600#142B000104001312
(1788802235.168127) can0 04FF3604#0004000300C80100
(1788802235.169166) can0 03FF1601#6E50000000000000
(1788802235.179971) can0 03FF1602#000005000000157C
(1788802235.190215) can0 03FF1604#0000000000000000
(1788802235.198134) can0 04FF3604#0003000300C80100
(1788802235.221975) can0 03FF1000#0840112200000001
(1788802235.228146) can0 04FF3604#0006000300C80100
(1788802235.232181) can0 03FF1001#0000000000000000
(1788802235.242974) can0 03FF1603#0000D03600000000
(1788802235.253160) can0 03FF1605#0100000000000000
(1788802235.258148) can0 04FF3604#0006000300C80100
(1788802235.274161) can0 05FF4600#0D0300900303
(1788802235.275975) can0 02181606#0100120001030200
(1788802235.288150) can0 04FF3604#0008000400C80100
(1788802235.305977) can0 02203606#0101000100010000
(1788802235.318127) can0 04FF3604#0004000300C80100
(1788802235.326979) can0 03FF1000#0840112200000001
(1788802235.335978) can0 02181608#0500000001000000
(1788802235.337221) can0 03FF1001#0000000000000000
(1788802235.347979) can0 03FF1603#0000D03600000000
(1788802235.348979) can0 04FF3604#0006000300C80100
(1788802235.358187) can0 03FF1605#0100000000000000
(1788802235.365980) can0 02181609#0000000000000000
(1788802235.368979) can0 03121606#0000000000000000
(1788802235.378132) can0 04FF3604#0005000300C80100
(1788802235.388147) can0 04FF3602#0000000000000000
(1788802235.395982) can0 02488600#0000000000000000
(1788802235.408124) can0 04FF3604#0003000300C80100
(1788802235.425043) can0 02294617#
(1788802235.426984) can0 05124617#0000000000000000
(1788802235.431983) can0 03FF1000#0840112200000001
(1788802235.433215) can0 05FF4610#0000D09EFFFFFFA3
(1788802235.438141) can0 04FF3604#0003000300C80100
(1788802235.442204) can0 03FF1001#0000000000000000
(1788802235.453007) can0 03FF1603#0000D03600000000
(1788802235.463187) can0 03FF1605#0100000000000000
(1788802235.468121) can0 04FF3604#0005000300C80100
(1788802235.498127) can0 04FF3604#0004000300C80100
(1788802235.528116) can0 04FF3604#0003000300C80100
(1788802235.536989) can0 03FF1000#0840112200000001
(1788802235.547186) can0 03FF1001#0000000000000000
(1788802235.557991) can0 03FF1603#0000D03600000000
(1788802235.558253) can0 04FF3604#0004000300C80100
(1788802235.568187) can0 03FF1605#0100000000000000
(1788802235.588137) can0 04FF3604#0006000300C80100
(1788802235.618132) can0 04FF3604#0006000300C80100
(1788802235.641995) can0 03FF1000#0840112200000001
(1788802235.648133) can0 04FF3604#0005000300C80100
(1788802235.652186) can0 03FF1001#0000000000000000
(1788802235.662996) can0 03FF1603#0000D03600000000
(1788802235.673227) can0 03FF1605#0100000000000000
(1788802235.678124) can0 04FF3604#0005000400C80100
(1788802235.695997) can0 05FF4610#0000D09EFFFFFFA3
(1788802235.708126) can0 04FF3604#0003000300C80100
(1788802235.716998) can0 02FF2605#0000060907070003
(1788802235.738139) can0 04FF3604#0005000300C80100
(1788802235.745999) can0 02FF2604#0000000000000000
(1788802235.746999) can0 03FF1000#0840112200000001
(1788802235.757198) can0 03FF1001#0000000000000000
(1788802235.768001) can0 03FF1603#0000D03600000000
(1788802235.768248) can0 04FF3604#0004000300C80100
(1788802235.776002) can0 02FF2704#0200000000000000
(1788802235.778210) can0 03FF1605#0100000000000000
(1788802235.798118) can0 04FF3604#0004000300C80100
(1788802235.807003) can0 0260B606#0100000000000000
(1788802235.828120) can0 04FF3604#0004000300C80100
(1788802235.836005) can0 02203607#0000000300000000
(1788802235.852005) can0 03FF1000#0840112200000001
(1788802235.858128) can0 04FF3604#0005000300C80100
(1788802235.862260) can0 03FF1001#0000000000000000
(1788802235.873006) can0 03FF1603#0000D03600000000
(1788802235.883197) can0 03FF1605#0100000000000000
(1788802235.888133) can0 04FF3602#0000000000000000
(1788802235.889007) can0 04FF3604#0004000300C80100
(1788802235.918127) can0 04FF3604#0004000300C80100
(1788802235.931013) can0 05FF4001#0000000000000000
(1788802235.933009) can0 05FF4000#0000000000000000
(1788802235.948126) can0 04FF3604#0005000300C80100
(1788802235.957011) can0 03FF1000#0840112200000001
(1788802235.967208) can0 03FF1001#0000000000000000
(1788802235.969011) can0 05FF4610#0000D09EFFFFFFA3
(1788802235.978012) can0 03FF1603#0000D03600000000
(1788802235.978263) can0 04FF3604#0004000300C80100
(1788802235.988209) can0 03FF1605#0100000000000000
(1788802236.008102) can0 04FF3604#0003000300C80100
(1788802236.013014) can0 05FF4602#07100C100D100C10
(1788802236.022269) can0 05FF4603#0D100A100D100E10
(1788802236.033015) can0 05FF4604#0B100C100F101010
(1788802236.036234) can0 02181606#0100120001030200
(1788802236.038118) can0 04FF3604#0005000300C80100
(1788802236.043015) can0 05FF4605#0A10000000000000
(1788802236.062019) can0 03FF1000#0840112200000001
(1788802236.068130) can0 04FF3604#0005000400C80100
(1788802236.072213) can0 03FF1001#0000000000000000
(1788802236.073016) can0 05FF4606#1E1E1E
(1788802236.082098) can0 05FF4607#1E1D1E
(1788802236.083017) can0 03FF1603#0000D03600000000
(1788802236.086063) can0 02203606#0101000100010000
(1788802236.092133) can0 05FF4608#0019007C
(1788802236.093202) can0 03FF1605#0100000000000000
(1788802236.098133) can0 04FF3604#0003000300C80100
(1788802236.102249) can0 05FF4609#030003CA03CA00
(1788802236.104017) can0 03121606#0000000000000000
(1788802236.116030) can0 02181608#0500000001000000
(1788802236.128142) can0 04FF3604#0004000300C80100
(1788802236.146020) can0 03FF1600#142B000104001312
(1788802236.147019) can0 02181609#0000000000000000
(1788802236.156183) can0 03FF1601#6E50000000000000
(1788802236.158097) can0 04FF3604#0003000300C80100
(1788802236.167021) can0 03FF1602#000005000000157C
(1788802236.177021) can0 02488600#0000000000000000
(1788802236.178022) can0 03FF1604#0000000000000000
(1788802236.188023) can0 03FF1000#0840112200000001
(1788802236.188263) can0 04FF3604#0005000300C80100
(1788802236.198232) can0 03FF1001#0000000000000000
(1788802236.206024) can0 02294618#
(1788802236.209023) can0 03FF1603#0000D03600000000
(1788802236.211023) can0 05124618#00000AA000
(1788802236.218117) can0 04FF3604#0009000300C80100
(1788802236.219208) can0 03FF1605#0100000000000000
(1788802236.236206) can0 02F82400#0700000000000000
(1788802236.248129) can0 04FF3604#0006000300C80100
(1788802236.254281) can0 05FF4610#0000D09CFFFFFFA3
(1788802236.266177) can0 02FF2602#886B947D30CE0943
(1788802236.272026) can0 03FF1000#0840112200000001
(1788802236.278120) can0 04FF3604#0005000300C80100
(1788802236.282224) can0 03FF1001#0000000000000000
(1788802236.293028) can0 03FF1603#0000D03600000000
(1788802236.303186) can0 03FF1605#0100000000000000
(1788802236.308110) can0 04FF3604#0003000300C80100
(1788802236.338111) can0 04FF3604#0004000300C80100
(1788802236.368125) can0 04FF3604#0004000300C80100
(1788802236.377032) can0 03FF1000#0840112200000001
(1788802236.387234) can0 03FF1001#0000000000000000
(1788802236.388128) can0 04FF3602#0000000000000000
(1788802236.398033) can0 03FF1603#0000D03600000000
(1788802236.398262) can0 04FF3604#0002000400C80100
(1788802236.408221) can0 03FF1605#0100000000000000
(1788802236.428129) can0 04FF3604#0005000300C80100
(1788802236.458130) can0 04FF3604#0005000300C80100
(1788802236.482038) can0 03FF1000#0840112200000001
(1788802236.488107) can0 04FF3604#0003000400C80100
(1788802236.492188) can0 03FF1001#0000000000000000
(1788802236.503039) can0 03FF1603#0000D03600000000
(1788802236.513220) can0 03FF1605#0100000000000000
(1788802236.518040) can0 05FF4610#0000D09CFFFFFFA9
(1788802236.518118) can0 04FF3604#0004000300C80100
(1788802236.548121) can0 04FF3604#0004000300C80100
(1788802236.578136) can0 04FF3604#0002000300C80100
(1788802236.587043) can0 03FF1000#0840112200000001
(1788802236.597205) can0 03FF1001#0000000000000000
(1788802236.608044) can0 03FF1603#0000D03600000000
(1788802236.608279) can0 04FF3604#0008000400C80100
(1788802236.618207) can0 03FF1605#0100000000000000
(1788802236.638115) can0 04FF3604#0005000300C80100
(1788802236.668117) can0 04FF3604#0005000300C80100
(1788802236.692049) can0 03FF1000#0840112200000001
(1788802236.698118) can0 04FF3604#0005000300C80100
(1788802236.702222) can0 03FF1001#0000000000000000
(1788802236.713050) can0 03FF1603#0000D03600000000
(1788802236.723212) can0 03FF1605#0100000000000000
(1788802236.727049) can0 02FF2605#0000060907070004
(1788802236.728119) can0 04FF3604#0004000300C80100
(1788802236.758098) can0 04FF3604#0003000300C80100
(1788802236.759052) can0 02FF2604#0000000000000000
(1788802236.779054) can0 05FF4610#0000D09CFFFFFFA9
(1788802236.787056) can0 02FF2704#0200000000000000
(1788802236.788123) can0 04FF3604#0005000300C80100
(1788802236.797053) can0 03FF1000#0840112200000001
(1788802236.807216) can0 03FF1001#0000000000000000
(1788802236.818055) can0 03FF1603#0000D03600000000
(1788802236.818283) can0 04FF3604#0003000300C80100
(1788802236.828194) can0 03FF1605#0100000000000000
(1788802236.848125) can0 04FF3604#0006000300C80100
(1788802236.878104) can0 04FF3604#0004000300C80100
(1788802236.888132) can0 04FF3602#0000000000000000
(1788802236.902062) can0 03FF1000#0840112200000001
(1788802236.908108) can0 04FF3604#0004000300C80100
(1788802236.912224) can0 03FF1001#0000000000000000
(1788802236.923061) can0 03FF1603#0000D03600000000
(1788802236.933207) can0 03FF1605#0100000000000000
(1788802236.938108) can0 04FF3604#0004000300C80100
(1788802236.947062) can0 0260B606#0100000000000000
(1788802236.968110) can0 04FF3604#0003000300C80100
(1788802236.977063) can0 02203607#0000000300000000
(1788802236.984063) can0 05FF4001#0000000000000000
(1788802236.986063) can0 05FF4000#0000000000000000
(1788802236.998134) can0 04FF3604#0006000300C80100
(1788802237.007066) can0 03FF1000#0840112200000001
(1788802237.007328) can0 02181606#0100120001030200
(1788802237.017216) can0 03FF1001#0000000000000000
(1788802237.028066) can0 03FF1603#0000D03600000000
(1788802237.028243) can0 04FF3604#0004000300C80100
(1788802237.038228) can0 03FF1605#0100000000000000
(1788802237.039066) can0 02203606#0101000100010000
(1788802237.058104) can0 04FF3604#0003000300C80100
(1788802237.065070) can0 05FF4610#0000D09CFFFFFFA9
(1788802237.065343) can0 05FF4602#07100C100D100C10
(1788802237.076068) can0 05FF4603#0C1009100D100E10
(1788802237.086069) can0 05FF4604#0B100C100F101010
(1788802237.087318) can0 02181608#0500000001000000
(1788802237.088114) can0 04FF3604#0003000300C80100
(1788802237.096070) can0 05FF4605#0A10000000000000
(1788802237.112071) can0 03FF1000#0840112200000001
(1788802237.118101) can0 04FF3604#0004000300C80100
(1788802237.121070) can0 02181609#0000000000000000
(1788802237.122209) can0 03FF1001#0000000000000000
(1788802237.125140) can0 05FF4606#1E1E1E
(1788802237.133071) can0 03FF1603#0000D03600000000
(1788802237.136141) can0 05FF4607#1E1D1E
(1788802237.143222) can0 03FF1605#0100000000000000
(1788802237.147071) can0 02488600#0000000000000000
(1788802237.148071) can0 05FF4608#0019007C
(1788802237.148127) can0 04FF3604#0002000300C80100
(1788802237.154072) can0 03121606#0000000000000000
(1788802237.157315) can0 05FF4609#030003CA03CA00
(1788802237.164173) can0 03FF1600#142B000104001312
(1788802237.175074) can0 03FF1601#6E50000000000000
(1788802237.177073) can0 02498601#
(1788802237.178107) can0 04FF3604#0003000300C80100
(1788802237.185212) can0 03FF1602#000005000000157C
(1788802237.196075) can0 03FF1604#0000000000000000
(1788802237.208122) can0 04FF3604#0003000300C80100
(1788802237.217076) can0 03FF1000#0840112200000001
(1788802237.227221) can0 03FF1001#0000000000000000
(1788802237.238077) can0 03FF1603#0000D03600000000
(1788802237.238281) can0 04FF3604#0003000300C80100
(1788802237.248216) can0 03FF1605#0100000000000000
(1788802237.268131) can0 04FF3604#0004000400C80100
(1788802237.298126) can0 04FF3604#0005000300C80100
(1788802237.322081) can0 03FF1000#0840112200000001
(1788802237.328115) can0 04FF3604#0005000300C80100
(1788802237.332231) can0 03FF1001#0000000000000000
(1788802237.343082) can0 03FF1603#0000D03600000000
(1788802237.353244) can0 03FF1605#0100000000000000
(1788802237.355082) can0 05FF4610#0000D099FFFFFF9E
(1788802237.358100) can0 04FF3604#0004000300C80100
(1788802237.388131) can0 04FF3602#0000000000000000
(1788802237.389089) can0 04FF3604#0005000300C80100
(1788802237.418125) can0 04FF3604#0006000300C80100
(1788802237.427089) can0 03FF1000#0840112200000001
(1788802237.437261) can0 03FF1001#0000000000000000
(1788802237.448088) can0 03FF1603#0000D03600000000
(1788802237.448281) can0 04FF3604#0005000300C80100
(1788802237.458227) can0 03FF1605#0100000000000000
(1788802237.478112) can0 04FF3604#0004000300C80100
(1788802237.508114) can0 04FF3604#0005000300C80100
(1788802237.532093) can0 03FF1000#0840112200000001
(1788802237.538116) can0 04FF3604#0004000300C80100
(1788802237.542220) can0 03FF1001#0000000000000000
(1788802237.553093) can0 03FF1603#0000D03600000000
(1788802237.558093) can0 02181606#0100130001030200
(1788802237.563231) can0 03FF1605#0100000000000000
(1788802237.568128) can0 04FF3604#0004000300C80100
(1788802237.588095) can0 02203606#0101000100010000
(1788802237.598107) can0 04FF3604#0007000300C80100
(1788802237.616097) can0 05FF4610#0000D099FFFFFF9E
(1788802237.618095) can0 02181608#0500000001000000
(1788802237.628120) can0 04FF3604#0003000300C80100
(1788802237.637098) can0 03FF1000#0840112200000001
(1788802237.647225) can0 03FF1001#0000000000000000
(1788802237.648097) can0 02181609#0000000000000000
(1788802237.658099) can0 03FF1603#0000D03600000000
(1788802237.658298) can0 04FF3604#0006000400C80100
(1788802237.668296) can0 03FF1605#0100000000000000
(1788802237.678099) can0 02488600#0000000000000000
(1788802237.679100) can0 03121606#0100000000000000
(1788802237.688123) can0 04FF3604#0004000400C80100
(1788802237.707286) can0 02498602#
(1788802237.718113) can0 04FF3604#0007000300C80100
(1788802237.739103) can0 02FF2605#0000060907070005
(1788802237.742102) can0 03FF1000#0840112200000001
(1788802237.748103) can0 04FF3604#0004000300C80100
(1788802237.752242) can0 03FF1001#0000000000000000
(1788802237.763104) can0 03FF1603#0000D03600000000
(1788802237.768104) can0 02FF2604#0000000000000000
(1788802237.773265) can0 03FF1605#0100000000000000
(1788802237.778104) can0 04FF3604#0005000300C80100
(1788802237.798106) can0 02FF2704#0200000000000000
(1788802237.808118) can0 04FF3604#0006000300C80100
(1788802237.828234) can0 0260B606#0100000000000000
(1788802237.838108) can0 04FF3604#0005000300C80100
(1788802237.847108) can0 03FF1000#0840112200000001
(1788802237.857231) can0 03FF1001#0000000000000000
(1788802237.858108) can0 02203607#0000000300000000
(1788802237.868109) can0 03FF1603#0000D03600000000
(1788802237.868302) can0 04FF3604#0002000300C80100
(1788802237.878220) can0 03FF1605#0100000000000000
(1788802237.888110) can0 04FF3602#0000000000000000
(1788802237.889110) can0 05FF4610#0000D099FFFFFF9E
(1788802237.898115) can0 04FF3604#0005000300C80100
(1788802237.928116) can0 04FF3604#0005000300C80100
(1788802237.952117) can0 03FF1000#0840112200000001
(1788802237.958115) can0 04FF3604#0006000300C80100
(1788802237.962264) can0 03FF1001#0000000000000000
(1788802237.973114) can0 03FF1603#0000D03600000000
(1788802237.983253) can0 03FF1605#0100000000000000
(1788802237.988116) can0 04FF3604#0004000300C80100
(1788802238.018117) can0 04FF3604#0006000300C80100
(1788802238.026118) can0 05FF4001#0000000000000000
(1788802238.028117) can0 05FF4000#0000000000000000
(1788802238.048118) can0 04FF3604#0003000300C80100
(1788802238.057122) can0 03FF1000#0840112200000001
(1788802238.067239) can0 03FF1001#0000000000000000
(1788802238.078122) can0 03FF1603#0000D03600000000
(1788802238.078302) can0 04FF3604#0004000300C80100
(1788802238.088260) can0 03FF1605#0100000000000000
(1788802238.108121) can0 05FF4602#06100C100D100C10
(1788802238.108177) can0 04FF3604#0003000300C80100
(1788802238.118122) can0 05FF4603#0C1009100D100D10
(1788802238.128122) can0 05FF4604#0B100C100F101010
(1788802238.138123) can0 05FF4605#0910000000000000
(1788802238.138178) can0 04FF3604#0004000300C80100
(1788802238.150124) can0 05FF4610#0000D099FFFFFF9E
(1788802238.162125) can0 03FF1000#0840112200000001
(1788802238.167297) can0 05FF4606#1E1E1E
(1788802238.168124) can0 04FF3604#0005000300C80100
(1788802238.172240) can0 03FF1001#0000000000000000
(1788802238.177287) can0 05FF4607#1E1D1E
(1788802238.183125) can0 03FF1600#142B000104001313
(1788802238.187345) can0 05FF4608#0019007C
(1788802238.193229) can0 03FF1601#6E50000000000000
(1788802238.198126) can0 05FF4609#030003CA03CA00
(1788802238.198176) can0 04FF3604#0005000300C80100
(1788802238.204126) can0 03FF1602#000005000000157C
(1788802238.214208) can0 03FF1603#0000D03600000000
(1788802238.225127) can0 03FF1604#0000000000000000
(1788802238.228127) can0 04FF3604#0004000300C80100
(1788802238.235233) can0 03FF1605#0100000000000000
(1788802238.258129) can0 04FF3604#0003000300C80100
(1788802238.267130) can0 03FF1000#0840112200000001
(1788802238.277253) can0 03FF1001#0000000000000000
(1788802238.288131) can0 03FF1603#0000D03600000000
(1788802238.288312) can0 04FF3604#0003000300C80100
(1788802238.298247) can0 03FF1605#0100000000000000
(1788802238.318133) can0 04FF3604#0005000300C80100
(1788802238.319132) can0 02181606#0100130001030200
(1788802238.348134) can0 04FF3604#0006000300C80100
(1788802238.349133) can0 02203606#0101000100010000
(1788802238.372134) can0 03FF1000#0840112200000001
(1788802238.378135) can0 04FF3604#0005000300C80100
(1788802238.379135) can0 02181608#0500000001000000
(1788802238.382251) can0 03FF1001#0000000000000000
(1788802238.388135) can0 04FF3602#0000000000000000
(1788802238.393136) can0 03FF1603#0000D03600000000
(1788802238.403257) can0 03FF1605#0100000000000000
(1788802238.408141) can0 04FF3604#0006000300C80100
(1788802238.409139) can0 02181609#0000000000000000
(1788802238.414137) can0 03121606#0000000000000000
(1788802238.438140) can0 05FF4610#0000D09CFFFFFF9E
(1788802238.438195) can0 04FF3604#0005000300C80100
(1788802238.439138) can0 02488600#0000000000000000
(1788802238.468139) can0 04FF3604#0004000300C80100
(1788802238.468380) can0 02294500#
(1788802238.469267) can0 05124500#0500
(1788802238.477141) can0 03FF1000#0840112200000001
(1788802238.487269) can0 03FF1001#0000000000000000
(1788802238.498142) can0 03FF1603#0000D03600000000
(1788802238.498312) can0 04FF3604#0005000300C80100
(1788802238.508242) can0 03FF1605#0100000000000000
(1788802238.528143) can0 04FF3604#0005000300C80100
(1788802238.558145) can0 04FF3604#0004000400C80100
(1788802238.582146) can0 03FF1000#0840112200000001
(1788802238.588146) can0 04FF3604#0004000300C80100
(1788802238.592262) can0 03FF1001#0000000000000000
(1788802238.603147) can0 03FF1603#0000D03600000000
(1788802238.613240) can0 03FF1605#0100000000000000
(1788802238.618148) can0 04FF3604#0006000300C80100
(1788802238.648150) can0 04FF3604#0006000300C80100
(1788802238.678151) can0 04FF3604#0003000300C80100
(1788802238.687152) can0 03FF1000#0840112200000001
(1788802238.697275) can0 03FF1001#0000000000000000
(1788802238.699151) can0 05FF4610#0000D09CFFFFFF9E
(1788802238.708151) can0 03FF1603#0000D03600000000
(1788802238.708334) can0 04FF3604#0004000300C80100
(1788802238.718269) can0 03FF1605#0100000000000000
(1788802238.738154) can0 04FF3604#0004000300C80100
(1788802238.749154) can0 02FF2605#0000060907070006
(1788802238.768156) can0 04FF3604#0005000300C80100
(1788802238.779156) can0 02FF2604#0000000000000000
(1788802238.792157) can0 03FF1000#0840112200000001
(1788802238.798157) can0 04FF3604#0004000300C80100
(1788802238.802261) can0 03FF1001#0000000000000000
(1788802238.809157) can0 02FF2704#0200000000000000
(1788802238.813157) can0 03FF1603#0000D03600000000
(1788802238.823286) can0 03FF1605#0100000000000000
(1788802238.828158) can0 04FF3604#0004000400C80100
(1788802238.839159) can0 0260B606#0100000000000000
(1788802238.858160) can0 04FF3604#0004000300C80100
(1788802238.869161) can0 02203607#0000000300000000
(1788802238.888162) can0 04FF3602#0000000000000000
(1788802238.889161) can0 04FF3604#0005000300C80100
(1788802238.897162) can0 03FF1000#0840112200000001
(1788802238.907261) can0 03FF1001#0000000000000000
(1788802238.918166) can0 03FF1603#0000D03600000000
(1788802238.918317) can0 04FF3604#0004000300C80100
(1788802238.928245) can0 03FF1605#0100000000000000
(1788802238.948165) can0 04FF3604#0003000300C80100
(1788802238.972166) can0 05FF4610#0000D09CFFFFFF9E
(1788802238.978166) can0 04FF3604#0004000300C80100
(1788802239.002168) can0 03FF1000#0840112200000001
(1788802239.008168) can0 04FF3604#0004000300C80100
(1788802239.012272) can0 03FF1001#0000000000000000
(1788802239.023169) can0 03FF1603#0000D03600000000
(1788802239.033261) can0 03FF1605#0100000000000000
(1788802239.038169) can0 04FF3604#0006000300C80100
(1788802239.066174) can0 05FF4001#0000000000000000
(1788802239.068173) can0 05FF4000#0000000000000000
(1788802239.068228) can0 04FF3604#0006000300C80100
(1788802239.098173) can0 04FF3604#0003000300C80100
(1788802239.099172) can0 02181606#0100130001030200
(1788802239.107173) can0 03FF1000#0840112200000001
(1788802239.117277) can0 03FF1001#0000000000000000
(1788802239.128175) can0 03FF1603#0000D03600000000
(1788802239.128344) can0 04FF3604#0006000300C80100
(1788802239.129173) can0 02203606#0101000100010000
(1788802239.138267) can0 03FF1605#0100000000000000
(1788802239.148176) can0 05FF4602#06100C100D100C10
(1788802239.158175) can0 05FF4603#0C100A100D100E10
(1788802239.158237) can0 04FF3604#0005000300C80100
(1788802239.159175) can0 02181608#0500000001000000
(1788802239.168176) can0 05FF4604#0B100C100F101010
(1788802239.170175) can0 03FF1600#142B000104001313
(1788802239.178177) can0 05FF4605#0A10000000000000
(1788802239.180245) can0 03FF1601#6E50000000000000
(1788802239.188177) can0 04FF3604#0004000300C80100
(1788802239.189176) can0 02181609#0000000000000000
(1788802239.191176) can0 03FF1602#000005000000157C
(1788802239.201270) can0 03FF1604#0000000000000000
(1788802239.207351) can0 05FF4606#1E1E1E
(1788802239.212178) can0 03FF1000#0840112200000001
(1788802239.217358) can0 05FF4607#1E1D1E
(1788802239.218179) can0 04FF3604#0006000300C80100
(1788802239.222178) can0 02488600#0000000000000000
(1788802239.222291) can0 03FF1001#0000000000000000
(1788802239.233179) can0 03FF1603#0000D03600000000
(1788802239.243272) can0 03FF1605#0100000000000000
(1788802239.248180) can0 04FF3604#0004000300C80100
(1788802239.249179) can0 02294501#
(1788802239.251179) can0 05124501#0103
(1788802239.253180) can0 05FF4608#0019007C
(1788802239.254180) can0 03121606#0000000000000000
(1788802239.258180) can0 05FF4610#0000D09AFFFFFF9E
(1788802239.263181) can0 05FF4609#030003CA03CA00
(1788802239.278182) can0 04FF3604#0002000300C80100
(1788802239.308183) can0 04FF3604#0005000300C80100
(1788802239.317184) can0 03FF1000#0840112200000001
(1788802239.327277) can0 03FF1001#0000000000000000
(1788802239.338185) can0 03FF1603#0000D03600000000
(1788802239.338344) can0 04FF3604#0005000300C80100
(1788802239.348289) can0 03FF1605#0100000000000000
(1788802239.368186) can0 04FF3604#0004000300C80100
(1788802239.388187) can0 04FF3400#0000022300000000
(1788802239.389187) can0 04FF3602#0000000000000000
(1788802239.398188) can0 04FF3604#0003000300C80100
(1788802239.422195) can0 03FF1000#0840112200000001
(1788802239.428193) can0 04FF3604#0005000300C80100
(1788802239.432271) can0 03FF1001#0000000000000000
(1788802239.443191) can0 03FF1603#0000D03600000000
(1788802239.453261) can0 03FF1605#0100000000000000
(1788802239.458190) can0 04FF3604#0005000300C80100
(1788802239.488192) can0 04FF3604#0004000300C80100
(1788802239.518193) can0 04FF3604#0005000300C80100
(1788802239.521194) can0 05FF4610#0000D09AFFFFFFA3
(1788802239.527194) can0 03FF1000#0840112200000001
(1788802239.537299) can0 03FF1001#0000000000000000
(1788802239.548195) can0 03FF1603#0000D03600000000
(1788802239.548326) can0 04FF3604#0005000300C80100
(1788802239.558265) can0 03FF1605#0100000000000000
(1788802239.578197) can0 04FF3604#0002000300C80100
(1788802239.608199) can0 04FF3604#0006000300C80100
(1788802239.632201) can0 03FF1000#0840112200000001
(1788802239.638201) can0 04FF3604#0004000300C80100
(1788802239.642281) can0 03FF1001#0000000000000000
(1788802239.653201) can0 03FF1603#0000D03600000000
(1788802239.663266) can0 03FF1605#0100000000000000
(1788802239.668201) can0 04FF3604#0004000300C80100
(1788802239.698204) can0 04FF3604#0003000300C80100
(1788802239.728203) can0 04FF3604#0005000400C80100
(1788802239.737204) can0 03FF1000#0840112200000001
(1788802239.747275) can0 03FF1001#0000000000000000
(1788802239.758206) can0 03FF1603#0000D03600000000
(1788802239.758330) can0 04FF3604#0003000300C80100
(1788802239.760206) can0 02FF2605#0000060907070007
(1788802239.768288) can0 03FF1605#0100000000000000
(1788802239.782209) can0 05FF4610#0000D09AFFFFFFA3
(1788802239.788208) can0 04FF3604#0005000300C80100
(1788802239.790207) can0 02FF2604#0000000000000000
(1788802239.818210) can0 04FF3604#0005000300C80100
(1788802239.820210) can0 02FF2704#0200000000000000
(1788802239.842210) can0 03FF1000#0840112200000001
(1788802239.848211) can0 04FF3604#0004000300C80100
(1788802239.850210) can0 0260B606#0100000000000000
(1788802239.852291) can0 03FF1001#0000000000000000
(1788802239.863211) can0 03FF1603#0000D03600000000
(1788802239.873270) can0 03FF1605#0100000000000000
(1788802239.878213) can0 04FF3604#0005000300C80100
(1788802239.888213) can0 04FF3602#0000000000000000
(1788802239.900214) can0 02203607#0000000300000000
(1788802239.908220) can0 04FF3604#0005000400C80100
(1788802239.930218) can0 02181606#0100130001030200
(1788802239.938216) can0 04FF3604#0002000300C80100
(1788802239.947217) can0 03FF1000#0840112200000001
(1788802239.957285) can0 03FF1001#0000000000000000
(1788802239.960216) can0 02203606#0101000100010000
(1788802239.968217) can0 03FF1603#0000D03600000000
(1788802239.968341) can0 04FF3604#0004000300C80100
(1788802239.978264) can0 03FF1605#0100000000000000
(1788802239.989218) can0 03121606#0000000000000000
(1788802239.990403) can0 02181608#0500000001000000
(1788802239.998219) can0 04FF3604#0003000300C80100
(1788802240.020220) can0 02181609#0000000000000000
(1788802240.028221) can0 04FF3604#0006000300C80100
(1788802240.050222) can0 02488600#0000000000000000
(1788802240.052221) can0 03FF1000#0840112200000001
(1788802240.055222) can0 05FF4610#0000D09AFFFFFFA3
(1788802240.058225) can0 04FF3604#0006000300C80100
(1788802240.062282) can0 03FF1001#0000000000000000
(1788802240.073222) can0 03FF1603#0000D03600000000
(1788802240.083292) can0 03FF1605#0100000000000000
(1788802240.088223) can0 04FF3604#0004000300C80100
(1788802240.100225) can0 02191500#
(1788802240.106224) can0 05FF4001#0000000000000000
(1788802240.108223) can0 05FF4000#0000000000000000
(1788802240.115224) can0 03FF1500#000000C300000000
(1788802240.118224) can0 04FF3604#0005000300C80100
(1788802240.148226) can0 04FF3604#0005000300C80100
(1788802240.157227) can0 03FF1000#0840112200000001
(1788802240.167274) can0 03FF1001#0000000000000000
(1788802240.178228) can0 03FF1603#0000D03600000000
(1788802240.178352) can0 04FF3604#0005000300C80100
(1788802240.188228) can0 05FF4602#06100C100D100C10
(1788802240.188295) can0 03FF1605#0100000000000000
(1788802240.198229) can0 05FF4603#0C1009100D100E10
(1788802240.199228) can0 03FF1600#142B000104001313
(1788802240.208230) can0 05FF4604#0B100C100F101010
(1788802240.208284) can0 04FF3604#0005000300C80100
(1788802240.209298) can0 03FF1601#6E50000000000000
(1788802240.218230) can0 05FF4605#0910000000000000
(1788802240.220229) can0 03FF1602#000005000000157C
(1788802240.230288) can0 03FF1604#0000000000000000
(1788802240.238231) can0 04FF3604#0004000300C80100
(1788802240.262232) can0 03FF1000#0840112200000001
(1788802240.268233) can0 04FF3604#0005000300C80100
(1788802240.272255) can0 03FF1001#0000000000000000
(1788802240.273232) can0 05FF4606#1E1E1E
(1788802240.283234) can0 05FF4607#1E1D1E
(1788802240.283300) can0 03FF1603#0000D03600000000
(1788802240.293238) can0 05FF4608#0019007C
(1788802240.293302) can0 03FF1605#0100000000000000
(1788802240.298234) can0 04FF3604#0003000300C80100
(1788802240.303233) can0 05FF4609#030003CA03CA00
(1788802240.328235) can0 04FF3604#0004000300C80100
(1788802240.341236) can0 05FF4610#0000D09BFFFFFFA3
(1788802240.358236) can0 04FF3604#0003000300C80100
(1788802240.367238) can0 03FF1000#0840112200000001
(1788802240.377295) can0 03FF1001#0000000000000000
(1788802240.388238) can0 03FF1603#0000D03600000000
(1788802240.388358) can0 04FF3602#0000000000000000
(1788802240.389238) can0 04FF3604#0005000300C80100
(1788802240.398286) can0 03FF1605#0100000000000000
(1788802240.418243) can0 04FF3604#0004000300C80100
(1788802240.438246) can0 05FF4400#00000003
(1788802240.448244) can0 04FF3604#0005000300C80100
(1788802240.472244) can0 03FF1000#0840112200000001
(1788802240.478244) can0 04FF3604#0005000300C80100
(1788802240.482278) can0 03FF1001#0000000000000000
(1788802240.490243) can0 05FF4600#0D0300900303
(1788802240.493244) can0 03FF1603#0000D03600000000
(1788802240.503279) can0 03FF1605#0100000000000000
(1788802240.508245) can0 04FF3604#0005000300C80100
(1788802240.538246) can0 05FF4601#007300000000
(1788802240.538301) can0 04FF3604#0006000300C80100
(1788802240.568249) can0 04FF3604#0005000300C80100
(1788802240.577248) can0 03FF1000#0840112200000001
(1788802240.587283) can0 03FF1001#0000000000000000
(1788802240.598250) can0 03FF1603#0000D03600000000
(1788802240.598351) can0 04FF3604#0004000300C80100
(1788802240.605250) can0 05FF4610#0000D09BFFFFFFA3
(1788802240.608296) can0 03FF1605#0100000000000000
(1788802240.620459) can0 02181606#0100130001030200
(1788802240.628250) can0 04FF3604#0003000300C80100
(1788802240.650456) can0 02203606#0101000100010000
(1788802240.658253) can0 04FF3604#0004000300C80100
(1788802240.680497) can0 02181608#0500000001000000
(1788802240.682254) can0 03FF1000#0840112200000001
(1788802240.688253) can0 04FF3604#0005000400C80100
(1788802240.692311) can0 03FF1001#0000000000000000
(1788802240.703255) can0 03FF1603#0000D03600000000
(1788802240.711256) can0 02181609#0000000000000000
(1788802240.713301) can0 03FF1605#0100000000000000
(1788802240.718256) can0 04FF3604#0004000300C80100
(1788802240.724255) can0 03121606#0000000000000000
(1788802240.741256) can0 02488600#0000000000000000
(1788802240.748257) can0 04FF3604#0005000300C80100
(1788802240.770340) can0 02191501#
(1788802240.778259) can0 04FF3604#0003000300C80100
(1788802240.787259) can0 03FF1000#0840112200000001
(1788802240.797290) can0 03FF1001#0000000000000000
(1788802240.801259) can0 02FF2605#0000060907070008
(1788802240.808261) can0 03FF1501#0000004A00000000
(1788802240.808384) can0 04FF3604#0004000400C80100
(1788802240.818284) can0 03FF1603#0000D03600000000
(1788802240.829262) can0 03FF1605#0100000000000000
(1788802240.831261) can0 02FF2604#0000000000000000
(1788802240.838261) can0 04FF3604#0004000300C80100
(1788802240.861263) can0 02FF2704#0200000000000000
(1788802240.866263) can0 05FF4610#0000D09BFFFFFFA3
(1788802240.868263) can0 04FF3604#0004000300C80100
(1788802240.888264) can0 04FF3602#0000000000000000
(1788802240.891264) can0 0260B606#0100000000000000
(1788802240.892264) can0 03FF1000#0840112200000001
(1788802240.898264) can0 04FF3604#0005000400C80100
(1788802240.902299) can0 03FF1001#0000000000000000
(1788802240.913269) can0 03FF1603#0000D03600000000
(1788802240.921268) can0 02203607#0000000300000000
(1788802240.923340) can0 03FF1605#0100000000000000
(1788802240.928269) can0 04FF3604#0006000300C80100
(1788802240.958269) can0 04FF3604#0004000300C80100
(1788802240.988270) can0 04FF3604#0005000300C80100
(1788802240.997270) can0 03FF1000#0840112200000001
(1788802241.007318) can0 03FF1001#0000000000000000
(1788802241.018271) can0 03FF1603#0000D03600000000
(1788802241.018362) can0 04FF3604#0003000300C80100
(1788802241.028341) can0 03FF1605#0100000000000000
(1788802241.048273) can0 04FF3604#0005000300C80100
(1788802241.078278) can0 04FF3604#0006000300C80100
(1788802241.102279) can0 03FF1000#0840112200000001
(1788802241.108275) can0 04FF3604#0005000300C80100
(1788802241.112310) can0 03FF1001#0000000000000000
(1788802241.123276) can0 03FF1603#0000D03600000000
(1788802241.133313) can0 03FF1605#0100000000000000
(1788802241.138277) can0 04FF3604#0004000300C80100
(1788802241.139277) can0 05FF4610#0000D09BFFFFFFA3
(1788802241.147278) can0 05FF4001#0000000000000000
(1788802241.149277) can0 05FF4000#0000000000000000
(1788802241.168278) can0 04FF3604#0004000300C80100
(1788802241.186280) can0 03FF1600#142B000104001313
(1788802241.196292) can0 03FF1601#6E50000000000000
(1788802241.198280) can0 04FF3604#0003000400C80100
(1788802241.207281) can0 03FF1602#000005000000157C
(1788802241.217304) can0 03FF1604#0000000000000000
(1788802241.228283) can0 03FF1000#0840112200000001
(1788802241.228349) can0 04FF3604#0004000400C80100
(1788802241.229281) can0 05FF4602#06100C100D100C10
(1788802241.238318) can0 03FF1001#0000000000000000
(1788802241.239282) can0 05FF4603#0C1009100D100E10
(1788802241.249282) can0 03FF1603#0000D03600000000
(1788802241.258284) can0 04FF3604#0004000300C80100
(1788802241.259306) can0 03FF1605#0100000000000000
(1788802241.275285) can0 05FF4604#0B100C100F101010
(1788802241.285285) can0 05FF4605#0910000000000000
(1788802241.288285) can0 04FF3604#0004000400C80100
(1788802241.312286) can0 03FF1000#0840112200000001
(1788802241.315286) can0 05FF4606#1E1E1E
(1788802241.318286) can0 04FF3604#0004000300C80100
(1788802241.322287) can0 03FF1001#0000000000000000
(1788802241.325287) can0 05FF4607#1E1D1E
(1788802241.333288) can0 03FF1603#0000D03600000000
(1788802241.335287) can0 05FF4608#0019007C
(1788802241.343310) can0 03FF1605#0100000000000000
(1788802241.345287) can0 05FF4609#030003CA03CA00
(1788802241.348288) can0 04FF3604#0005000400C80100
(1788802241.378290) can0 04FF3604#0005000300C80100
(1788802241.382289) can0 02181606#0100130001030200
(1788802241.388290) can0 04FF3602#0000000000000000
(1788802241.408292) can0 04FF3604#0005000300C80100
(1788802241.411294) can0 02203606#0101000100010000
(1788802241.417294) can0 03FF1000#0840112200000001
(1788802241.427316) can0 03FF1001#0000000000000000
(1788802241.428297) can0 05FF4610#0000D09CFFFFFFA9
(1788802241.438295) can0 03FF1603#0000D03600000000
(1788802241.438383) can0 04FF3604#0004000300C80100
(1788802241.441292) can0 02181608#0500000001000000
(1788802241.448340) can0 03FF1605#0100000000000000
(1788802241.459293) can0 03121606#0000000000000000
(1788802241.468294) can0 04FF3604#0003000300C80100
(1788802241.471294) can0 02181609#0000000000000000
(1788802241.498297) can0 04FF3604#0005000300C80100
(1788802241.501411) can0 02488600#0000000000000000
(1788802241.522297) can0 03FF1000#0840112200000001
(1788802241.528297) can0 04FF3604#0005000400C80100
(1788802241.531302) can0 02213500#
(1788802241.532321) can0 03FF1001#0000000000000000
(1788802241.538298) can0 04F93500#000000EB00000000
(1788802241.543298) can0 03FF1603#0000D03600000000
(1788802241.553321) can0 03FF1605#0100000000000000
(1788802241.558299) can0 04FF3604#0006000300C80100
(1788802241.588301) can0 04FF3604#0004000300C80100
(1788802241.618302) can0 04FF3604#0003000300C80100
(1788802241.627303) can0 03FF1000#0840112200000001
(1788802241.637303) can0 03FF1001#0000000000000000
(1788802241.648304) can0 03FF1603#0000D03600000000
(1788802241.648381) can0 04FF3604#0005000300C80100
(1788802241.658323) can0 03FF1605#0100000000000000
(1788802241.678306) can0 04FF3604#0003000300C80100
(1788802241.690306) can0 05FF4610#0000D09CFFFFFFA9
(1788802241.708307) can0 04FF3604#0004000300C80100
(1788802241.732309) can0 03FF1000#0840112200000001
(1788802241.738308) can0 04FF3604#0007000300C80100
(1788802241.742308) can0 03FF1001#0000000000000000
(1788802241.753309) can0 03FF1603#0000D03600000000
(1788802241.763328) can0 03FF1605#0100000000000000
(1788802241.768309) can0 04FF3604#0003000300C80100
(1788802241.781564) can0 02FF2605#0000060907070009
(1788802241.798311) can0 04FF3604#0005000300C80100
(1788802241.812311) can0 02FF2604#0000000000000000
(1788802241.828313) can0 04FF3604#0004000300C80100
(1788802241.837313) can0 03FF1000#0840112200000001
(1788802241.842314) can0 02FF2704#0200000000000000
(1788802241.847325) can0 03FF1001#0000000000000000
(1788802241.858314) can0 03FF1603#0000D03600000000
(1788802241.858392) can0 04FF3604#0006000300C80100
(1788802241.868326) can0 03FF1605#0100000000000000
(1788802241.872314) can0 0260B606#0100000000000000
(1788802241.888316) can0 04FF3602#0000000000000000
(1788802241.889315) can0 04FF3604#0004000300C80100
(1788802241.902317) can0 02203607#0000000300000000
(1788802241.918321) can0 04FF3604#0006000400C80100
(1788802241.942321) can0 03FF1000#0840112200000001
(1788802241.948324) can0 04FF3604#0003000300C80100
(1788802241.952334) can0 03FF1001#0000000000000000
(1788802241.963320) can0 03FF1603#0000D03600000000
(1788802241.964329) can0 05FF4610#0000D09CFFFFFFA9
(1788802241.973321) can0 03FF1605#0100000000000000
(1788802241.978320) can0 04FF3604#0004000300C80100
(1788802242.008322) can0 04FF3604#0005000300C80100
(1788802242.038326) can0 04FF3604#0007000300C80100
(1788802242.047325) can0 03FF1000#0840112200000001
(1788802242.057383) can0 03FF1001#0000000000000000
(1788802242.068328) can0 03FF1603#0000D03600000000
(1788802242.068407) can0 04FF3604#0005000300C80100
(1788802242.078349) can0 03FF1605#0100000000000000
(1788802242.098328) can0 04FF3604#0007000300C80100
(1788802242.128329) can0 04FF3604#0005000300C80100
(1788802242.142329) can0 02181606#0100130001030200
(1788802242.152329) can0 03FF1000#0840112200000001
(1788802242.158330) can0 04FF3604#0003000300C80100
(1788802242.162330) can0 03FF1001#0000000000000000
(1788802242.173330) can0 03FF1603#0000D03600000000
(1788802242.174330) can0 02203606#0101000100010000
(1788802242.183331) can0 03FF1605#0100000000000000
(1788802242.188331) can0 04FF3604#0004000300C80100
(1788802242.191331) can0 05FF4001#0000000000000000
(1788802242.193331) can0 05FF4000#0000000000000000
(1788802242.194331) can0 03FF1600#142B000104001313
(1788802242.202332) can0 02181608#0500000001000000
(1788802242.204332) can0 03FF1601#6E50000000000000
(1788802242.215333) can0 03FF1602#000005000000157C
(1788802242.218332) can0 04FF3604#0006000300C80100
(1788802242.225340) can0 03FF1604#0000000000000000
(1788802242.226333) can0 05FF4610#0000D09CFFFFFFA9
(1788802242.233333) can0 02181609#0000000000000000
(1788802242.248334) can0 04FF3604#0004000300C80100
(1788802242.257335) can0 03FF1000#0840112200000001
(1788802242.262335) can0 02488600#0000000000000000
(1788802242.267335) can0 03FF1001#0000000000000000
(1788802242.278336) can0 03FF1603#0000D03600000000
(1788802242.278391) can0 04FF3604#0005000300C80100
(1788802242.288337) can0 03FF1605#0100000000000000
(1788802242.292336) can0 02213501#
(1788802242.298337) can0 05FF4602#07100C100D100C10
(1788802242.298542) can0 04F93501#0000000400000000
(1788802242.299337) can0 03121606#0000000000000000
(1788802242.308337) can0 05FF4603#0C1009100D100E10
(1788802242.308540) can0 04FF3604#0004000400C80100
(1788802242.318338) can0 05FF4604#0B100C100F101010
(1788802242.328339) can0 05FF4605#0A10000000000000
(1788802242.338339) can0 04FF3604#0004000300C80100
(1788802242.358340) can0 05FF4606#1E1E1E
(1788802242.362340) can0 03FF1000#0840112200000001
(1788802242.368340) can0 05FF4607#1E1D1E
(1788802242.368395) can0 04FF3604#0003000300C80100
(1788802242.372341) can0 03FF1001#0000000000000000
(1788802242.378341) can0 05FF4608#0019007C
(1788802242.383341) can0 03FF1603#0000D03600000000
(1788802242.388341) can0 05FF4609#030003CA03CA00
(1788802242.388554) can0 04FF3602#0000000000000000
(1788802242.393341) can0 03FF1605#0100000000000000
(1788802242.398342) can0 04FF3604#0004000300C80100
(1788802242.428347) can0 04FF3604#0006000300C80100
(1788802242.458347) can0 04FF3604#0004000300C80100
(1788802242.467351) can0 03FF1000#0840112200000001
(1788802242.477349) can0 03FF1001#0000000000000000
(1788802242.488347) can0 03FF1603#0000D03600000000
(1788802242.488398) can0 04FF3604#0005000300C80100
(1788802242.498347) can0 03FF1605#0100000000000000
(1788802242.515348) can0 05FF4610#0000D09CFFFFFFA9
(1788802242.518348) can0 04FF3604#0003000300C80100
(1788802242.548350) can0 04FF3604#0007000300C80100
(1788802242.572351) can0 03FF1000#0840112200000001
(1788802242.578351) can0 04FF3604#0004000300C80100
(1788802242.582351) can0 03FF1001#0000000000000000
(1788802242.593352) can0 03FF1603#0000D03600000000
(1788802242.603353) can0 03FF1605#0100000000000000
(1788802242.608353) can0 04FF3604#0004000300C80100
(1788802242.638355) can0 04FF3604#0004000300C80100
(1788802242.668356) can0 04FF3604#0004000300C80100
(1788802242.677356) can0 03FF1000#0840112200000001
(1788802242.687357) can0 03FF1001#0000000000000000
(1788802242.698357) can0 03FF1603#0000D03600000000
(1788802242.698419) can0 04FF3604#0003000300C80100
(1788802242.708359) can0 03FF1605#0100000000000000
(1788802242.728360) can0 04FF3604#0006000300C80100
(1788802242.758361) can0 04FF3604#0006000300C80100
(1788802242.777362) can0 05FF4610#0000D09CFFFFFFA9
(1788802242.782362) can0 03FF1000#0840112200000001
(1788802242.788362) can0 04FF3604#0005000300C80100
(1788802242.792362) can0 03FF1001#0000000000000000
(1788802242.793362) can0 02FF2605#0000060907070000
(1788802242.803364) can0 03FF1603#0000D03600000000
(1788802242.813364) can0 03FF1605#0100000000000000
(1788802242.818365) can0 04FF3604#0004000300C80100
(1788802242.823364) can0 02FF2604#0000000000000000
(1788802242.848365) can0 04FF3604#0003000300C80100
(1788802242.854574) can0 02FF2704#0200000000000000
(1788802242.878366) can0 04FF3604#0004000300C80100
(1788802242.883366) can0 0260B606#0100000000000000
(1788802242.887367) can0 03FF1000#0840112200000001
(1788802242.888367) can0 04FF3602#0000000000000000
(1788802242.897367) can0 03FF1001#0000000000000000
(1788802242.908369) can0 03FF1603#0000D03600000000
(1788802242.908424) can0 04FF3604#0005000400C80100
(1788802242.913372) can0 02203607#0000000300000000
(1788802242.918371) can0 03FF1605#0100000000000000
(1788802242.938371) can0 04FF3604#0005000300C80100
(1788802242.943370) can0 02181606#0100130001030200
(1788802242.968372) can0 04FF3604#0005000300C80100
(1788802242.975376) can0 02203606#0101000100010000
(1788802242.992375) can0 03FF1000#0840112200000001
(1788802242.998373) can0 04FF3604#0005000300C80100
(1788802243.002374) can0 03FF1001#0000000000000000
(1788802243.003373) can0 02181608#0500000001000000
(1788802243.013373) can0 03FF1603#0000D03600000000
(1788802243.023374) can0 03FF1605#0100000000000000
(1788802243.028375) can0 04FF3604#0004000300C80100
(1788802243.033375) can0 02181609#0000000000000000
(1788802243.034375) can0 03121606#0000000000000000
(1788802243.050376) can0 05FF4610#0000D09CFFFFFFA9
(1788802243.058376) can0 04FF3604#0004000300C80100
(1788802243.084381) can0 02488600#0000000000000000
(1788802243.088380) can0 04FF3604#0005000300C80100
(1788802243.097378) can0 03FF1000#0840112200000001
(1788802243.107379) can0 03FF1001#0000000000000000
(1788802243.112598) can0 02294502#
(1788802243.114378) can0 05124502#5250313353333541
(1788802243.118379) can0 03FF1603#0000D03600000000
(1788802243.118434) can0 04FF3604#0005000300C80100
(1788802243.128380) can0 03FF1605#0100000000000000
(1788802243.148380) can0 04FF3604#0006000300C80100
(1788802243.160381) can0 03FF1400#0000000900000000
(1788802243.178382) can0 04FF3604#0003000300C80100
(1788802243.202384) can0 03FF1000#0840112200000001
(1788802243.208383) can0 04FF3604#0005000300C80100
(1788802243.212383) can0 03FF1001#0000000000000000
(1788802243.223384) can0 03FF1600#142B000104001313
(1788802243.233385) can0 03FF1601#6E50000000000000
(1788802243.234385) can0 05FF4001#0000000000000000
(1788802243.236384) can0 05FF4000#0000000000000000
(1788802243.238385) can0 04FF3604#0005000300C80100
(1788802243.244385) can0 03FF1602#000005000000157C
(1788802243.254387) can0 03FF1603#0000D03600000000
(1788802243.265387) can0 03FF1604#0000000000000000
(1788802243.268386) can0 04FF3604#0003000300C80100
(1788802243.275386) can0 03FF1605#0100000000000000
(1788802243.298388) can0 04FF3604#0005000300C80100
(1788802243.307389) can0 03FF1000#0840112200000001
(1788802243.317390) can0 03FF1001#0000000000000000
(1788802243.328390) can0 03FF1603#0000D03600000000
(1788802243.328440) can0 04FF3604#0005000300C80100
(1788802243.338391) can0 05FF4610#0000D09BFFFFFFA9
(1788802243.339390) can0 03FF1605#0100000000000000
(1788802243.342390) can0 05FF4602#07100C100D100C10
(1788802243.352391) can0 05FF4603#0C1009100D100E10
(1788802243.358391) can0 04FF3604#0005000300C80100
(1788802243.362391) can0 05FF4604#0B100C100F101010
(1788802243.372392) can0 05FF4605#0910000000000000
(1788802243.388393) can0 04FF3602#0000000000000000
(1788802243.388656) can0 04FF3604#0006000300C80100
(1788802243.402394) can0 05FF4606#1E1E1E
(1788802243.412398) can0 03FF1000#0840112200000001
(1788802243.414397) can0 05FF4607#1E1D1E
(1788802243.418394) can0 04FF3604#0003000300C80100
(1788802243.422394) can0 03FF1001#0000000000000000
(1788802243.424395) can0 05FF4608#0019007C
(1788802243.433396) can0 03FF1603#0000D03600000000
(1788802243.434395) can0 05FF4609#030003CA03CA00
(1788802243.443396) can0 03FF1605#0100000000000000
(1788802243.448396) can0 04FF3604#0006000300C80100
(1788802243.478397) can0 04FF3604#0002000300C80100
(1788802243.508403) can0 04FF3604#0004000300C80100
(1788802243.517403) can0 03FF1000#0840112200000001
(1788802243.527401) can0 03FF1001#0000000000000000
(1788802243.538403) can0 03FF1603#0000D03600000000
(1788802243.538468) can0 04FF3604#0005000300C80100
(1788802243.548401) can0 03FF1605#0100000000000000
(1788802243.568403) can0 04FF3604#0004000300C80100
(1788802243.598404) can0 04FF3604#0006000300C80100
(1788802243.601404) can0 05FF4610#0000D09BFFFFFFA9
(1788802243.622405) can0 03FF1000#0840112200000001
(1788802243.628405) can0 04FF3604#0004000300C80100
(1788802243.632405) can0 03FF1001#0000000000000000
(1788802243.643407) can0 03FF1603#0000D03600000000
(1788802243.653406) can0 03FF1605#0100000000000000
(1788802243.658407) can0 04FF3604#0002000300C80100
(1788802243.663448) can0 02181606#0100130001030200
(1788802243.688409) can0 04FF3604#0003000300C80100
(1788802243.693513) can0 02203606#0101000100010000
(1788802243.718410) can0 04FF3604#0003000300C80100
(1788802243.723532) can0 02181608#0500000001000000
(1788802243.727410) can0 03FF1000#0840112200000001
(1788802243.737410) can0 03FF1001#0000000000000000
(1788802243.748414) can0 03FF1603#0000D03600000000
(1788802243.748461) can0 04FF3604#0004000300C80100
(1788802243.753607) can0 02181609#0000000000000000
(1788802243.758411) can0 03FF1605#0100000000000000
(1788802243.769411) can0 03121606#0000000000000000
(1788802243.778412) can0 04FF3604#0003000300C80100
(1788802243.783609) can0 02488600#0000000000000000
(1788802243.808414) can0 04FF3604#0006000300C80100
(1788802243.813413) can0 02294503#
(1788802243.814414) can0 05124503#00150C0900000C62
(1788802243.832415) can0 03FF1000#0840112200000001
(1788802243.838415) can0 04FF3604#0006000300C80100
(1788802243.842415) can0 03FF1001#0000000000000000
(1788802243.844415) can0 02FF2605#0000060907070001
(1788802243.853416) can0 03FF1603#0000D03600000000
(1788802243.863428) can0 03FF1605#0100000000000000
(1788802243.865416) can0 05FF4610#0000D09BFFFFFFA9
(1788802243.868416) can0 04FF3604#0005000300C80100
(1788802243.876417) can0 02FF2604#0000000000000000
(1788802243.888418) can0 04FF3602#0000000000000000
(1788802243.898418) can0 04FF3604#0005000300C80100
(1788802243.904418) can0 02FF2704#0200000000000000
(1788802243.928436) can0 04FF3604#0003000300C80100
(1788802243.934426) can0 0260B606#0100000000000000
(1788802243.937421) can0 03FF1000#0840112200000001
(1788802243.947422) can0 03FF1001#0000000000000000
(1788802243.958423) can0 03FF1603#0000D03600000000
(1788802243.958478) can0 04FF3604#0004000300C80100
(1788802243.966423) can0 02203607#0000000300000000
(1788802243.968423) can0 03FF1605#0100000000000000
(1788802243.988424) can0 04FF3604#0003000300C80100
(1788802244.018430) can0 04FF3604#0004000300C80100
(1788802244.042430) can0 03FF1000#0840112200000001
(1788802244.048427) can0 04FF3604#0004000300C80100
(1788802244.052427) can0 03FF1001#0000000000000000
(1788802244.063431) can0 03FF1603#0000D03600000000
(1788802244.073431) can0 03FF1605#0100000000000000
(1788802244.078428) can0 04FF3604#0005000300C80100
(1788802244.108430) can0 04FF3604#0004000300C80100
(1788802244.138432) can0 04FF3604#0004000300C80100
(1788802244.139432) can0 05FF4610#0000D09BFFFFFFA9
(1788802244.147433) can0 03FF1000#0840112200000001
(1788802244.157433) can0 03FF1001#0000000000000000
(1788802244.168433) can0 03FF1603#0000D03600000000
(1788802244.168488) can0 04FF3604#0003000300C80100
(1788802244.178434) can0 03FF1605#0100000000000000
(1788802244.198435) can0 04FF3604#0004000300C80100
(1788802244.210436) can0 03FF1600#142B000104001313
(1788802244.220437) can0 03FF1601#6E50000000000000
(1788802244.228436) can0 04FF3604#0004000300C80100
(1788802244.231436) can0 03FF1602#000005000000157C
(1788802244.241437) can0 03FF1604#0000000000000000
(1788802244.252437) can0 03FF1000#0840112200000001
(1788802244.258438) can0 04FF3604#0005000300C80100
(1788802244.262438) can0 03FF1001#0000000000000000
(1788802244.273439) can0 03FF1603#0000D03600000000
(1788802244.283440) can0 03FF1605#0100000000000000
(1788802244.288439) can0 04FF3604#0003000300C80100
(1788802244.304440) can0 05FF4001#0000000000000000
(1788802244.306440) can0 05FF4000#0000000000000000
(1788802244.318440) can0 04FF3604#0006000300C80100
(1788802244.348444) can0 04FF3604#0006000300C80100
(1788802244.357443) can0 03FF1000#0840112200000001
(1788802244.367444) can0 03FF1001#0000000000000000
(1788802244.378444) can0 03FF1603#0000D03600000000
(1788802244.378506) can0 04FF3604#0005000300C80100
(1788802244.387595) can0 05FF4602#07100C100C100C10
(1788802244.388444) can0 04FF3602#0000000000000000
(1788802244.389444) can0 03FF1605#0100000000000000
(1788802244.397579) can0 05FF4603#0C100A100D100E10
(1788802244.407608) can0 05FF4604#0B100C100F101010
(1788802244.408445) can0 04FF3604#0004000300C80100
(1788802244.419541) can0 05FF4605#0B10000000000000
(1788802244.424448) can0 02181606#0100130001030200
(1788802244.428458) can0 05FF4610#0000D09DFFFFFFA3
(1788802244.438448) can0 04FF3604#0004000300C80100
(1788802244.449448) can0 05FF4606#1E1E1E
(1788802244.454448) can0 02203606#0101000100010000
(1788802244.459448) can0 05FF4607#1E1D1E
(1788802244.462448) can0 03FF1000#0840112200000001
(1788802244.468448) can0 04FF3604#0004000300C80100
(1788802244.469448) can0 05FF4608#0019007C
(1788802244.472448) can0 03FF1001#0000000000000000
(1788802244.479449) can0 05FF4609#030003CA03CA00
(1788802244.483449) can0 03FF1603#0000D03600000000
(1788802244.484449) can0 02181608#0500000001000000
(1788802244.493450) can0 03FF1605#0100000000000000
(1788802244.498455) can0 04FF3604#0004000300C80100
(1788802244.504453) can0 03121606#0000000000000000
(1788802244.514451) can0 02181609#0000000000000000
(1788802244.528452) can0 04FF3604#0004000300C80100
(1788802244.544452) can0 02488600#0000000000000000
(1788802244.558454) can0 04FF3604#0003000300C80100
(1788802244.567454) can0 03FF1000#0840112200000001
(1788802244.574454) can0 02294504#
(1788802244.575454) can0 05124504#1D
(1788802244.577454) can0 03FF1001#0000000000000000
(1788802244.588455) can0 03FF1603#0000D03600000000
(1788802244.588509) can0 04FF3604#0003000300C80100
(1788802244.598455) can0 03FF1605#0100000000000000
(1788802244.618457) can0 04FF3604#0007000300C80100
(1788802244.648458) can0 04FF3604#0003000300C80100
(1788802244.672460) can0 03FF1000#0840112200000001
(1788802244.678459) can0 04FF3604#0005000300C80100
(1788802244.682459) can0 03FF1001#0000000000000000
(1788802244.690542) can0 05FF4610#0000D09DFFFFFFA3
(1788802244.693460) can0 03FF1603#0000D03600000000
(1788802244.703461) can0 03FF1605#0100000000000000
(1788802244.708461) can0 04FF3604#0005000300C80100
(1788802244.738462) can0 04FF3604#0003000300C80100
(1788802244.768465) can0 04FF3604#0003000300C80100
(1788802244.777465) can0 03FF1000#0840112200000001
(1788802244.787466) can0 03FF1001#0000000000000000
(1788802244.798466) can0 03FF1603#0000D03600000000
(1788802244.798520) can0 04FF3604#0005000300C80100
(1788802244.808466) can0 03FF1605#0100000000000000
(1788802244.814567) can0 02FF2605#0000060907070002
(1788802244.828467) can0 04FF3604#0001000300C80100
(1788802244.844619) can0 02FF2604#0000000000000000
(1788802244.858469) can0 04FF3604#0005000300C80100
(1788802244.874597) can0 02FF2704#0200000000000000
(1788802244.882470) can0 03FF1000#0840112200000001
(1788802244.888470) can0 04FF3602#0000000000000000
(1788802244.888629) can0 04FF3604#0005000300C80100
(1788802244.892470) can0 03FF1001#0000000000000000
(1788802244.903471) can0 03FF1603#0000D03600000000
(1788802244.904702) can0 0260B606#0100000000000000
(1788802244.913474) can0 03FF1605#0100000000000000
(1788802244.918475) can0 04FF3604#0005000300C80100
(1788802244.934706) can0 02203607#0000000300000000
(1788802244.948474) can0 04FF3604#0006000300C80100
(1788802244.965591) can0 05FF4610#0000D09DFFFFFFA3
(1788802244.978475) can0 04FF3604#0004000300C80100
(1788802244.987475) can0 03FF1000#0840112200000001
(1788802244.997476) can0 03FF1001#0000000000000000
(1788802245.008482) can0 03FF1603#0000D03600000000
(1788802245.008529) can0 04FF3604#0007000300C80100
(1788802245.018478) can0 03FF1605#0100000000000000
(1788802245.038478) can0 04FF3604#0003000300C80100
(1788802245.068483) can0 04FF3604#0005000300C80100
(1788802245.092483) can0 03FF1000#0840112200000001
(1788802245.098481) can0 04FF3604#0004000300C80100
(1788802245.102482) can0 03FF1001#0000000000000000
(1788802245.113483) can0 03FF1603#0000D03600000000
(1788802245.123482) can0 03FF1605#0100000000000000
(1788802245.128482) can0 04FF3604#0006000300C80100
(1788802245.158484) can0 04FF3604#0007000300C80100
(1788802245.185485) can0 02181606#0100130001030200
(1788802245.188485) can0 04FF3604#0004000300C80100
(1788802245.197487) can0 03FF1000#0840112200000001
(1788802245.207486) can0 03FF1001#0000000000000000
(1788802245.215486) can0 02203606#0101000100010000
(1788802245.218488) can0 03FF1603#0000D03600000000
(1788802245.218543) can0 04FF3604#0003000300C80100
(1788802245.228488) can0 05FF4610#0000D09DFFFFFFA3
(1788802245.228543) can0 03FF1605#0100000000000000
(1788802245.239488) can0 03121606#0000000000000000
(1788802245.245488) can0 02181608#0500000001000000
(1788802245.248489) can0 04FF3604#0003000300C80100
(1788802245.249489) can0 03FF1600#142B000104001313
(1788802245.260489) can0 03FF1601#6E50000000000000
(1788802245.270490) can0 03FF1602#000005000000157C
(1788802245.275490) can0 02181609#0000000000000000
(1788802245.278490) can0 04FF3604#0002000300C80100
(1788802245.281490) can0 03FF1604#0000000000000000
(1788802245.302492) can0 03FF1000#0840112200000001
(1788802245.305492) can0 02488600#0000000000000000
(1788802245.308491) can0 04FF3604#0004000300C80100
(1788802245.312492) can0 03FF1001#0000000000000000
(1788802245.323493) can0 03FF1603#0000D03600000000
(1788802245.333493) can0 03FF1605#0100000000000000
(1788802245.335493) can0 02191502#
(1788802245.338493) can0 04FF3604#0005000300C80100
(1788802245.349656) can0 05FF4001#0000000000000000
(1788802245.351621) can0 05FF4000#0000000000000000
(1788802245.354494) can0 03FF1502#0100000000000000
(1788802245.368496) can0 04FF3604#0005000300C80100
(1788802245.388496) can0 04FF3602#0000000000000000
(1788802245.398497) can0 04FF3604#0004000300C80100
(1788802245.407497) can0 03FF1000#0840112200000001
(1788802245.417501) can0 03FF1001#0000000000000000
(1788802245.428501) can0 03FF1603#0000D03600000000
(1788802245.428548) can0 04FF3604#0006000300C80100
(1788802245.433625) can0 05FF4602#06100C100D100C10
(1788802245.438498) can0 03FF1605#0100000000000000
(1788802245.443626) can0 05FF4603#0C1009100E100E10
(1788802245.453615) can0 05FF4604#0B100C100F101010
(1788802245.458499) can0 04FF3604#0004000400C80100
(1788802245.463611) can0 05FF4605#0A10000000000000
(1788802245.488502) can0 04FF3604#0005000300C80100
(1788802245.493501) can0 05FF4606#1E1E1E
(1788802245.503502) can0 05FF4607#1E1D1E
(1788802245.512507) can0 03FF1000#0840112200000001
(1788802245.513505) can0 05FF4608#0019007C
(1788802245.515642) can0 05FF4610#0000D09CFFFFFFA3
(1788802245.518502) can0 04FF3604#0005000300C80100
(1788802245.522503) can0 03FF1001#0000000000000000
(1788802245.523618) can0 05FF4609#030003CA03CA00
(1788802245.533503) can0 03FF1603#0000D03600000000
(1788802245.543504) can0 03FF1605#0100000000000000
(1788802245.548504) can0 04FF3604#0006000300C80100
(1788802245.578506) can0 04FF3604#0003000300C80100
(1788802245.608507) can0 04FF3604#0004000300C80100
(1788802245.617508) can0 03FF1000#0840112200000001
(1788802245.627509) can0 03FF1001#0000000000000000
(1788802245.638510) can0 03FF1603#0000D03600000000
(1788802245.638564) can0 04FF3604#0004000300C80100
(1788802245.648510) can0 03FF1605#0100000000000000
(1788802245.668511) can0 04FF3604#0004000300C80100
(1788802245.698512) can0 04FF3604#0006000300C80100
(1788802245.705628) can0 05FF4600#0D0300900303
(1788802245.722513) can0 03FF1000#0840112200000001
(1788802245.728513) can0 04FF3604#0007000400C80100
(1788802245.732513) can0 03FF1001#0000000000000000
(1788802245.743514) can0 03FF1603#0000D03600000000
(1788802245.753514) can0 03FF1605#0100000000000000
(1788802245.758515) can0 04FF3604#0005000300C80100
(1788802245.779671) can0 05FF4610#0000D09CFFFFFFA3
(1788802245.788520) can0 04FF3604#0006000300C80100
(1788802245.818519) can0 04FF3604#0005000300C80100
(1788802245.825537) can0 02FF2605#0000060907070003
(1788802245.827518) can0 03FF1000#0840112200000001
(1788802245.837519) can0 03FF1001#0000000000000000
(1788802245.848521) can0 03FF1603#0000D03600000000
(1788802245.848570) can0 04FF3604#0003000300C80100
(1788802245.855670) can0 02FF2604#0000000000000000
(1788802245.858519) can0 03FF1605#0100000000000000
(1788802245.878521) can0 04FF3604#0002000400C80100
(1788802245.887522) can0 02FF2704#0200000000000000
(1788802245.888521) can0 04FF3602#0000000000000000
(1788802245.908523) can0 04FF3604#0006000300C80100
(1788802245.915673) can0 0260B606#0100000000000000
(1788802245.932527) can0 03FF1000#0840112200000001
(1788802245.938527) can0 04FF3604#0004000300C80100
(1788802245.942524) can0 03FF1001#0000000000000000
(1788802245.945721) can0 02203607#0000000300000000
(1788802245.953526) can0 03FF1603#0000D03600000000
(1788802245.963526) can0 03FF1605#0100000000000000
(1788802245.968525) can0 04FF3604#0005000300C80100
(1788802245.975723) can0 02181606#0100130001030200
(1788802245.998528) can0 04FF3604#0006000300C80100
(1788802246.005759) can0 02203606#0101000100010000
(1788802246.028534) can0 04FF3604#0004000300C80100
(1788802246.036532) can0 02181608#0500000001000000
(1788802246.037529) can0 03FF1000#0840112200000001
(1788802246.047531) can0 03FF1001#0000000000000000
(1788802246.052774) can0 05FF4610#0000D09CFFFFFFA3
(1788802246.058530) can0 03FF1603#0000D03600000000
(1788802246.058592) can0 04FF3604#0007000300C80100
(1788802246.068535) can0 03FF1605#0100000000000000
(1788802246.079534) can0 03121606#0000000000000000
(1788802246.088532) can0 04FF3604#0003000300C80100
(1788802246.096533) can0 02181609#0000000000000000
(1788802246.118534) can0 04FF3604#0007000300C80100
(1788802246.126535) can0 02488600#0000000000000000
(1788802246.142535) can0 03FF1000#0840112200000001
(1788802246.148536) can0 04FF3604#0003000300C80100
(1788802246.152535) can0 03FF1001#0000000000000000
(1788802246.155593) can0 02191503#
(1788802246.163536) can0 03FF1603#0000D03600000000
(1788802246.173537) can0 03FF1605#0100000000000000
(1788802246.178536) can0 04FF3604#0003000300C80100
(1788802246.184537) can0 03FF1503#0100000000000000
(1788802246.196538) can0 02F82400#0800000000000000
(1788802246.208538) can0 04FF3604#0003000300C80100
(1788802246.226539) can0 03FF1600#142B000104001313
(1788802246.226594) can0 02FF2602#B44BC0DD25A70527
(1788802246.236539) can0 03FF1601#6E50000000000000
(1788802246.238540) can0 04FF3604#0005000300C80100
(1788802246.247541) can0 03FF1602#000005000000157C
(1788802246.257541) can0 03FF1604#0000000000000000
(1788802246.268542) can0 03FF1000#0840112200000001
(1788802246.268591) can0 04FF3604#0003000300C80100
(1788802246.278541) can0 03FF1001#0000000000000000
(1788802246.289542) can0 03FF1603#0000D03600000000
(1788802246.298543) can0 04FF3604#0003000300C80100
(1788802246.299542) can0 03FF1605#0100000000000000
(1788802246.328545) can0 04FF3604#0004000300C80100
(1788802246.341545) can0 05FF4610#0000D09CFFFFFFA3
(1788802246.352547) can0 03FF1000#0840112200000001
(1788802246.358546) can0 04FF3604#0004000300C80100
(1788802246.362546) can0 03FF1001#0000000000000000
(1788802246.373546) can0 03FF1603#0000D03600000000
(1788802246.383547) can0 03FF1605#0100000000000000
(1788802246.388548) can0 04FF3602#0000000000000000
(1788802246.388626) can0 04FF3604#0004000300C80100
(1788802246.396548) can0 05FF4001#0000000000000000
(1788802246.399548) can0 05FF4000#0000000000000000
(1788802246.418552) can0 04FF3604#0004000300C80100
(1788802246.448554) can0 04FF3604#0003000300C80100
(1788802246.457552) can0 03FF1000#0840112200000001
(1788802246.467552) can0 03FF1001#0000000000000000
(1788802246.478557) can0 03FF1603#0000D03600000000
(1788802246.478606) can0 04FF3604#0004000300C80100
(1788802246.482553) can0 05FF4602#06100C100D100C10
(1788802246.488553) can0 03FF1605#0100000000000000
(1788802246.492553) can0 05FF4603#0C100A100D100E10
(1788802246.502554) can0 05FF4604#0B100C100F101010
(1788802246.508554) can0 04FF3604#0004000300C80100
(1788802246.512559) can0 05FF4605#0A10000000000000
(1788802246.538558) can0 04FF3604#0006000300C80100
(1788802246.541672) can0 05FF4606#1E1E1E
(1788802246.551671) can0 05FF4607#1E1D1E
(1788802246.561729) can0 05FF4608#0019007C
(1788802246.562557) can0 03FF1000#0840112200000001
(1788802246.568557) can0 04FF3604#0006000300C80100
(1788802246.572556) can0 05FF4609#030003CA03CA00
(1788802246.572612) can0 03FF1001#0000000000000000
(1788802246.583557) can0 03FF1603#0000D03600000000
(1788802246.593559) can0 03FF1605#0100000000000000
(1788802246.598559) can0 04FF3604#0004000300C80100
(1788802246.607559) can0 05FF4610#0000D09CFFFFFFA3
(1788802246.628560) can0 04FF3604#0004000300C80100
(1788802246.658563) can0 04FF3604#0002000300C80100
(1788802246.667562) can0 03FF1000#0840112200000001
(1788802246.677563) can0 03FF1001#0000000000000000
(1788802246.688563) can0 03FF1603#0000D03600000000
(1788802246.688630) can0 04FF3604#0004000300C80100
(1788802246.698564) can0 03FF1605#0100000000000000
(1788802246.706564) can0 02181606#0100130001030200
(1788802246.718564) can0 04FF3604#0004000300C80100
(1788802246.736565) can0 02203606#0101000100010000
(1788802246.748567) can0 04FF3604#0004000300C80100
(1788802246.766568) can0 02181608#0500000001000000
(1788802246.772567) can0 03FF1000#0840112200000001
(1788802246.778569) can0 04FF3604#0003000300C80100
(1788802246.782568) can0 03FF1001#0000000000000000
(1788802246.793569) can0 03FF1603#0000D03600000000
(1788802246.797569) can0 02181609#0000000000000000
(1788802246.803569) can0 03FF1605#0100000000000000
(1788802246.808569) can0 04FF3604#0006000300C80100
(1788802246.814569) can0 03121606#0000000000000000
(1788802246.827570) can0 02488600#0000000000000000
(1788802246.838570) can0 04FF3604#0004000300C80100
(1788802246.856572) can0 02191504#
(1788802246.868573) can0 04FF3604#0004000300C80100
(1788802246.877573) can0 03FF1000#0840112200000001
(1788802246.880573) can0 05FF4610#0000D09CFFFFFFA3
(1788802246.887573) can0 02FF2605#0000060907070004
(1788802246.887628) can0 03FF1001#0000000000000000
(1788802246.888573) can0 04FF3602#0000000000000000
(1788802246.898575) can0 03FF1504#0000001D00000000
(1788802246.898629) can0 04FF3604#0005000300C80100
(1788802246.908575) can0 03FF1603#0000D03600000000
(1788802246.916655) can0 02FF2604#0000000000000000
(1788802246.919578) can0 03FF1605#0100000000000000
(1788802246.928578) can0 04FF3604#0005000300C80100
(1788802246.946658) can0 02FF2704#0200000000000000
(1788802246.958577) can0 04FF3604#0003000300C80100
(1788802246.977578) can0 0260B606#0100000000000000
(1788802246.982578) can0 03FF1000#0840112200000001
(1788802246.988578) can0 04FF3604#0004000300C80100
(1788802246.992578) can0 03FF1001#0000000000000000
(1788802247.003580) can0 03FF1603#0000D03600000000
(1788802247.006741) can0 02203607#0000000300000000
(1788802247.013579) can0 03FF1605#0100000000000000
(1788802247.018585) can0 04FF3604#0004000300C80100
(1788802247.048585) can0 04FF3604#0005000300C80100
(1788802247.078587) can0 04FF3604#0004000400C80100
(1788802247.087586) can0 03FF1000#0840112200000001
(1788802247.097584) can0 03FF1001#0000000000000000
(1788802247.108584) can0 03FF1603#0000D03600000000
(1788802247.108640) can0 04FF3604#0002000300C80100
(1788802247.118586) can0 03FF1605#0100000000000000
(1788802247.138586) can0 04FF3604#0004000300C80100
(1788802247.141587) can0 05FF4610#0000D09CFFFFFFA3
(1788802247.168588) can0 04FF3604#0005000400C80100
(1788802247.192589) can0 03FF1000#0840112200000001
(1788802247.198589) can0 04FF3604#0005000300C80100
(1788802247.202590) can0 03FF1001#0000000000000000
(1788802247.213590) can0 03FF1603#0000D03600000000
(1788802247.223590) can0 03FF1605#0100000000000000
(1788802247.228591) can0 04FF3604#0005000300C80100
(1788802247.234591) can0 03FF1600#142B000104001313
(1788802247.244592) can0 03FF1601#6E50000000000000
(1788802247.255593) can0 03FF1602#000005000000157C
(1788802247.258592) can0 04FF3604#0005000300C80100
(1788802247.265592) can0 03FF1604#0000000000000000
(1788802247.288594) can0 04FF3604#0004000300C80100
(1788802247.297595) can0 03FF1000#0840112200000001
(1788802247.307595) can0 03FF1001#0000000000000000
(1788802247.318596) can0 03FF1603#0000D03600000000
(1788802247.318662) can0 04FF3604#0004000300C80100
(1788802247.328596) can0 03FF1605#0100000000000000
(1788802247.348599) can0 04FF3604#0003000300C80100
(1788802247.378599) can0 04FF3604#0005000300C80100
(1788802247.388599) can0 04FF3602#0000000000000000
(1788802247.402600) can0 03FF1000#0840112200000001
(1788802247.408600) can0 04FF3604#0004000300C80100
(1788802247.412600) can0 03FF1001#0000000000000000
(1788802247.423603) can0 03FF1603#0000D03600000000
(1788802247.428604) can0 05FF4610#0000D09CFFFFFFA3
(1788802247.433601) can0 03FF1605#0100000000000000
(1788802247.438601) can0 04FF3604#0003000400C80100
(1788802247.439601) can0 05FF4001#0000000000000000
(1788802247.441601) can0 05FF4000#0000000000000000
(1788802247.467603) can0 02181606#0100130001030200
(1788802247.468603) can0 04FF3604#0003000300C80100
(1788802247.497605) can0 02203606#0101000100010000
(1788802247.498604) can0 04FF3604#0004000300C80100
(1788802247.507605) can0 03FF1000#0840112200000001
(1788802247.517606) can0 03FF1001#0000000000000000
(1788802247.524611) can0 05FF4602#07100C100D100C10
(1788802247.527609) can0 02181608#0500000001000000
(1788802247.528607) can0 03FF1603#0000D03600000000
(1788802247.528662) can0 04FF3604#0005000300C80100
(1788802247.534606) can0 05FF4603#0C100A100D100E10
(1788802247.538606) can0 03FF1605#0100000000000000
(1788802247.544606) can0 05FF4604#0B100C100F101010
(1788802247.549607) can0 03121606#0000000000000000
(1788802247.554608) can0 05FF4605#0910000000000000
(1788802247.557607) can0 02181609#0000000000000000
(1788802247.558607) can0 04FF3604#0004000400C80100
(1788802247.583852) can0 05FF4606#1E1E1E
(1788802247.587609) can0 02488600#0000000000000000
(1788802247.588609) can0 04FF3604#0004000300C80100
(1788802247.593864) can0 05FF4607#1E1D1E
(1788802247.605611) can0 05FF4608#0019007C
(1788802247.612610) can0 03FF1000#0840112200000001
(1788802247.615610) can0 05FF4609#030003CA03CA00
(1788802247.617610) can0 02213502#
(1788802247.618610) can0 04FF3604#0003000300C80100
(1788802247.622611) can0 03FF1001#0000000000000000
(1788802247.623611) can0 04F93502#0000000000000000
(1788802247.633612) can0 03FF1603#0000D03600000000
(1788802247.643612) can0 03FF1605#0100000000000000
(1788802247.648612) can0 04FF3604#0005000300C80100
(1788802247.678614) can0 04FF3604#0005000300C80100
(1788802247.693615) can0 05FF4610#0000D09CFFFFFFAE
(1788802247.708615) can0 04FF3604#0005000400C80100
(1788802247.717616) can0 03FF1000#0840112200000001
(1788802247.727617) can0 03FF1001#0000000000000000
(1788802247.738618) can0 03FF1603#0000D03600000000
(1788802247.738673) can0 04FF3604#0006000400C80100
(1788802247.748617) can0 03FF1605#0100000000000000
(1788802247.768619) can0 04FF3604#0003000400C80100
(1788802247.798621) can0 04FF3604#0005000400C80100
(1788802247.822622) can0 03FF1000#0840112200000001
(1788802247.828621) can0 04FF3604#0003000300C80100
(1788802247.832622) can0 03FF1001#0000000000000000
(1788802247.843622) can0 03FF1603#0000D03600000000
(1788802247.847622) can0 02FF2605#0000060907070005
(1788802247.853623) can0 03FF1605#0100000000000000
(1788802247.858623) can0 04FF3604#0004000400C80100
(1788802247.877624) can0 02FF2604#0000000000000000
(1788802247.888624) can0 04FF3602#0000000000000000
(1788802247.888680) can0 04FF3604#0004000300C80100
(1788802247.909626) can0 02FF2704#0200000000000000
(1788802247.918629) can0 04FF3604#0004000300C80100
(1788802247.927629) can0 03FF1000#0840112200000001
(1788802247.937627) can0 03FF1001#0000000000000000
(1788802247.938627) can0 0260B606#0100000000000000
(1788802247.948629) can0 03FF1603#0000D03600000000
(1788802247.948694) can0 04FF3604#0006000300C80100
(1788802247.958629) can0 03FF1605#0100000000000000
(1788802247.967664) can0 02203607#0000000300000000
(1788802247.969629) can0 05FF4610#0000D09CFFFFFFAE
(1788802247.978630) can0 04FF3604#0003000400C80100
(1788802248.008632) can0 04FF3604#0003000300C80100
(1788802248.032633) can0 03FF1000#0840112200000001
(1788802248.038638) can0 04FF3604#0005000400C80100
(1788802248.042635) can0 03FF1001#0000000000000000
(1788802248.053634) can0 03FF1603#0000D03600000000
(1788802248.063638) can0 03FF1605#0100000000000000
(1788802248.068637) can0 04FF3604#0004000300C80100
(1788802248.098637) can0 04FF3604#0004000300C80100
(1788802248.128638) can0 04FF3604#0004000300C80100
(1788802248.137638) can0 03FF1000#0840112200000001
(1788802248.147638) can0 03FF1001#0000000000000000
(1788802248.158638) can0 03FF1603#0000D03600000000
(1788802248.158694) can0 04FF3604#0006000300C80100
(1788802248.168639) can0 03FF1605#0100000000000000
(1788802248.188641) can0 04FF3604#0005000300C80100
(1788802248.218642) can0 04FF3604#0002000300C80100
(1788802248.228650) can0 02181606#0100130001030200
(1788802248.233643) can0 05FF4610#0000D09CFFFFFFAE
(1788802248.242643) can0 03FF1000#0840112200000001
(1788802248.248643) can0 04FF3604#0005000300C80100
(1788802248.252643) can0 03FF1001#0000000000000000
(1788802248.258643) can0 02203606#0101000100010000
(1788802248.263644) can0 03FF1600#142B000104001313
(1788802248.273644) can0 03FF1601#6E50000000000000
(1788802248.278645) can0 04FF3604#0003000300C80100
(1788802248.284645) can0 03FF1602#000005000000157C
(1788802248.288645) can0 02181608#0500000001000000
(1788802248.294645) can0 03FF1603#0000D03600000000
(1788802248.305646) can0 03FF1604#0000000000000000
(1788802248.308646) can0 04FF3604#0003000300C80100
(1788802248.315647) can0 03FF1605#0100000000000000
(1788802248.318647) can0 02181609#0000000000000000
(1788802248.326647) can0 03121606#0000000000000000
(1788802248.338648) can0 04FF3604#0003000300C80100
(1788802248.347648) can0 03FF1000#0840112200000001
(1788802248.348648) can0 02488600#0000000000000000
(1788802248.357649) can0 03FF1001#0000000000000000
(1788802248.368649) can0 03FF1603#0000D03600000000
(1788802248.368705) can0 04FF3604#0005000300C80100
(1788802248.377800) can0 02213503#
(1788802248.378650) can0 03FF1605#0100000000000000
(1788802248.388650) can0 04F93503#0000000000000000
(1788802248.388707) can0 04FF3602#0000000000000000
(1788802248.398652) can0 04FF3604#0003000300C80100
(1788802248.428655) can0 04FF3604#0006000400C80100
(1788802248.452656) can0 03FF1000#0840112200000001
(1788802248.458655) can0 04FF3604#0005000300C80100
(1788802248.462654) can0 03FF1001#0000000000000000
(1788802248.473655) can0 03FF1603#0000D03600000000
(1788802248.483655) can0 03FF1605#0100000000000000
(1788802248.488656) can0 04FF3604#0004000300C80100
(1788802248.489656) can0 05FF4001#0000000000000000
(1788802248.491655) can0 05FF4000#0000000000000000
(1788802248.518656) can0 04FF3604#0004000300C80100
(1788802248.521657) can0 05FF4610#0000D09BFFFFFFA3
(1788802248.548658) can0 04FF3604#0006000300C80100
(1788802248.557664) can0 03FF1000#0840112200000001
(1788802248.567662) can0 03FF1001#0000000000000000
(1788802248.571660) can0 05FF4602#06100C100C100C10
(1788802248.577915) can0 03FF1603#0000D03600000000
(1788802248.578661) can0 04FF3604#0004000300C80100
(1788802248.581660) can0 05FF4603#0C100A100D100E10
(1788802248.588661) can0 03FF1605#0100000000000000
(1788802248.591661) can0 05FF4604#0B100C100F101010
(1788802248.601661) can0 05FF4605#0A10000000000000
(1788802248.608662) can0 04FF3604#0004000300C80100
(1788802248.631664) can0 05FF4606#1E1E1E
(1788802248.638664) can0 04FF3604#0004000300C80100
(1788802248.641663) can0 05FF4607#1E1D1E
(1788802248.651665) can0 05FF4608#0019007C
(1788802248.661664) can0 05FF4609#030003CA03CA00
(1788802248.662664) can0 03FF1000#0840112200000001
(1788802248.668665) can0 04FF3604#0005000300C80100
(1788802248.672665) can0 03FF1001#0000000000000000
(1788802248.683665) can0 03FF1603#0000D03600000000
(1788802248.693667) can0 03FF1605#0100000000000000
(1788802248.698666) can0 04FF3604#0005000300C80100
(1788802248.728669) can0 04FF3604#0005000300C80100
(1788802248.758670) can0 04FF3604#0006000300C80100
(1788802248.767671) can0 03FF1000#0840112200000001
(1788802248.777670) can0 03FF1001#0000000000000000
(1788802248.783671) can0 05FF4610#0000D09BFFFFFFA3
(1788802248.788671) can0 03FF1603#0000D03600000000
(1788802248.788726) can0 04FF3604#0005000200C80100
(1788802248.798671) can0 03FF1605#0100000000000000
(1788802248.818674) can0 04FF3604#0006000400C80100
(1788802248.848675) can0 04FF3604#0003000300C80100
(1788802248.858675) can0 02FF2605#0000060907070006
(1788802248.872676) can0 03FF1000#0840112200000001
(1788802248.878676) can0 04FF3604#0005000300C80100
(1788802248.882676) can0 03FF1001#0000000000000000
(1788802248.888676) can0 04FF3602#0000000000000000
(1788802248.888731) can0 02FF2604#0000000000000000
(1788802248.893676) can0 03FF1603#0000D03600000000
(1788802248.903677) can0 03FF1605#0100000000000000
(1788802248.908677) can0 04FF3604#0003000300C80100
(1788802248.918681) can0 02FF2704#0200000000000000
(1788802248.938682) can0 04FF3604#0005000300C80100
(1788802248.949682) can0 0260B606#0100000000000000
(1788802248.968681) can0 04FF3604#0004000300C80100
(1788802248.977681) can0 03FF1000#0840112200000001
(1788802248.978896) can0 02203607#0000000300000000
(1788802248.987682) can0 03FF1001#0000000000000000
(1788802248.998681) can0 03FF1603#0000D03600000000
(1788802248.998748) can0 04FF3604#0004000300C80100
(1788802249.008683) can0 03FF1605#0100000000000000
(1788802249.009682) can0 02181606#0100130001030200
(1788802249.028683) can0 04FF3604#0005000300C80100
(1788802249.038938) can0 02203606#0101000100010000
(1788802249.058686) can0 04FF3604#0006000300C80100
(1788802249.058741) can0 05FF4610#0000D09BFFFFFFA3
(1788802249.082692) can0 03FF1000#0840112200000001
(1788802249.088689) can0 04FF3604#0003000300C80100
(1788802249.090687) can0 02181608#0500000001000000
(1788802249.092689) can0 03FF1001#0000000000000000
(1788802249.102944) can0 03FF1603#0000D03600000000
(1788802249.113688) can0 03FF1605#0100000000000000
(1788802249.118689) can0 04FF3604#0004000300C80100
(1788802249.118836) can0 02181609#0000000000000000
(1788802249.124688) can0 03121606#0000000000000000
(1788802249.148690) can0 04FF3604#0003000300C80100
(1788802249.148820) can0 02488600#0000000000000000
(1788802249.178693) can0 04FF3604#0004000300C80100
(1788802249.178748) can0 02213504#
(1788802249.187692) can0 03FF1000#0840112200000001
(1788802249.188691) can0 04F93504#0000000000000000
(1788802249.197693) can0 03FF1001#0000000000000000
(1788802249.208694) can0 03FF1603#0000D03600000000
(1788802249.208759) can0 04FF3604#0004000300C80100
(1788802249.218694) can0 03FF1605#0100000000000000
(1788802249.238695) can0 04FF3604#0004000400C80100
(1788802249.250695) can0 03FF1600#142B000104001313
(1788802249.260696) can0 03FF1601#6E50000000000000
(1788802249.268696) can0 04FF3604#0003000300C80100
(1788802249.270939) can0 03FF1602#000005000000157C
(1788802249.281696) can0 03FF1604#0000000000000000
(1788802249.292698) can0 03FF1000#0840112200000001
(1788802249.298697) can0 04FF3604#0004000300C80100
(1788802249.302697) can0 03FF1001#0000000000000000
(1788802249.312948) can0 03FF1603#0000D03600000000
(1788802249.322698) can0 05FF4610#0000D09BFFFFFFA3
(1788802249.323697) can0 03FF1605#0100000000000000
(1788802249.328698) can0 04FF3604#0006000300C80100
(1788802249.358700) can0 04FF3604#0005000300C80100
(1788802249.388703) can0 04FF3400#0000022400000000
(1788802249.388752) can0 04FF3602#0000000000000000
(1788802249.389702) can0 04FF3604#0004000300C80100
(1788802249.397703) can0 03FF1000#0840112200000001
(1788802249.407704) can0 03FF1001#0000000000000000
(1788802249.417953) can0 03FF1603#0000D03600000000
(1788802249.418703) can0 04FF3604#0004000400C80100
(1788802249.428707) can0 03FF1605#0100000000000000
(1788802249.448708) can0 04FF3604#0004000300C80100
(1788802249.478708) can0 04FF3604#0004000300C80100
(1788802249.502708) can0 03FF1000#0840112200000001
(1788802249.508708) can0 04FF3604#0006000300C80100
(1788802249.512708) can0 03FF1001#0000000000000000
(1788802249.522964) can0 03FF1603#0000D03600000000
(1788802249.533709) can0 03FF1605#0100000000000000
(1788802249.536709) can0 05FF4001#0000000000000000
(1788802249.538709) can0 04FF3604#0004000300C80100
(1788802249.538777) can0 05FF4000#0000000000000000
(1788802249.568712) can0 04FF3604#0004000300C80100
(1788802249.598717) can0 04FF3604#0004000300C80100
(1788802249.607716) can0 03FF1000#0840112200000001
(1788802249.611714) can0 05FF4610#0000D09BFFFFFFA9
(1788802249.617714) can0 03FF1001#0000000000000000
(1788802249.618713) can0 05FF4602#06100C100D100C10
(1788802249.627942) can0 03FF1603#0000D03600000000
(1788802249.628715) can0 04FF3604#0003000300C80100
(1788802249.629714) can0 05FF4603#0C100A100D100E10
(1788802249.638715) can0 03FF1605#0100000000000000
(1788802249.639714) can0 05FF4604#0B100C100F101010
(1788802249.648716) can0 05FF4605#0910000000000000
(1788802249.658715) can0 04FF3604#0004000300C80100
(1788802249.678717) can0 05FF4606#1E1E1E
(1788802249.688717) can0 04FF3604#0005000300C80100
(1788802249.688772) can0 05FF4607#1E1D1E
(1788802249.698718) can0 05FF4608#0019007C
(1788802249.708719) can0 05FF4609#030003CA03CA00
(1788802249.712718) can0 03FF1000#0840112200000001
(1788802249.718719) can0 04FF3604#0003000300C80100
(1788802249.722719) can0 03FF1001#0000000000000000
(1788802249.732975) can0 03FF1603#0000D03600000000
(1788802249.743720) can0 03FF1605#0100000000000000
(1788802249.748720) can0 04FF3604#0004000300C80100
(1788802249.749720) can0 02181606#0100130001030200
(1788802249.778723) can0 04FF3604#0005000300C80100
(1788802249.779953) can0 02203606#0101000100010000
(1788802249.808724) can0 04FF3604#0005000300C80100
(1788802249.809723) can0 02181608#0500000001000000
(1788802249.817724) can0 03FF1000#0840112200000001
(1788802249.827724) can0 03FF1001#0000000000000000
(1788802249.837957) can0 03FF1603#0000D03600000000
(1788802249.838725) can0 04FF3604#0007000200C80100
(1788802249.839725) can0 02181609#0000000000000000
(1788802249.848726) can0 03FF1605#0100000000000000
(1788802249.858958) can0 03121606#0000000000000000
(1788802249.867981) can0 04FF3604#0004000300C80100
(1788802249.869726) can0 02488600#0000000000000000
(1788802249.884728) can0 05FF4610#0000D09BFFFFFFA9
(1788802249.888728) can0 04FF3602#0000000000000000
(1788802249.898729) can0 04FF3604#0006000300C80100
(1788802249.899728) can0 02213600#
(1788802249.922732) can0 03FF1000#0840112200000001
(1788802249.927987) can0 04FF3604#0004000300C80100
(1788802249.931730) can0 02FF2605#0000060907070007
(1788802249.932730) can0 03FF1001#0000000000000000
(1788802249.942969) can0 03FF1603#0000D03600000000
(1788802249.953731) can0 03FF1605#0100000000000000
(1788802249.957985) can0 04FF3604#0006000300C80100
(1788802249.959731) can0 02FF2604#0000000000000000
(1788802249.987987) can0 04FF3604#0005000300C80100
(1788802249.990733) can0 02FF2704#0200000000000000
(1788802250.017966) can0 04FF3604#0003000300C80100
(1788802250.026978) can0 03FF1000#0840112200000001
(1788802250.037735) can0 03FF1001#0000000000000000
(1788802250.047967) can0 03FF1603#0000D03600000000
(1788802250.048736) can0 04FF3604#0004000300C80100
(1788802250.058737) can0 03FF1605#0100000000000000
(1788802250.077990) can0 04FF3604#0006000300C80100
(1788802250.107975) can0 04FF3604#0004000300C80100
(1788802250.131975) can0 03FF1000#0840112200000001
(1788802250.137985) can0 04FF3604#0006000300C80100
(1788802250.142741) can0 03FF1001#0000000000000000
(1788802250.146741) can0 05FF4610#0000D09BFFFFFFA9
(1788802250.152961) can0 03FF1603#0000D03600000000
(1788802250.163742) can0 03FF1605#0100000000000000
(1788802250.167980) can0 04FF3604#0006000300C80100
(1788802250.178997) can0 0260B606#0100000000000000
(1788802250.198744) can0 04FF3604#0005000300C80100
(1788802250.199870) can0 02203607#0000000300000000
(1788802250.227995) can0 04FF3604#0006000300C80100
(1788802250.237746) can0 03FF1000#0840112200000001
(1788802250.247747) can0 03FF1001#0000000000000000
(1788802250.257979) can0 04FF3604#0004000300C80100
(1788802250.258746) can0 03FF1603#0000D03600000000
(1788802250.268748) can0 03FF1605#0100000000000000
(1788802250.278956) can0 03FF1600#142B000104001313
(1788802250.287979) can0 04FF3604#0005000300C80100
(1788802250.289751) can0 03FF1601#6E50000000000000
(1788802250.299946) can0 03FF1602#000005000000157C
(1788802250.310749) can0 03FF1604#0000000000000000
(1788802250.317981) can0 04FF3604#0003000300C80100
(1788802250.342001) can0 03FF1000#0840112200000001
(1788802250.347971) can0 04FF3604#0003000300C80100
(1788802250.352751) can0 03FF1001#0000000000000000
(1788802250.362972) can0 03FF1603#0000D03600000000
(1788802250.373753) can0 03FF1605#0100000000000000
(1788802250.377962) can0 04FF3604#0003000300C80100
(1788802250.388753) can0 04FF3602#0000000000000000
(1788802250.407974) can0 04FF3604#0005000300C80100
(1788802250.435759) can0 05FF4610#0000D09BFFFFFFA9
(1788802250.437967) can0 04FF3604#0003000300C80100
(1788802250.447000) can0 03FF1000#0840112200000001
(1788802250.457758) can0 03FF1001#0000000000000000
(1788802250.467973) can0 03FF1603#0000D03600000000
(1788802250.478758) can0 03FF1605#0100000000000000
(1788802250.497979) can0 04FF3604#0004000300C80100
(1788802250.510760) can0 02181606#0100190001030200
(1788802250.527980) can0 04FF3604#0005000300C80100
(1788802250.540762) can0 02203606#0101000100010000
(1788802250.552005) can0 03FF1000#0840112200000001
(1788802250.557971) can0 04FF3604#0003000300C80100
(1788802250.562762) can0 03FF1001#0000000000000000
(1788802250.570763) can0 02181608#0500000001000000
(1788802250.572971) can0 03FF1603#0000D03600000000
(1788802250.581763) can0 05FF4001#0000000000000000
(1788802250.583768) can0 03FF1605#0100000000000000
(1788802250.584767) can0 05FF4000#0000000000000000
(1788802250.587984) can0 04FF3604#0003000300C80100
(1788802250.593972) can0 03121606#0100000000000000
(1788802250.600765) can0 02181609#0000000000000000
(1788802250.617998) can0 04FF3604#0003000300C80100
(1788802250.630766) can0 02488600#0000000000000000
(1788802250.647998) can0 04FF3604#0006000300C80100
(1788802250.657017) can0 03FF1000#0840112200000001
(1788802250.660022) can0 02213601#
(1788802250.664767) can0 05FF4602#06100C100D100C10
(1788802250.667767) can0 03FF1001#0000000000000000
(1788802250.674769) can0 05FF4603#0C1009100D100E10
(1788802250.677976) can0 03FF1603#0000D03600000000
(1788802250.678768) can0 04FF3604#0003000300C80100
(1788802250.684768) can0 05FF4604#0B100C100F101010
(1788802250.688769) can0 03FF1605#0100000000000000
(1788802250.694770) can0 05FF4605#0A10000000000000
(1788802250.700770) can0 05FF4610#0000D09BFFFFFF9E
(1788802250.707978) can0 04FF3604#0006000300C80100
(1788802250.724771) can0 05FF4606#1E1E1E
(1788802250.734772) can0 05FF4607#1E1D1E
(1788802250.737979) can0 04FF3604#0005000300C80100
(1788802250.744771) can0 05FF4608#0019007C
(1788802250.754772) can0 05FF4609#030003CA03CA00
(1788802250.762027) can0 03FF1000#0840112200000001
(1788802250.767969) can0 04FF3604#0004000400C80100
(1788802250.772773) can0 03FF1001#0000000000000000
(1788802250.782947) can0 03FF1603#0000D03600000000
(1788802250.793774) can0 03FF1605#0100000000000000
(1788802250.797982) can0 04FF3604#0004000300C80100
(1788802250.827973) can0 04FF3604#0006000300C80100
(1788802250.858005) can0 04FF3604#0006000300C80100
(1788802250.867010) can0 03FF1000#0840112200000001
(1788802250.877780) can0 03FF1001#0000000000000000
(1788802250.880778) can0 02FF2605#0000060907070008
(1788802250.887994) can0 04FF3602#0000000000000000
(1788802250.888779) can0 03FF1603#0000D03600000000
(1788802250.890779) can0 05FF4400#00000004
(1788802250.898780) can0 03FF1605#0100000000000000
(1788802250.910780) can0 02FF2604#0000000000000000
(1788802250.917967) can0 04FF3604#0004000300C80100
(1788802250.940785) can0 02FF2704#0200000000000000
(1788802250.943784) can0 05FF4600#0D0300900303
(1788802250.947973) can0 04FF3604#0004000300C80100
(1788802250.970818) can0 0260B606#0100000000000000
(1788802250.972015) can0 03FF1000#0840112200000001
(1788802250.975784) can0 05FF4610#0000D09BFFFFFF9E
(1788802250.977975) can0 04FF3604#0003000300C80100
(1788802250.982784) can0 03FF1001#0000000000000000
(1788802250.991785) can0 05FF4601#007300000000
(1788802250.992981) can0 03FF1603#0000D03600000000
(1788802251.000786) can0 02203607#0000000300000000
(1788802251.003785) can0 03FF1605#0100000000000000
(1788802251.008004) can0 04FF3604#0006000300C80100
(1788802251.037961) can0 04FF3604#0004000300C80100
(1788802251.067961) can0 04FF3604#0008000300C80100
(1788802251.076999) can0 03FF1000#0840112200000001
(1788802251.087789) can0 03FF1001#0000000000000000
(1788802251.097991) can0 04FF3604#0004000400C80100
(1788802251.098794) can0 03FF1603#0000D03600000000
(1788802251.108791) can0 03FF1605#0100000000000000
(1788802251.127978) can0 04FF3604#0007000300C80100
(1788802251.157967) can0 04FF3604#0004000300C80100
(1788802251.182025) can0 03FF1000#0840112200000001
(1788802251.187979) can0 04FF3604#0003000300C80100
(1788802251.192795) can0 03FF1001#0000000000000000
(1788802251.202970) can0 03FF1603#0000D03600000000
(1788802251.213796) can0 03FF1605#0100000000000000
(1788802251.217982) can0 04FF3604#0005000300C80100
(1788802251.238844) can0 05FF4610#0000D09BFFFFFF9E
(1788802251.247995) can0 04FF3604#0004000400C80100
(1788802251.266003) can0 03FF1600#142B000104001319
(1788802251.270880) can0 02181606#0100190001030200
(1788802251.276799) can0 03FF1601#6E50000000000000
(1788802251.277995) can0 04FF3604#0006000300C80100
(1788802251.287019) can0 03FF1602#000005000000157C
(1788802251.297801) can0 03FF1604#0000000000000000
(1788802251.301800) can0 02203606#0101000100010000
(1788802251.307974) can0 04FF3604#0006000400C80100
(1788802251.308801) can0 03FF1000#0840112200000001
(1788802251.318802) can0 03FF1001#0000000000000000
(1788802251.328999) can0 03FF1603#0000D03600000000
(1788802251.331802) can0 02181608#0500000001000000
(1788802251.337971) can0 04FF3604#0004000300C80100
(1788802251.339802) can0 03FF1605#0100000000000000
(1788802251.349977) can0 03121606#0000000000000000
(1788802251.360989) can0 02181609#0000000000000000
(1788802251.367989) can0 04FF3604#0005000300C80100
(1788802251.387989) can0 04FF3602#0000000000000000
(1788802251.390990) can0 02488600#0000000000000000
(1788802251.392025) can0 03FF1000#0840112200000001
(1788802251.397963) can0 04FF3604#0005000400C80100
(1788802251.402805) can0 03FF1001#0000000000000000
(1788802251.412991) can0 03FF1603#0000D03600000000
(1788802251.421809) can0 02294611#
(1788802251.422810) can0 05124611#0061368C000034E4
(1788802251.423809) can0 03FF1605#0100000000000000
(1788802251.427968) can0 04FF3604#0004000300C80100
(1788802251.457970) can0 04FF3604#0005000300C80100
(1788802251.487960) can0 04FF3604#0007000400C80100
(1788802251.497020) can0 03FF1000#0840112200000001
(1788802251.507811) can0 03FF1001#0000000000000000
(1788802251.517961) can0 04FF3604#0005000400C80100
(1788802251.518811) can0 03FF1603#0000D03600000000
(1788802251.528813) can0 03FF1605#0100000000000000
(1788802251.529812) can0 05FF4610#0000D09AFFFFFFA3
(1788802251.547975) can0 04FF3604#0006000400C80100
(1788802251.577984) can0 04FF3604#0006000300C80100
(1788802251.602026) can0 03FF1000#0840112200000001
(1788802251.607994) can0 04FF3604#0006000300C80100
(1788802251.612819) can0 03FF1001#0000000000000000
(1788802251.623004) can0 03FF1603#0000D03600000000
(1788802251.628956) can0 05FF4001#0000000000000000
(1788802251.630817) can0 05FF4000#0000000000000000
(1788802251.633817) can0 03FF1605#0100000000000000
(1788802251.637963) can0 04FF3604#0007000300C80100
(1788802251.667971) can0 04FF3604#0006000400C80100
(1788802251.697961) can0 04FF3604#0004000300C80100
(1788802251.707054) can0 03FF1000#0840112200000001
(1788802251.710821) can0 05FF4602#06100C100C100C10
(1788802251.717822) can0 03FF1001#0000000000000000
(1788802251.720822) can0 05FF4603#0C100A100D100E10
(1788802251.727974) can0 04FF3604#0006000300C80100
(1788802251.728822) can0 03FF1603#0000D03600000000
(1788802251.730822) can0 05FF4604#0B100C100F101010
(1788802251.738823) can0 03FF1605#0100000000000000
(1788802251.740823) can0 05FF4605#0910000000000000
(1788802251.757958) can0 04FF3604#0003000300C80100
(1788802251.771825) can0 05FF4606#1E1E1E
(1788802251.781826) can0 05FF4607#1E1D1E
(1788802251.787988) can0 04FF3604#0006000300C80100
(1788802251.790825) can0 05FF4610#0000D09AFFFFFFA3
(1788802251.791825) can0 05FF4608#0019007C
(1788802251.801827) can0 05FF4609#030003CA03CA00
(1788802251.812035) can0 03FF1000#0840112200000001
(1788802251.817956) can0 04FF3604#0003000300C80100
(1788802251.822827) can0 03FF1001#0000000000000000
(1788802251.832978) can0 03FF1603#0000D03600000000
(1788802251.843828) can0 03FF1605#0100000000000000
(1788802251.847979) can0 04FF3604#0004000300C80100
(1788802251.877969) can0 04FF3604#0005000300C80100
(1788802251.887981) can0 04FF3602#0000000000000000
(1788802251.891832) can0 02FF2605#0000060907070009
(1788802251.907982) can0 04FF3604#0003000300C80100
(1788802251.917041) can0 03FF1000#0840112200000001
(1788802251.923836) can0 02FF2604#0000000000000000
(1788802251.927835) can0 03FF1001#0000000000000000
(1788802251.937972) can0 04FF3604#0004000300C80100
(1788802251.938833) can0 03FF1603#0000D03600000000
(1788802251.948834) can0 03FF1605#0100000000000000
(1788802251.951835) can0 02FF2704#0200000000000000
(1788802251.967974) can0 04FF3604#0005000300C80100
(1788802251.981836) can0 0260B606#0100000000000000
(1788802251.997964) can0 04FF3604#0005000400C80100
(1788802252.011837) can0 02203607#0000000300000000
(1788802252.022023) can0 03FF1000#0840112200000001
(1788802252.027953) can0 04FF3604#0003000300C80100
(1788802252.032838) can0 03FF1001#0000000000000000
(1788802252.042839) can0 02181606#0100190001030200
(1788802252.043009) can0 03FF1603#0000D03600000000
(1788802252.053840) can0 03FF1605#0100000000000000
(1788802252.057955) can0 04FF3604#0003000300C80100
(1788802252.063843) can0 05FF4610#0000D09AFFFFFFA3
(1788802252.087971) can0 04FF3604#0005000300C80100
(1788802252.092841) can0 02203606#0101000100010000
(1788802252.117959) can0 04FF3604#0005000300C80100
(1788802252.121848) can0 02181608#0500000001000000
(1788802252.127088) can0 03FF1000#0840112200000001
(1788802252.137844) can0 03FF1001#0000000000000000
(1788802252.147973) can0 04FF3604#0005000300C80100
(1788802252.148844) can0 03FF1603#0000D03600000000
(1788802252.152844) can0 02181609#0000000000000000
(1788802252.158846) can0 03FF1605#0100000000000000
(1788802252.169007) can0 03121606#0000000000000000
(1788802252.177946) can0 04FF3604#0004000300C80100
(1788802252.181846) can0 02488600#0000000000000000
(1788802252.207975) can0 04FF3604#0006000300C80100
(1788802252.211847) can0 02294612#
(1788802252.212865) can0 05124612#0000000000000000
(1788802252.232034) can0 03FF1000#0840112200000001
(1788802252.237976) can0 04FF3604#0006000300C80100
(1788802252.242849) can0 03FF1001#0000000000000000
(1788802252.253000) can0 03FF1603#0000D03600000000
(1788802252.263850) can0 03FF1605#0100000000000000
(1788802252.267966) can0 04FF3604#0007000300C80100
(1788802252.274013) can0 03FF1600#142B000104001319
(1788802252.284850) can0 03FF1601#6E50000000000000
(1788802252.295003) can0 03FF1602#000005000000157C
(1788802252.297979) can0 04FF3604#0004000300C80100
(1788802252.305852) can0 03FF1604#0000000000000000
(1788802252.324908) can0 05FF4610#0000D09AFFFFFFA3
(1788802252.327957) can0 04FF3604#0007000300C80100
(1788802252.337062) can0 03FF1000#0840112200000001
(1788802252.347855) can0 03FF1001#0000000000000000
(1788802252.357982) can0 04FF3604#0007000300C80100
(1788802252.358854) can0 03FF1603#0000D03600000000
(1788802252.368856) can0 03FF1605#0100000000000000
(1788802252.387984) can0 04FF3602#0000000000000000
(1788802252.388856) can0 04FF3604#0005000300C80100
(1788802252.417951) can0 04FF3604#0004000300C80100
(1788802252.442047) can0 03FF1000#0840112200000001
(1788802252.447977) can0 04FF3604#0003000300C80100
(1788802252.452859) can0 03FF1001#0000000000000000
(1788802252.463022) can0 03FF1603#0000D03600000000
(1788802252.473861) can0 03FF1605#0100000000000000
(1788802252.477954) can0 04FF3604#0002000300C80100
(1788802252.507967) can0 04FF3604#0006000300C80100
(1788802252.537957) can0 04FF3604#0006000300C80100
(1788802252.547037) can0 03FF1000#0840112200000001
(1788802252.557866) can0 03FF1001#0000000000000000
(1788802252.567954) can0 04FF3604#0004000300C80100
(1788802252.568866) can0 03FF1603#0000D03600000000
(1788802252.578867) can0 03FF1605#0100000000000000
(1788802252.597983) can0 04FF3604#0004000400C80100
(1788802252.616003) can0 05FF4610#0000D09CFFFFFFA9
(1788802252.627973) can0 04FF3604#0004000300C80100
(1788802252.652048) can0 03FF1000#0840112200000001
(1788802252.657967) can0 04FF3604#0005000300C80100
(1788802252.662871) can0 03FF1001#0000000000000000
(1788802252.673010) can0 03FF1603#0000D03600000000
(1788802252.673871) can0 05FF4001#0000000000000000
(1788802252.675067) can0 05FF4000#0000000000000000
(1788802252.683873) can0 03FF1605#0100000000000000
(1788802252.687964) can0 04FF3604#0006000300C80100
(1788802252.717966) can0 04FF3604#0004000300C80100
(1788802252.747980) can0 04FF3604#0002000300C80100
(1788802252.755033) can0 05FF4602#07100C100C100C10
(1788802252.757037) can0 03FF1000#0840112200000001
(1788802252.765049) can0 05FF4603#0C100A100D100E10
(1788802252.767876) can0 03FF1001#0000000000000000
(1788802252.775074) can0 05FF4604#0B100C100F101010
(1788802252.777980) can0 04FF3604#0005000400C80100
(1788802252.778876) can0 03FF1603#0000D03600000000
(1788802252.785085) can0 05FF4605#0A10000000000000
(1788802252.788877) can0 03FF1605#0100000000000000
(1788802252.792877) can0 02181606#0100190001030200
(1788802252.807959) can0 04FF3604#0006000300C80100
(1788802252.814890) can0 05FF4606#1E1E1E
(1788802252.822879) can0 02203606#0101000100010000
(1788802252.824902) can0 05FF4607#1E1D1E
(1788802252.834948) can0 05FF4608#0019007C
(1788802252.837960) can0 04FF3604#0004000300C80100
(1788802252.845065) can0 05FF4609#030003CA03CA00
(1788802252.852880) can0 02181608#0500000001000000
(1788802252.862066) can0 03FF1000#0840112200000001
(1788802252.867962) can0 04FF3604#0005000300C80100
(1788802252.872881) can0 03FF1001#0000000000000000
(1788802252.882882) can0 02181609#0000000000000000
(1788802252.883052) can0 03FF1603#0000D03600000000
(1788802252.887952) can0 04FF3602#0000000000000000
(1788802252.889882) can0 05FF4610#0000D09CFFFFFFA9
(1788802252.893883) can0 03FF1605#0100000000000000
(1788802252.898079) can0 04FF3604#0005000300C80100
(1788802252.904079) can0 03121606#0000000000000000
(1788802252.912884) can0 02488600#0000000000000000
(1788802252.927968) can0 04FF3604#0007000400C80100
(1788802252.942888) can0 02294613#
(1788802252.943113) can0 05124613#0000000000000000
(1788802252.957951) can0 04FF3604#0002000300C80100
(1788802252.967060) can0 03FF1000#0840112200000001
(1788802252.972886) can0 02FF2605#0000060907070000
(1788802252.977887) can0 03FF1001#0000000000000000
(1788802252.987952) can0 04FF3604#0006000300C80100
(1788802252.988887) can0 03FF1603#0000D03600000000
(1788802252.998889) can0 03FF1605#0100000000000000
(1788802253.002888) can0 02FF2604#0000000000000000
(1788802253.017958) can0 04FF3604#0005000300C80100
(1788802253.032890) can0 02FF2704#0200000000000000
(1788802253.047960) can0 04FF3604#0005000300C80100
(1788802253.072045) can0 03FF1000#0840112200000001
(1788802253.077948) can0 04FF3604#0005000300C80100
(1788802253.082892) can0 03FF1001#0000000000000000
(1788802253.085892) can0 0260B606#0100000000000000
(1788802253.093032) can0 03FF1603#0000D03600000000
(1788802253.103894) can0 03FF1605#0100000000000000
(1788802253.107963) can0 04FF3604#0004000300C80100
(1788802253.112893) can0 02203607#0000000300000000
(1788802253.137965) can0 04FF3604#0005000300C80100
(1788802253.150901) can0 05FF4610#0000D09CFFFFFFA9
(1788802253.166899) can0 03FF1400#0000000A00000000
(1788802253.167943) can0 04FF3604#0003000300C80100
(1788802253.177047) can0 03FF1000#0840112200000001
(1788802253.187898) can0 03FF1001#0000000000000000
(1788802253.197945) can0 04FF3604#0004000300C80100
(1788802253.198898) can0 03FF1603#0000D03600000000
(1788802253.208899) can0 03FF1605#0100000000000000
(1788802253.227954) can0 04FF3604#0005000300C80100
(1788802253.257948) can0 04FF3604#0003000300C80100
(1788802253.282100) can0 03FF1000#0840112200000001
(1788802253.287950) can0 04FF3604#0004000300C80100
(1788802253.292904) can0 03FF1001#0000000000000000
(1788802253.303008) can0 03FF1600#142B000104001319
(1788802253.313904) can0 03FF1601#6E50000000000000
(1788802253.317951) can0 04FF3604#0004000300C80100
(1788802253.324027) can0 03FF1602#000005000000157C
(1788802253.334906) can0 03FF1603#0000D03600000000
(1788802253.345057) can0 03FF1604#0000000000000000
(1788802253.347964) can0 04FF3604#0004000300C80100
(1788802253.355907) can0 03FF1605#0100000000000000
(1788802253.377942) can0 04FF3604#0005000400C80100
(1788802253.387070) can0 03FF1000#0840112200000001
(1788802253.387966) can0 04FF3602#0000000000000000
(1788802253.397910) can0 03FF1001#0000000000000000
(1788802253.407945) can0 04FF3604#0003000300C80100
(1788802253.408910) can0 03FF1603#0000D03600000000
(1788802253.418911) can0 03FF1605#0100000000000000
(1788802253.437958) can0 04FF3604#0005000300C80100
(1788802253.438914) can0 05FF4610#0000D09AFFFFFFA9
(1788802253.467960) can0 04FF3604#0004000300C80100
(1788802253.492065) can0 03FF1000#0840112200000001
(1788802253.497944) can0 04FF3604#0006000300C80100
(1788802253.502914) can0 03FF1001#0000000000000000
(1788802253.513041) can0 03FF1603#0000D03600000000
(1788802253.523916) can0 03FF1605#0100000000000000
(1788802253.527950) can0 04FF3604#0005000300C80100
(1788802253.553091) can0 02181606#0100190001030200
(1788802253.557953) can0 04FF3604#0003000300C80100
(1788802253.583139) can0 02203606#0101000100010000
(1788802253.587948) can0 04FF3604#0005000300C80100
(1788802253.597057) can0 03FF1000#0840112200000001
(1788802253.607920) can0 03FF1001#0000000000000000
(1788802253.613920) can0 02181608#0500000001000000
(1788802253.617973) can0 04FF3604#0005000300C80100
(1788802253.618920) can0 03FF1603#0000D03600000000
(1788802253.628921) can0 03FF1605#0100000000000000
(1788802253.639037) can0 03121606#0000000000000000
(1788802253.643926) can0 02181609#0000000000000000
(1788802253.647959) can0 04FF3604#0005000300C80100
(1788802253.673923) can0 02488600#0000000000000000
(1788802253.677958) can0 04FF3604#0005000300C80100
(1788802253.702047) can0 03FF1000#0840112200000001
(1788802253.702924) can0 05FF4610#0000D09AFFFFFFA3
(1788802253.703003) can0 02294614#
(1788802253.704924) can0 05124614#10100B100600000A
(1788802253.707954) can0 04FF3604#0004000300C80100
(1788802253.712925) can0 03FF1001#0000000000000000
(1788802253.716925) can0 05FF4001#0000000000000000
(1788802253.718925) can0 05FF4000#0000000000000000
(1788802253.723041) can0 03FF1603#0000D03600000000
(1788802253.733927) can0 03FF1605#0100000000000000
(1788802253.737949) can0 04FF3604#0004000400C80100
(1788802253.767963) can0 04FF3604#0008000300C80100
(1788802253.797948) can0 04FF3604#0004000300C80100
(1788802253.798929) can0 05FF4602#06100C100C100C10
(1788802253.807057) can0 03FF1000#0840112200000001
(1788802253.808929) can0 05FF4603#0C100A100D100E10
(1788802253.817931) can0 03FF1001#0000000000000000
(1788802253.819930) can0 05FF4604#0B100C100F101010
(1788802253.827954) can0 04FF3604#0004000300C80100
(1788802253.828931) can0 03FF1603#0000D03600000000
(1788802253.829930) can0 05FF4605#0910000000000000
(1788802253.838932) can0 03FF1605#0100000000000000
(1788802253.857956) can0 04FF3604#0004000300C80100
(1788802253.859932) can0 05FF4606#1E1E1E
(1788802253.881934) can0 05FF4607#1E1D1E
(1788802253.887968) can0 04FF3602#0000000000000000
(1788802253.888934) can0 04FF3604#0006000300C80100
(1788802253.891177) can0 05FF4608#0019007C
(1788802253.901936) can0 05FF4609#030003CA03CA00
(1788802253.912086) can0 03FF1000#0840112200000001
(1788802253.915935) can0 02FF2605#0000060907070001
(1788802253.917982) can0 04FF3604#0006000300C80100
(1788802253.922936) can0 03FF1001#0000000000000000
(1788802253.933032) can0 03FF1603#0000D03600000000
(1788802253.943939) can0 02FF2604#0000000000000000
(1788802253.944131) can0 03FF1605#0100000000000000
(1788802253.947944) can0 04FF3604#0006000300C80100
(1788802253.973938) can0 02FF2704#0200000000000000
(1788802253.977939) can0 05FF4610#0000D09AFFFFFFA3
(1788802253.977994) can0 04FF3604#0004000300C80100
(1788802254.003940) can0 0260B606#0100000000000000
(1788802254.007963) can0 04FF3604#0006000300C80100
(1788802254.017067) can0 03FF1000#0840112200000001
(1788802254.027941) can0 03FF1001#0000000000000000
(1788802254.033941) can0 02203607#0000000300000000
(1788802254.037941) can0 04FF3604#0003000300C80100
(1788802254.038941) can0 03FF1603#0000D03600000000
(1788802254.048941) can0 03FF1605#0100000000000000
(1788802254.067953) can0 04FF3604#0005000300C80100
(1788802254.097947) can0 04FF3604#0005000300C80100
(1788802254.122062) can0 03FF1000#0840112200000001
(1788802254.127946) can0 04FF3604#0004000300C80100
(1788802254.132947) can0 03FF1001#0000000000000000
(1788802254.143052) can0 03FF1603#0000D03600000000
(1788802254.153953) can0 03FF1605#0100000000000000
(1788802254.157951) can0 04FF3604#0004000300C80100
(1788802254.187950) can0 04FF3604#0006000400C80100
(1788802254.217951) can0 04FF3604#0005000300C80100
(1788802254.227079) can0 03FF1000#0840112200000001
(1788802254.237952) can0 03FF1001#0000000000000000
(1788802254.238952) can0 05FF4610#0000D09AFFFFFFA3
(1788802254.247952) can0 04FF3604#0005000300C80100
(1788802254.248952) can0 03FF1603#0000D03600000000
(1788802254.258954) can0 03FF1605#0100000000000000
(1788802254.277954) can0 04FF3604#0006000300C80100
(1788802254.290093) can0 03FF1600#142B000104001319
(1788802254.300955) can0 03FF1601#6E50000000000000
(1788802254.307955) can0 04FF3604#0006000300C80100
(1788802254.311025) can0 03FF1602#000005000000157C
(1788802254.313955) can0 02181606#0100190001030200
(1788802254.321956) can0 03FF1604#0000000000000000
(1788802254.332080) can0 03FF1000#0840112200000001
(1788802254.337958) can0 04FF3604#0003000400C80100
(1788802254.342957) can0 03FF1001#0000000000000000
(1788802254.343957) can0 02203606#0101000100010000
(1788802254.353034) can0 03FF1603#0000D03600000000
(1788802254.363959) can0 03FF1605#0100000000000000
(1788802254.367958) can0 04FF3604#0003000300C80100
(1788802254.373970) can0 02181608#0500000001000000
(1788802254.374958) can0 03121606#0000000000000000
(1788802254.387982) can0 04FF3602#0000000000000000
(1788802254.397960) can0 04FF3604#0005000300C80100
(1788802254.403983) can0 02181609#0000000000000000
(1788802254.427965) can0 04FF3604#0003000300C80100
(1788802254.433987) can0 02488600#0000000000000000
(1788802254.437089) can0 03FF1000#0840112200000001
(1788802254.447962) can0 03FF1001#0000000000000000
(1788802254.457964) can0 04FF3604#0004000300C80100
(1788802254.458963) can0 03FF1603#0000D03600000000
(1788802254.463963) can0 02294615#
(1788802254.465963) can0 05124615#1E011E0100FF
(1788802254.468963) can0 03FF1605#0100000000000000
(1788802254.487965) can0 04FF3604#0002000300C80100
(1788802254.517967) can0 04FF3604#0007000300C80100
(1788802254.525967) can0 05FF4610#0000D09CFFFFFFA3
(1788802254.542090) can0 03FF1000#0840112200000001
(1788802254.547967) can0 04FF3604#0005000300C80100
(1788802254.552968) can0 03FF1001#0000000000000000
(1788802254.563061) can0 03FF1603#0000D03600000000
(1788802254.573969) can0 03FF1605#0100000000000000
(1788802254.577969) can0 04FF3604#0004000300C80100
(1788802254.607971) can0 04FF3604#0004000300C80100
(1788802254.637973) can0 04FF3604#0004000300C80100
(1788802254.647077) can0 03FF1000#0840112200000001
(1788802254.657978) can0 03FF1001#0000000000000000
(1788802254.667977) can0 04FF3604#0005000300C80100
(1788802254.668974) can0 03FF1603#0000D03600000000
(1788802254.678975) can0 03FF1605#0100000000000000
(1788802254.697976) can0 04FF3604#0004000300C80100
(1788802254.727977) can0 04FF3604#0005000300C80100
(1788802254.752070) can0 03FF1000#0840112200000001
(1788802254.757978) can0 04FF3604#0002000300C80100
(1788802254.759978) can0 05FF4001#0000000000000000
(1788802254.761979) can0 05FF4000#0000000000000000
(1788802254.762978) can0 03FF1001#0000000000000000
(1788802254.773060) can0 03FF1603#0000D03600000000
(1788802254.783980) can0 03FF1605#0100000000000000
(1788802254.787982) can0 04FF3604#0004000300C80100
(1788802254.789981) can0 05FF4610#0000D09CFFFFFFA3
(1788802254.817982) can0 04FF3604#0006000300C80100
(1788802254.842983) can0 05FF4602#07100C100C100C10
(1788802254.847983) can0 04FF3604#0007000300C80100
(1788802254.852983) can0 05FF4603#0C100A100D100E10
(1788802254.857071) can0 03FF1000#0840112200000001
(1788802254.862984) can0 05FF4604#0B100C100F101010
(1788802254.867984) can0 03FF1001#0000000000000000
(1788802254.877985) can0 04FF3604#0005000400C80100
(1788802254.878984) can0 03FF1603#0000D03600000000
(1788802254.884985) can0 05FF4605#0A10000000000000
(1788802254.887985) can0 04FF3602#0000000000000000
(1788802254.888985) can0 03FF1605#0100000000000000
(1788802254.907987) can0 04FF3604#0005000300C80100
(1788802254.914241) can0 05FF4606#1E1E1E
(1788802254.924241) can0 05FF4607#1E1D1E
(1788802254.924987) can0 02FF2605#0000060907070002
(1788802254.934992) can0 05FF4608#0019007C
(1788802254.937991) can0 04FF3604#0003000300C80100
(1788802254.944988) can0 05FF4609#030003CA03CA00
(1788802254.954989) can0 02FF2604#0000000000000000
(1788802254.962140) can0 03FF1000#0840112200000001
(1788802254.967989) can0 04FF3604#0005000300C80100
(1788802254.972989) can0 03FF1001#0000000000000000
(1788802254.983048) can0 03FF1603#0000D03600000000
(1788802254.984990) can0 02FF2704#0200000000000000
(1788802254.993991) can0 03FF1605#0100000000000000
(1788802254.997990) can0 04FF3604#0004000300C80100
(1788802255.014992) can0 0260B606#0100000000000000
(1788802255.027993) can0 04FF3604#0005000300C80100
(1788802255.044993) can0 02203607#0000000300000000
(1788802255.057995) can0 04FF3604#0003000300C80100
(1788802255.062997) can0 05FF4610#0000D09CFFFFFFA3
(1788802255.067101) can0 03FF1000#0840112200000001
(1788802255.077995) can0 03FF1001#0000000000000000
(1788802255.087995) can0 04FF3604#0003000200C80100
(1788802255.088995) can0 03FF1603#0000D03600000000
(1788802255.094997) can0 02181606#0100190001030200
(1788802255.098997) can0 03FF1605#0100000000000000
(1788802255.117997) can0 04FF3604#0007000300C80100
(1788802255.126998) can0 02203606#0101000100010000
(1788802255.147999) can0 04FF3604#0004000300C80100
(1788802255.155004) can0 02181608#0500000001000000
(1788802255.172084) can0 03FF1000#0840112200000001
(1788802255.178001) can0 04FF3604#0003000300C80100
(1788802255.183000) can0 03FF1001#0000000000000000
(1788802255.185000) can0 02181609#0000000000000000
(1788802255.193082) can0 03FF1603#0000D03600000000
(1788802255.204001) can0 03FF1605#0100000000000000
(1788802255.208002) can0 04FF3604#0005000300C80100
(1788802255.214048) can0 03121606#0000000000000000
(1788802255.215002) can0 02488600#0000000000000000
(1788802255.238004) can0 04FF3604#0004000300C80100
(1788802255.245004) can0 02294616#
(1788802255.246003) can0 05124616#00000000000030C6
(1788802255.268005) can0 04FF3604#0004000300C80100
(1788802255.277098) can0 03FF1000#0840112200000001
(1788802255.288006) can0 03FF1001#0000000000000000
(1788802255.298007) can0 04FF3604#0006000300C80100
(1788802255.299006) can0 03FF1603#0000D03600000000
(1788802255.309007) can0 03FF1605#0100000000000000
(1788802255.319061) can0 03FF1600#142B000104001319
(1788802255.326008) can0 05FF4610#0000D09CFFFFFFA3
(1788802255.328008) can0 04FF3604#0004000300C80100
(1788802255.330008) can0 03FF1601#6E50000000000000
(1788802255.340062) can0 03FF1602#000005000000157C
(1788802255.351009) can0 03FF1604#0000000000000000
(1788802255.358009) can0 04FF3604#0005000300C80100
(1788802255.382081) can0 03FF1000#0840112200000001
(1788802255.388011) can0 04FF3602#0000000000000000
(1788802255.389011) can0 04FF3604#0004000300C80100
(1788802255.393011) can0 03FF1001#0000000000000000
(1788802255.403058) can0 03FF1603#0000D03600000000
(1788802255.414013) can0 03FF1605#0100000000000000
(1788802255.418012) can0 04FF3604#0005000300C80100
(1788802255.448017) can0 04FF3604#0005000300C80100
(1788802255.478019) can0 04FF3604#0003000300C80100
(1788802255.487151) can0 03FF1000#0840112200000001
(1788802255.498018) can0 03FF1001#0000000000000000
(1788802255.508018) can0 04FF3604#0006000300C80100
(1788802255.509017) can0 03FF1603#0000D03600000000
(1788802255.519018) can0 03FF1605#0100000000000000
(1788802255.538019) can0 04FF3604#0003000300C80100
(1788802255.568021) can0 04FF3604#0006000300C80100
(1788802255.592126) can0 03FF1000#0840112200000001
(1788802255.598022) can0 04FF3604#0004000300C80100
(1788802255.603022) can0 03FF1001#0000000000000000
(1788802255.613081) can0 03FF1603#0000D03600000000
(1788802255.615023) can0 05FF4610#0000D09AFFFFFFA9
(1788802255.624024) can0 03FF1605#0100000000000000
(1788802255.628023) can0 04FF3604#0005000300C80100
(1788802255.658026) can0 04FF3604#0004000300C80100
(1788802255.688031) can0 04FF3604#0004000300C80100
(1788802255.697110) can0 03FF1000#0840112200000001
(1788802255.708029) can0 03FF1001#0000000000000000
(1788802255.718028) can0 04FF3604#0005000300C80100
(1788802255.719028) can0 03FF1603#0000D03600000000
(1788802255.729029) can0 03FF1605#0100000000000000
(1788802255.748030) can0 04FF3604#0005000300C80100
(1788802255.778031) can0 04FF3604#0007000300C80100
(1788802255.802102) can0 03FF1000#0840112200000001
(1788802255.805032) can0 05FF4001#0000000000000000
(1788802255.807032) can0 05FF4000#0000000000000000
(1788802255.808032) can0 04FF3604#0003000300C80100
(1788802255.813033) can0 03FF1001#0000000000000000
(1788802255.823069) can0 03FF1603#0000D03600000000
(1788802255.834034) can0 03FF1605#0100000000000000
(1788802255.838034) can0 04FF3604#0006000300C80100
(1788802255.856034) can0 02181606#0100190001030200
(1788802255.868036) can0 04FF3604#0004000300C80100
(1788802255.886037) can0 02203606#0101000100010000
(1788802255.888037) can0 04FF3602#0000000000000000
(1788802255.889036) can0 05FF4610#0000D09AFFFFFFA9
(1788802255.898038) can0 04FF3604#0004000400C80100
(1788802255.899037) can0 05FF4602#06100C100C100C10
(1788802255.907095) can0 03FF1000#0840112200000001
(1788802255.909037) can0 05FF4603#0C100A100D100E10
(1788802255.918038) can0 03FF1001#0000000000000000
(1788802255.919038) can0 02181608#0500000001000000
(1788802255.919105) can0 05FF4604#0B100C100F101010
(1788802255.928043) can0 04FF3604#0007000300C80100
(1788802255.929042) can0 03FF1603#0000D03600000000
(1788802255.929106) can0 05FF4605#0910000000000000
(1788802255.939039) can0 03FF1605#0100000000000000
(1788802255.946040) can0 02181609#0000000000000000
(1788802255.949081) can0 03121606#0000000000000000
(1788802255.958041) can0 04FF3604#0004000300C80100
(1788802255.960040) can0 05FF4606#1E1E1E
(1788802255.970099) can0 05FF4607#1E1D1E
(1788802255.976041) can0 02488600#0000000000000000
(1788802255.980041) can0 05FF4608#0019007C
(1788802255.988042) can0 04FF3604#0006000300C80100
(1788802255.990042) can0 05FF4609#030003CA03CA00
(1788802256.005165) can0 02294617#
(1788802256.007043) can0 05124617#0000000000000000
(1788802256.012124) can0 03FF1000#0840112200000001
(1788802256.018044) can0 04FF3604#0002000400C80100
(1788802256.023044) can0 03FF1001#0000000000000000
(1788802256.033079) can0 03FF1603#0000D03600000000
(1788802256.036044) can0 02FF2605#0000060907070003
(1788802256.044045) can0 03FF1605#0100000000000000
(1788802256.048045) can0 04FF3604#0003000300C80100
(1788802256.078049) can0 04FF3604#0004000400C80100
(1788802256.086049) can0 02FF2604#0000000000000000
(1788802256.108049) can0 04FF3604#0004000300C80100
(1788802256.116049) can0 02FF2704#0200000000000000
(1788802256.117129) can0 03FF1000#0840112200000001
(1788802256.128049) can0 03FF1001#0000000000000000
(1788802256.138050) can0 04FF3604#0004000300C80100
(1788802256.139049) can0 03FF1603#0000D03600000000
(1788802256.146050) can0 0260B606#0100000000000000
(1788802256.149050) can0 03FF1605#0100000000000000
(1788802256.151050) can0 05FF4610#0000D09AFFFFFFA9
(1788802256.162051) can0 05FF4600#0D0300900303
(1788802256.168057) can0 04FF3604#0005000300C80100
(1788802256.176054) can0 02203607#0000000300000000
(1788802256.198054) can0 04FF3604#0005000300C80100
(1788802256.216054) can0 02F82400#0900000000000000
(1788802256.222112) can0 03FF1000#0840112200000001
(1788802256.228054) can0 04FF3604#0005000300C80100
(1788802256.233054) can0 03FF1001#0000000000000000
(1788802256.243086) can0 03FF1603#0000D03600000000
(1788802256.246055) can0 02FF2602#C07B14CD3BA7FF9B
(1788802256.254055) can0 03FF1605#0100000000000000
(1788802256.258056) can0 04FF3604#0003000400C80100
(1788802256.288058) can0 04FF3604#0005000300C80100
(1788802256.306116) can0 03FF1600#142B000104001319
(1788802256.317059) can0 03FF1601#6E50000000000000
(1788802256.318059) can0 04FF3604#0004000300C80100
(1788802256.327101) can0 03FF1602#000005000000157C
(1788802256.338062) can0 03FF1604#0000000000000000
(1788802256.348061) can0 04FF3604#0003000300C80100
(1788802256.349060) can0 03FF1000#0840112200000001
(1788802256.359061) can0 03FF1001#0000000000000000
(1788802256.369074) can0 03FF1603#0000D03600000000
(1788802256.378062) can0 04FF3604#0006000300C80100
(1788802256.380062) can0 03FF1605#0100000000000000
(1788802256.388063) can0 04FF3602#0000000000000000
(1788802256.408064) can0 04FF3604#0004000300C80100
(1788802256.412064) can0 05FF4610#0000D09AFFFFFFA9
(1788802256.432114) can0 03FF1000#0840112200000001
(1788802256.438068) can0 04FF3604#0004000300C80100
(1788802256.443066) can0 03FF1001#0000000000000000
(1788802256.453101) can0 03FF1603#0000D03600000000
(1788802256.464067) can0 03FF1605#0100000000000000
(1788802256.468067) can0 04FF3604#0005000300C80100
(1788802256.498069) can0 04FF3604#0005000300C80100
(1788802256.528070) can0 04FF3604#0005000300C80100
(1788802256.537140) can0 03FF1000#0840112200000001
(1788802256.548071) can0 03FF1001#0000000000000000
(1788802256.558072) can0 04FF3604#0004000300C80100
(1788802256.559071) can0 03FF1603#0000D03600000000
(1788802256.569072) can0 03FF1605#0100000000000000
(1788802256.588073) can0 04FF3604#0003000300C80100
(1788802256.616122) can0 02181606#0100190001030200
(1788802256.618075) can0 04FF3604#0002000300C80100
(1788802256.642133) can0 03FF1000#0840112200000001
(1788802256.646140) can0 02203606#0101000100010000
(1788802256.648075) can0 04FF3604#0004000300C80100
(1788802256.653076) can0 03FF1001#0000000000000000
(1788802256.663111) can0 03FF1603#0000D03600000000
(1788802256.674082) can0 03FF1605#0100000000000000
(1788802256.676185) can0 02181608#0500000001000000
(1788802256.678078) can0 04FF3604#0004000300C80100
(1788802256.684112) can0 03121606#0000000000000000
(1788802256.700079) can0 05FF4610#0000D098FFFFFFA3
(1788802256.706206) can0 02181609#0000000000000000
(1788802256.708078) can0 04FF3604#0005000300C80100
(1788802256.736192) can0 02488600#0000000000000000
(1788802256.738080) can0 04FF3604#0003000300C80100
(1788802256.747128) can0 03FF1000#0840112200000001
(1788802256.758081) can0 03FF1001#0000000000000000
(1788802256.767082) can0 02294618#
(1788802256.768082) can0 05124618#00000A6400
(1788802256.768136) can0 03FF1603#0000D03600000000
(1788802256.779083) can0 03FF1605#0100000000000000
(1788802256.798084) can0 04FF3604#0005000300C80100
(1788802256.828086) can0 04FF3604#0003000300C80100
(1788802256.848086) can0 05FF4001#0000000000000000
(1788802256.850086) can0 05FF4000#0000000000000000
(1788802256.852116) can0 03FF1000#0840112200000001
(1788802256.858086) can0 04FF3604#0004000300C80100
(1788802256.863086) can0 03FF1001#0000000000000000
(1788802256.873110) can0 03FF1603#0000D03600000000
(1788802256.884088) can0 03FF1605#0100000000000000
(1788802256.888088) can0 04FF3602#0000000000000000
(1788802256.889089) can0 04FF3604#0006000300C80100
(1788802256.918090) can0 04FF3604#0003000300C80100
(1788802256.942094) can0 05FF4602#06100C100C100C10
(1788802256.947094) can0 02FF2605#0000060907070004
(1788802256.948091) can0 04FF3604#0004000300C80100
(1788802256.952091) can0 05FF4603#0C1009100D100D10
(1788802256.957111) can0 03FF1000#0840112200000001
(1788802256.962092) can0 05FF4604#0A100C100F101010
(1788802256.968092) can0 03FF1001#0000000000000000
(1788802256.972092) can0 05FF4605#0A10000000000000
(1788802256.975093) can0 05FF4610#0000D098FFFFFFA3
(1788802256.977093) can0 02FF2604#0000000000000000
(1788802256.978093) can0 04FF3604#0003000300C80100
(1788802256.979093) can0 03FF1603#0000D03600000000
(1788802256.989094) can0 03FF1605#0100000000000000
(1788802257.002095) can0 05FF4606#1E1E1E
(1788802257.007094) can0 02FF2704#0200000000000000
(1788802257.008095) can0 04FF3604#0003000300C80100
(1788802257.012094) can0 05FF4607#1E1D1E
(1788802257.022095) can0 05FF4608#0019007C
(1788802257.032096) can0 05FF4609#030003CA03CA00
(1788802257.037095) can0 0260B606#0100000000000000
(1788802257.038096) can0 04FF3604#0003000300C80100
(1788802257.062134) can0 03FF1000#0840112200000001
(1788802257.068101) can0 04FF3604#0006000300C80100
(1788802257.073100) can0 03FF1001#0000000000000000
(1788802257.083099) can0 03FF1603#0000D03600000000
(1788802257.087098) can0 02203607#0000000300000000
(1788802257.094100) can0 03FF1605#0100000000000000
(1788802257.098099) can0 04FF3604#0004000300C80100
(1788802257.128101) can0 04FF3604#0003000300C80100
(1788802257.158102) can0 04FF3604#0004000300C80100
(1788802257.167149) can0 03FF1000#0840112200000001
(1788802257.178108) can0 03FF1001#0000000000000000
(1788802257.188106) can0 04FF3604#0003000300C80100
(1788802257.189104) can0 03FF1603#0000D03600000000
(1788802257.199104) can0 03FF1605#0100000000000000
(1788802257.218105) can0 04FF3604#0006000300C80100
(1788802257.236107) can0 05FF4610#0000D098FFFFFFA3
(1788802257.248107) can0 04FF3604#0006000300C80100
(1788802257.272144) can0 03FF1000#0840112200000001
(1788802257.278109) can0 04FF3604#0005000300C80100
(1788802257.283108) can0 03FF1001#0000000000000000
(1788802257.293156) can0 03FF1603#0000D03600000000
(1788802257.304110) can0 03FF1605#0100000000000000
(1788802257.308110) can0 04FF3604#0005000300C80100
(1788802257.314145) can0 03FF1600#142B000104001319
(1788802257.325112) can0 03FF1601#6E50000000000000
(1788802257.335111) can0 03FF1602#000005000000157C
(1788802257.338111) can0 04FF3604#0005000300C80100
(1788802257.346112) can0 03FF1604#0000000000000000
(1788802257.368114) can0 04FF3604#0003000300C80100
(1788802257.377114) can0 02181606#0100190001030200
(1788802257.378113) can0 03FF1000#0840112200000001
(1788802257.388114) can0 03FF1001#0000000000000000
(1788802257.388216) can0 04FF3602#0000000000000000
(1788802257.398115) can0 04FF3604#0005000300C80100
(1788802257.399115) can0 03FF1603#0000D03600000000
(1788802257.407115) can0 02203606#0101000100010000
(1788802257.409115) can0 03FF1605#0100000000000000
(1788802257.428116) can0 04FF3604#0007000300C80100
(1788802257.437119) can0 02181608#0500000001000000
(1788802257.458120) can0 04FF3604#0005000400C80100
(1788802257.467119) can0 02181609#0000000000000000
(1788802257.482153) can0 03FF1000#0840112200000001
(1788802257.488119) can0 04FF3604#0005000300C80100
(1788802257.493119) can0 03FF1001#0000000000000000
(1788802257.497119) can0 02488600#0000000000000000
(1788802257.503120) can0 03FF1603#0000D03600000000
(1788802257.514121) can0 03FF1605#0100000000000000
(1788802257.518121) can0 04FF3604#0005000300C80100
(1788802257.522121) can0 05FF4610#0000D09BFFFFFFA3
(1788802257.524132) can0 03121606#0000000000000000
(1788802257.527121) can0 02498601#
(1788802257.548123) can0 04FF3604#0008000300C80100
(1788802257.578124) can0 04FF3604#0006000300C80100
(1788802257.587159) can0 03FF1000#0840112200000001
(1788802257.598125) can0 03FF1001#0000000000000000
(1788802257.608125) can0 04FF3604#0005000300C80100
(1788802257.609125) can0 03FF1603#0000D03600000000
(1788802257.619126) can0 03FF1605#0100000000000000
(1788802257.638128) can0 04FF3604#0004000300C80100
(1788802257.668129) can0 04FF3604#0005000300C80100
(1788802257.692169) can0 03FF1000#0840112200000001
(1788802257.698133) can0 04FF3604#0005000300C80100
(1788802257.703131) can0 03FF1001#0000000000000000
(1788802257.713130) can0 03FF1603#0000D03600000000
(1788802257.724131) can0 03FF1605#0100000000000000
(1788802257.728132) can0 04FF3604#0005000300C80100
(1788802257.758133) can0 04FF3604#0005000300C80100
(1788802257.786135) can0 05FF4610#0000D09BFFFFFFA9
(1788802257.788134) can0 04FF3604#0003000300C80100
(1788802257.797146) can0 03FF1000#0840112200000001
(1788802257.808136) can0 03FF1001#0000000000000000
(1788802257.818136) can0 04FF3604#0003000300C80100
(1788802257.819136) can0 03FF1603#0000D03600000000
(1788802257.829137) can0 03FF1605#0100000000000000
(1788802257.848138) can0 04FF3604#0003000400C80100
(1788802257.878140) can0 04FF3604#0005000400C80100
(1788802257.888140) can0 04FF3602#0000000000000000
(1788802257.901141) can0 05FF4001#0000000000000000
(1788802257.902141) can0 03FF1000#0840112200000001
(1788802257.903140) can0 05FF4000#0000000000000000
(1788802257.908141) can0 04FF3604#0005000300C80100
(1788802257.913141) can0 03FF1001#0000000000000000
(1788802257.923142) can0 03FF1603#0000D03600000000
(1788802257.934146) can0 03FF1605#0100000000000000
(1788802257.938145) can0 04FF3604#0003000300C80100
(1788802257.957399) can0 02FF2605#0000060907070005
(1788802257.968145) can0 04FF3604#0005000300C80100
(1788802257.983146) can0 05FF4602#06100C100C100C10
(1788802257.988145) can0 02FF2604#0000000000000000
(1788802257.993145) can0 05FF4603#0C100A100D100E10
(1788802257.998147) can0 04FF3604#0006000300C80100
(1788802258.003146) can0 05FF4604#0B100C100F101010
(1788802258.007146) can0 03FF1000#0840112200000001
(1788802258.013146) can0 05FF4605#0A10000000000000
(1788802258.018147) can0 02FF2704#0200000000000000
(1788802258.018203) can0 03FF1001#0000000000000000
(1788802258.028148) can0 04FF3604#0004000400C80100
(1788802258.029147) can0 03FF1603#0000D03600000000
(1788802258.039148) can0 03FF1605#0100000000000000
(1788802258.043148) can0 05FF4606#1E1E1E
(1788802258.048148) can0 0260B606#0100000000000000
(1788802258.053148) can0 05FF4607#1E1D1E
(1788802258.058149) can0 04FF3604#0004000400C80100
(1788802258.059149) can0 05FF4610#0000D09BFFFFFFA9
(1788802258.063152) can0 05FF4608#0019007C
(1788802258.073152) can0 05FF4609#030003CA03CA00
(1788802258.088150) can0 04FF3604#0005000300C80100
(1788802258.098151) can0 02203607#0000000300000000
(1788802258.112175) can0 03FF1000#0840112200000001
(1788802258.118152) can0 04FF3604#0004000300C80100
(1788802258.123152) can0 03FF1001#0000000000000000
(1788802258.133153) can0 03FF1603#0000D03600000000
(1788802258.144153) can0 03FF1605#0100000000000000
(1788802258.148153) can0 04FF3604#0006000300C80100
(1788802258.178155) can0 04FF3604#0004000300C80100
(1788802258.208160) can0 04FF3604#0004000300C80100
(1788802258.217159) can0 03FF1000#0840112200000001
(1788802258.218157) can0 02181606#0100190001030200
(1788802258.228158) can0 03FF1001#0000000000000000
(1788802258.238158) can0 04FF3604#0003000300C80100
(1788802258.239158) can0 03FF1603#0000D03600000000
(1788802258.248158) can0 02203606#0101000100010000
(1788802258.249159) can0 03FF1605#0100000000000000
(1788802258.268160) can0 04FF3604#0005000300C80100
(1788802258.278160) can0 02181608#0500000001000000
(1788802258.298161) can0 04FF3604#0005000300C80100
(1788802258.308162) can0 02181609#0000000000000000
(1788802258.321163) can0 05FF4610#0000D09BFFFFFFA9
(1788802258.322220) can0 03FF1000#0840112200000001
(1788802258.328162) can0 04FF3604#0005000300C80100
(1788802258.333163) can0 03FF1001#0000000000000000
(1788802258.338163) can0 02488600#0000000000000000
(1788802258.343163) can0 03FF1600#142B000104001319
(1788802258.354165) can0 03FF1601#6E50000000000000
(1788802258.358164) can0 04FF3604#0007000300C80100
(1788802258.364164) can0 03FF1602#000005000000157C
(1788802258.368164) can0 02498602#
(1788802258.375165) can0 03FF1603#0000D03600000000
(1788802258.385166) can0 03FF1604#0000000000000000
(1788802258.388165) can0 04FF3602#0000000000000000
(1788802258.389165) can0 04FF3604#0004000300C80100
(1788802258.396166) can0 03FF1605#0100000000000000
(1788802258.406167) can0 03121606#0000000000000000
(1788802258.418168) can0 04FF3604#0005000300C80100
(1788802258.427168) can0 03FF1000#0840112200000001
(1788802258.438172) can0 03FF1001#0000000000000000
(1788802258.448171) can0 04FF3604#0007000300C80100
(1788802258.449169) can0 03FF1603#0000D03600000000
(1788802258.459170) can0 03FF1605#0100000000000000
(1788802258.478171) can0 04FF3604#0005000300C80100
(1788802258.508172) can0 04FF3604#0005000300C80100
(1788802258.532173) can0 03FF1000#0840112200000001
(1788802258.538173) can0 04FF3604#0006000300C80100
(1788802258.543173) can0 03FF1001#0000000000000000
(1788802258.553175) can0 03FF1603#0000D03600000000
(1788802258.564175) can0 03FF1605#0100000000000000
(1788802258.568175) can0 04FF3604#0006000300C80100
(1788802258.598177) can0 04FF3604#0004000300C80100
(1788802258.610178) can0 05FF4610#0000D09AFFFFFFA9
(1788802258.628178) can0 04FF3604#0002000300C80100
(1788802258.637179) can0 03FF1000#0840112200000001
(1788802258.648180) can0 03FF1001#0000000000000000
(1788802258.658179) can0 04FF3604#0005000300C80100
(1788802258.659180) can0 03FF1603#0000D03600000000
(1788802258.669180) can0 03FF1605#0100000000000000
(1788802258.688181) can0 04FF3604#0003000300C80100
(1788802258.718187) can0 04FF3604#0003000300C80100
(1788802258.742186) can0 03FF1000#0840112200000001
(1788802258.748184) can0 04FF3604#0005000300C80100
(1788802258.753185) can0 03FF1001#0000000000000000
(1788802258.763185) can0 03FF1603#0000D03600000000
(1788802258.774187) can0 03FF1605#0100000000000000
(1788802258.778185) can0 04FF3604#0005000300C80100
(1788802258.808188) can0 04FF3604#0004000300C80100
(1788802258.838190) can0 04FF3604#0003000300C80100
(1788802258.847231) can0 03FF1000#0840112200000001
(1788802258.858191) can0 03FF1001#0000000000000000
(1788802258.868191) can0 04FF3604#0005000300C80100
(1788802258.869190) can0 03FF1603#0000D03600000000
(1788802258.879191) can0 03FF1605#0100000000000000
(1788802258.886192) can0 05FF4610#0000D09AFFFFFFA9
(1788802258.888191) can0 04FF3602#0000000000000000
(1788802258.898192) can0 04FF3604#0006000300C80100
(1788802258.928194) can0 04FF3604#0004000300C80100
(1788802258.946197) can0 05FF4001#0000000000000000
(1788802258.948197) can0 05FF4000#0000000000000000
(1788802258.952195) can0 03FF1000#0840112200000001
(1788802258.958196) can0 04FF3604#0005000300C80100
(1788802258.963197) can0 03FF1001#0000000000000000
(1788802258.969196) can0 02FF2605#0000060907070006
(1788802258.973196) can0 03FF1603#0000D03600000000
(1788802258.984197) can0 03FF1605#0100000000000000
(1788802258.988197) can0 04FF3604#0006000300C80100
(1788802258.998452) can0 02FF2604#0000000000000000
(1788802259.018198) can0 04FF3604#0005000300C80100
(1788802259.028199) can0 05FF4602#06100C100C100C10
(1788802259.029199) can0 02FF2704#0200000000000000
(1788802259.038199) can0 05FF4603#0C100A100D100E10
(1788802259.048200) can0 05FF4604#0A100C100F101010
(1788802259.048262) can0 04FF3604#0006000300C80100
(1788802259.057200) can0 03FF1000#0840112200000001
(1788802259.058200) can0 05FF4605#0A10000000000000
(1788802259.068204) can0 03FF1001#0000000000000000
(1788802259.078205) can0 04FF3604#0006000300C80100
(1788802259.079201) can0 03FF1603#0000D03600000000
(1788802259.080201) can0 0260B606#0100000000000000
(1788802259.089202) can0 03FF1605#0100000000000000
(1788802259.089257) can0 05FF4606#1E1E1E
(1788802259.099202) can0 05FF4607#1E1D1E
(1788802259.108203) can0 04FF3604#0003000300C80100
(1788802259.109202) can0 05FF4608#0019007C
(1788802259.109294) can0 02203607#0000000300000000
(1788802259.119203) can0 05FF4609#030003CA03CA00
(1788802259.138205) can0 04FF3604#0005000300C80100
(1788802259.139204) can0 02181606#0100190001030200
(1788802259.148205) can0 05FF4610#0000D09AFFFFFFA9
(1788802259.162206) can0 03FF1000#0840112200000001
(1788802259.168206) can0 04FF3604#0005000300C80100
(1788802259.169206) can0 02203606#0101000100010000
(1788802259.173206) can0 03FF1001#0000000000000000
(1788802259.183208) can0 03FF1603#0000D03600000000
(1788802259.194207) can0 03FF1605#0100000000000000
(1788802259.198212) can0 04FF3604#0005000300C80100
(1788802259.199280) can0 02181608#0500000001000000
(1788802259.204208) can0 03121606#0000000000000000
(1788802259.228210) can0 04FF3604#0007000300C80100
(1788802259.229209) can0 02181609#0000000000000000
(1788802259.258212) can0 04FF3604#0005000300C80100
(1788802259.259210) can0 02488600#0000000000000000
(1788802259.267211) can0 03FF1000#0840112200000001
(1788802259.278212) can0 03FF1001#0000000000000000
(1788802259.288212) can0 04FF3604#0005000300C80100
(1788802259.288475) can0 03FF1603#0000D03600000000
(1788802259.289212) can0 02294500#
(1788802259.290212) can0 05124500#0500
(1788802259.299213) can0 03FF1605#0100000000000000
(1788802259.318213) can0 04FF3604#0006000300C80100
(1788802259.330214) can0 03FF1600#142B000104001319
(1788802259.341215) can0 03FF1601#6E50000000000000
(1788802259.348215) can0 04FF3604#0006000300C80100
(1788802259.351215) can0 03FF1602#000005000000157C
(1788802259.362216) can0 03FF1604#0000000000000000
(1788802259.372216) can0 03FF1000#0840112200000001
(1788802259.378217) can0 04FF3604#0005000300C80100
(1788802259.383217) can0 03FF1001#0000000000000000
(1788802259.388217) can0 04FF3400#0000022500000000
(1788802259.388476) can0 04FF3602#0000000000000000
(1788802259.393217) can0 03FF1603#0000D03600000000
(1788802259.404218) can0 03FF1605#0100000000000000
(1788802259.408218) can0 04FF3604#0004000300C80100
(1788802259.410218) can0 05FF4610#0000D09AFFFFFFA9
(1788802259.438223) can0 04FF3604#0004000300C80100
(1788802259.468225) can0 04FF3604#0005000300C80100
(1788802259.477222) can0 03FF1000#0840112200000001
(1788802259.488223) can0 03FF1001#0000000000000000
(1788802259.498222) can0 04FF3604#0006000300C80100
(1788802259.498474) can0 03FF1603#0000D03600000000
(1788802259.509224) can0 03FF1605#0100000000000000
(1788802259.528225) can0 04FF3604#0002000300C80100
(1788802259.558226) can0 04FF3604#0003000300C80100
(1788802259.582228) can0 03FF1000#0840112200000001
(1788802259.588228) can0 04FF3604#0004000300C80100
(1788802259.593228) can0 03FF1001#0000000000000000
(1788802259.603229) can0 03FF1603#0000D03600000000
(1788802259.614229) can0 03FF1605#0100000000000000
(1788802259.618229) can0 04FF3604#0004000300C80100
(1788802259.648230) can0 04FF3604#0004000300C80100
(1788802259.678227) can0 04FF3604#0003000300C80100
(1788802259.687233) can0 03FF1000#0840112200000001
(1788802259.698234) can0 03FF1001#0000000000000000
(1788802259.699238) can0 05FF4610#0000D09BFFFFFFA9
(1788802259.708237) can0 04FF3604#0003000300C80100
(1788802259.708463) can0 03FF1603#0000D03600000000
(1788802259.719235) can0 03FF1605#0100000000000000
(1788802259.738235) can0 04FF3604#0004000300C80100
(1788802259.768238) can0 04FF3604#0005000300C80100
(1788802259.769237) can0 02181606#0100190001030200
(1788802259.792238) can0 03FF1000#0840112200000001
(1788802259.798239) can0 04FF3604#0003000300C80100
(1788802259.799262) can0 02203606#0101000100010000
(1788802259.803239) can0 03FF1001#0000000000000000
(1788802259.813239) can0 03FF1603#0000D03600000000
(1788802259.824240) can0 03FF1605#0100000000000000
(1788802259.828240) can0 04FF3604#0004000300C80100
(1788802259.830240) can0 02181608#0500000001000000
(1788802259.834240) can0 03121606#0000000000000000
(1788802259.858242) can0 04FF3604#0004000300C80100
(1788802259.859299) can0 02181609#0000000000000000
(1788802259.888243) can0 04FF3602#0000000000000000
(1788802259.888483) can0 04FF3604#0004000300C80100
(1788802259.890458) can0 02488600#0000000000000000
(1788802259.897244) can0 03FF1000#0840112200000001
(1788802259.908244) can0 03FF1001#0000000000000000
(1788802259.918244) can0 04FF3604#0005000300C80100
(1788802259.918480) can0 03FF1603#0000D03600000000
(1788802259.919244) can0 02294501#
(1788802259.920244) can0 05124501#0103
(1788802259.929245) can0 03FF1605#0100000000000000
(1788802259.948249) can0 04FF3604#0003000300C80100
(1788802259.972250) can0 05FF4610#0000D09BFFFFFFA9
(1788802259.978248) can0 04FF3604#0003000300C80100
(1788802259.983248) can0 02FF2605#0000060907070007
(1788802259.989248) can0 05FF4001#0000000000000000
(1788802259.991248) can0 05FF4000#0000000000000000
(1788802260.002249) can0 03FF1000#0840112200000001
(1788802260.008250) can0 04FF3604#0006000400C80100
(1788802260.009476) can0 02FF2604#0000000000000000
(1788802260.013250) can0 03FF1001#0000000000000000
(1788802260.023250) can0 03FF1603#0000D03600000000
(1788802260.034250) can0 03FF1605#0100000000000000
(1788802260.038251) can0 04FF3604#0004000300C80100
(1788802260.040251) can0 02FF2704#0200000000000000
(1788802260.068255) can0 04FF3604#0007000400C80100
(1788802260.071255) can0 05FF4602#06100C100D100C10
(1788802260.081255) can0 05FF4603#0C100A100D100D10
(1788802260.089497) can0 0260B606#0100000000000000
(1788802260.091253) can0 05FF4604#0B100C100F101010
(1788802260.098254) can0 04FF3604#0004000300C80100
(1788802260.101254) can0 05FF4605#0A10000000000000
(1788802260.107255) can0 03FF1000#0840112200000001
(1788802260.118256) can0 03FF1001#0000000000000000
(1788802260.128255) can0 04FF3604#0005000300C80100
(1788802260.128472) can0 03FF1603#0000D03600000000
(1788802260.131255) can0 05FF4606#1E1E1E
(1788802260.139257) can0 03FF1605#0100000000000000
(1788802260.140255) can0 02203607#0000000300000000
(1788802260.142256) can0 05FF4607#1E1D1E
(1788802260.152257) can0 05FF4608#0019007C
(1788802260.158257) can0 04FF3604#0005000300C80100
(1788802260.162257) can0 05FF4609#030003CA03CA00
(1788802260.188259) can0 04FF3604#0003000300C80100
(1788802260.212260) can0 03FF1000#0840112200000001
(1788802260.218265) can0 04FF3604#0006000300C80100
(1788802260.223263) can0 03FF1001#0000000000000000
(1788802260.233263) can0 03FF1603#0000D03600000000
(1788802260.234261) can0 05FF4610#0000D09BFFFFFFA9
(1788802260.244261) can0 03FF1605#0100000000000000
(1788802260.248261) can0 04FF3604#0003000300C80100
(1788802260.278264) can0 04FF3604#0004000300C80100
(1788802260.308266) can0 04FF3604#0004000300C80100
(1788802260.317265) can0 03FF1000#0840112200000001
(1788802260.328266) can0 03FF1001#0000000000000000
(1788802260.338266) can0 04FF3604#0005000300C80100
(1788802260.338461) can0 03FF1603#0000D03600000000
(1788802260.349267) can0 03FF1605#0100000000000000
(1788802260.359267) can0 03FF1600#142B000104001319
(1788802260.368268) can0 04FF3604#0003000300C80100
(1788802260.370268) can0 03FF1601#6E50000000000000
(1788802260.380268) can0 03FF1602#000005000000157C
(1788802260.388269) can0 04FF3602#0000000000000000
(1788802260.391269) can0 03FF1604#0000000000000000
(1788802260.398269) can0 04FF3604#0004000300C80100
(1788802260.422270) can0 03FF1000#0840112200000001
(1788802260.428270) can0 04FF3604#0005000300C80100
(1788802260.433274) can0 03FF1001#0000000000000000
(1788802260.443274) can0 03FF1603#0000D03600000000
(1788802260.454272) can0 03FF1605#0100000000000000
(1788802260.458272) can0 04FF3604#0004000300C80100
(1788802260.488274) can0 04FF3604#0005000400C80100
(1788802260.518276) can0 04FF3604#0004000300C80100
(1788802260.522276) can0 05FF4610#0000D099FFFFFFA9
(1788802260.527276) can0 03FF1000#0840112200000001
(1788802260.538277) can0 03FF1001#0000000000000000
(1788802260.548277) can0 04FF3604#0005000300C80100
(1788802260.548482) can0 03FF1603#0000D03600000000
(1788802260.559278) can0 03FF1605#0100000000000000
(1788802260.578279) can0 04FF3604#0003000300C80100
(1788802260.608281) can0 04FF3604#0005000300C80100
(1788802260.610280) can0 02181606#01000F0001030200
(1788802260.632282) can0 03FF1000#0840112200000001
(1788802260.638282) can0 04FF3604#0005000300C80100
(1788802260.640281) can0 02203606#0101000100010000
(1788802260.643282) can0 03FF1001#0000000000000000
(1788802260.653282) can0 03FF1603#0000D03600000000
(1788802260.664283) can0 03FF1605#0100000000000000
(1788802260.668283) can0 04FF3604#0006000300C80100
(1788802260.674283) can0 02181608#0500000001000000
(1788802260.674338) can0 03121606#0100000000000000
(1788802260.698285) can0 04FF3604#0004000300C80100
(1788802260.701504) can0 02181609#0000000000000000
(1788802260.728286) can0 04FF3604#0006000300C80100
(1788802260.730291) can0 02488600#0000000000000000
(1788802260.737290) can0 03FF1000#0840112200000001
(1788802260.748288) can0 03FF1001#0000000000000000
(1788802260.758288) can0 04FF3604#0003000300C80100
(1788802260.758470) can0 03FF1603#0000D03600000000
(1788802260.767288) can0 02191500#
(1788802260.769289) can0 03FF1605#0100000000000000
(1788802260.779289) can0 03FF1500#000000C300000000
(1788802260.787290) can0 05FF4610#0000D099FFFFFFA3
(1788802260.788289) can0 04FF3604#0005000300C80100
(1788802260.818291) can0 04FF3604#0003000300C80100
(1788802260.842293) can0 03FF1000#0840112200000001
(1788802260.848292) can0 04FF3604#0004000300C80100
(1788802260.853292) can0 03FF1001#0000000000000000
(1788802260.863293) can0 03FF1603#0000D03600000000
(1788802260.874294) can0 03FF1605#0100000000000000
(1788802260.878294) can0 04FF3604#0004000300C80100
(1788802260.888295) can0 04FF3602#0000000000000000
(1788802260.908295) can0 04FF3604#0006000400C80100
(1788802260.938300) can0 04FF3604#0003000300C80100
(1788802260.947300) can0 03FF1000#0840112200000001
(1788802260.958299) can0 03FF1001#0000000000000000
(1788802260.968299) can0 04FF3604#0004000300C80100
(1788802260.968458) can0 03FF1603#0000D03600000000
(1788802260.979300) can0 03FF1605#0100000000000000
(1788802260.998301) can0 04FF3604#0005000300C80100
(1788802261.023302) can0 02FF2605#0000060907070008
(1788802261.028302) can0 04FF3604#0005000300C80100
(1788802261.035303) can0 05FF4001#0000000000000000
(1788802261.037302) can0 05FF4000#0000000000000000
(1788802261.052303) can0 03FF1000#0840112200000001
(1788802261.058304) can0 04FF3604#0003000300C80100
(1788802261.061304) can0 05FF4610#0000D099FFFFFFA3
(1788802261.063307) can0 03FF1001#0000000000000000
(1788802261.070308) can0 02FF2604#0000000000000000
(1788802261.073307) can0 03FF1603#0000D03600000000
(1788802261.084306) can0 03FF1605#0100000000000000
(1788802261.088305) can0 04FF3604#0006000300C80100
(1788802261.093306) can0 02FF2704#0200000000000000
(1788802261.118308) can0 04FF3604#0006000300C80100
(1788802261.118454) can0 05FF4602#06100C100D100C10
(1788802261.122337) can0 0260B606#0100000000000000
(1788802261.128307) can0 05FF4603#0C1009100D100D10
(1788802261.138309) can0 05FF4604#0A100C100F101010
(1788802261.148308) can0 04FF3604#0006000300C80100
(1788802261.148451) can0 05FF4605#0A10000000000000
(1788802261.151308) can0 02203607#0000000300000000
(1788802261.157308) can0 03FF1000#0840112200000001
(1788802261.168310) can0 03FF1001#0000000000000000
(1788802261.178310) can0 04FF3604#0003000300C80100
(1788802261.178446) can0 03FF1603#0000D03600000000
(1788802261.179309) can0 05FF4606#1E1E1E
(1788802261.188311) can0 05FF4607#1E1D1E
(1788802261.189310) can0 03FF1605#0100000000000000
(1788802261.198310) can0 05FF4608#0019007C
(1788802261.208312) can0 04FF3604#0004000300C80100
(1788802261.208400) can0 05FF4609#030003CA03CA00
(1788802261.238313) can0 04FF3604#0003000300C80100
(1788802261.262318) can0 03FF1000#0840112200000001
(1788802261.268317) can0 04FF3604#0005000300C80100
(1788802261.273314) can0 03FF1001#0000000000000000
(1788802261.283316) can0 03FF1603#0000D03600000000
(1788802261.294316) can0 03FF1605#0100000000000000
(1788802261.298316) can0 04FF3604#0005000300C80100
(1788802261.322318) can0 05FF4400#00000005
(1788802261.323317) can0 05FF4610#0000D099FFFFFFA3
(1788802261.328317) can0 04FF3604#0005000400C80100
(1788802261.346319) can0 03FF1600#142B00010400130F
(1788802261.357319) can0 03FF1601#6E50000000000000
(1788802261.358319) can0 04FF3604#0007000300C80100
(1788802261.367320) can0 03FF1602#000005000000157C
(1788802261.371319) can0 02181606#01000F0001030200
(1788802261.376319) can0 05FF4600#0D0300900303
(1788802261.378320) can0 03FF1604#0000000000000000
(1788802261.388320) can0 04FF3602#0000000000000000
(1788802261.388468) can0 03FF1000#0840112200000001
(1788802261.399321) can0 03FF1001#0000000000000000
(1788802261.401321) can0 02203606#0101000100010000
(1788802261.409322) can0 03FF1603#0000D03600000000
(1788802261.418323) can0 04FF3604#0002000300C80100
(1788802261.420322) can0 03FF1605#0100000000000000
(1788802261.422322) can0 05FF4601#007300000000
(1788802261.431322) can0 02181608#0500000001000000
(1788802261.448326) can0 04FF3604#0006000300C80100
(1788802261.461327) can0 02181609#0000000000000000
(1788802261.472330) can0 03FF1000#0840112200000001
(1788802261.478328) can0 04FF3604#0004000300C80100
(1788802261.483325) can0 03FF1001#0000000000000000
(1788802261.491326) can0 02488600#0000000000000000
(1788802261.493326) can0 03FF1603#0000D03600000000
(1788802261.504326) can0 03FF1605#0100000000000000
(1788802261.508326) can0 04FF3604#0008000400C80100
(1788802261.514328) can0 03121606#0000000000000000
(1788802261.521327) can0 02191501#
(1788802261.535328) can0 03FF1501#0000004A00000000
(1788802261.538328) can0 04FF3604#0005000400C80100
(1788802261.568330) can0 04FF3604#0005000300C80100
(1788802261.577330) can0 03FF1000#0840112200000001
(1788802261.588331) can0 03FF1001#0000000000000000
(1788802261.598331) can0 04FF3604#0005000300C80100
(1788802261.598451) can0 03FF1603#0000D03600000000
(1788802261.609332) can0 03FF1605#0100000000000000
(1788802261.612332) can0 05FF4610#0000D09BFFFFFFA3
(1788802261.628333) can0 04FF3604#0005000300C80100
(1788802261.658335) can0 04FF3604#0004000300C80100
(1788802261.682336) can0 03FF1000#0840112200000001
(1788802261.688336) can0 04FF3604#0002000300C80100
(1788802261.693336) can0 03FF1001#0000000000000000
(1788802261.703336) can0 03FF1603#0000D03600000000
(1788802261.714338) can0 03FF1605#0100000000000000
(1788802261.718337) can0 04FF3604#0006000300C80100
(1788802261.748340) can0 04FF3604#0005000400C80100
(1788802261.778344) can0 04FF3604#0005000300C80100
(1788802261.787344) can0 03FF1000#0840112200000001
(1788802261.798342) can0 03FF1001#0000000000000000
(1788802261.808343) can0 04FF3604#0004000300C80100
(1788802261.808450) can0 03FF1603#0000D03600000000
(1788802261.819343) can0 03FF1605#0100000000000000
(1788802261.838344) can0 04FF3604#0006000300C80100
(1788802261.868346) can0 04FF3604#0006000300C80100
(1788802261.885346) can0 05FF4610#0000D09BFFFFFFA3
(1788802261.888346) can0 04FF3602#0000000000000000
(1788802261.892346) can0 03FF1000#0840112200000001
(1788802261.898347) can0 04FF3604#0003000300C80100
(1788802261.903347) can0 03FF1001#0000000000000000
(1788802261.913348) can0 03FF1603#0000D03600000000
(1788802261.924348) can0 03FF1605#0100000000000000
(1788802261.928348) can0 04FF3604#0004000300C80100
(1788802261.958354) can0 04FF3604#0003000300C80100
(1788802261.988355) can0 04FF3604#0006000300C80100
(1788802261.997352) can0 03FF1000#0840112200000001
(1788802262.008352) can0 03FF1001#0000000000000000
(1788802262.018354) can0 04FF3604#0003000300C80100
(1788802262.018443) can0 03FF1603#0000D03600000000
(1788802262.029354) can0 03FF1605#0100000000000000
(1788802262.031435) can0 02FF2605#0000060907070009
(1788802262.048354) can0 04FF3604#0005000300C80100
(1788802262.078360) can0 04FF3604#0003000300C80100
(1788802262.078448) can0 05FF4001#0000000000000000
(1788802262.080402) can0 05FF4000#0000000000000000
(1788802262.081355) can0 02FF2604#0000000000000000
(1788802262.101461) can0 02FF2704#0200000000000000
(1788802262.102357) can0 03FF1000#0840112200000001
(1788802262.108357) can0 04FF3604#0004000300C80100
(1788802262.113358) can0 03FF1001#0000000000000000
(1788802262.123359) can0 03FF1603#0000D03600000000
(1788802262.132359) can0 0260B606#0100000000000000
(1788802262.134358) can0 03FF1605#0100000000000000
(1788802262.138359) can0 04FF3604#0004000300C80100
(1788802262.147360) can0 05FF4610#0000D09BFFFFFFA3
(1788802262.160360) can0 05FF4602#07100C100C100C10
(1788802262.162360) can0 02203607#0000000300000000
(1788802262.168360) can0 04FF3604#0005000400C80100
(1788802262.171361) can0 05FF4603#0C1009100D100E10
(1788802262.180373) can0 05FF4604#0B100C100F101010
(1788802262.191362) can0 05FF4605#0A10000000000000
(1788802262.192361) can0 02181606#01000F0001030200
(1788802262.198362) can0 04FF3604#0004000300C80100
(1788802262.207362) can0 03FF1000#0840112200000001
(1788802262.218364) can0 03FF1001#0000000000000000
(1788802262.221363) can0 05FF4606#1E1E1E
(1788802262.222363) can0 02203606#0101000100010000
(1788802262.228363) can0 04FF3604#0004000300C80100
(1788802262.228442) can0 03FF1603#0000D03600000000
(1788802262.231364) can0 05FF4607#1E1D1E
(1788802262.239365) can0 03FF1605#0100000000000000
(1788802262.241364) can0 05FF4608#0019007C
(1788802262.249365) can0 03121606#0000000000000000
(1788802262.251370) can0 05FF4609#030003CA03CA00
(1788802262.252368) can0 02181608#0500000001000000
(1788802262.258365) can0 04FF3604#0004000300C80100
(1788802262.282367) can0 02181609#0000000000000000
(1788802262.288367) can0 04FF3604#0005000300C80100
(1788802262.312368) can0 02488600#0000000000000000
(1788802262.312504) can0 03FF1000#0840112200000001
(1788802262.318369) can0 04FF3604#0004000300C80100
(1788802262.323369) can0 03FF1001#0000000000000000
(1788802262.333369) can0 03FF1603#0000D03600000000
(1788802262.342370) can0 02213500#
(1788802262.344369) can0 03FF1605#0100000000000000
(1788802262.348369) can0 04F93500#000000EB00000000
(1788802262.348448) can0 04FF3604#0005000300C80100
(1788802262.354371) can0 03FF1600#142B00010400130F
(1788802262.365371) can0 03FF1601#6E50000000000000
(1788802262.375372) can0 03FF1602#000005000000157C
(1788802262.378371) can0 04FF3604#0004000300C80100
(1788802262.386372) can0 03FF1604#0000000000000000
(1788802262.388372) can0 04FF3602#0000000000000000
(1788802262.408373) can0 04FF3604#0004000300C80100
(1788802262.409373) can0 05FF4610#0000D09BFFFFFFA3
(1788802262.417374) can0 03FF1000#0840112200000001
(1788802262.428374) can0 03FF1001#0000000000000000
(1788802262.438378) can0 04FF3604#0004000300C80100
(1788802262.438456) can0 03FF1603#0000D03600000000
(1788802262.449376) can0 03FF1605#0100000000000000
(1788802262.468378) can0 04FF3604#0005000400C80100
(1788802262.498379) can0 04FF3604#0004000300C80100
(1788802262.522380) can0 03FF1000#0840112200000001
(1788802262.528379) can0 04FF3604#0005000300C80100
(1788802262.533379) can0 03FF1001#0000000000000000
(1788802262.543381) can0 03FF1603#0000D03600000000
(1788802262.554381) can0 03FF1605#0100000000000000
(1788802262.558381) can0 04FF3604#0005000300C80100
(1788802262.588382) can0 04FF3604#0004000300C80100
(1788802262.618385) can0 04FF3604#0004000300C80100
(1788802262.627385) can0 03FF1000#0840112200000001
(1788802262.638386) can0 03FF1001#0000000000000000
(1788802262.648386) can0 04FF3604#0005000300C80100
(1788802262.648447) can0 03FF1603#0000D03600000000
(1788802262.659386) can0 03FF1605#0100000000000000
(1788802262.678388) can0 04FF3604#0003000300C80100
(1788802262.699388) can0 05FF4610#0000D09CFFFFFFA3
(1788802262.708388) can0 04FF3604#0003000300C80100
(1788802262.732390) can0 03FF1000#0840112200000001
(1788802262.738390) can0 04FF3604#0005000300C80100
(1788802262.743390) can0 03FF1001#0000000000000000
(1788802262.753391) can0 03FF1603#0000D03600000000
(1788802262.764396) can0 03FF1605#0100000000000000
(1788802262.768394) can0 04FF3604#0004000300C80100
(1788802262.798394) can0 04FF3604#0004000300C80100
(1788802262.828396) can0 04FF3604#0004000300C80100
(1788802262.837395) can0 03FF1000#0840112200000001
(1788802262.848396) can0 03FF1001#0000000000000000
(1788802262.858396) can0 04FF3604#0005000300C80100
(1788802262.858458) can0 03FF1603#0000D03600000000
(1788802262.869397) can0 03FF1605#0100000000000000
(1788802262.888398) can0 04FF3602#0000000000000000
(1788802262.888464) can0 04FF3604#0006000300C80100
(1788802262.892398) can0 02181606#01000F0001030200
(1788802262.918400) can0 04FF3604#0003000300C80100
(1788802262.924400) can0 02203606#0101000100010000
(1788802262.942403) can0 03FF1000#0840112200000001
(1788802262.948403) can0 04FF3604#0004000300C80100
(1788802262.952401) can0 02181608#0500000001000000
(1788802262.953401) can0 03FF1001#0000000000000000
(1788802262.963402) can0 03FF1603#0000D03600000000
(1788802262.974402) can0 03FF1605#0100000000000000
(1788802262.976403) can0 05FF4610#0000D09CFFFFFFA3
(1788802262.978402) can0 04FF3604#0004000300C80100
(1788802262.982402) can0 02181609#0000000000000000
(1788802262.984403) can0 03121606#0000000000000000
(1788802263.008405) can0 04FF3604#0004000300C80100
(1788802263.012404) can0 02488600#0000000000000000
(1788802263.038406) can0 04FF3604#0007000300C80100
(1788802263.042406) can0 02213501#
(1788802263.047406) can0 03FF1000#0840112200000001
(1788802263.048406) can0 04F93501#0000000400000000
(1788802263.058406) can0 03FF1001#0000000000000000
(1788802263.068410) can0 04FF3604#0004000300C80100
(1788802263.068478) can0 03FF1603#0000D03600000000
(1788802263.079408) can0 03FF1605#0100000000000000
(1788802263.092431) can0 02FF2605#0000060907070100
(1788802263.098408) can0 04FF3604#0004000300C80100
(1788802263.122492) can0 02FF2604#0000000000000000
(1788802263.125410) can0 05FF4001#0000000000000000
(1788802263.127410) can0 05FF4000#0000000000000000
(1788802263.128410) can0 04FF3604#0006000300C80100
(1788802263.152412) can0 03FF1000#0840112200000001
(1788802263.153412) can0 02FF2704#0200000000000000
(1788802263.158412) can0 04FF3604#0004000300C80100
(1788802263.163411) can0 03FF1001#0000000000000000
(1788802263.173413) can0 03FF1603#0000D03600000000
(1788802263.182564) can0 0260B606#0100000000000000
(1788802263.184413) can0 03FF1605#0100000000000000
(1788802263.188413) can0 04FF3604#0006000300C80100
(1788802263.194414) can0 03FF1400#0000000B00000000
(1788802263.207415) can0 05FF4602#06100C100D100C10
(1788802263.212588) can0 02203607#0000000300000000
(1788802263.217415) can0 05FF4603#0C100A100D100E10
(1788802263.218414) can0 04FF3604#0005000300C80100
(1788802263.227416) can0 05FF4604#0B100C100F101010
(1788802263.237416) can0 05FF4605#0A10000000000000
(1788802263.238416) can0 05FF4610#0000D09CFFFFFFA3
(1788802263.248417) can0 04FF3604#0005000300C80100
(1788802263.257418) can0 03FF1000#0840112200000001
(1788802263.267422) can0 05FF4606#1E1E1E
(1788802263.268420) can0 03FF1001#0000000000000000
(1788802263.277418) can0 05FF4607#1E1D1E
(1788802263.278418) can0 04FF3604#0004000300C80100
(1788802263.278473) can0 03FF1603#0000D03600000000
(1788802263.287419) can0 05FF4608#0019007C
(1788802263.289419) can0 03FF1605#0100000000000000
(1788802263.297419) can0 05FF4609#030003CA03CA00
(1788802263.308420) can0 04FF3604#0005000300C80100
(1788802263.338421) can0 04FF3604#0005000300C80100
(1788802263.362422) can0 03FF1000#0840112200000001
(1788802263.368422) can0 04FF3604#0004000300C80100
(1788802263.373422) can0 03FF1001#0000000000000000
(1788802263.383424) can0 03FF1600#142B00010400130F
(1788802263.388423) can0 04FF3602#0000000000000000
(1788802263.394424) can0 03FF1601#6E50000000000000
(1788802263.398424) can0 04FF3604#0006000300C80100
(1788802263.404424) can0 03FF1602#000005000000157C
(1788802263.415425) can0 03FF1603#0000D03600000000
(1788802263.425426) can0 03FF1604#0000000000000000
(1788802263.428425) can0 04FF3604#0005000300C80100
(1788802263.436426) can0 03FF1605#0100000000000000
(1788802263.458431) can0 04FF3604#0004000300C80100
(1788802263.467430) can0 03FF1000#0840112200000001
(1788802263.478430) can0 03FF1001#0000000000000000
(1788802263.488429) can0 04FF3604#0004000300C80100
(1788802263.488484) can0 03FF1603#0000D03600000000
(1788802263.498429) can0 05FF4610#0000D09CFFFFFFA3
(1788802263.499429) can0 03FF1605#0100000000000000
(1788802263.518430) can0 04FF3604#0004000300C80100
(1788802263.548433) can0 04FF3604#0003000300C80100
(1788802263.572434) can0 03FF1000#0840112200000001
(1788802263.578434) can0 04FF3604#0005000300C80100
(1788802263.583433) can0 03FF1001#0000000000000000
(1788802263.593434) can0 03FF1603#0000D03600000000
(1788802263.604435) can0 03FF1605#0100000000000000
(1788802263.608435) can0 04FF3604#0003000300C80100
(1788802263.638436) can0 04FF3604#0005000300C80100
(1788802263.653437) can0 02181606#01000F0001030200
(1788802263.668437) can0 04FF3604#0004000300C80100
(1788802263.677439) can0 03FF1000#0840112200000001
(1788802263.683439) can0 02203606#0101000100010000
(1788802263.688439) can0 03FF1001#0000000000000000
(1788802263.698439) can0 04FF3604#0005000300C80100
(1788802263.698494) can0 03FF1603#0000D03600000000
(1788802263.709440) can0 03FF1605#0100000000000000
(1788802263.713440) can0 02181608#0500000001000000
(1788802263.719441) can0 03121606#0000000000000000
(1788802263.728441) can0 04FF3604#0005000300C80100
(1788802263.743442) can0 02181609#0000000000000000
(1788802263.758443) can0 04FF3604#0003000300C80100
(1788802263.773563) can0 02488600#0000000000000000
(1788802263.782448) can0 03FF1000#0840112200000001
(1788802263.788444) can0 04FF3604#0003000300C80100
(1788802263.790444) can0 05FF4610#0000D099FFFFFFA3
(1788802263.793445) can0 03FF1001#0000000000000000
(1788802263.803445) can0 02294502#
(1788802263.803507) can0 03FF1603#0000D03600000000
(1788802263.804444) can0 05124502#5250313353333541
(1788802263.814445) can0 03FF1605#0100000000000000
(1788802263.818445) can0 04FF3604#0004000300C80100
(1788802263.848448) can0 04FF3604#0005000300C80100
(1788802263.878449) can0 04FF3604#0005000300C80100
(1788802263.887450) can0 03FF1000#0840112200000001
(1788802263.888449) can0 04FF3602#0000000000000000
(1788802263.898450) can0 03FF1001#0000000000000000
(1788802263.908450) can0 04FF3604#0005000300C80100
(1788802263.908501) can0 03FF1603#0000D03600000000
(1788802263.919451) can0 03FF1605#0100000000000000
(1788802263.938456) can0 04FF3604#0005000300C80100
(1788802263.968456) can0 04FF3604#0005000300C80100
(1788802263.992456) can0 03FF1000#0840112200000001
(1788802263.998455) can0 04FF3604#0004000300C80100
(1788802264.003455) can0 03FF1001#0000000000000000
(1788802264.013456) can0 03FF1603#0000D03600000000
(1788802264.024457) can0 03FF1605#0100000000000000
(1788802264.028457) can0 04FF3604#0003000300C80100
(1788802264.053458) can0 02FF2605#0000060907070101
(1788802264.058459) can0 04FF3604#0004000300C80100
(1788802264.065462) can0 05FF4610#0000D099FFFFFFA3
(1788802264.088464) can0 04FF3604#0006000300C80100
(1788802264.097460) can0 03FF1000#0840112200000001
(1788802264.103461) can0 02FF2604#0000000000000000
(1788802264.108460) can0 03FF1001#0000000000000000
(1788802264.118460) can0 04FF3604#0004000300C80100
(1788802264.118516) can0 03FF1603#0000D03600000000
(1788802264.129462) can0 03FF1605#0100000000000000
(1788802264.133508) can0 02FF2704#0200000000000000
(1788802264.148463) can0 04FF3604#0005000300C80100
(1788802264.163498) can0 0260B606#0100000000000000
(1788802264.172464) can0 05FF4001#0000000000000000
(1788802264.174464) can0 05FF4000#0000000000000000
(1788802264.178464) can0 04FF3604#0004000300C80100
(1788802264.194465) can0 02203607#0000000300000000
(1788802264.202466) can0 03FF1000#0840112200000001
(1788802264.208466) can0 04FF3604#0006000300C80100
(1788802264.213466) can0 03FF1001#0000000000000000
(1788802264.223467) can0 03FF1603#0000D03600000000
(1788802264.234468) can0 03FF1605#0100000000000000
(1788802264.238467) can0 04FF3604#0004000300C80100
(1788802264.254468) can0 05FF4602#06100C100C100C10
(1788802264.264469) can0 05FF4603#0C1009100D100D10
(1788802264.268474) can0 04FF3604#0003000300C80100
(1788802264.274473) can0 05FF4604#0B100C100F101010
(1788802264.284470) can0 05FF4605#0A10000000000000
(1788802264.298471) can0 04FF3604#0004000300C80100
(1788802264.307472) can0 03FF1000#0840112200000001
(1788802264.314471) can0 05FF4606#1E1E1E
(1788802264.318472) can0 03FF1001#0000000000000000
(1788802264.324472) can0 05FF4607#1E1D1E
(1788802264.327472) can0 05FF4610#0000D099FFFFFFA3
(1788802264.328472) can0 04FF3604#0005000300C80100
(1788802264.328522) can0 03FF1603#0000D03600000000
(1788802264.334473) can0 05FF4608#0019007C
(1788802264.339472) can0 03FF1605#0100000000000000
(1788802264.344472) can0 05FF4609#030003CA03CA00
(1788802264.358473) can0 04FF3604#0003000300C80100
(1788802264.370474) can0 03FF1600#142B00010400130F
(1788802264.381474) can0 03FF1601#6E50000000000000
(1788802264.388475) can0 04FF3602#0000000000000000
(1788802264.388530) can0 04FF3604#0006000300C80100
(1788802264.391475) can0 03FF1602#000005000000157C
(1788802264.402476) can0 03FF1604#0000000000000000
(1788802264.412477) can0 03FF1000#0840112200000001
(1788802264.414476) can0 02181606#01000F0001030200
(1788802264.418477) can0 04FF3604#0006000300C80100
(1788802264.423477) can0 03FF1001#0000000000000000
(1788802264.433478) can0 03FF1603#0000D03600000000
(1788802264.444481) can0 03FF1605#0100000000000000
(1788802264.444532) can0 02203606#0101000100010000
(1788802264.448478) can0 04FF3604#0004000300C80100
(1788802264.474480) can0 02181608#0500000001000000
(1788802264.478479) can0 04FF3604#0005000300C80100
(1788802264.504481) can0 02181609#0000000000000000
(1788802264.508481) can0 04FF3604#0004000300C80100
(1788802264.517481) can0 03FF1000#0840112200000001
(1788802264.528483) can0 03FF1001#0000000000000000
(1788802264.534483) can0 02488600#0000000000000000
(1788802264.538483) can0 04FF3604#0006000400C80100
(1788802264.538538) can0 03FF1603#0000D03600000000
(1788802264.549483) can0 03FF1605#0100000000000000
(1788802264.559485) can0 03121606#0000000000000000
(1788802264.564484) can0 02294503#
(1788802264.565483) can0 05124503#00150C0900000C62
(1788802264.568484) can0 04FF3604#0005000300C80100
(1788802264.598486) can0 04FF3604#0005000300C80100
(1788802264.614487) can0 05FF4610#0000D099FFFFFFA3
(1788802264.622487) can0 03FF1000#0840112200000001
(1788802264.628487) can0 04FF3604#0005000300C80100
(1788802264.633487) can0 03FF1001#0000000000000000
(1788802264.643488) can0 03FF1603#0000D03600000000
(1788802264.654490) can0 03FF1605#0100000000000000
(1788802264.658489) can0 04FF3604#0004000300C80100
(1788802264.688492) can0 04FF3604#0006000300C80100
(1788802264.718492) can0 04FF3604#0003000300C80100
(1788802264.727493) can0 03FF1000#0840112200000001
(1788802264.738494) can0 03FF1001#0000000000000000
(1788802264.748493) can0 04FF3604#0002000300C80100
(1788802264.748548) can0 03FF1603#0000D03600000000
(1788802264.759495) can0 03FF1605#0100000000000000
(1788802264.778496) can0 04FF3604#0005000300C80100
(1788802264.808502) can0 04FF3604#0003000300C80100
(1788802264.832501) can0 03FF1000#0840112200000001
(1788802264.838500) can0 04FF3604#0007000300C80100
(1788802264.843499) can0 03FF1001#0000000000000000
(1788802264.853500) can0 03FF1603#0000D03600000000
(1788802264.864500) can0 03FF1605#0100000000000000
(1788802264.868499) can0 04FF3604#0005000300C80100
(1788802264.888501) can0 04FF3602#0000000000000000
(1788802264.890547) can0 05FF4610#0000D099FFFFFFA3
(1788802264.898501) can0 04FF3604#0004000400C80100
(1788802264.928504) can0 04FF3604#0005000300C80100
(1788802264.937503) can0 03FF1000#0840112200000001
(1788802264.948507) can0 03FF1001#0000000000000000
(1788802264.958507) can0 04FF3604#0002000300C80100
(1788802264.958555) can0 03FF1603#0000D03600000000
(1788802264.969504) can0 03FF1605#0100000000000000
(1788802264.988506) can0 04FF3604#0006000300C80100
(1788802265.018508) can0 04FF3604#0006000400C80100
(1788802265.042510) can0 03FF1000#0840112200000001
(1788802265.048509) can0 04FF3604#0006000300C80100
(1788802265.053509) can0 03FF1001#0000000000000000
(1788802265.063511) can0 03FF1603#0000D03600000000
(1788802265.074510) can0 03FF1605#0100000000000000
(1788802265.078510) can0 04FF3604#0006000300C80100
(1788802265.086511) can0 02FF2605#0000060907070102
(1788802265.108512) can0 04FF3604#0005000300C80100
(1788802265.115513) can0 02FF2604#0000000000000000
(1788802265.138514) can0 04FF3604#0005000300C80100
(1788802265.144526) can0 02FF2704#0200000000000000
(1788802265.147513) can0 03FF1000#0840112200000001
(1788802265.151514) can0 05FF4610#0000D099FFFFFFA3
(1788802265.158515) can0 03FF1001#0000000000000000
(1788802265.168516) can0 04FF3604#0005000300C80100
(1788802265.168571) can0 03FF1603#0000D03600000000
(1788802265.175515) can0 0260B606#0100000000000000
(1788802265.179516) can0 03FF1605#0100000000000000
(1788802265.198517) can0 04FF3604#0004000300C80100
(1788802265.204551) can0 02203607#0000000300000000
(1788802265.214518) can0 05FF4001#0000000000000000
(1788802265.216518) can0 05FF4000#0000000000000000
(1788802265.228519) can0 04FF3604#0005000400C80100
(1788802265.235612) can0 02181606#01000F0001030200
(1788802265.252520) can0 03FF1000#0840112200000001
(1788802265.258521) can0 04FF3604#0005000300C80100
(1788802265.263520) can0 03FF1001#0000000000000000
(1788802265.264624) can0 02203606#0101000100010000
(1788802265.273520) can0 03FF1603#0000D03600000000
(1788802265.284522) can0 03FF1605#0100000000000000
(1788802265.288526) can0 04FF3604#0005000300C80100
(1788802265.294525) can0 03121606#0000000000000000
(1788802265.295522) can0 02181608#0500000001000000
(1788802265.296521) can0 05FF4602#06100C100C100C10
(1788802265.306524) can0 05FF4603#0C100A100D100E10
(1788802265.316524) can0 05FF4604#0A100B100F101010
(1788802265.318523) can0 04FF3604#0004000300C80100
(1788802265.324778) can0 02181609#0000000000000000
(1788802265.326523) can0 05FF4605#0A10000000000000
(1788802265.348524) can0 04FF3604#0008000300C80100
(1788802265.354700) can0 02488600#0000000000000000
(1788802265.356525) can0 05FF4606#1E1E1E
(1788802265.357525) can0 03FF1000#0840112200000001
(1788802265.366526) can0 05FF4607#1E1D1E
(1788802265.368525) can0 03FF1001#0000000000000000
(1788802265.376526) can0 05FF4608#0019007C
(1788802265.378526) can0 04FF3604#0003000300C80100
(1788802265.378581) can0 03FF1603#0000D03600000000
(1788802265.384526) can0 02294504#
(1788802265.385526) can0 05124504#1D
(1788802265.386526) can0 05FF4609#030003CA03CA00
(1788802265.388526) can0 04FF3602#0000000000000000
(1788802265.388801) can0 03FF1605#0100000000000000
(1788802265.399527) can0 03FF1600#142B00010400130F
(1788802265.408528) can0 04FF3604#0005000300C80100
(1788802265.409781) can0 03FF1601#6E50000000000000
(1788802265.412528) can0 05FF4610#0000D099FFFFFFA3
(1788802265.420528) can0 03FF1602#000005000000157C
(1788802265.430784) can0 03FF1604#0000000000000000
(1788802265.438530) can0 04FF3604#0004000300C80100
(1788802265.462531) can0 03FF1000#0840112200000001
(1788802265.468531) can0 04FF3604#0005000300C80100
(1788802265.473530) can0 03FF1001#0000000000000000
(1788802265.483533) can0 03FF1603#0000D03600000000
(1788802265.494536) can0 03FF1605#0100000000000000
(1788802265.498536) can0 04FF3604#0002000300C80100
(1788802265.528534) can0 04FF3604#0007000300C80100
(1788802265.558535) can0 04FF3604#0004000300C80100
(1788802265.567534) can0 03FF1000#0840112200000001
(1788802265.577785) can0 03FF1001#0000000000000000
(1788802265.588536) can0 04FF3604#0008000400C80100
(1788802265.588590) can0 03FF1603#0000D03600000000
(1788802265.598795) can0 03FF1605#0100000000000000
(1788802265.618539) can0 04FF3604#0004000300C80100
(1788802265.648539) can0 04FF3604#0003000300C80100
(1788802265.672540) can0 03FF1000#0840112200000001
(1788802265.678540) can0 04FF3604#0005000300C80100
(1788802265.682790) can0 03FF1001#0000000000000000
(1788802265.693541) can0 03FF1603#0000D03600000000
(1788802265.700567) can0 05FF4610#0000D09BFFFFFFA9
(1788802265.704541) can0 03FF1605#0100000000000000
(1788802265.708541) can0 04FF3604#0005000300C80100
(1788802265.738544) can0 04FF3604#0004000300C80100
(1788802265.768544) can0 04FF3604#0005000300C80100
(1788802265.777545) can0 03FF1000#0840112200000001
(1788802265.787789) can0 03FF1001#0000000000000000
(1788802265.798547) can0 04FF3604#0005000300C80100
(1788802265.798601) can0 03FF1603#0000D03600000000
(1788802265.808803) can0 03FF1605#0100000000000000
(1788802265.828548) can0 04FF3604#0005000300C80100
(1788802265.858550) can0 04FF3604#0004000300C80100
(1788802265.882551) can0 03FF1000#0840112200000001
(1788802265.888551) can0 04FF3602#0000000000000000
(1788802265.888601) can0 04FF3604#0007000400C80100
(1788802265.892794) can0 03FF1001#0000000000000000
(1788802265.903553) can0 03FF1603#0000D03600000000
(1788802265.914553) can0 03FF1605#0100000000000000
(1788802265.918552) can0 04FF3604#0005000300C80100
(1788802265.935554) can0 02181606#01000F0001030200
(1788802265.948554) can0 04FF3604#0004000300C80100
(1788802265.965554) can0 02203606#0101000100010000
(1788802265.973555) can0 05FF4610#0000D09BFFFFFFA9
(1788802265.978555) can0 04FF3604#0005000300C80100
(1788802265.987557) can0 03FF1000#0840112200000001
(1788802265.995556) can0 02181608#0500000001000000
(1788802265.998557) can0 03FF1001#0000000000000000
(1788802266.008559) can0 04FF3604#0008000300C80100
(1788802266.008624) can0 03FF1603#0000D03600000000
(1788802266.018813) can0 03FF1605#0100000000000000
(1788802266.026558) can0 02181609#0000000000000000
(1788802266.029558) can0 03121606#0000000000000000
(1788802266.038559) can0 04FF3604#0006000300C80100
(1788802266.055571) can0 02488600#0000000000000000
(1788802266.068560) can0 04FF3604#0007000300C80100
(1788802266.092562) can0 03FF1000#0840112200000001
(1788802266.098562) can0 04FF3604#0004000300C80100
(1788802266.103563) can0 03FF1001#0000000000000000
(1788802266.105562) can0 02191502#
(1788802266.113563) can0 03FF1603#0000D03600000000
(1788802266.123806) can0 03FF1605#0100000000000000
(1788802266.128563) can0 04FF3604#0004000300C80100
(1788802266.134564) can0 03FF1502#0100000000000000
(1788802266.135563) can0 02FF2605#0000060907070103
(1788802266.157820) can0 04FF3604#0004000300C80100
(1788802266.166565) can0 02FF2604#0000000000000000
(1788802266.188567) can0 04FF3604#0005000300C80100
(1788802266.195567) can0 02FF2704#0200000000000000
(1788802266.197567) can0 03FF1000#0840112200000001
(1788802266.207800) can0 03FF1001#0000000000000000
(1788802266.218568) can0 04FF3604#0006000300C80100
(1788802266.218635) can0 03FF1603#0000D03600000000
(1788802266.225625) can0 0260B606#0100000000000000
(1788802266.228811) can0 03FF1605#0100000000000000
(1788802266.234569) can0 05FF4610#0000D09BFFFFFFA9
(1788802266.247824) can0 04FF3604#0004000300C80100
(1788802266.255570) can0 05FF4001#0000000000000000
(1788802266.256569) can0 02203607#0000000300000000
(1788802266.257570) can0 05FF4000#0000000000000000
(1788802266.277825) can0 04FF3604#0004000400C80100
(1788802266.285594) can0 02F82400#0A00000000000000
(1788802266.302573) can0 03FF1000#0840112200000001
(1788802266.307817) can0 04FF3604#0006000400C80100
(1788802266.312816) can0 03FF1001#0000000000000000
(1788802266.315597) can0 02FF2602#D2D3CEA52E7F94BF
(1788802266.323574) can0 03FF1603#0000D03600000000
(1788802266.334574) can0 03FF1605#0100000000000000
(1788802266.337574) can0 05FF4602#06100C100D100C10
(1788802266.338574) can0 04FF3604#0005000300C80100
(1788802266.347576) can0 05FF4603#0C1009100D100E10
(1788802266.357577) can0 05FF4604#0B100C100F101010
(1788802266.367577) can0 05FF4605#0A10000000000000
(1788802266.368576) can0 04FF3604#0004000300C80100
(1788802266.386577) can0 03FF1600#142B00010400130F
(1788802266.387831) can0 04FF3602#0000000000000000
(1788802266.396774) can0 03FF1601#6E50000000000000
(1788802266.397577) can0 05FF4606#1E1E1E
(1788802266.397828) can0 04FF3604#0005000300C80100
(1788802266.407579) can0 03FF1602#000005000000157C
(1788802266.407690) can0 05FF4607#1E1D1E
(1788802266.417579) can0 05FF4608#0019007C
(1788802266.417848) can0 03FF1604#0000000000000000
(1788802266.427579) can0 05FF4609#030003CA03CA00
(1788802266.428578) can0 04FF3604#0004000300C80100
(1788802266.428645) can0 03FF1000#0840112200000001
(1788802266.438783) can0 03FF1001#0000000000000000
(1788802266.449580) can0 03FF1603#0000D03600000000
(1788802266.457835) can0 04FF3604#0006000300C80100
(1788802266.459823) can0 03FF1605#0100000000000000
(1788802266.487837) can0 04FF3604#0004000300C80100
(1788802266.496583) can0 05FF4610#0000D09BFFFFFFA9
(1788802266.512584) can0 03FF1000#0840112200000001
(1788802266.517838) can0 04FF3604#0006000300C80100
(1788802266.522798) can0 03FF1001#0000000000000000
(1788802266.533584) can0 03FF1603#0000D03600000000
(1788802266.543782) can0 03FF1605#0100000000000000
(1788802266.547828) can0 04FF3604#0006000300C80100
(1788802266.577813) can0 04FF3604#0004000300C80100
(1788802266.607820) can0 04FF3604#0003000300C80100
(1788802266.617589) can0 03FF1000#0840112200000001
(1788802266.618589) can0 05FF4600#0D0300900303
(1788802266.627797) can0 03FF1001#0000000000000000
(1788802266.637810) can0 04FF3604#0005000400C80100
(1788802266.638590) can0 03FF1603#0000D03600000000
(1788802266.648822) can0 03FF1605#0100000000000000
(1788802266.667806) can0 04FF3604#0003000300C80100
(1788802266.696790) can0 02181606#01000F0001030200
(1788802266.697812) can0 04FF3604#0003000300C80100
(1788802266.722595) can0 03FF1000#0840112200000001
(1788802266.726594) can0 02203606#0101000100010000
(1788802266.727837) can0 04FF3604#0006000300C80100
(1788802266.732825) can0 03FF1001#0000000000000000
(1788802266.743596) can0 03FF1603#0000D03600000000
(1788802266.753827) can0 03FF1605#0100000000000000
(1788802266.756595) can0 02181608#0500000001000000
(1788802266.757815) can0 04FF3604#0005000300C80100
(1788802266.764596) can0 03121606#0000000000000000
(1788802266.786597) can0 02181609#0000000000000000
(1788802266.787597) can0 05FF4610#0000D09AFFFFFFAE
(1788802266.788597) can0 04FF3604#0003000300C80100
(1788802266.816600) can0 02488600#0000000000000000
(1788802266.817815) can0 04FF3604#0005000300C80100
(1788802266.827600) can0 03FF1000#0840112200000001
(1788802266.837820) can0 03FF1001#0000000000000000
(1788802266.846601) can0 02191503#
(1788802266.847808) can0 04FF3604#0002000300C80100
(1788802266.848600) can0 03FF1603#0000D03600000000
(1788802266.858844) can0 03FF1605#0100000000000000
(1788802266.869602) can0 03FF1503#0100000000000000
(1788802266.877840) can0 04FF3604#0004000300C80100
(1788802266.887823) can0 04FF3602#0000000000000000
(1788802266.907824) can0 04FF3604#0004000300C80100
(1788802266.932605) can0 03FF1000#0840112200000001
(1788802266.937843) can0 04FF3604#0006000300C80100
(1788802266.942825) can0 03FF1001#0000000000000000
(1788802266.953606) can0 03FF1603#0000D03600000000
(1788802266.963814) can0 03FF1605#0100000000000000
(1788802266.967814) can0 04FF3604#0005000300C80100
(1788802266.997828) can0 04FF3604#0005000300C80100
(1788802267.027820) can0 04FF3604#0004000300C80100
(1788802267.037611) can0 03FF1000#0840112200000001
(1788802267.047825) can0 03FF1001#0000000000000000
(1788802267.057808) can0 04FF3604#0003000300C80100
(1788802267.058611) can0 03FF1603#0000D03600000000
(1788802267.061612) can0 05FF4610#0000D09AFFFFFFAE
(1788802267.068816) can0 03FF1605#0100000000000000
(1788802267.087614) can0 02FF2605#0000060907070104
(1788802267.087818) can0 04FF3604#0004000300C80100
(1788802267.116616) can0 02FF2604#0000000000000000
(1788802267.117822) can0 04FF3604#0004000300C80100
(1788802267.142617) can0 03FF1000#0840112200000001
(1788802267.146616) can0 02FF2704#0200000000000000
(1788802267.147847) can0 04FF3604#0006000300C80100
(1788802267.152831) can0 03FF1001#0000000000000000
(1788802267.163617) can0 03FF1603#0000D03600000000
(1788802267.173826) can0 03FF1605#0100000000000000
(1788802267.177814) can0 04FF3604#0006000300C80100
(1788802267.178617) can0 0260B606#0100000000000000
(1788802267.206620) can0 02203607#0000000300000000
(1788802267.207812) can0 04FF3604#0001000300C80100
(1788802267.237820) can0 04FF3604#0006000300C80100
(1788802267.247624) can0 03FF1000#0840112200000001
(1788802267.257831) can0 03FF1001#0000000000000000
(1788802267.267821) can0 04FF3604#0002000300C80100
(1788802267.268624) can0 03FF1603#0000D03600000000
(1788802267.278817) can0 03FF1605#0100000000000000
(1788802267.297823) can0 04FF3604#0005000300C80100
(1788802267.300639) can0 05FF4001#0000000000000000
(1788802267.302628) can0 05FF4000#0000000000000000
(1788802267.323628) can0 05FF4610#0000D09AFFFFFFAE
(1788802267.327828) can0 04FF3604#0003000300C80100
(1788802267.352631) can0 03FF1000#0840112200000001
(1788802267.357814) can0 04FF3604#0004000300C80100
(1788802267.362872) can0 03FF1001#0000000000000000
(1788802267.373630) can0 03FF1603#0000D03600000000
(1788802267.382630) can0 05FF4602#06100C100C100C10
(1788802267.383872) can0 03FF1605#0100000000000000
(1788802267.387833) can0 04FF3602#0000000000000000
(1788802267.388630) can0 04FF3604#0005000300C80100
(1788802267.392630) can0 05FF4603#0C1009100D100E10
(1788802267.394630) can0 03FF1600#142B00010400130F
(1788802267.402633) can0 05FF4604#0B100C100F101010
(1788802267.404818) can0 03FF1601#6E50000000000000
(1788802267.412631) can0 05FF4605#0A10000000000000
(1788802267.415631) can0 03FF1602#000005000000157C
(1788802267.417816) can0 04FF3604#0004000300C80100
(1788802267.425852) can0 03FF1604#0000000000000000
(1788802267.443633) can0 05FF4606#1E1E1E
(1788802267.447841) can0 04FF3604#0002000300C80100
(1788802267.453633) can0 05FF4607#1E1D1E
(1788802267.456760) can0 02181606#01000A0001030200
(1788802267.457633) can0 03FF1000#0840112200000001
(1788802267.464633) can0 05FF4608#0019007C
(1788802267.467837) can0 03FF1001#0000000000000000
(1788802267.474634) can0 05FF4609#030003CA03CA00
(1788802267.477808) can0 04FF3604#0005000300C80100
(1788802267.478634) can0 03FF1603#0000D03600000000
(1788802267.486820) can0 02203606#0101000100010000
(1788802267.488819) can0 03FF1605#0100000000000000
(1788802267.507823) can0 04FF3604#0006000300C80100
(1788802267.516837) can0 02181608#0500000001000000
(1788802267.537807) can0 04FF3604#0005000300C80100
(1788802267.546835) can0 02181609#0000000000000000
(1788802267.562640) can0 03FF1000#0840112200000001
(1788802267.567813) can0 04FF3604#0004000300C80100
(1788802267.572831) can0 03FF1001#0000000000000000
(1788802267.577639) can0 02488600#0000000000000000
(1788802267.583639) can0 03FF1603#0000D03600000000
(1788802267.593838) can0 03FF1605#0100000000000000
(1788802267.597814) can0 04FF3604#0005000300C80100
(1788802267.604643) can0 03121606#0100000000000000
(1788802267.606875) can0 02191504#
(1788802267.611641) can0 05FF4610#0000D09AFFFFFFAE
(1788802267.625643) can0 03FF1504#0000001D00000000
(1788802267.627804) can0 04FF3604#0003000300C80100
(1788802267.657817) can0 04FF3604#0006000300C80100
(1788802267.667645) can0 03FF1000#0840112200000001
(1788802267.677837) can0 03FF1001#0000000000000000
(1788802267.687830) can0 04FF3604#0006000300C80100
(1788802267.688646) can0 03FF1603#0000D03600000000
(1788802267.698831) can0 03FF1605#0100000000000000
(1788802267.717811) can0 04FF3604#0003000300C80100
(1788802267.747812) can0 04FF3604#0005000300C80100
(1788802267.772651) can0 03FF1000#0840112200000001
(1788802267.777812) can0 04FF3604#0005000300C80100
(1788802267.782842) can0 03FF1001#0000000000000000
(1788802267.793652) can0 03FF1603#0000D03600000000
(1788802267.803850) can0 03FF1605#0100000000000000
(1788802267.807816) can0 04FF3604#0005000300C80100
(1788802267.837800) can0 04FF3604#0003000300C80100
(1788802267.867821) can0 04FF3604#0002000300C80100
(1788802267.877658) can0 03FF1000#0840112200000001
(1788802267.887656) can0 05FF4610#0000D09AFFFFFFA9
(1788802267.888656) can0 03FF1001#0000000000000000
(1788802267.897818) can0 04FF3604#0006000300C80100
(1788802267.898656) can0 03FF1603#0000D03600000000
(1788802267.908856) can0 03FF1605#0100000000000000
(1788802267.927807) can0 04FF3604#0005000300C80100
(1788802267.957799) can0 04FF3604#0005000400C80100
(1788802267.982662) can0 03FF1000#0840112200000001
(1788802267.987811) can0 04FF3604#0005000300C80100
(1788802267.992853) can0 03FF1001#0000000000000000
(1788802268.003664) can0 03FF1603#0000D03600000000
(1788802268.013816) can0 03FF1605#0100000000000000
(1788802268.017801) can0 04FF3604#0007000300C80100
(1788802268.047802) can0 04FF3604#0004000300C80100
(1788802268.077816) can0 04FF3604#0004000300C80100
(1788802268.087666) can0 03FF1000#0840112200000001
(1788802268.097666) can0 02FF2605#0000060907070105
(1788802268.097936) can0 03FF1001#0000000000000000
(1788802268.107809) can0 04FF3604#0005000300C80100
(1788802268.108670) can0 03FF1603#0000D03600000000
(1788802268.118818) can0 03FF1605#0100000000000000
(1788802268.128669) can0 02FF2604#0000000000000000
(1788802268.137819) can0 04FF3604#0006000300C80100
(1788802268.148670) can0 05FF4610#0000D09AFFFFFFA9
(1788802268.157670) can0 02FF2704#0200000000000000
(1788802268.167809) can0 04FF3604#0004000300C80100
(1788802268.187671) can0 0260B606#0100000000000000
(1788802268.192671) can0 03FF1000#0840112200000001
(1788802268.197811) can0 04FF3604#0007000300C80100
(1788802268.202820) can0 03FF1001#0000000000000000
(1788802268.213675) can0 03FF1603#0000D03600000000
(1788802268.217672) can0 02203607#0000000300000000
(1788802268.223858) can0 03FF1605#0100000000000000
(1788802268.227819) can0 04FF3604#0003000300C80100
(1788802268.247675) can0 02181606#01000A0001030200
(1788802268.257802) can0 04FF3604#0006000300C80100
(1788802268.277676) can0 02203606#0101000100010000
(1788802268.287804) can0 04FF3604#0006000400C80100
(1788802268.297677) can0 03FF1000#0840112200000001
(1788802268.307680) can0 02181608#0500000001000000
(1788802268.308680) can0 03FF1001#0000000000000000
(1788802268.317801) can0 04FF3604#0004000300C80100
(1788802268.318678) can0 03FF1603#0000D03600000000
(1788802268.328864) can0 03FF1605#0100000000000000
(1788802268.337678) can0 02181609#0000000000000000
(1788802268.339679) can0 03121606#0000000000000000
(1788802268.343684) can0 05FF4001#0000000000000000
(1788802268.345683) can0 05FF4000#0000000000000000
(1788802268.347806) can0 04FF3604#0004000300C80100
(1788802268.367680) can0 02488600#0000000000000000
(1788802268.377809) can0 04FF3604#0004000300C80100
(1788802268.387820) can0 04FF3602#0000000000000000
(1788802268.399682) can0 02213502#
(1788802268.402685) can0 03FF1000#0840112200000001
(1788802268.407823) can0 04F93502#0000000000000000
(1788802268.408682) can0 04FF3604#0004000300C80100
(1788802268.410682) can0 05FF4610#0000D09AFFFFFFA9
(1788802268.412851) can0 03FF1001#0000000000000000
(1788802268.423684) can0 03FF1600#142B00010400130A
(1788802268.426683) can0 05FF4602#06100C100C100C10
(1788802268.433858) can0 03FF1601#6E50000000000000
(1788802268.436684) can0 05FF4603#0C1009100D100E10
(1788802268.437811) can0 04FF3604#0003000300C80100
(1788802268.444684) can0 03FF1602#000005000000157C
(1788802268.446684) can0 05FF4604#0B100C100F101010
(1788802268.454853) can0 03FF1603#0000D03600000000
(1788802268.456685) can0 05FF4605#0A10000000000000
(1788802268.465685) can0 03FF1604#0000000000000000
(1788802268.467801) can0 04FF3604#0004000300C80100
(1788802268.475855) can0 03FF1605#0100000000000000
(1788802268.486686) can0 05FF4606#1E1E1E
(1788802268.496687) can0 05FF4607#1E1D1E
(1788802268.497802) can0 04FF3604#0003000300C80100
(1788802268.506690) can0 05FF4608#0019007C
(1788802268.507690) can0 03FF1000#0840112200000001
(1788802268.516688) can0 05FF4609#030003CA03CA00
(1788802268.517862) can0 03FF1001#0000000000000000
(1788802268.527800) can0 04FF3604#0003000300C80100
(1788802268.528689) can0 03FF1603#0000D03600000000
(1788802268.538874) can0 03FF1605#0100000000000000
(1788802268.557813) can0 04FF3604#0005000300C80100
(1788802268.587819) can0 04FF3604#0002000300C80100
(1788802268.612695) can0 03FF1000#0840112200000001
(1788802268.617812) can0 04FF3604#0005000300C80100
(1788802268.622867) can0 03FF1001#0000000000000000
(1788802268.633695) can0 03FF1603#0000D03600000000
(1788802268.643867) can0 03FF1605#0100000000000000
(1788802268.647799) can0 04FF3604#0005000300C80100
(1788802268.677808) can0 04FF3604#0005000300C80100
(1788802268.697698) can0 05FF4610#0000D099FFFFFFA9
(1788802268.707827) can0 04FF3604#0005000300C80100
(1788802268.717700) can0 03FF1000#0840112200000001
(1788802268.727845) can0 03FF1001#0000000000000000
(1788802268.737804) can0 04FF3604#0004000300C80100
(1788802268.738700) can0 03FF1603#0000D03600000000
(1788802268.748851) can0 03FF1605#0100000000000000
(1788802268.767794) can0 04FF3604#0004000300C80100
(1788802268.797807) can0 04FF3604#0004000300C80100
(1788802268.822706) can0 03FF1000#0840112200000001
(1788802268.827799) can0 04FF3604#0004000300C80100
(1788802268.832862) can0 03FF1001#0000000000000000
(1788802268.843705) can0 03FF1603#0000D03600000000
(1788802268.853860) can0 03FF1605#0100000000000000
(1788802268.857812) can0 04FF3604#0004000300C80100
(1788802268.887807) can0 04FF3602#0000000000000000
(1788802268.888707) can0 04FF3604#0004000300C80100
(1788802268.917792) can0 04FF3604#0004000300C80100
(1788802268.927711) can0 03FF1000#0840112200000001
(1788802268.937860) can0 03FF1001#0000000000000000
(1788802268.947791) can0 04FF3604#0004000300C80100
(1788802268.948710) can0 03FF1603#0000D03600000000
(1788802268.958884) can0 03FF1605#0100000000000000
(1788802268.972712) can0 05FF4610#0000D099FFFFFFA3
(1788802268.977793) can0 04FF3604#0003000300C80100
(1788802268.978711) can0 02181606#01000A0001030200
(1788802269.007797) can0 04FF3604#0005000300C80100
(1788802269.008716) can0 02203606#0101000100010000
(1788802269.032715) can0 03FF1000#0840112200000001
(1788802269.037797) can0 04FF3604#0005000300C80100
(1788802269.038715) can0 02181608#0500000001000000
(1788802269.042865) can0 03FF1001#0000000000000000
(1788802269.053716) can0 03FF1603#0000D03600000000
(1788802269.063843) can0 03FF1605#0100000000000000
(1788802269.067797) can0 04FF3604#0003000300C80100
(1788802269.074717) can0 03121606#0000000000000000
(1788802269.097811) can0 04FF3604#0006000300C80100
(1788802269.098718) can0 02181609#0000000000000000
(1788802269.127803) can0 04FF3604#0006000300C80100
(1788802269.128722) can0 02488600#0000000000000000
(1788802269.137720) can0 03FF1000#0840112200000001
(1788802269.147871) can0 03FF1001#0000000000000000
(1788802269.157826) can0 04FF3604#0004000400C80100
(1788802269.158721) can0 03FF1603#0000D03600000000
(1788802269.158776) can0 02213503#
(1788802269.167802) can0 04F93503#0000000000000000
(1788802269.168849) can0 03FF1605#0100000000000000
(1788802269.187799) can0 04FF3604#0003000300C80100
(1788802269.188723) can0 02FF2605#0000060907070106
(1788802269.217796) can0 04FF3604#0005000300C80100
(1788802269.218727) can0 02FF2604#0000000000000000
(1788802269.234727) can0 05FF4610#0000D099FFFFFFA3
(1788802269.242726) can0 03FF1000#0840112200000001
(1788802269.247795) can0 04FF3604#0005000300C80100
(1788802269.248726) can0 02FF2704#0200000000000000
(1788802269.252887) can0 03FF1001#0000000000000000
(1788802269.263726) can0 03FF1603#0000D03600000000
(1788802269.273866) can0 03FF1605#0100000000000000
(1788802269.277785) can0 04FF3604#0004000300C80100
(1788802269.278727) can0 0260B606#0100000000000000
(1788802269.307789) can0 04FF3604#0004000300C80100
(1788802269.308732) can0 02203607#0000000300000000
(1788802269.337815) can0 04FF3604#0004000300C80100
(1788802269.347730) can0 03FF1000#0840112200000001
(1788802269.357891) can0 03FF1001#0000000000000000
(1788802269.367802) can0 04FF3604#0005000300C80100
(1788802269.368733) can0 03FF1603#0000D03600000000
(1788802269.378883) can0 03FF1605#0100000000000000
(1788802269.387803) can0 04FF3400#0000022600000000
(1788802269.388733) can0 04FF3602#0000000000000000
(1788802269.388996) can0 05FF4001#0000000000000000
(1788802269.390733) can0 05FF4000#0000000000000000
(1788802269.397931) can0 04FF3604#0004000300C80100
(1788802269.410737) can0 03FF1600#142B00010400130A
(1788802269.420852) can0 03FF1601#6E50000000000000
(1788802269.427801) can0 04FF3604#0005000300C80100
(1788802269.431735) can0 03FF1602#000005000000157C
(1788802269.441874) can0 03FF1604#0000000000000000
(1788802269.452737) can0 03FF1000#0840112200000001
(1788802269.457794) can0 04FF3604#0004000300C80100
(1788802269.462864) can0 03FF1001#0000000000000000
(1788802269.471737) can0 05FF4602#06100C100C100C10
(1788802269.473744) can0 03FF1603#0000D03600000000
(1788802269.480738) can0 05FF4603#0C1009100D100E10
(1788802269.483865) can0 03FF1605#0100000000000000
(1788802269.487807) can0 04FF3604#0006000300C80100
(1788802269.490738) can0 05FF4604#0B100C100F100F10
(1788802269.497738) can0 05FF4610#0000D099FFFFFFA3
(1788802269.500739) can0 05FF4605#0A10000000000000
(1788802269.517800) can0 04FF3604#0004000300C80100
(1788802269.530744) can0 05FF4606#1E1E1E
(1788802269.540741) can0 05FF4607#1E1D1E
(1788802269.547788) can0 04FF3604#0003000300C80100
(1788802269.550741) can0 05FF4608#0019007C
(1788802269.557741) can0 03FF1000#0840112200000001
(1788802269.560742) can0 05FF4609#030003CA03CA00
(1788802269.567892) can0 03FF1001#0000000000000000
(1788802269.577801) can0 04FF3604#0005000300C80100
(1788802269.578742) can0 03FF1603#0000D03600000000
(1788802269.588855) can0 03FF1605#0100000000000000
(1788802269.607804) can0 04FF3604#0004000300C80100
(1788802269.637795) can0 04FF3604#0005000300C80100
(1788802269.662747) can0 03FF1000#0840112200000001
(1788802269.667783) can0 04FF3604#0005000400C80100
(1788802269.672887) can0 03FF1001#0000000000000000
(1788802269.683749) can0 03FF1603#0000D03600000000
(1788802269.693910) can0 03FF1605#0100000000000000
(1788802269.697790) can0 04FF3604#0003000300C80100
(1788802269.727799) can0 04FF3604#0003000300C80100
(1788802269.738939) can0 02181606#01000A0001030200
(1788802269.757787) can0 04FF3604#0008000300C80100
(1788802269.767752) can0 03FF1000#0840112200000001
(1788802269.768995) can0 02203606#0101000100010000
(1788802269.777892) can0 03FF1001#0000000000000000
(1788802269.787755) can0 05FF4610#0000D09BFFFFFFA3
(1788802269.788753) can0 04FF3604#0004000300C80100
(1788802269.788820) can0 03FF1603#0000D03600000000
(1788802269.798882) can0 03FF1605#0100000000000000
(1788802269.799754) can0 02181608#0500000001000000
(1788802269.809757) can0 03121606#0000000000000000
(1788802269.817792) can0 04FF3604#0003000300C80100
(1788802269.829756) can0 02181609#0000000000000000
(1788802269.847792) can0 04FF3604#0003000300C80100
(1788802269.860988) can0 02488600#0000000000000000
(1788802269.872761) can0 03FF1000#0840112200000001
(1788802269.877794) can0 04FF3604#0007000300C80100
(1788802269.882885) can0 03FF1001#0000000000000000
(1788802269.887793) can0 04FF3602#0000000000000000
(1788802269.888897) can0 02213504#
(1788802269.893759) can0 03FF1603#0000D03600000000
(1788802269.897920) can0 04F93504#0000000000000000
(1788802269.903885) can0 03FF1605#0100000000000000
(1788802269.907797) can0 04FF3604#0005000300C80100
(1788802269.937797) can0 04FF3604#0006000300C80100
(1788802269.967786) can0 04FF3604#0004000300C80100
(1788802269.977764) can0 03FF1000#0840112200000001
(1788802269.987879) can0 03FF1001#0000000000000000
(1788802269.997800) can0 04FF3604#0005000300C80100
(1788802269.998764) can0 03FF1603#0000D03600000000
(1788802270.008894) can0 03FF1605#0100000000000000
(1788802270.027792) can0 04FF3604#0006000400C80100
(1788802270.057791) can0 04FF3604#0005000300C80100
(1788802270.060791) can0 05FF4610#0000D09BFFFFFFA3
(1788802270.082769) can0 03FF1000#0840112200000001
(1788802270.087803) can0 04FF3604#0005000300C80100
(1788802270.092896) can0 03FF1001#0000000000000000
(1788802270.103773) can0 03FF1603#0000D03600000000
(1788802270.113872) can0 03FF1605#0100000000000000
(1788802270.117794) can0 04FF3604#0004000300C80100
(1788802270.119771) can0 02FF2605#0000060907070108
(1788802270.147808) can0 04FF3604#0006000300C80100
(1788802270.151773) can0 02FF2604#0000000000000000
(1788802270.177797) can0 04FF3604#0005000300C80100
(1788802270.179774) can0 02FF2704#0200000000000000
(1788802270.187775) can0 03FF1000#0840112200000001
(1788802270.197886) can0 03FF1001#0000000000000000
(1788802270.207812) can0 04FF3604#0006000300C80100
(1788802270.208778) can0 03FF1603#0000D03600000000
(1788802270.209775) can0 0260B606#0100000000000000
(1788802270.218863) can0 03FF1605#0100000000000000
(1788802270.237811) can0 04FF3604#0004000300C80100
(1788802270.239777) can0 02203607#0000000300000000
(1788802270.267802) can0 04FF3604#0004000400C80100
(1788802270.292780) can0 03FF1000#0840112200000001
(1788802270.297792) can0 04FF3604#0007000300C80100
(1788802270.302896) can0 03FF1001#0000000000000000
(1788802270.313784) can0 03FF1603#0000D03600000000
(1788802270.321785) can0 05FF4610#0000D09BFFFFFFA3
(1788802270.323908) can0 03FF1605#0100000000000000
(1788802270.327793) can0 04FF3604#0006000300C80100
(1788802270.357783) can0 04FF3604#0004000300C80100
(1788802270.387808) can0 04FF3602#0000000000000000
(1788802270.388788) can0 04FF3604#0005000300C80100
(1788802270.397786) can0 03FF1000#0840112200000001
(1788802270.407880) can0 03FF1001#0000000000000000
(1788802270.417788) can0 04FF3604#0007000300C80100
(1788802270.418786) can0 03FF1603#0000D03600000000
(1788802270.428892) can0 03FF1605#0100000000000000
(1788802270.430902) can0 05FF4001#0000000000000000
(1788802270.432787) can0 05FF4000#0000000000000000
(1788802270.439787) can0 03FF1600#142B00010400130A
(1788802270.447799) can0 04FF3604#0006000300C80100
(1788802270.449891) can0 03FF1601#6E50000000000000
(1788802270.460788) can0 03FF1602#000005000000157C
(1788802270.470916) can0 03FF1604#0000000000000000
(1788802270.477789) can0 04FF3604#0005000300C80100
(1788802270.499791) can0 02181606#01000A0001030200
(1788802270.502791) can0 03FF1000#0840112200000001
(1788802270.507793) can0 04FF3604#0004000300C80100
(1788802270.512897) can0 03FF1001#0000000000000000
(1788802270.513791) can0 05FF4602#06100C100C100C10
(1788802270.523793) can0 03FF1603#0000D03600000000
(1788802270.523939) can0 05FF4603#0C100A100D100E10
(1788802270.529792) can0 02203606#0101000100010000
(1788802270.533792) can0 05FF4604#0B100C100F101010
(1788802270.534792) can0 03FF1605#0100000000000000
(1788802270.537792) can0 04FF3604#0004000300C80100
(1788802270.543792) can0 05FF4605#0A10000000000000
(1788802270.560956) can0 02181608#0500000001000000
(1788802270.567794) can0 04FF3604#0005000300C80100
(1788802270.573795) can0 05FF4606#1E1E1E
(1788802270.589796) can0 02181609#0000000000000000
(1788802270.597796) can0 04FF3604#0004000300C80100
(1788802270.607798) can0 03FF1000#0840112200000001
(1788802270.608799) can0 05FF4607#1E1D1E
(1788802270.609796) can0 05FF4610#0000D09BFFFFFFA3
(1788802270.617901) can0 03FF1001#0000000000000000
(1788802270.618796) can0 05FF4608#0019007C
(1788802270.619888) can0 02488600#0000000000000000
(1788802270.627798) can0 04FF3604#0006000300C80100
(1788802270.628797) can0 03FF1603#0000D03600000000
(1788802270.628909) can0 05FF4609#030003CA03CA00
(1788802270.638914) can0 03FF1605#0100000000000000
(1788802270.649799) can0 03121606#0000000000000000
(1788802270.649853) can0 02213600#
(1788802270.657799) can0 04FF3604#0002000300C80100
(1788802270.687801) can0 04FF3604#0008000400C80100
(1788802270.712804) can0 03FF1000#0840112200000001
(1788802270.717804) can0 04FF3604#0003000300C80100
(1788802270.722936) can0 03FF1001#0000000000000000
(1788802270.733803) can0 03FF1603#0000D03600000000
(1788802270.743872) can0 03FF1605#0100000000000000
(1788802270.747803) can0 04FF3604#0005000300C80100
(1788802270.777817) can0 04FF3604#0005000300C80100
(1788802270.807809) can0 04FF3604#0004000300C80100
(1788802270.817810) can0 03FF1000#0840112200000001
(1788802270.827924) can0 03FF1001#0000000000000000
(1788802270.837808) can0 04FF3604#0003000300C80100
(1788802270.838809) can0 03FF1603#0000D03600000000
(1788802270.848913) can0 03FF1605#0100000000000000
(1788802270.867810) can0 04FF3604#0004000300C80100
(1788802270.885816) can0 05FF4610#0000D09BFFFFFFA3
(1788802270.887814) can0 04FF3602#0000000000000000
(1788802270.897811) can0 04FF3604#0003000400C80100
(1788802270.922814) can0 03FF1000#0840112200000001
(1788802270.927815) can0 04FF3604#0004000300C80100
(1788802270.932906) can0 03FF1001#0000000000000000
(1788802270.943813) can0 03FF1603#0000D03600000000
(1788802270.953894) can0 03FF1605#0100000000000000
(1788802270.957814) can0 04FF3604#0006000300C80100
(1788802270.987816) can0 04FF3604#0005000400C80100
(1788802271.017819) can0 04FF3604#0004000300C80100
(1788802271.027821) can0 03FF1000#0840112200000001
(1788802271.037906) can0 03FF1001#0000000000000000
(1788802271.047819) can0 04FF3604#0003000300C80100
(1788802271.048819) can0 03FF1603#0000D03600000000
(1788802271.058913) can0 03FF1605#0100000000000000
(1788802271.077823) can0 04FF3604#0005000300C80100
(1788802271.107825) can0 04FF3604#0005000300C80100
(1788802271.130826) can0 02FF2605#0000060907070109
(1788802271.132822) can0 03FF1000#0840112200000001
(1788802271.137824) can0 04FF3604#0006000300C80100
(1788802271.142904) can0 03FF1001#0000000000000000
(1788802271.147824) can0 05FF4610#0000D09BFFFFFFA3
(1788802271.153825) can0 03FF1603#0000D03600000000
(1788802271.160824) can0 02FF2604#0000000000000000
(1788802271.163917) can0 03FF1605#0100000000000000
(1788802271.167824) can0 04FF3604#0005000300C80100
(1788802271.190826) can0 02FF2704#0200000000000000
(1788802271.197826) can0 04FF3604#0004000300C80100
(1788802271.220830) can0 0260B606#0100000000000000
(1788802271.227831) can0 04FF3604#0003000300C80100
(1788802271.237829) can0 03FF1000#0840112200000001
(1788802271.247910) can0 03FF1001#0000000000000000
(1788802271.250829) can0 02203607#0000000300000000
(1788802271.257830) can0 04FF3604#0005000300C80100
(1788802271.258829) can0 03FF1603#0000D03600000000
(1788802271.268922) can0 03FF1605#0100000000000000
(1788802271.280831) can0 02181606#01000A0001030200
(1788802271.287832) can0 04FF3604#0006000300C80100
(1788802271.312835) can0 02203606#0101000100010000
(1788802271.317836) can0 04FF3604#0005000300C80100
(1788802271.340834) can0 02181608#0500000001000000
(1788802271.342833) can0 03FF1000#0840112200000001
(1788802271.347833) can0 04FF3604#0004000300C80100
(1788802271.352915) can0 03FF1001#0000000000000000
(1788802271.363834) can0 03FF1603#0000D03600000000
(1788802271.370835) can0 02181609#0000000000000000
(1788802271.373917) can0 03FF1605#0100000000000000
(1788802271.377838) can0 04FF3604#0004000300C80100
(1788802271.384837) can0 03121606#0000000000000000
(1788802271.387836) can0 04FF3602#0000000000000000
(1788802271.400836) can0 02488600#0000000000000000
(1788802271.407839) can0 04FF3604#0005000300C80100
(1788802271.408840) can0 05FF4610#0000D09BFFFFFFA3
(1788802271.426838) can0 03FF1600#142B00010400130A
(1788802271.430838) can0 02213601#
(1788802271.436907) can0 03FF1601#6E50000000000000
(1788802271.437839) can0 04FF3604#0006000300C80100
(1788802271.447842) can0 03FF1602#000005000000157C
(1788802271.457895) can0 03FF1604#0000000000000000
(1788802271.467841) can0 04FF3604#0003000300C80100
(1788802271.468840) can0 03FF1000#0840112200000001
(1788802271.474840) can0 05FF4001#0000000000000000
(1788802271.476841) can0 05FF4000#0000000000000000
(1788802271.478922) can0 03FF1001#0000000000000000
(1788802271.489842) can0 03FF1603#0000D03600000000
(1788802271.497842) can0 04FF3604#0005000300C80100
(1788802271.499952) can0 03FF1605#0100000000000000
(1788802271.527846) can0 04FF3604#0007000300C80100
(1788802271.552847) can0 03FF1000#0840112200000001
(1788802271.556845) can0 05FF4602#07100C100C100C10
(1788802271.557845) can0 04FF3604#0005000300C80100
(1788802271.562926) can0 03FF1001#0000000000000000
(1788802271.566845) can0 05FF4603#0C100A100D100E10
(1788802271.573846) can0 03FF1603#0000D03600000000
(1788802271.576846) can0 05FF4604#0B100C100E101010
(1788802271.583951) can0 03FF1605#0100000000000000
(1788802271.586847) can0 05FF4605#0A10000000000000
(1788802271.587846) can0 04FF3604#0006000300C80100
(1788802271.617851) can0 04FF3604#0003000300C80100
(1788802271.641850) can0 05FF4606#1E1E1E
(1788802271.647849) can0 04FF3604#0005000300C80100
(1788802271.651850) can0 05FF4607#1E1D1E
(1788802271.657851) can0 03FF1000#0840112200000001
(1788802271.661850) can0 05FF4608#0019007C
(1788802271.667919) can0 03FF1001#0000000000000000
(1788802271.671850) can0 05FF4609#030003CA03CA00
(1788802271.677852) can0 04FF3604#0002000300C80100
(1788802271.678851) can0 03FF1603#0000D03600000000
(1788802271.688909) can0 03FF1605#0100000000000000
(1788802271.694852) can0 05FF4610#0000D099FFFFFFA3
(1788802271.707855) can0 04FF3604#0005000300C80100
(1788802271.737857) can0 04FF3604#0005000300C80100
(1788802271.762857) can0 03FF1000#0840112200000001
(1788802271.767856) can0 04FF3604#0004000400C80100
(1788802271.772897) can0 03FF1001#0000000000000000
(1788802271.778856) can0 05FF4400#00000006
(1788802271.783857) can0 03FF1603#0000D03600000000
(1788802271.793892) can0 03FF1605#0100000000000000
(1788802271.797857) can0 04FF3604#0005000300C80100
(1788802271.827861) can0 04FF3604#0007000300C80100
(1788802271.833863) can0 05FF4600#0D0300900303
(1788802271.857861) can0 04FF3604#0006000300C80100
(1788802271.867862) can0 03FF1000#0840112200000001
(1788802271.877908) can0 03FF1001#0000000000000000
(1788802271.887867) can0 04FF3602#0000000000000000
(1788802271.888866) can0 04FF3604#0005000300C80100
(1788802271.888959) can0 03FF1603#0000D03600000000
(1788802271.890886) can0 05FF4601#007300000000
(1788802271.898920) can0 03FF1605#0100000000000000
(1788802271.917865) can0 04FF3604#0006000300C80100
(1788802271.947868) can0 04FF3604#0003000300C80100
(1788802271.969869) can0 05FF4610#0000D099FFFFFF9E
(1788802271.972870) can0 03FF1000#0840112200000001
(1788802271.977868) can0 04FF3604#0003000300C80100
(1788802271.982920) can0 03FF1001#0000000000000000
(1788802271.993868) can0 03FF1603#0000D03600000000
(1788802272.003925) can0 03FF1605#0100000000000000
(1788802272.007871) can0 04FF3604#0006000300C80100
(1788802272.021872) can0 02181606#0100050001030200
(1788802272.037870) can0 04FF3604#0003000300C80100
(1788802272.051870) can0 02203606#0101000100010000
(1788802272.067874) can0 04FF3604#0005000300C80100
(1788802272.077874) can0 03FF1000#0840112200000001
(1788802272.087930) can0 03FF1001#0000000000000000
(1788802272.097874) can0 04FF3604#0003000400C80100
(1788802272.098872) can0 03FF1603#0000D03600000000
(1788802272.101873) can0 02181608#0500000001000000
(1788802272.108933) can0 03FF1605#0100000000000000
(1788802272.119877) can0 03121606#0100000000000000
(1788802272.127874) can0 04FF3604#0006000300C80100
(1788802272.133874) can0 02181609#0000000000000000
(1788802272.157877) can0 04FF3604#0005000300C80100
(1788802272.161876) can0 02488600#0000000000000000
(1788802272.182878) can0 03FF1000#0840112200000001
(1788802272.187877) can0 04FF3604#0007000300C80100
(1788802272.191074) can0 02294611#
(1788802272.191877) can0 05124611#0061368C000034E4
(1788802272.192935) can0 03FF1001#0000000000000000
(1788802272.203878) can0 03FF1603#0000D03600000000
(1788802272.213950) can0 03FF1605#0100000000000000
(1788802272.217881) can0 04FF3604#0005000300C80100
(1788802272.224879) can0 02FF2605#0000060907070100
(1788802272.231881) can0 05FF4610#0000D099FFFFFF9E
(1788802272.247881) can0 04FF3604#0005000300C80100
(1788802272.253881) can0 02FF2604#0000000000000000
(1788802272.277884) can0 04FF3604#0004000300C80100
(1788802272.281883) can0 02FF2704#0200000000000000
(1788802272.287883) can0 03FF1000#0840112200000001
(1788802272.297942) can0 03FF1001#0000000000000000
(1788802272.307886) can0 04FF3604#0005000300C80100
(1788802272.308886) can0 03FF1603#0000D03600000000
(1788802272.311884) can0 0260B606#0100000000000000
(1788802272.318919) can0 03FF1605#0100000000000000
(1788802272.337886) can0 04FF3604#0005000300C80100
(1788802272.341885) can0 02203607#0000000300000000
(1788802272.367888) can0 04FF3604#0004000300C80100
(1788802272.387888) can0 04FF3602#0000000000000000
(1788802272.392893) can0 03FF1000#0840112200000001
(1788802272.397893) can0 04FF3604#0004000400C80100
(1788802272.402936) can0 03FF1001#0000000000000000
(1788802272.413892) can0 03FF1603#0000D03600000000
(1788802272.423939) can0 03FF1605#0100000000000000
(1788802272.427889) can0 04FF3604#0006000300C80100
(1788802272.434890) can0 03FF1600#142B000104001305
(1788802272.444926) can0 03FF1601#6E50000000000000
(1788802272.455895) can0 03FF1602#000005000000157C
(1788802272.457894) can0 04FF3604#0006000300C80100
(1788802272.465949) can0 03FF1604#0000000000000000
(1788802272.487892) can0 04FF3604#0005000300C80100
(1788802272.492893) can0 05FF4610#0000D099FFFFFF9E
(1788802272.497894) can0 03FF1000#0840112200000001
(1788802272.507943) can0 03FF1001#0000000000000000
(1788802272.515898) can0 05FF4001#0000000000000000
(1788802272.517894) can0 05FF4000#0000000000000000
(1788802272.518894) can0 04FF3604#0004000300C80100
(1788802272.518950) can0 03FF1603#0000D03600000000
(1788802272.528987) can0 03FF1605#0100000000000000
(1788802272.547896) can0 04FF3604#0004000300C80100
(1788802272.577898) can0 04FF3604#0005000300C80100
(1788802272.598900) can0 05FF4602#06100C100C100C10
(1788802272.602899) can0 03FF1000#0840112200000001
(1788802272.607902) can0 04FF3604#0006000300C80100
(1788802272.612936) can0 03FF1001#0000000000000000
(1788802272.623901) can0 03FF1603#0000D03600000000
(1788802272.633900) can0 05FF4603#0C1009100D100D10
(1788802272.634900) can0 03FF1605#0100000000000000
(1788802272.637900) can0 04FF3604#0003000300C80100
(1788802272.643900) can0 05FF4604#0B100C100F101010
(1788802272.653901) can0 05FF4605#0A10000000000000
(1788802272.667903) can0 04FF3604#0006000300C80100
(1788802272.683903) can0 05FF4606#1E1E1E
(1788802272.693906) can0 05FF4607#1E1D1E
(1788802272.697905) can0 04FF3604#0003000300C80100
(1788802272.703904) can0 05FF4608#0019007C
(1788802272.707907) can0 03FF1000#0840112200000001
(1788802272.713907) can0 05FF4609#030003CA03CA00
(1788802272.717940) can0 03FF1001#0000000000000000
(1788802272.727906) can0 04FF3604#0005000300C80100
(1788802272.728906) can0 03FF1603#0000D03600000000
(1788802272.738964) can0 03FF1605#0100000000000000
(1788802272.757908) can0 04FF3604#0004000300C80100
(1788802272.781909) can0 05FF4610#0000D099FFFFFFA3
(1788802272.782907) can0 02181606#0100050001030200
(1788802272.787908) can0 04FF3604#0004000300C80100
(1788802272.811947) can0 02203606#0101000100010000
(1788802272.812913) can0 03FF1000#0840112200000001
(1788802272.817910) can0 04FF3604#0005000300C80100
(1788802272.822945) can0 03FF1001#0000000000000000
(1788802272.833912) can0 03FF1603#0000D03600000000
(1788802272.842912) can0 02181608#0500000001000000
(1788802272.843917) can0 03FF1605#0100000000000000
(1788802272.847911) can0 04FF3604#0006000300C80100
(1788802272.854911) can0 03121606#0000000000000000
(1788802272.872029) can0 02181609#0000000000000000
(1788802272.877913) can0 04FF3604#0003000300C80100
(1788802272.887914) can0 04FF3602#0000000000000000
(1788802272.902041) can0 02488600#0000000000000000
(1788802272.907921) can0 04FF3604#0004000300C80100
(1788802272.917918) can0 03FF1000#0840112200000001
(1788802272.927974) can0 03FF1001#0000000000000000
(1788802272.931916) can0 02294612#
(1788802272.932915) can0 05124612#0000000000000000
(1788802272.937917) can0 04FF3604#0005000300C80100
(1788802272.938916) can0 03FF1603#0000D03600000000
(1788802272.948951) can0 03FF1605#0100000000000000
(1788802272.967921) can0 04FF3604#0005000300C80100
(1788802272.997921) can0 04FF3604#0006000300C80100
(1788802273.022923) can0 03FF1000#0840112200000001
(1788802273.027923) can0 04FF3604#0004000300C80100
(1788802273.032967) can0 03FF1001#0000000000000000
(1788802273.043922) can0 03FF1603#0000D03600000000
(1788802273.053957) can0 03FF1605#0100000000000000
(1788802273.054922) can0 05FF4610#0000D099FFFFFFA3
(1788802273.057923) can0 04FF3604#0003000300C80100
(1788802273.087928) can0 04FF3604#0003000300C80100
(1788802273.117929) can0 04FF3604#0005000300C80100
(1788802273.127928) can0 03FF1000#0840112200000001
(1788802273.137963) can0 03FF1001#0000000000000000
(1788802273.147929) can0 04FF3604#0005000300C80100
(1788802273.148928) can0 03FF1603#0000D03600000000
(1788802273.152927) can0 02FF2605#0000060907070101
(1788802273.158962) can0 03FF1605#0100000000000000
(1788802273.177930) can0 04FF3604#0004000300C80100
(1788802273.179964) can0 03FF1400#0000000C00000000
(1788802273.182929) can0 02FF2604#0000000000000000
(1788802273.207933) can0 04FF3604#0003000300C80100
(1788802273.212932) can0 02FF2704#0200000000000000
(1788802273.232931) can0 03FF1000#0840112200000001
(1788802273.237933) can0 04FF3604#0002000300C80100
(1788802273.242931) can0 0260B606#0100000000000000
(1788802273.243931) can0 03FF1001#0000000000000000
(1788802273.253932) can0 03FF1603#0000D03600000000
(1788802273.263944) can0 03FF1605#0100000000000000
(1788802273.267933) can0 04FF3604#0004000300C80100
(1788802273.272933) can0 02203607#0000000300000000
(1788802273.297935) can0 04FF3604#0005000300C80100
(1788802273.315938) can0 05FF4610#0000D099FFFFFFA3
(1788802273.327939) can0 04FF3604#0004000300C80100
(1788802273.337938) can0 03FF1000#0840112200000001
(1788802273.347961) can0 03FF1001#0000000000000000
(1788802273.357938) can0 04FF3604#0006000300C80100
(1788802273.358938) can0 03FF1603#0000D03600000000
(1788802273.368957) can0 03FF1605#0100000000000000
(1788802273.387940) can0 04FF3602#0000000000000000
(1788802273.388939) can0 04FF3604#0005000300C80100
(1788802273.417943) can0 04FF3604#0005000300C80100
(1788802273.442946) can0 03FF1000#0840112200000001
(1788802273.447945) can0 04FF3604#0003000300C80100
(1788802273.452980) can0 03FF1001#0000000000000000
(1788802273.463945) can0 03FF1600#142B000104001305
(1788802273.473945) can0 03FF1601#6E50000000000000
(1788802273.477944) can0 04FF3604#0005000300C80100
(1788802273.484944) can0 03FF1602#000005000000157C
(1788802273.494946) can0 03FF1603#0000D03600000000
(1788802273.505945) can0 03FF1604#0000000000000000
(1788802273.507948) can0 04FF3604#0006000300C80100
(1788802273.515961) can0 03FF1605#0100000000000000
(1788802273.537948) can0 04FF3604#0005000300C80100
(1788802273.542947) can0 02181606#0100050001030200
(1788802273.547947) can0 03FF1000#0840112200000001
(1788802273.556948) can0 05FF4001#0000000000000000
(1788802273.557978) can0 03FF1001#0000000000000000
(1788802273.558948) can0 05FF4000#0000000000000000
(1788802273.567949) can0 04FF3604#0006000300C80100
(1788802273.568949) can0 03FF1603#0000D03600000000
(1788802273.572948) can0 02203606#0101000100010000
(1788802273.576949) can0 05FF4610#0000D099FFFFFFA3
(1788802273.578972) can0 03FF1605#0100000000000000
(1788802273.597951) can0 04FF3604#0005000300C80100
(1788802273.602950) can0 02181608#0500000001000000
(1788802273.627954) can0 04FF3604#0003000300C80100
(1788802273.632954) can0 02181609#0000000000000000
(1788802273.652954) can0 03FF1000#0840112200000001
(1788802273.657953) can0 04FF3604#0006000300C80100
(1788802273.662953) can0 02488600#0000000000000000
(1788802273.663954) can0 03FF1001#0000000000000000
(1788802273.664953) can0 05FF4602#07100C100C100C10
(1788802273.673955) can0 03FF1603#0000D03600000000
(1788802273.674954) can0 05FF4603#0C1009100D100E10
(1788802273.683977) can0 03FF1605#0100000000000000
(1788802273.685954) can0 05FF4604#0B100C100F101010
(1788802273.687954) can0 04FF3604#0005000300C80100
(1788802273.692955) can0 02294613#
(1788802273.693954) can0 05124613#0000000000000000
(1788802273.694955) can0 03121606#0000000000000000
(1788802273.695955) can0 05FF4605#0A10000000000000
(1788802273.717958) can0 04FF3604#0005000300C80100
(1788802273.725960) can0 05FF4606#1E1E1E
(1788802273.735958) can0 05FF4607#1E1D1E
(1788802273.745958) can0 05FF4608#0019007C
(1788802273.747958) can0 04FF3604#0004000300C80100
(1788802273.757958) can0 03FF1000#0840112200000001
(1788802273.758013) can0 05FF4609#030003CA03CA00
(1788802273.767970) can0 03FF1001#0000000000000000
(1788802273.777960) can0 04FF3604#0005000300C80100
(1788802273.778959) can0 03FF1603#0000D03600000000
(1788802273.788995) can0 03FF1605#0100000000000000
(1788802273.807964) can0 04FF3604#0005000300C80100
(1788802273.837966) can0 04FF3604#0005000300C80100
(1788802273.862965) can0 03FF1000#0840112200000001
(1788802273.866964) can0 05FF4610#0000D09BFFFFFFA3
(1788802273.867963) can0 04FF3604#0005000300C80100
(1788802273.872964) can0 03FF1001#0000000000000000
(1788802273.883964) can0 03FF1603#0000D03600000000
(1788802273.887965) can0 04FF3602#0000000000000000
(1788802273.893966) can0 03FF1605#0100000000000000
(1788802273.897965) can0 04FF3604#0003000300C80100
(1788802273.927969) can0 04FF3604#0003000300C80100
(1788802273.957973) can0 04FF3604#0004000300C80100
(1788802273.967972) can0 03FF1000#0840112200000001
(1788802273.977971) can0 03FF1001#0000000000000000
(1788802273.987971) can0 04FF3604#0006000300C80100
(1788802273.988970) can0 03FF1603#0000D03600000000
(1788802273.998971) can0 03FF1605#0100000000000000
(1788802274.017974) can0 04FF3604#0006000300C80100
(1788802274.047976) can0 04FF3604#0006000400C80100
(1788802274.072977) can0 03FF1000#0840112200000001
(1788802274.077977) can0 04FF3604#0004000300C80100
(1788802274.083011) can0 03FF1001#0000000000000000
(1788802274.093983) can0 03FF1603#0000D03600000000
(1788802274.103978) can0 03FF1605#0100000000000000
(1788802274.107980) can0 04FF3604#0004000300C80100
(1788802274.137981) can0 04FF3604#0006000300C80100
(1788802274.140978) can0 05FF4610#0000D09BFFFFFFA3
(1788802274.163980) can0 02FF2605#0000060907070102
(1788802274.167979) can0 04FF3604#0006000300C80100
(1788802274.177981) can0 03FF1000#0840112200000001
(1788802274.187981) can0 03FF1001#0000000000000000
(1788802274.193982) can0 02FF2604#0000000000000000
(1788802274.197981) can0 04FF3604#0005000300C80100
(1788802274.198981) can0 03FF1603#0000D03600000000
(1788802274.208984) can0 03FF1605#0100000000000000
(1788802274.223985) can0 02FF2704#0200000000000000
(1788802274.227983) can0 04FF3604#0004000300C80100
(1788802274.255043) can0 0260B606#0100000000000000
(1788802274.257984) can0 04FF3604#0004000300C80100
(1788802274.282985) can0 03FF1000#0840112200000001
(1788802274.283985) can0 02203607#0000000300000000
(1788802274.287986) can0 04FF3604#0005000300C80100
(1788802274.292986) can0 03FF1001#0000000000000000
(1788802274.303987) can0 03FF1603#0000D03600000000
(1788802274.313990) can0 02181606#0100050001030200
(1788802274.314067) can0 03FF1605#0100000000000000
(1788802274.317987) can0 04FF3604#0006000300C80100
(1788802274.343990) can0 02203606#0101000100010000
(1788802274.347988) can0 04FF3604#0003000300C80100
(1788802274.373991) can0 02181608#0500000001000000
(1788802274.377990) can0 04FF3604#0005000300C80100
(1788802274.387991) can0 03FF1000#0840112200000001
(1788802274.388076) can0 04FF3602#0000000000000000
(1788802274.397991) can0 03FF1001#0000000000000000
(1788802274.401992) can0 05FF4610#0000D09BFFFFFFA3
(1788802274.403991) can0 02181609#0000000000000000
(1788802274.407991) can0 04FF3604#0005000300C80100
(1788802274.408994) can0 03FF1603#0000D03600000000
(1788802274.418995) can0 03FF1605#0100000000000000
(1788802274.429994) can0 03121606#0000000000000000
(1788802274.433997) can0 02488600#0000000000000000
(1788802274.437996) can0 04FF3604#0004000300C80100
(1788802274.450998) can0 03FF1600#142B000104001305
(1788802274.460998) can0 03FF1601#6E50000000000000
(1788802274.463997) can0 02294614#
(1788802274.464994) can0 05124614#10100B1007000009
(1788802274.467995) can0 04FF3604#0003000300C80100
(1788802274.471995) can0 03FF1602#000005000000157C
(1788802274.481996) can0 03FF1604#0000000000000000
(1788802274.492997) can0 03FF1000#0840112200000001
(1788802274.497997) can0 04FF3604#0004000300C80100
(1788802274.502997) can0 03FF1001#0000000000000000
(1788802274.514001) can0 03FF1603#0000D03600000000
(1788802274.524001) can0 03FF1605#0100000000000000
(1788802274.527999) can0 04FF3604#0003000300C80100
(1788802274.558000) can0 04FF3604#0005000300C80100
(1788802274.588001) can0 04FF3604#0005000300C80100
(1788802274.598003) can0 03FF1000#0840112200000001
(1788802274.601001) can0 05FF4001#0000000000000000
(1788802274.603002) can0 05FF4000#0000000000000000
(1788802274.608002) can0 03FF1001#0000000000000000
(1788802274.618006) can0 04FF3604#0003000300C80100
(1788802274.619006) can0 03FF1603#0000D03600000000
(1788802274.629004) can0 03FF1605#0100000000000000
(1788802274.648005) can0 04FF3604#0005000300C80100
(1788802274.678006) can0 04FF3604#0004000300C80100
(1788802274.689007) can0 05FF4610#0000D09AFFFFFFA3
(1788802274.703008) can0 03FF1000#0840112200000001
(1788802274.708007) can0 05FF4602#06100C100C100C10
(1788802274.708283) can0 04FF3604#0005000300C80100
(1788802274.713010) can0 03FF1001#0000000000000000
(1788802274.718011) can0 05FF4603#0C1009100D100E10
(1788802274.724008) can0 03FF1603#0000D03600000000
(1788802274.728008) can0 05FF4604#0B100C100F101010
(1788802274.734008) can0 03FF1605#0100000000000000
(1788802274.738009) can0 04FF3604#0006000300C80100
(1788802274.739009) can0 05FF4605#0A10000000000000
(1788802274.768010) can0 04FF3604#0004000300C80100
(1788802274.769010) can0 05FF4606#1E1E1E
(1788802274.781011) can0 05FF4607#1E1D1E
(1788802274.791013) can0 05FF4608#0019007C
(1788802274.798012) can0 04FF3604#0005000300C80100
(1788802274.801012) can0 05FF4609#030003CA03CA00
(1788802274.808012) can0 03FF1000#0840112200000001
(1788802274.818015) can0 03FF1001#0000000000000000
(1788802274.828017) can0 04FF3604#0003000300C80100
(1788802274.829014) can0 03FF1603#0000D03600000000
(1788802274.839014) can0 03FF1605#0100000000000000
(1788802274.858016) can0 04FF3604#0006000300C80100
(1788802274.888017) can0 04FF3602#0000000000000000
(1788802274.889017) can0 04FF3604#0003000300C80100
(1788802274.913020) can0 03FF1000#0840112200000001
(1788802274.918021) can0 04FF3604#0003000300C80100
(1788802274.923019) can0 03FF1001#0000000000000000
(1788802274.934020) can0 03FF1603#0000D03600000000
(1788802274.944024) can0 03FF1605#0100000000000000
(1788802274.948022) can0 04FF3604#0006000300C80100
(1788802274.965024) can0 05FF4610#0000D09AFFFFFFA3
(1788802274.978024) can0 04FF3604#0004000300C80100
(1788802275.008024) can0 04FF3604#0004000300C80100
(1788802275.018027) can0 03FF1000#0840112200000001
(1788802275.028026) can0 03FF1001#0000000000000000
(1788802275.038025) can0 04FF3604#0005000300C80100
(1788802275.039024) can0 03FF1603#0000D03600000000
(1788802275.049026) can0 03FF1605#0100000000000000
(1788802275.068029) can0 04FF3604#0005000300C80100
(1788802275.087029) can0 02181606#0100050001030200
(1788802275.098028) can0 04FF3604#0006000300C80100
(1788802275.114216) can0 02203606#0101000100010000
(1788802275.123032) can0 03FF1000#0840112200000001
(1788802275.128029) can0 04FF3604#0006000300C80100
(1788802275.133029) can0 03FF1001#0000000000000000
(1788802275.144030) can0 03FF1603#0000D03600000000
(1788802275.144293) can0 02181608#0500000001000000
(1788802275.154031) can0 03FF1605#0100000000000000
(1788802275.158031) can0 04FF3604#0004000300C80100
(1788802275.165031) can0 03121606#0000000000000000
(1788802275.175032) can0 02181609#0000000000000000
(1788802275.188034) can0 04FF3604#0003000300C80100
(1788802275.218037) can0 04FF3604#0004000300C80100
(1788802275.228037) can0 03FF1000#0840112200000001
(1788802275.228102) can0 05FF4610#0000D09AFFFFFFA3
(1788802275.238035) can0 03FF1001#0000000000000000
(1788802275.248036) can0 04FF3604#0004000300C80100
(1788802275.249035) can0 03FF1603#0000D03600000000
(1788802275.259036) can0 03FF1605#0100000000000000
(1788802275.278038) can0 04FF3604#0004000300C80100
(1788802275.308039) can0 04FF3604#0002000300C80100
(1788802275.333043) can0 03FF1000#0840112200000001
(1788802275.335042) can0 02488600#0000000000000000
(1788802275.338040) can0 04FF3604#0005000400C80100
(1788802275.343040) can0 03FF1001#0000000000000000
(1788802275.354041) can0 03FF1603#0000D03600000000
(1788802275.364041) can0 03FF1605#0100000000000000
(1788802275.365041) can0 02294615#
(1788802275.366041) can0 05124615#1E011E0100FF
(1788802275.368041) can0 04FF3604#0004000300C80100
(1788802275.388042) can0 04FF3602#0000000000000000
(1788802275.397055) can0 02FF2605#0000060907070103
(1788802275.398043) can0 04FF3604#0005000300C80100
(1788802275.425047) can0 02FF2604#0000000000000000
(1788802275.428047) can0 04FF3604#0004000300C80100
(1788802275.438045) can0 03FF1000#0840112200000001
(1788802275.448050) can0 03FF1001#0000000000000000
(1788802275.455050) can0 02FF2704#0200000000000000
(1788802275.458048) can0 04FF3604#0005000300C80100
(1788802275.459046) can0 03FF1603#0000D03600000000
(1788802275.469047) can0 03FF1605#0100000000000000
(1788802275.480047) can0 03FF1600#142B000104001305
(1788802275.485047) can0 0260B606#0100000000000000
(1788802275.488047) can0 04FF3604#0003000300C80100
(1788802275.490048) can0 05FF4610#0000D09AFFFFFFA3
(1788802275.490283) can0 03FF1601#6E50000000000000
(1788802275.501048) can0 03FF1602#000005000000157C
(1788802275.511052) can0 03FF1604#0000000000000000
(1788802275.515051) can0 02203607#0000000300000000
(1788802275.518049) can0 04FF3604#0004000300C80100
(1788802275.543052) can0 03FF1000#0840112200000001
(1788802275.548051) can0 04FF3604#0002000300C80100
(1788802275.553051) can0 03FF1001#0000000000000000
(1788802275.564052) can0 03FF1603#0000D03600000000
(1788802275.574052) can0 03FF1605#0100000000000000
(1788802275.578052) can0 04FF3604#0005000300C80100
(1788802275.608054) can0 04FF3604#0004000300C80100
(1788802275.638058) can0 04FF3604#0006000300C80100
(1788802275.648058) can0 03FF1000#0840112200000001
(1788802275.658057) can0 03FF1001#0000000000000000
(1788802275.668057) can0 04FF3604#0005000300C80100
(1788802275.669057) can0 03FF1603#0000D03600000000
(1788802275.672057) can0 05FF4001#0000000000000000
(1788802275.673057) can0 05FF4000#0000000000000000
(1788802275.679058) can0 03FF1605#0100000000000000
(1788802275.698059) can0 04FF3604#0004000300C80100
(1788802275.728063) can0 04FF3604#0004000300C80100
(1788802275.753064) can0 03FF1000#0840112200000001
(1788802275.753112) can0 05FF4602#07100C100C100C10
(1788802275.758062) can0 04FF3604#0003000300C80100
(1788802275.763062) can0 05FF4603#0C1009100D100D10
(1788802275.763290) can0 03FF1001#0000000000000000
(1788802275.773065) can0 05FF4604#0B100C100F101010
(1788802275.774065) can0 03FF1603#0000D03600000000
(1788802275.777062) can0 05FF4610#0000D09AFFFFFFA3
(1788802275.784064) can0 03FF1605#0100000000000000
(1788802275.785062) can0 05FF4605#0A10000000000000
(1788802275.788063) can0 04FF3604#0004000300C80100
(1788802275.815067) can0 05FF4606#1E1E1E
(1788802275.818067) can0 04FF3604#0003000300C80100
(1788802275.825065) can0 05FF4607#1E1D1E
(1788802275.825132) can0 02181606#0100190001030200
(1788802275.835066) can0 05FF4608#0019007C
(1788802275.845066) can0 05FF4609#030003CA03CA00
(1788802275.848066) can0 04FF3604#0003000300C80100
(1788802275.855067) can0 02203606#0101000100010000
(1788802275.858067) can0 03FF1000#0840112200000001
(1788802275.868067) can0 03FF1001#0000000000000000
(1788802275.878069) can0 04FF3604#0005000300C80100
(1788802275.879067) can0 03FF1603#0000D03600000000
(1788802275.887115) can0 02181608#0500000001000000
(1788802275.888068) can0 04FF3602#0000000000000000
(1788802275.889068) can0 03FF1605#0100000000000000
(1788802275.900069) can0 03121606#0100000000000000
(1788802275.908069) can0 04FF3604#0005000300C80100
(1788802275.915072) can0 02181609#0000000000000000
(1788802275.938073) can0 04FF3604#0004000300C80100
(1788802275.945076) can0 02488600#0000000000000000
(1788802275.963076) can0 03FF1000#0840112200000001
(1788802275.968075) can0 04FF3604#0004000300C80100
(1788802275.973073) can0 03FF1001#0000000000000000
(1788802275.975073) can0 02294616#
(1788802275.976072) can0 05124616#00000000000030C6
(1788802275.984074) can0 03FF1603#0000D03600000000
(1788802275.994074) can0 03FF1605#0100000000000000
(1788802275.998074) can0 04FF3604#0005000300C80100
(1788802276.028079) can0 04FF3604#0003000300C80100
(1788802276.053080) can0 05FF4610#0000D09AFFFFFF9E
(1788802276.058078) can0 04FF3604#0003000300C80100
(1788802276.068081) can0 03FF1000#0840112200000001
(1788802276.078081) can0 03FF1001#0000000000000000
(1788802276.088079) can0 04FF3604#0005000300C80100
(1788802276.089078) can0 03FF1603#0000D03600000000
(1788802276.099079) can0 03FF1605#0100000000000000
(1788802276.118083) can0 04FF3604#0004000300C80100
(1788802276.148084) can0 04FF3604#0005000300C80100
(1788802276.173083) can0 03FF1000#0840112200000001
(1788802276.178084) can0 04FF3604#0006000300C80100
(1788802276.183083) can0 03FF1001#0000000000000000
(1788802276.185314) can0 02FF2605#0000060907070104
(1788802276.194084) can0 03FF1603#0000D03600000000
(1788802276.204085) can0 03FF1605#0100000000000000
(1788802276.208085) can0 04FF3604#0004000300C80100
(1788802276.215331) can0 02FF2604#0000000000000000
(1788802276.238090) can0 04FF3604#0004000300C80100
(1788802276.245317) can0 02FF2704#0200000000000000
(1788802276.268088) can0 04FF3604#0004000300C80100
(1788802276.276089) can0 0260B606#0100000000000000
(1788802276.278088) can0 03FF1000#0840112200000001
(1788802276.288089) can0 03FF1001#0000000000000000
(1788802276.298090) can0 04FF3604#0006000300C80100
(1788802276.299090) can0 03FF1603#0000D03600000000
(1788802276.308090) can0 02203607#0000000300000000
(1788802276.309090) can0 03FF1605#0100000000000000
(1788802276.314093) can0 05FF4610#0000D09AFFFFFF9E
(1788802276.328095) can0 04FF3604#0005000300C80100
(1788802276.336092) can0 02F82400#0B00000000000000
(1788802276.358092) can0 04FF3604#0004000300C80100
(1788802276.366093) can0 02FF2602#D9F3214D3ECE5CB3
(1788802276.383095) can0 03FF1000#0840112200000001
(1788802276.388094) can0 04FF3602#0000000000000000
(1788802276.388324) can0 04FF3604#0004000300C80100
(1788802276.393094) can0 03FF1001#0000000000000000
(1788802276.404096) can0 03FF1603#0000D03600000000
(1788802276.414097) can0 03FF1605#0100000000000000
(1788802276.418098) can0 04FF3604#0004000300C80100
(1788802276.448098) can0 04FF3604#0005000300C80100
(1788802276.467104) can0 03FF1600#142B000104001319
(1788802276.477103) can0 03FF1601#6E50000000000000
(1788802276.478102) can0 04FF3604#0005000300C80100
(1788802276.488100) can0 03FF1602#000005000000157C
(1788802276.498101) can0 03FF1604#0000000000000000
(1788802276.508100) can0 04FF3604#0005000400C80100
(1788802276.509100) can0 03FF1000#0840112200000001
(1788802276.519103) can0 03FF1001#0000000000000000
(1788802276.530105) can0 03FF1603#0000D03600000000
(1788802276.538102) can0 04FF3604#0006000300C80100
(1788802276.540102) can0 03FF1605#0100000000000000
(1788802276.568103) can0 04FF3604#0004000300C80100
(1788802276.579105) can0 05FF4610#0000D09AFFFFFF9E
(1788802276.586105) can0 02181606#0100190001030200
(1788802276.593105) can0 03FF1000#0840112200000001
(1788802276.598105) can0 04FF3604#0004000300C80100
(1788802276.603105) can0 03FF1001#0000000000000000
(1788802276.614108) can0 03FF1603#0000D03600000000
(1788802276.616109) can0 02203606#0101000100010000
(1788802276.624106) can0 03FF1605#0100000000000000
(1788802276.628106) can0 04FF3604#0006000300C80100
(1788802276.647107) can0 02181608#0500000001000000
(1788802276.658109) can0 04FF3604#0004000300C80100
(1788802276.676109) can0 02181609#0000000000000000
(1788802276.688110) can0 04FF3604#0003000300C80100
(1788802276.698110) can0 03FF1000#0840112200000001
(1788802276.706111) can0 02488600#0000000000000000
(1788802276.708111) can0 03FF1001#0000000000000000
(1788802276.716113) can0 05FF4001#0000000000000000
(1788802276.718113) can0 04FF3604#0006000300C80100
(1788802276.718329) can0 05FF4000#0000000000000000
(1788802276.719111) can0 03FF1603#0000D03600000000
(1788802276.729112) can0 03FF1605#0100000000000000
(1788802276.736113) can0 02294617#
(1788802276.737112) can0 05124617#0000000000000000
(1788802276.740112) can0 03121606#0000000000000000
(1788802276.748112) can0 04FF3604#0006000300C80100
(1788802276.778115) can0 04FF3604#0004000400C80100
(1788802276.800115) can0 05FF4602#06100C100C100C10
(1788802276.803115) can0 03FF1000#0840112200000001
(1788802276.808116) can0 04FF3604#0003000300C80100
(1788802276.810116) can0 05FF4603#0C1009100D100E10
(1788802276.813119) can0 03FF1001#0000000000000000
(1788802276.820120) can0 05FF4604#0B100C100F101010
(1788802276.824117) can0 03FF1603#0000D03600000000
(1788802276.830117) can0 05FF4605#0A10000000000000
(1788802276.834117) can0 03FF1605#0100000000000000
(1788802276.838117) can0 04FF3604#0004000300C80100
(1788802276.860119) can0 05FF4606#1E1E1E
(1788802276.867120) can0 05FF4610#0000D09AFFFFFFA3
(1788802276.868119) can0 04FF3604#0004000300C80100
(1788802276.870119) can0 05FF4607#1E1D1E
(1788802276.888121) can0 04FF3602#0000000000000000
(1788802276.892120) can0 05FF4608#0019007C
(1788802276.898120) can0 04FF3604#0006000300C80100
(1788802276.902120) can0 05FF4609#030003CA03CA00
(1788802276.908120) can0 03FF1000#0840112200000001
(1788802276.918124) can0 03FF1001#0000000000000000
(1788802276.928125) can0 04FF3604#0004000300C80100
(1788802276.929122) can0 03FF1603#0000D03600000000
(1788802276.939123) can0 03FF1605#0100000000000000
(1788802276.958127) can0 04FF3604#0005000300C80100
(1788802276.988130) can0 04FF3604#0004000300C80100
(1788802277.013130) can0 03FF1000#0840112200000001
(1788802277.018129) can0 04FF3604#0006000300C80100
(1788802277.023128) can0 03FF1001#0000000000000000
(1788802277.034129) can0 03FF1603#0000D03600000000
(1788802277.044129) can0 03FF1605#0100000000000000
(1788802277.048128) can0 04FF3604#0006000300C80100
(1788802277.058129) can0 05FF4600#0D0300900303
(1788802277.078136) can0 04FF3604#0005000300C80100
(1788802277.108135) can0 04FF3604#0004000300C80100
(1788802277.118135) can0 03FF1000#0840112200000001
(1788802277.128136) can0 03FF1001#0000000000000000
(1788802277.138134) can0 04FF3604#0005000300C80100
(1788802277.139133) can0 03FF1603#0000D03600000000
(1788802277.140132) can0 05FF4610#0000D09AFFFFFFA3
(1788802277.149133) can0 03FF1605#0100000000000000
(1788802277.168135) can0 04FF3604#0004000300C80100
(1788802277.196218) can0 02FF2605#0000060907070105
(1788802277.198136) can0 04FF3604#0005000300C80100
(1788802277.223140) can0 03FF1000#0840112200000001
(1788802277.227140) can0 02FF2604#0000000000000000
(1788802277.228137) can0 04FF3604#0005000300C80100
(1788802277.233137) can0 03FF1001#0000000000000000
(1788802277.244139) can0 03FF1603#0000D03600000000
(1788802277.254139) can0 03FF1605#0100000000000000
(1788802277.257139) can0 02FF2704#0200000000000000
(1788802277.258139) can0 04FF3604#0004000300C80100
(1788802277.286356) can0 0260B606#0100000000000000
(1788802277.288140) can0 04FF3604#0004000300C80100
(1788802277.316352) can0 02203607#0000000300000000
(1788802277.318145) can0 04FF3604#0005000400C80100
(1788802277.328142) can0 03FF1000#0840112200000001
(1788802277.338144) can0 03FF1001#0000000000000000
(1788802277.346399) can0 02181606#0100190001030200
(1788802277.348144) can0 04FF3604#0004000300C80100
(1788802277.349143) can0 03FF1603#0000D03600000000
(1788802277.359144) can0 03FF1605#0100000000000000
(1788802277.377145) can0 02203606#0101000100010000
(1788802277.378145) can0 04FF3604#0005000300C80100
(1788802277.388146) can0 04FF3602#0000000000000000
(1788802277.402147) can0 05FF4610#0000D09AFFFFFFA3
(1788802277.407147) can0 02181608#0500000001000000
(1788802277.408147) can0 04FF3604#0006000300C80100
(1788802277.433151) can0 03FF1000#0840112200000001
(1788802277.437150) can0 02181609#0000000000000000
(1788802277.438148) can0 04FF3604#0005000300C80100
(1788802277.443149) can0 03FF1001#0000000000000000
(1788802277.454152) can0 03FF1603#0000D03600000000
(1788802277.464152) can0 03FF1605#0100000000000000
(1788802277.467155) can0 02488600#0000000000000000
(1788802277.468152) can0 04FF3604#0006000300C80100
(1788802277.475151) can0 03121606#0000000000000000
(1788802277.485153) can0 03FF1600#142B000104001319
(1788802277.496155) can0 03FF1601#6E50000000000000
(1788802277.496275) can0 02294618#
(1788802277.498152) can0 04FF3604#0005000300C80100
(1788802277.498218) can0 05124618#00000A4C00
(1788802277.506152) can0 03FF1602#000005000000157C
(1788802277.517155) can0 03FF1604#0000000000000000
(1788802277.528155) can0 04FF3604#0004000300C80100
(1788802277.538154) can0 03FF1000#0840112200000001
(1788802277.548155) can0 03FF1001#0000000000000000
(1788802277.558155) can0 04FF3604#0006000300C80100
(1788802277.559154) can0 03FF1603#0000D03600000000
(1788802277.569156) can0 03FF1605#0100000000000000
(1788802277.588157) can0 04FF3604#0004000300C80100
(1788802277.618160) can0 04FF3604#0005000300C80100
(1788802277.643162) can0 03FF1000#0840112200000001
(1788802277.648159) can0 04FF3604#0003000300C80100
(1788802277.653160) can0 03FF1001#0000000000000000
(1788802277.664161) can0 03FF1603#0000D03600000000
(1788802277.674161) can0 03FF1605#0100000000000000
(1788802277.678161) can0 04FF3604#0006000300C80100
(1788802277.689162) can0 05FF4610#0000D099FFFFFFA3
(1788802277.708163) can0 04FF3604#0006000300C80100
(1788802277.738167) can0 04FF3604#0004000300C80100
(1788802277.748168) can0 03FF1000#0840112200000001
(1788802277.758166) can0 03FF1001#0000000000000000
(1788802277.759165) can0 05FF4001#0000000000000000
(1788802277.761164) can0 05FF4000#0000000000000000
(1788802277.768165) can0 04FF3604#0003000300C80100
(1788802277.769165) can0 03FF1603#0000D03600000000
(1788802277.779166) can0 03FF1605#0100000000000000
(1788802277.798167) can0 04FF3604#0005000300C80100
(1788802277.828171) can0 04FF3604#0003000300C80100
(1788802277.843172) can0 05FF4602#06100C100C100C10
(1788802277.853170) can0 03FF1000#0840112200000001
(1788802277.853220) can0 05FF4603#0C1009100D100D10
(1788802277.858170) can0 04FF3604#0004000300C80100
(1788802277.863170) can0 05FF4604#0B100C100F101010
(1788802277.863421) can0 03FF1001#0000000000000000
(1788802277.874171) can0 03FF1603#0000D03600000000
(1788802277.884172) can0 03FF1605#0100000000000000
(1788802277.885171) can0 05FF4605#0A10000000000000
(1788802277.888171) can0 04FF3602#0000000000000000
(1788802277.888314) can0 04FF3604#0004000300C80100
(1788802277.915176) can0 05FF4606#1E1E1E
(1788802277.918175) can0 04FF3604#0003000300C80100
(1788802277.925174) can0 05FF4607#1E1D1E
(1788802277.935175) can0 05FF4608#0019007C
(1788802277.945175) can0 05FF4609#030003CA03CA00
(1788802277.948174) can0 04FF3604#0005000300C80100
(1788802277.958178) can0 03FF1000#0840112200000001
(1788802277.965178) can0 05FF4610#0000D099FFFFFFA3
(1788802277.968181) can0 03FF1001#0000000000000000
(1788802277.978179) can0 04FF3604#0003000300C80100
(1788802277.979176) can0 03FF1603#0000D03600000000
(1788802277.989178) can0 03FF1605#0100000000000000
(1788802278.008178) can0 04FF3604#0004000300C80100
(1788802278.038182) can0 04FF3604#0004000300C80100
(1788802278.063183) can0 03FF1000#0840112200000001
(1788802278.068185) can0 04FF3604#0005000300C80100
(1788802278.073183) can0 03FF1001#0000000000000000
(1788802278.084181) can0 03FF1603#0000D03600000000
(1788802278.094182) can0 03FF1605#0100000000000000
(1788802278.098182) can0 04FF3604#0005000300C80100
(1788802278.107195) can0 02181606#0100190001030200
(1788802278.128186) can0 04FF3604#0004000400C80100
(1788802278.138188) can0 02203606#0101000100010000
(1788802278.158186) can0 04FF3604#0004000300C80100
(1788802278.168186) can0 03FF1000#0840112200000001
(1788802278.169324) can0 02181608#0500000001000000
(1788802278.178186) can0 03FF1001#0000000000000000
(1788802278.188188) can0 04FF3604#0004000300C80100
(1788802278.189187) can0 03FF1603#0000D03600000000
(1788802278.198188) can0 02181609#0000000000000000
(1788802278.199187) can0 03FF1605#0100000000000000
(1788802278.210188) can0 03121606#0000000000000000
(1788802278.218191) can0 04FF3604#0005000300C80100
(1788802278.227192) can0 05FF4610#0000D099FFFFFFA3
(1788802278.227464) can0 02488600#0000000000000000
(1788802278.248191) can0 04FF3604#0006000300C80100
(1788802278.257191) can0 02498601#
(1788802278.273192) can0 03FF1000#0840112200000001
(1788802278.278192) can0 04FF3604#0007000300C80100
(1788802278.283192) can0 03FF1001#0000000000000000
(1788802278.287376) can0 02FF2605#0000060907070106
(1788802278.294193) can0 03FF1603#0000D03600000000
(1788802278.304193) can0 03FF1605#0100000000000000
(1788802278.308193) can0 04FF3604#0003000300C80100
(1788802278.317416) can0 02FF2604#0000000000000000
(1788802278.338198) can0 04FF3604#0003000300C80100
(1788802278.349295) can0 02FF2704#0200000000000000
(1788802278.368197) can0 04FF3604#0005000300C80100
(1788802278.377416) can0 0260B606#0100000000000000
(1788802278.378197) can0 03FF1000#0840112200000001
(1788802278.388198) can0 04FF3602#0000000000000000
(1788802278.388323) can0 03FF1001#0000000000000000
(1788802278.398199) can0 04FF3604#0003000400C80100
(1788802278.399198) can0 03FF1603#0000D03600000000
(1788802278.408199) can0 02203607#0000000300000000
(1788802278.409198) can0 03FF1605#0100000000000000
(1788802278.428202) can0 04FF3604#0004000300C80100
(1788802278.458204) can0 04FF3604#0005000300C80100
(1788802278.483206) can0 03FF1000#0840112200000001
(1788802278.488207) can0 04FF3604#0003000300C80100
(1788802278.490206) can0 05FF4610#0000D099FFFFFFA3
(1788802278.493203) can0 03FF1001#0000000000000000
(1788802278.504204) can0 03FF1600#142B000104001319
(1788802278.514206) can0 03FF1601#6E50000000000000
(1788802278.518207) can0 04FF3604#0005000300C80100
(1788802278.525204) can0 03FF1602#000005000000157C
(1788802278.535206) can0 03FF1603#0000D03600000000
(1788802278.546206) can0 03FF1604#0000000000000000
(1788802278.548206) can0 04FF3604#0004000300C80100
(1788802278.556205) can0 03FF1605#0100000000000000
(1788802278.578208) can0 04FF3604#0005000300C80100
(1788802278.588208) can0 03FF1000#0840112200000001
(1788802278.598209) can0 03FF1001#0000000000000000
(1788802278.608208) can0 04FF3604#0004000300C80100
(1788802278.609208) can0 03FF1603#0000D03600000000
(1788802278.619212) can0 03FF1605#0100000000000000
(1788802278.638214) can0 04FF3604#0006000300C80100
(1788802278.668213) can0 04FF3604#0006000300C80100
(1788802278.693213) can0 03FF1000#0840112200000001
(1788802278.698214) can0 04FF3604#0003000300C80100
(1788802278.703214) can0 03FF1001#0000000000000000
(1788802278.714216) can0 03FF1603#0000D03600000000
(1788802278.724218) can0 03FF1605#0100000000000000
(1788802278.728215) can0 04FF3604#0004000300C80100
(1788802278.758217) can0 04FF3604#0004000300C80100
(1788802278.776218) can0 05FF4610#0000D098FFFFFFA3
(1788802278.788219) can0 04FF3604#0003000300C80100
(1788802278.798219) can0 03FF1000#0840112200000001
(1788802278.802218) can0 05FF4001#0000000000000000
(1788802278.804218) can0 05FF4000#0000000000000000
(1788802278.808219) can0 03FF1001#0000000000000000
(1788802278.818222) can0 04FF3604#0004000300C80100
(1788802278.819222) can0 03FF1603#0000D03600000000
(1788802278.829220) can0 03FF1605#0100000000000000
(1788802278.848222) can0 04FF3604#0007000300C80100
(1788802278.870224) can0 02181606#0100190001030200
(1788802278.878223) can0 04FF3604#0005000300C80100
(1788802278.888224) can0 04FF3602#0000000000000000
(1788802278.898224) can0 02203606#0101000100010000
(1788802278.899223) can0 05FF4602#06100C100C100C10
(1788802278.903224) can0 03FF1000#0840112200000001
(1788802278.908224) can0 04FF3604#0007000300C80100
(1788802278.908279) can0 05FF4603#0C1009100D100D10
(1788802278.913227) can0 03FF1001#0000000000000000
(1788802278.918229) can0 05FF4604#0B100C100F100F10
(1788802278.924225) can0 03FF1603#0000D03600000000
(1788802278.928225) can0 02181608#0500000001000000
(1788802278.929225) can0 05FF4605#0A10000000000000
(1788802278.934226) can0 03FF1605#0100000000000000
(1788802278.938226) can0 04FF3604#0005000300C80100
(1788802278.945234) can0 03121606#0000000000000000
(1788802278.958230) can0 02181609#0000000000000000
(1788802278.958389) can0 05FF4606#1E1E1E
(1788802278.968228) can0 04FF3604#0005000300C80100
(1788802278.968283) can0 05FF4607#1E1D1E
(1788802278.978229) can0 05FF4608#0019007C
(1788802278.988228) can0 02488600#0000000000000000
(1788802278.989232) can0 05FF4609#030003CA03CA00
(1788802278.998231) can0 04FF3604#0004000300C80100
(1788802279.008230) can0 03FF1000#0840112200000001
(1788802279.018233) can0 03FF1001#0000000000000000
(1788802279.018357) can0 02498602#
(1788802279.028232) can0 04FF3604#0003000300C80100
(1788802279.029230) can0 03FF1603#0000D03600000000
(1788802279.039232) can0 03FF1605#0100000000000000
(1788802279.051233) can0 05FF4610#0000D098FFFFFFA3
(1788802279.058232) can0 04FF3604#0004000300C80100
(1788802279.088236) can0 04FF3604#0005000300C80100
(1788802279.113239) can0 03FF1000#0840112200000001
(1788802279.118239) can0 04FF3604#0003000300C80100
(1788802279.123236) can0 03FF1001#0000000000000000
(1788802279.134231) can0 03FF1603#0000D03600000000
(1788802279.144237) can0 03FF1605#0100000000000000
(1788802279.148236) can0 04FF3604#0004000300C80100
(1788802279.178239) can0 04FF3604#0006000300C80100
(1788802279.208241) can0 04FF3604#0005000300C80100
(1788802279.218240) can0 03FF1000#0840112200000001
(1788802279.218318) can0 02FF2605#0000060907070107
(1788802279.228241) can0 03FF1001#0000000000000000
(1788802279.238241) can0 04FF3604#0004000300C80100
(1788802279.239241) can0 03FF1603#0000D03600000000
(1788802279.248358) can0 02FF2604#0000000000000000
(1788802279.249242) can0 03FF1605#0100000000000000
(1788802279.268244) can0 04FF3604#0006000300C80100
(1788802279.278267) can0 02FF2704#0200000000000000
(1788802279.298245) can0 04FF3604#0006000300C80100
(1788802279.308297) can0 0260B606#0100000000000000
(1788802279.313245) can0 05FF4610#0000D098FFFFFFA3
(1788802279.323246) can0 03FF1000#0840112200000001
(1788802279.328245) can0 04FF3604#0003000300C80100
(1788802279.333246) can0 03FF1001#0000000000000000
(1788802279.338432) can0 02203607#0000000300000000
(1788802279.344247) can0 03FF1603#0000D03600000000
(1788802279.354248) can0 03FF1605#0100000000000000
(1788802279.358247) can0 04FF3604#0005000300C80100
(1788802279.388250) can0 04FF3400#0000022700000000
(1788802279.388327) can0 04FF3602#0000000000000000
(1788802279.389248) can0 04FF3603#0100000000000000
(1788802279.393249) can0 04FF3604#0004000300C80100
(1788802279.418251) can0 04FF3604#0004000300C80100
(1788802279.428252) can0 03FF1000#0840112200000001
(1788802279.438252) can0 03FF1001#0000000000000000
(1788802279.448253) can0 04FF3604#0005000300C80100
(1788802279.449252) can0 03FF1603#0000D03600000000
(1788802279.459256) can0 03FF1605#0100000000000000
(1788802279.478256) can0 04FF3604#0004000300C80100
(1788802279.491257) can0 03FF1600#142B000104001319
(1788802279.501259) can0 03FF1601#6E50000000000000
(1788802279.508258) can0 04FF3604#0005000300C80100
(1788802279.512256) can0 03FF1602#000005000000157C
(1788802279.522258) can0 03FF1604#0000000000000000
(1788802279.533258) can0 03FF1000#0840112200000001
(1788802279.538257) can0 04FF3604#0003000300C80100
(1788802279.543257) can0 03FF1001#0000000000000000
(1788802279.554258) can0 03FF1603#0000D03600000000
(1788802279.564259) can0 03FF1605#0100000000000000
(1788802279.568258) can0 04FF3604#0004000300C80100
(1788802279.577260) can0 05FF4610#0000D098FFFFFFA3
(1788802279.598261) can0 04FF3604#0004000300C80100
(1788802279.628262) can0 04FF3604#0004000300C80100
(1788802279.629261) can0 02181606#0100190001030200
(1788802279.638263) can0 03FF1000#0840112200000001
(1788802279.648263) can0 03FF1001#0000000000000000
(1788802279.658263) can0 04FF3604#0006000300C80100
(1788802279.659263) can0 03FF1603#0000D03600000000
(1788802279.659318) can0 02203606#0101000100010000
(1788802279.669264) can0 03FF1605#0100000000000000
(1788802279.688264) can0 04FF3604#0006000300C80100
(1788802279.689264) can0 02181608#0500000001000000
(1788802279.718266) can0 04FF3604#0004000300C80100
(1788802279.719266) can0 02181609#0000000000000000
(1788802279.743266) can0 03FF1000#0840112200000001
(1788802279.748266) can0 04FF3604#0003000400C80100
(1788802279.753266) can0 03FF1001#0000000000000000
(1788802279.764267) can0 03FF1603#0000D03600000000
(1788802279.774269) can0 03FF1605#0100000000000000
(1788802279.778269) can0 04FF3604#0004000300C80100
(1788802279.783269) can0 02488600#0000000000000000
(1788802279.785269) can0 03121606#0000000000000000
(1788802279.808271) can0 04FF3604#0004000300C80100
(1788802279.809271) can0 02294500#
(1788802279.810271) can0 05124500#0500
(1788802279.838273) can0 04FF3604#0003000300C80100
(1788802279.848275) can0 03FF1000#0840112200000001
(1788802279.849273) can0 05FF4001#0000000000000000
(1788802279.852273) can0 05FF4000#0000000000000000
(1788802279.858273) can0 03FF1001#0000000000000000
(1788802279.867275) can0 05FF4610#0000D09BFFFFFFA3
(1788802279.868274) can0 04FF3604#0003000300C80100
(1788802279.869273) can0 03FF1603#0000D03600000000
(1788802279.879275) can0 03FF1605#0100000000000000
(1788802279.888274) can0 04FF3602#0000000000000000
(1788802279.898276) can0 04FF3604#0005000400C80100
(1788802279.928278) can0 04FF3604#0004000400C80100
(1788802279.944279) can0 05FF4602#07100C100C100C10
(1788802279.953279) can0 03FF1000#0840112200000001
(1788802279.954278) can0 05FF4603#0C1009100D100E10
(1788802279.958282) can0 04FF3604#0005000300C80100
(1788802279.963281) can0 03FF1001#0000000000000000
(1788802279.964279) can0 05FF4604#0B100C100F101010
(1788802279.974280) can0 03FF1603#0000D03600000000
(1788802279.974335) can0 05FF4605#0A10000000000000
(1788802279.984280) can0 03FF1605#0100000000000000
(1788802279.988280) can0 04FF3604#0004000400C80100
(1788802280.005282) can0 05FF4606#1E1E1E
(1788802280.015286) can0 05FF4607#1E1D1E
(1788802280.018284) can0 04FF3604#0007000300C80100
(1788802280.025282) can0 05FF4608#0019007C
(1788802280.035282) can0 05FF4609#030003CA03CA00
(1788802280.048284) can0 04FF3604#0004000300C80100
(1788802280.058284) can0 03FF1000#0840112200000001
(1788802280.068284) can0 03FF1001#0000000000000000
(1788802280.078288) can0 04FF3604#0003000300C80100
(1788802280.079287) can0 03FF1603#0000D03600000000
(1788802280.089285) can0 03FF1605#0100000000000000
(1788802280.108287) can0 04FF3604#0005000300C80100
(1788802280.138288) can0 04FF3604#0005000300C80100
(1788802280.141404) can0 05FF4610#0000D09BFFFFFFA3
(1788802280.163289) can0 03FF1000#0840112200000001
(1788802280.168289) can0 04FF3604#0004000300C80100
(1788802280.173289) can0 03FF1001#0000000000000000
(1788802280.184291) can0 03FF1603#0000D03600000000
(1788802280.194291) can0 03FF1605#0100000000000000
(1788802280.198291) can0 04FF3604#0003000300C80100
(1788802280.228292) can0 04FF3604#0006000300C80100
(1788802280.230292) can0 02FF2605#0000060907070108
(1788802280.258295) can0 04FF3604#0005000300C80100
(1788802280.259294) can0 02FF2604#0000000000000000
(1788802280.268295) can0 03FF1000#0840112200000001
(1788802280.278296) can0 03FF1001#0000000000000000
(1788802280.288296) can0 04FF3604#0006000300C80100
(1788802280.288560) can0 03FF1603#0000D03600000000
(1788802280.289376) can0 02FF2704#0200000000000000
(1788802280.299297) can0 03FF1605#0100000000000000
(1788802280.318297) can0 04FF3604#0005000300C80100
(1788802280.319344) can0 0260B606#0100000000000000
(1788802280.348299) can0 04FF3604#0006000300C80100
(1788802280.349391) can0 02203607#0000000300000000
(1788802280.373300) can0 03FF1000#0840112200000001
(1788802280.378301) can0 04FF3604#0003000300C80100
(1788802280.383300) can0 03FF1001#0000000000000000
(1788802280.388300) can0 04FF3602#0000000000000000
(1788802280.390300) can0 02181606#0100190001030200
(1788802280.393555) can0 03FF1603#0000D03600000000
(1788802280.404301) can0 03FF1605#0100000000000000
(1788802280.405324) can0 05FF4610#0000D09BFFFFFFA3
(1788802280.408301) can0 04FF3604#0006000300C80100
(1788802280.419383) can0 02203606#0101000100010000
(1788802280.438303) can0 04FF3604#0006000300C80100
(1788802280.449420) can0 02181608#0500000001000000
(1788802280.468308) can0 04FF3604#0005000300C80100
(1788802280.478307) can0 03FF1000#0840112200000001
(1788802280.479479) can0 02181609#0000000000000000
(1788802280.488307) can0 03FF1001#0000000000000000
(1788802280.498307) can0 04FF3604#0003000300C80100
(1788802280.499306) can0 03FF1603#0000D03600000000
(1788802280.509308) can0 03FF1605#0100000000000000
(1788802280.510311) can0 02488600#0000000000000000
(1788802280.520310) can0 03121606#0000000000000000
(1788802280.528308) can0 04FF3604#0005000300C80100
(1788802280.530308) can0 03FF1600#142B000104001319
(1788802280.540308) can0 02294501#
(1788802280.541308) can0 03FF1601#6E50000000000000
(1788802280.541363) can0 05124501#0103
(1788802280.551311) can0 03FF1602#000005000000157C
(1788802280.558309) can0 04FF3604#0005000300C80100
(1788802280.562309) can0 03FF1604#0000000000000000
(1788802280.583311) can0 03FF1000#0840112200000001
(1788802280.588311) can0 04FF3604#0006000400C80100
(1788802280.593311) can0 03FF1001#0000000000000000
(1788802280.604313) can0 03FF1603#0000D03600000000
(1788802280.614312) can0 03FF1605#0100000000000000
(1788802280.618312) can0 04FF3604#0005000300C80100
(1788802280.648314) can0 04FF3604#0005000300C80100
(1788802280.668373) can0 05FF4610#0000D09BFFFFFFA3
(1788802280.678316) can0 04FF3604#0005000300C80100
(1788802280.688317) can0 03FF1000#0840112200000001
(1788802280.698318) can0 03FF1001#0000000000000000
(1788802280.708318) can0 04FF3604#0005000300C80100
(1788802280.708591) can0 03FF1603#0000D03600000000
(1788802280.719317) can0 03FF1605#0100000000000000
(1788802280.738319) can0 04FF3604#0004000300C80100
(1788802280.768321) can0 04FF3604#0005000300C80100
(1788802280.793322) can0 03FF1000#0840112200000001
(1788802280.798322) can0 04FF3604#0004000300C80100
(1788802280.803322) can0 03FF1001#0000000000000000
(1788802280.813577) can0 03FF1603#0000D03600000000
(1788802280.824323) can0 03FF1605#0100000000000000
(1788802280.828323) can0 04FF3604#0003000300C80100
(1788802280.858326) can0 04FF3604#0004000300C80100
(1788802280.888326) can0 04FF3602#0000000000000000
(1788802280.888381) can0 04FF3604#0004000300C80100
(1788802280.898327) can0 03FF1000#0840112200000001
(1788802280.908327) can0 03FF1001#0000000000000000
(1788802280.910443) can0 05FF4001#0000000000000000
(1788802280.912454) can0 05FF4000#0000000000000000
(1788802280.918328) can0 04FF3604#0006000300C80100
(1788802280.918568) can0 03FF1603#0000D03600000000
(1788802280.929328) can0 03FF1605#0100000000000000
(1788802280.948330) can0 04FF3604#0005000300C80100
(1788802280.972334) can0 05FF4610#0000D098FFFFFFA3
(1788802280.978333) can0 04FF3604#0004000300C80100
(1788802280.993447) can0 05FF4602#06100C100C100C10
(1788802281.003333) can0 03FF1000#0840112200000001
(1788802281.003445) can0 05FF4603#0C1009100D100D10
(1788802281.008332) can0 04FF3604#0006000300C80100
(1788802281.013333) can0 03FF1001#0000000000000000
(1788802281.014337) can0 05FF4604#0B100C100F100F10
(1788802281.024336) can0 03FF1603#0000D03600000000
(1788802281.024482) can0 05FF4605#0A10000000000000
(1788802281.034335) can0 03FF1605#0100000000000000
(1788802281.038334) can0 04FF3604#0006000300C80100
(1788802281.055335) can0 05FF4606#1E1E1E
(1788802281.065336) can0 05FF4607#1E1D1E
(1788802281.068338) can0 04FF3604#0006000300C80100
(1788802281.075352) can0 05FF4608#0019007C
(1788802281.085466) can0 05FF4609#030003CA03CA00
(1788802281.098338) can0 04FF3604#0005000300C80100
(1788802281.108338) can0 03FF1000#0840112200000001
(1788802281.118338) can0 03FF1001#0000000000000000
(1788802281.128339) can0 04FF3604#0006000300C80100
(1788802281.128602) can0 03FF1603#0000D03600000000
(1788802281.139340) can0 03FF1605#0100000000000000
(1788802281.150340) can0 02181606#0100190001030200
(1788802281.158341) can0 04FF3604#0006000300C80100
(1788802281.180342) can0 02203606#0101000100010000
(1788802281.188341) can0 04FF3604#0005000300C80100
(1788802281.210343) can0 02181608#0500000001000000
(1788802281.213343) can0 03FF1000#0840112200000001
(1788802281.218343) can0 04FF3604#0005000400C80100
(1788802281.223344) can0 03FF1001#0000000000000000
(1788802281.233599) can0 03FF1603#0000D03600000000
(1788802281.236518) can0 05FF4610#0000D098FFFFFFA3
(1788802281.240344) can0 02181609#0000000000000000
(1788802281.244344) can0 03FF1605#0100000000000000
(1788802281.248345) can0 04FF3604#0004000300C80100
(1788802281.254600) can0 03121606#0000000000000000
(1788802281.270346) can0 02488600#0000000000000000
(1788802281.278347) can0 04FF3604#0004000300C80100
(1788802281.300348) can0 02191500#
(1788802281.308349) can0 04FF3604#0005000300C80100
(1788802281.318348) can0 03FF1000#0840112200000001
(1788802281.328350) can0 03FF1001#0000000000000000
(1788802281.330349) can0 02FF2605#0000060907070109
(1788802281.338350) can0 04FF3604#0004000300C80100
(1788802281.338613) can0 03FF1500#000000C300000000
(1788802281.349351) can0 03FF1603#0000D03600000000
(1788802281.360351) can0 03FF1605#0100000000000000
(1788802281.360417) can0 02FF2604#0000000000000000
(1788802281.368350) can0 04FF3604#0004000300C80100
(1788802281.388353) can0 04FF3602#0000000000000000
(1788802281.393352) can0 02FF2704#0200000000000000
(1788802281.398353) can0 04FF3604#0004000300C80100
(1788802281.420383) can0 0260B606#0100000000000000
(1788802281.423354) can0 03FF1000#0840112200000001
(1788802281.428354) can0 04FF3604#0003000300C80100
(1788802281.433354) can0 03FF1001#0000000000000000
(1788802281.443598) can0 03FF1603#0000D03600000000
(1788802281.450415) can0 02203607#0000000300000000
(1788802281.454355) can0 03FF1605#0100000000000000
(1788802281.458355) can0 04FF3604#0004000300C80100
(1788802281.488361) can0 04FF3604#0005000300C80100
(1788802281.497603) can0 05FF4610#0000D098FFFFFFA3
(1788802281.507358) can0 03FF1600#142B000104001319
(1788802281.517358) can0 03FF1601#6E50000000000000
(1788802281.518363) can0 04FF3604#0004000300C80100
(1788802281.528362) can0 03FF1602#000005000000157C
(1788802281.538361) can0 03FF1604#0000000000000000
(1788802281.548360) can0 04FF3604#0003000300C80100
(1788802281.548612) can0 03FF1000#0840112200000001
(1788802281.559362) can0 03FF1001#0000000000000000
(1788802281.570362) can0 03FF1603#0000D03600000000
(1788802281.578363) can0 04FF3604#0004000400C80100
(1788802281.580363) can0 03FF1605#0100000000000000
(1788802281.608364) can0 04FF3604#0004000300C80100
(1788802281.632620) can0 03FF1000#0840112200000001
(1788802281.638365) can0 04FF3604#0003000300C80100
(1788802281.643365) can0 03FF1001#0000000000000000
(1788802281.653609) can0 03FF1603#0000D03600000000
(1788802281.664367) can0 03FF1605#0100000000000000
(1788802281.668366) can0 04FF3604#0005000300C80100
(1788802281.698369) can0 04FF3604#0006000300C80100
(1788802281.728370) can0 04FF3604#0005000300C80100
(1788802281.737625) can0 03FF1000#0840112200000001
(1788802281.748371) can0 03FF1001#0000000000000000
(1788802281.758371) can0 04FF3604#0005000300C80100
(1788802281.758600) can0 03FF1603#0000D03600000000
(1788802281.769372) can0 03FF1605#0100000000000000
(1788802281.785374) can0 05FF4610#0000D099FFFFFFA3
(1788802281.788373) can0 04FF3604#0006000300C80100
(1788802281.818375) can0 04FF3604#0005000300C80100
(1788802281.842631) can0 03FF1000#0840112200000001
(1788802281.848376) can0 04FF3604#0004000300C80100
(1788802281.853376) can0 03FF1001#0000000000000000
(1788802281.863597) can0 03FF1603#0000D03600000000
(1788802281.874377) can0 03FF1605#0100000000000000
(1788802281.878377) can0 04FF3604#0007000300C80100
(1788802281.888379) can0 04FF3602#0000000000000000
(1788802281.908380) can0 04FF3604#0006000300C80100
(1788802281.911378) can0 02181606#0100190001030200
(1788802281.938381) can0 04FF3604#0002000300C80100
(1788802281.941380) can0 02203606#0101000100010000
(1788802281.948381) can0 03FF1000#0840112200000001
(1788802281.957382) can0 05FF4001#0000000000000000
(1788802281.958384) can0 03FF1001#0000000000000000
(1788802281.959385) can0 05FF4000#0000000000000000
(1788802281.968384) can0 04FF3604#0005000300C80100
(1788802281.968599) can0 03FF1603#0000D03600000000
(1788802281.971382) can0 02181608#0500000001000000
(1788802281.979383) can0 03FF1605#0100000000000000
(1788802281.989627) can0 03121606#0000000000000000
(1788802281.998384) can0 04FF3604#0004000300C80100
(1788802282.001383) can0 02181609#0000000000000000
(1788802282.028386) can0 04FF3604#0003000300C80100
(1788802282.031390) can0 02488600#0000000000000000
(1788802282.039388) can0 05FF4602#06100C100C100C10
(1788802282.049387) can0 05FF4603#0C1009100D100D10
(1788802282.053386) can0 03FF1000#0840112200000001
(1788802282.058387) can0 04FF3604#0004000300C80100
(1788802282.059386) can0 05FF4604#0B100C100F101010
(1788802282.060386) can0 05FF4610#0000D099FFFFFFA3
(1788802282.063387) can0 03FF1001#0000000000000000
(1788802282.070390) can0 05FF4605#0A10000000000000
(1788802282.073622) can0 03FF1603#0000D03600000000
(1788802282.081388) can0 02191501#
(1788802282.084388) can0 03FF1605#0100000000000000
(1788802282.088388) can0 04FF3604#0006000300C80100
(1788802282.094620) can0 03FF1501#0000004A00000000
(1788802282.100516) can0 05FF4606#1E1E1E
(1788802282.110518) can0 05FF4607#1E1D1E
(1788802282.118389) can0 04FF3604#0003000300C80100
(1788802282.120575) can0 05FF4608#0019007C
(1788802282.131391) can0 05FF4609#030003CA03CA00
(1788802282.148391) can0 04FF3604#0004000300C80100
(1788802282.157635) can0 03FF1000#0840112200000001
(1788802282.168393) can0 03FF1001#0000000000000000
(1788802282.178394) can0 04FF3604#0007000300C80100
(1788802282.178605) can0 03FF1603#0000D03600000000
(1788802282.189394) can0 03FF1605#0100000000000000
(1788802282.208394) can0 04FF3604#0005000300C80100
(1788802282.226605) can0 05FF4400#00000007
(1788802282.238396) can0 04FF3604#0004000300C80100
(1788802282.253397) can0 02FF2605#0000060907070100
(1788802282.262641) can0 03FF1000#0840112200000001
(1788802282.268397) can0 04FF3604#0005000300C80100
(1788802282.273397) can0 03FF1001#0000000000000000
(1788802282.281399) can0 02FF2604#0000000000000000
(1788802282.283398) can0 05FF4600#0D0300900303
(1788802282.283626) can0 03FF1603#0000D03600000000
(1788802282.294399) can0 03FF1605#0100000000000000
(1788802282.298399) can0 04FF3604#0005000300C80100
(1788802282.311400) can0 02FF2704#0200000000000000
(1788802282.324401) can0 05FF4610#0000D099FFFFFFA3
(1788802282.328400) can0 04FF3604#0004000300C80100
(1788802282.328467) can0 05FF4601#007300000000
(1788802282.341402) can0 0260B606#0100000000000000
(1788802282.358402) can0 04FF3604#0004000300C80100
(1788802282.367629) can0 03FF1000#0840112200000001
(1788802282.371403) can0 02203607#0000000300000000
(1788802282.378404) can0 03FF1001#0000000000000000
(1788802282.388404) can0 04FF3602#0000000000000000
(1788802282.388454) can0 04FF3604#0004000300C80100
(1788802282.389403) can0 03FF1603#0000D03600000000
(1788802282.399404) can0 03FF1605#0100000000000000
(1788802282.417660) can0 04FF3604#0004000300C80100
(1788802282.448407) can0 04FF3604#0005000300C80100
(1788802282.472665) can0 03FF1000#0840112200000001
(1788802282.478412) can0 04FF3604#0005000300C80100
(1788802282.483409) can0 03FF1001#0000000000000000
(1788802282.493625) can0 03FF1603#0000D03600000000
(1788802282.504410) can0 03FF1605#0100000000000000
(1788802282.508410) can0 04FF3604#0003000300C80100
(1788802282.514642) can0 03FF1600#142B000104001319
(1788802282.525411) can0 03FF1601#6E50000000000000
(1788802282.535609) can0 03FF1602#000005000000157C
(1788802282.538416) can0 04FF3604#0004000300C80100
(1788802282.546415) can0 03FF1604#0000000000000000
(1788802282.567670) can0 04FF3604#0003000300C80100
(1788802282.577668) can0 03FF1000#0840112200000001
(1788802282.585416) can0 05FF4610#0000D099FFFFFFA3
(1788802282.588414) can0 03FF1001#0000000000000000
(1788802282.597664) can0 04FF3604#0004000300C80100
(1788802282.598669) can0 03FF1603#0000D03600000000
(1788802282.609416) can0 03FF1605#0100000000000000
(1788802282.627672) can0 04FF3604#0007000300C80100
(1788802282.658419) can0 04FF3604#0005000300C80100
(1788802282.671615) can0 02181606#0100190001030200
(1788802282.682651) can0 03FF1000#0840112200000001
(1788802282.688419) can0 04FF3604#0006000300C80100
(1788802282.693419) can0 03FF1001#0000000000000000
(1788802282.701675) can0 02203606#0101000100010000
(1788802282.703628) can0 03FF1603#0000D03600000000
(1788802282.714421) can0 03FF1605#0100000000000000
(1788802282.717658) can0 04FF3604#0005000300C80100
(1788802282.731676) can0 02181608#0500000001000000
(1788802282.747665) can0 04FF3604#0006000300C80100
(1788802282.761678) can0 02181609#0000000000000000
(1788802282.777662) can0 04FF3604#0004000300C80100
(1788802282.787657) can0 03FF1000#0840112200000001
(1788802282.792424) can0 02488600#0000000000000000
(1788802282.798425) can0 03FF1001#0000000000000000
(1788802282.807681) can0 04FF3604#0006000300C80100
(1788802282.808633) can0 03FF1603#0000D03600000000
(1788802282.819426) can0 03FF1605#0100000000000000
(1788802282.821483) can0 02213500#
(1788802282.827665) can0 04F93500#000000EB00000000
(1788802282.829611) can0 03121606#0000000000000000
(1788802282.837682) can0 04FF3604#0006000300C80100
(1788802282.867672) can0 04FF3604#0005000300C80100
(1788802282.887431) can0 05FF4610#0000D098FFFFFFA3
(1788802282.887682) can0 04FF3602#0000000000000000
(1788802282.892661) can0 03FF1000#0840112200000001
(1788802282.898430) can0 04FF3604#0003000300C80100
(1788802282.903430) can0 03FF1001#0000000000000000
(1788802282.913650) can0 03FF1603#0000D03600000000
(1788802282.924431) can0 03FF1605#0100000000000000
(1788802282.927675) can0 04FF3604#0005000300C80100
(1788802282.957660) can0 04FF3604#0005000300C80100
(1788802282.987694) can0 04FF3604#0004000300C80100
(1788802282.997681) can0 03FF1000#0840112200000001
(1788802283.003437) can0 05FF4001#0000000000000000
(1788802283.005435) can0 05FF4000#0000000000000000
(1788802283.008435) can0 03FF1001#0000000000000000
(1788802283.017656) can0 04FF3604#0004000300C80100
(1788802283.018610) can0 03FF1603#0000D03600000000
(1788802283.029436) can0 03FF1605#0100000000000000
(1788802283.047657) can0 04FF3604#0004000300C80100
(1788802283.077675) can0 04FF3604#0004000300C80100
(1788802283.085443) can0 05FF4602#06100C100C100C10
(1788802283.095441) can0 05FF4603#0C1009100D100D10
(1788802283.102661) can0 03FF1000#0840112200000001
(1788802283.105441) can0 05FF4604#0B100C100F100F10
(1788802283.107655) can0 04FF3604#0005000400C80100
(1788802283.113441) can0 03FF1001#0000000000000000
(1788802283.115441) can0 05FF4605#0A10000000000000
(1788802283.123649) can0 03FF1603#0000D03600000000
(1788802283.134443) can0 03FF1605#0100000000000000
(1788802283.137674) can0 04FF3604#0005000300C80100
(1788802283.145444) can0 05FF4606#1E1E1E
(1788802283.149443) can0 05FF4610#0000D098FFFFFFA3
(1788802283.155444) can0 05FF4607#1E1D1E
(1788802283.165445) can0 05FF4608#0019007C
(1788802283.167675) can0 04FF3604#0006000300C80100
(1788802283.175444) can0 05FF4609#030003CA03CA00
(1788802283.186661) can0 03FF1400#0000000D00000000
(1788802283.197678) can0 04FF3604#0004000300C80100
(1788802283.207666) can0 03FF1000#0840112200000001
(1788802283.218446) can0 03FF1001#0000000000000000
(1788802283.227667) can0 04FF3604#0005000300C80100
(1788802283.228631) can0 03FF1603#0000D03600000000
(1788802283.239448) can0 03FF1605#0100000000000000
(1788802283.257668) can0 04FF3604#0005000300C80100
(1788802283.262449) can0 02FF2605#0000060907070101
(1788802283.287682) can0 04FF3604#0004000300C80100
(1788802283.294450) can0 02FF2604#0000000000000000
(1788802283.312650) can0 03FF1000#0840112200000001
(1788802283.317656) can0 04FF3604#0006000300C80100
(1788802283.322452) can0 02FF2704#0200000000000000
(1788802283.323452) can0 03FF1001#0000000000000000
(1788802283.333638) can0 03FF1603#0000D03600000000
(1788802283.344454) can0 03FF1605#0100000000000000
(1788802283.347684) can0 04FF3604#0006000300C80100
(1788802283.352453) can0 0260B606#0100000000000000
(1788802283.377663) can0 04FF3604#0004000300C80100
(1788802283.383456) can0 02203607#0000000300000000
(1788802283.387686) can0 04FF3602#0000000000000000
(1788802283.407653) can0 04FF3604#0004000300C80100
(1788802283.413457) can0 05FF4610#0000D098FFFFFFA3
(1788802283.417648) can0 03FF1000#0840112200000001
(1788802283.428457) can0 03FF1001#0000000000000000
(1788802283.432457) can0 02181606#0100190001030200
(1788802283.437653) can0 04FF3604#0004000300C80100
(1788802283.438631) can0 03FF1603#0000D03600000000
(1788802283.449458) can0 03FF1605#0100000000000000
(1788802283.462461) can0 02203606#0101000100010000
(1788802283.467669) can0 04FF3604#0005000300C80100
(1788802283.497654) can0 04FF3604#0003000300C80100
(1788802283.522694) can0 03FF1000#0840112200000001
(1788802283.527659) can0 04FF3604#0004000300C80100
(1788802283.533462) can0 03FF1001#0000000000000000
(1788802283.543645) can0 03FF1600#142B000104001319
(1788802283.554465) can0 03FF1601#6E50000000000000
(1788802283.557654) can0 04FF3604#0003000300C80100
(1788802283.564641) can0 03FF1602#000005000000157C
(1788802283.575466) can0 03FF1603#0000D03600000000
(1788802283.585652) can0 03FF1604#0000000000000000
(1788802283.587662) can0 04FF3604#0003000300C80100
(1788802283.596467) can0 03FF1605#0100000000000000
(1788802283.606647) can0 03121606#0000000000000000
(1788802283.617676) can0 04FF3604#0006000300C80100
(1788802283.628468) can0 03FF1000#0840112200000001
(1788802283.638469) can0 03FF1001#0000000000000000
(1788802283.647650) can0 04FF3604#0004000300C80100
(1788802283.648642) can0 03FF1603#0000D03600000000
(1788802283.652654) can0 02181608#0500000001000000
(1788802283.659470) can0 03FF1605#0100000000000000
(1788802283.675470) can0 05FF4610#0000D098FFFFFFA3
(1788802283.677666) can0 04FF3604#0006000300C80100
(1788802283.682679) can0 02181609#0000000000000000
(1788802283.707658) can0 04FF3604#0007000300C80100
(1788802283.712641) can0 02488600#0000000000000000
(1788802283.732670) can0 03FF1000#0840112200000001
(1788802283.737670) can0 04FF3604#0005000300C80100
(1788802283.742497) can0 02213501#
(1788802283.743473) can0 03FF1001#0000000000000000
(1788802283.752670) can0 04F93501#0000000400000000
(1788802283.753647) can0 03FF1603#0000D03600000000
(1788802283.764475) can0 03FF1605#0100000000000000
(1788802283.767671) can0 04FF3604#0005000300C80100
(1788802283.797662) can0 04FF3604#0005000300C80100
(1788802283.827663) can0 04FF3604#0004000300C80100
(1788802283.837664) can0 03FF1000#0840112200000001
(1788802283.848479) can0 03FF1001#0000000000000000
(1788802283.857676) can0 04FF3604#0002000300C80100
(1788802283.858641) can0 03FF1603#0000D03600000000
(1788802283.869481) can0 03FF1605#0100000000000000
(1788802283.887662) can0 04FF3602#0000000000000000
(1788802283.888481) can0 04FF3604#0005000300C80100
(1788802283.917657) can0 04FF3604#0003000300C80100
(1788802283.942670) can0 03FF1000#0840112200000001
(1788802283.947658) can0 04FF3604#0005000300C80100
(1788802283.953484) can0 03FF1001#0000000000000000
(1788802283.963651) can0 03FF1603#0000D03600000000
(1788802283.974489) can0 03FF1605#0100000000000000
(1788802283.975486) can0 05FF4610#0000D09AFFFFFFA9
(1788802283.977670) can0 04FF3604#0006000300C80100
(1788802284.007650) can0 04FF3604#0004000300C80100
(1788802284.037663) can0 04FF3604#0006000300C80100
(1788802284.047682) can0 03FF1000#0840112200000001
(1788802284.048490) can0 05FF4001#0000000000000000
(1788802284.050489) can0 05FF4000#0000000000000000
(1788802284.058491) can0 03FF1001#0000000000000000
(1788802284.067680) can0 04FF3604#0003000300C80100
(1788802284.068656) can0 03FF1603#0000D03600000000
(1788802284.079493) can0 03FF1605#0100000000000000
(1788802284.097654) can0 04FF3604#0006000300C80100
(1788802284.127661) can0 04FF3604#0005000300C80100
(1788802284.130492) can0 05FF4602#06100C100C100C10
(1788802284.140494) can0 05FF4603#0C1009100D100E10
(1788802284.150493) can0 05FF4604#0B100C100F101010
(1788802284.152743) can0 03FF1000#0840112200000001
(1788802284.157655) can0 04FF3604#0002000300C80100
(1788802284.161493) can0 05FF4605#0A10000000000000
(1788802284.163494) can0 03FF1001#0000000000000000
(1788802284.173645) can0 03FF1603#0000D03600000000
(1788802284.184495) can0 03FF1605#0100000000000000
(1788802284.187668) can0 04FF3604#0003000300C80100
(1788802284.191495) can0 05FF4606#1E1E1E
(1788802284.193495) can0 02181606#0000000000030200
(1788802284.195495) can0 03FF1605#0000000000000000
(1788802284.217684) can0 04FF3604#0004000300C80100
(1788802284.247683) can0 04FF3604#0005000300C80100
(1788802284.277646) can0 04FF3604#0003000300C80100
(1788802284.289500) can0 02203606#0201000000000000
(1788802284.313652) can0 02181608#0500000001000000
(1788802284.343504) can0 02181609#0000000000000000
(1788802284.361608) can0 1FF8B028#0000000000000000
(1788802284.371759) can0 03FF1000#0840112200000001
(1788802284.373738) can0 02488600#0000000000000000
(1788802284.382506) can0 03FF1605#0000000000000000
(1788802284.392756) can0 03121606#0100000000000000
(1788802284.403506) can0 02294502#
(1788802284.404506) can0 05124502#5250313353333541
(1788802284.433751) can0 02FF2605#0000060907070102
(1788802284.463511) can0 02FF2604#0000000000000000
(1788802284.466510) can0 03FF1000#0840112200000001
(1788802284.493511) can0 02FF2704#0200000000000000
(1788802284.529512) can0 0260B606#0100000000000000
(1788802284.553514) can0 02203607#0000000300000000
(1788802284.571515) can0 03FF1000#0840112200000001
(1788802284.676523) can0 03FF1000#0840112200000001
(1788802284.781525) can0 03FF1000#0840112200000001
(1788802284.886536) can0 03FF1000#0840112200000001
(1788802284.964539) can0 02181606#0000000000030200
(1788802284.991538) can0 03FF1000#0840112200000001
(1788802284.994537) can0 02203606#0200000000000000
(1788802285.001752) can0 03121606#0100000000000000
(1788802285.025538) can0 02181608#0500000001000000
(1788802285.055540) can0 02181609#0000000000000000
(1788802285.096549) can0 03FF1000#0840112200000001
(1788802285.104546) can0 02488600#0000000000000000
(1788802285.135545) can0 02294503#
(1788802285.136544) can0 05124503#00150C0900000C62
(1788802285.201549) can0 03FF1000#0840112200000001
(1788802285.306554) can0 03FF1000#0840112200000001
(1788802285.307553) can0 02181606#0000000000030200
(1788802285.307607) can0 02203606#0200000000000000
(1788802285.314553) can0 02181606#0000000000030200
(1788802285.314696) can0 02203606#0200000000000000
(1788802285.324553) can0 02181606#0000000000030200
(1788802285.324689) can0 02203606#0200000000000000
(1788802285.411560) can0 03FF1000#0840112200000001
(1788802285.421790) can0 03121606#0100000000000000
(1788802285.516568) can0 03FF1000#0840112200000001
(1788802285.526774) can0 03121606#0100000000000000
(1788802285.621570) can0 03FF1000#0840112200000001
(1788802285.631798) can0 03121606#0100000000000000
(1788802285.726576) can0 03FF1000#0840112200000001
(1788802285.831580) can0 03FF1000#0840112200000001
(1788802285.936585) can0 03FF1000#0840112200000001
(1788802286.041593) can0 03FF1000#0840112200000001
(1788802286.146598) can0 03FF1000#0840112200000001
(1788802286.251605) can0 03FF1000#0840112200000001
(1788802286.356608) can0 03FF1000#0840112200000001
(1788802286.461613) can0 03FF1000#0840112200000001
(1788802286.566620) can0 03FF1000#0840112200000001
(1788802286.671625) can0 03FF1000#0840112200000001
(1788802286.776633) can0 03FF1000#0840112200000001
(1788802286.881634) can0 03FF1000#0840112200000001
(1788802286.986642) can0 03FF1000#0840112200000001
(1788802287.091646) can0 03FF1000#0840112200000001
(1788802287.196651) can0 03FF1000#0840112200000001
(1788802287.301661) can0 03FF1000#0840112200000001
(1788802287.406663) can0 03FF1000#0840112200000001
(1788802287.511669) can0 03FF1000#0840112200000001
(1788802287.616672) can0 03FF1000#0840112200000001
(1788802287.721679) can0 03FF1000#0840112200000001
(1788802287.826687) can0 03FF1000#0840112200000001
(1788802287.931690) can0 03FF1000#0840112200000001
(1788802288.036698) can0 03FF1000#0840112200000001
(1788802288.141700) can0 03FF1000#0840112200000001
(1788802288.246707) can0 03FF1000#0840112200000001
(1788802288.351713) can0 03FF1000#0840112200000001
(1788802288.456716) can0 03FF1000#0840112200000001
(1788802288.561724) can0 03FF1000#0840112200000001
(1788802288.666727) can0 03FF1000#0840112200000001
(1788802288.771734) can0 03FF1000#0840112200000001
(1788802288.876740) can0 03FF1000#0840112200000001
(1788802288.981745) can0 03FF1000#0840112200000001
