(1788538865.500821) can0 03FF1000#0840112200000001
(1788538865.605809) can0 03FF1000#0840112200000001
(1788538865.710793) can0 03FF1000#0840112200000001
(1788538865.815795) can0 03FF1000#0840112200000001
(1788538865.920865) can0 03FF1000#0840112200000001
(1788538866.025813) can0 03FF1000#0840112200000001
(1788538866.130819) can0 03FF1000#0840112200000001
(1788538866.235813) can0 03FF1000#0840112200000001
(1788538866.340806) can0 03FF1000#0840112200000001
(1788538866.445870) can0 03FF1000#0840112200000001
(1788538866.550836) can0 03FF1000#0840112200000001
(1788538866.655837) can0 03FF1000#0840112200000001
(1788538866.760836) can0 03FF1000#0840112200000001
(1788538866.865816) can0 03FF1000#0840112200000001
(1788538866.970868) can0 03FF1000#0840112200000001
(1788538867.075860) can0 03FF1000#0840112200000001
(1788538867.180846) can0 03FF1000#0840112200000001
(1788538867.285833) can0 03FF1000#0840112200000001
(1788538867.390832) can0 03FF1000#0840112200000001
(1788538867.495838) can0 03FF1000#0840112200000001
(1788538867.600850) can0 03FF1000#0840112200000001
(1788538867.705870) can0 03FF1000#0840112200000001
(1788538867.810845) can0 03FF1000#0840112200000001
(1788538867.915850) can0 03FF1000#0840112200000001
(1788538868.020856) can0 03FF1000#0840112200000001
(1788538868.125874) can0 03FF1000#0840112200000001
(1788538868.230870) can0 03FF1000#0840112200000001
(1788538868.335861) can0 03FF1000#0840112200000001
(1788538868.440854) can0 03FF1000#0840112200000001
(1788538868.545859) can0 03FF1000#0840112200000001
(1788538868.650885) can0 03FF1000#0840112200000001
(1788538868.755891) can0 03FF1000#0840112200000001
(1788538868.860871) can0 03FF1000#0840112200000001
(1788538868.965871) can0 03FF1000#0840112200000001
(1788538869.070863) can0 03FF1000#0840112200000001
(1788538869.175902) can0 03FF1000#0840112200000001
(1788538869.280967) can0 03FF1000#0840112200000001
(1788538869.385895) can0 03FF1000#0840112200000001
(1788538869.490883) can0 03FF1000#0840112200000001
(1788538869.595887) can0 03FF1000#0840112200000001
(1788538869.700913) can0 03FF1000#0840112200000001
(1788538869.805932) can0 03FF1000#0840112200000001
(1788538869.906242) can0 04FF3400#0000094600000000
(1788538869.910919) can0 03FF1000#0840112200000001
(1788538870.015900) can0 03FF1000#0840112200000001
(1788538870.120898) can0 03FF1000#0840112200000001
(1788538870.225921) can0 03FF1000#0840112200000001
(1788538870.330943) can0 03FF1000#0840112200000001
(1788538870.435922) can0 03FF1000#0840112200000001
(1788538870.540921) can0 03FF1000#0840112200000001
(1788538870.645916) can0 03FF1000#0840112200000001
(1788538870.750940) can0 03FF1000#0840112200000001
(1788538870.855939) can0 03FF1000#0840112200000001
(1788538870.960939) can0 03FF1000#0840112200000001
(1788538871.065913) can0 03FF1000#0840112200000001
(1788538871.170925) can0 03FF1000#0840112200000001
(1788538871.275950) can0 03FF1000#0840112200000001
(1788538871.380944) can0 03FF1000#0840112200000001
(1788538871.485940) can0 03FF1000#0840112200000001
(1788538871.590942) can0 03FF1000#0840112200000001
(1788538871.695936) can0 03FF1000#0840112200000001
(1788538871.800967) can0 03FF1000#0840112200000001
(1788538871.905965) can0 03FF1000#0840112200000001
(1788538872.010954) can0 03FF1000#0840112200000001
(1788538872.115953) can0 03FF1000#0840112200000001
(1788538872.220946) can0 03FF1000#0840112200000001
(1788538872.325991) can0 03FF1000#0840112200000001
(1788538872.430978) can0 03FF1000#0840112200000001
(1788538872.535983) can0 03FF1000#0840112200000001
(1788538872.641015) can0 03FF1000#0840112200000001
(1788538872.745964) can0 03FF1000#0840112200000001
(1788538872.850995) can0 03FF1000#0840112200000001
(1788538872.955995) can0 03FF1000#0840112200000001
(1788538873.060987) can0 03FF1000#0840112200000001
(1788538873.166021) can0 03FF1000#0840112200000001
(1788538873.270967) can0 03FF1000#0840112200000001
(1788538873.376006) can0 03FF1000#0840112200000001
(1788538873.481005) can0 03FF1000#0840112200000001
(1788538873.585992) can0 03FF1000#0840112200000001
(1788538873.690998) can0 03FF1000#0840112200000001
(1788538873.795985) can0 03FF1000#0840112200000001
(1788538873.901010) can0 03FF1000#0840112200000001
(1788538874.006021) can0 03FF1000#0840112200000001
(1788538874.111009) can0 03FF1000#0840112200000001
(1788538874.216015) can0 03FF1000#0840112200000001
(1788538874.321009) can0 03FF1000#0840112200000001
(1788538874.425992) can0 03FF1000#0840112200000001
(1788538874.531026) can0 03FF1000#0840112200000001
(1788538874.636025) can0 03FF1000#0840112200000001
(1788538874.741006) can0 03FF1000#0840112200000001
(1788538874.846012) can0 03FF1000#0840112200000001
(1788538874.951051) can0 03FF1000#0840112200000001
(1788538875.056043) can0 03FF1000#0840112200000001
(1788538875.161054) can0 03FF1000#0840112200000001
(1788538875.266033) can0 03FF1000#0840112200000001
(1788538875.371023) can0 03FF1000#0840112200000001
(1788538875.476093) can0 03FF1000#0840112200000001
(1788538875.581054) can0 03FF1000#0840112200000001
(1788538875.686049) can0 03FF1000#0840112200000001
(1788538875.791034) can0 03FF1000#0840112200000001
(1788538875.896039) can0 03FF1000#0840112200000001
(1788538876.001097) can0 03FF1000#0840112200000001
(1788538876.106073) can0 03FF1000#0840112200000001
(1788538876.211058) can0 03FF1000#0840112200000001
(1788538876.316064) can0 03FF1000#0840112200000001
(1788538876.421057) can0 03FF1000#0840112200000001
(1788538876.526102) can0 03FF1000#0840112200000001
(1788538876.631087) can0 03FF1000#0840112200000001
(1788538876.736074) can0 03FF1000#0840112200000001
(1788538876.841068) can0 03FF1000#0840112200000001
(1788538876.946074) can0 03FF1000#0840112200000001
(1788538877.051066) can0 03FF1000#0840112200000001
(1788538877.156105) can0 03FF1000#0840112200000001
(1788538877.261099) can0 03FF1000#0840112200000001
(1788538877.366084) can0 03FF1000#0840112200000001
(1788538877.471078) can0 03FF1000#0840112200000001
(1788538877.576083) can0 03FF1000#0840112200000001
(1788538877.589377) can0 02294609#
(1788538877.590926) can0 05124609#0100037003E800
(1788538877.681115) can0 03FF1000#0840112200000001
(1788538877.786102) can0 03FF1000#0840112200000001
(1788538877.891101) can0 03FF1000#0840112200000001
(1788538877.996096) can0 03FF1000#0840112200000001
(1788538878.101120) can0 03FF1000#0840112200000001
(1788538878.206126) can0 03FF1000#0840112200000001
(1788538878.311127) can0 03FF1000#0840112200000001
(1788538878.416112) can0 03FF1000#0840112200000001
(1788538878.521099) can0 03FF1000#0840112200000001
(1788538878.626131) can0 03FF1000#0840112200000001
(1788538878.731130) can0 03FF1000#0840112200000001
(1788538878.836181) can0 03FF1000#0840112200000001
(1788538878.941131) can0 03FF1000#0840112200000001
(1788538879.046123) can0 03FF1000#0840112200000001
(1788538879.151128) can0 03FF1000#0840112200000001
(1788538879.256151) can0 03FF1000#0840112200000001
(1788538879.361198) can0 03FF1000#0840112200000001
(1788538879.466133) can0 03FF1000#0840112200000001
(1788538879.571133) can0 03FF1000#0840112200000001
(1788538879.676138) can0 03FF1000#0840112200000001
(1788538879.781151) can0 03FF1000#0840112200000001
(1788538879.856186) can0 04FF3603#0300000000000000
(1788538879.886162) can0 03FF1000#0840112200000001
(1788538879.906187) can0 04FF3400#0000094700000000
(1788538879.991144) can0 03FF1000#0840112200000001
(1788538880.096156) can0 03FF1000#0840112200000001
(1788538880.201156) can0 03FF1000#0840112200000001
(1788538880.306180) can0 03FF1000#0840112200000001
(1788538880.411174) can0 03FF1000#0840112200000001
(1788538880.516155) can0 03FF1000#0840112200000001
(1788538880.621147) can0 03FF1000#0840112200000001
(1788538880.726166) can0 03FF1000#0840112200000001
(1788538880.831185) can0 03FF1000#0840112200000001
(1788538880.936191) can0 03FF1000#0840112200000001
(1788538881.041183) can0 03FF1000#0840112200000001
(1788538881.146165) can0 03FF1000#0840112200000001
(1788538881.251177) can0 03FF1000#0840112200000001
(1788538881.356190) can0 03FF1000#0840112200000001
(1788538881.461202) can0 03FF1000#0840112200000001
(1788538881.566190) can0 03FF1000#0840112200000001
(1788538881.671187) can0 03FF1000#0840112200000001
(1788538881.776181) can0 03FF1000#0840112200000001
(1788538881.881230) can0 03FF1000#0840112200000001
(1788538881.986213) can0 03FF1000#0840112200000001
(1788538882.091205) can0 03FF1000#0840112200000001
(1788538882.196257) can0 03FF1000#0840112200000001
(1788538882.301205) can0 03FF1000#0840112200000001
(1788538882.406222) can0 03FF1000#0840112200000001
(1788538882.511236) can0 03FF1000#0840112200000001
(1788538882.616216) can0 03FF1000#0840112200000001
(1788538882.721267) can0 03FF1000#0840112200000001
(1788538882.826208) can0 03FF1000#0840112200000001
(1788538882.931246) can0 03FF1000#0840112200000001
(1788538883.036240) can0 03FF1000#0840112200000001
(1788538883.141239) can0 03FF1000#0840112200000001
(1788538883.246233) can0 03FF1000#0840112200000001
(1788538883.351220) can0 03FF1000#0840112200000001
(1788538883.456258) can0 03FF1000#0840112200000001
(1788538883.561258) can0 03FF1000#0840112200000001
(1788538883.666248) can0 03FF1000#0840112200000001
(1788538883.771243) can0 03FF1000#0840112200000001
(1788538883.876237) can0 03FF1000#0840112200000001
(1788538883.981267) can0 03FF1000#0840112200000001
(1788538884.086264) can0 03FF1000#0840112200000001
(1788538884.191268) can0 03FF1000#0840112200000001
(1788538884.296254) can0 03FF1000#0840112200000001
(1788538884.401267) can0 03FF1000#0840112200000001
(1788538884.506272) can0 03FF1000#0840112200000001
(1788538884.611278) can0 03FF1000#0840112200000001
(1788538884.716278) can0 03FF1000#0840112200000001
(1788538884.821265) can0 03FF1000#0840112200000001
(1788538884.926271) can0 03FF1000#0840112200000001
(1788538885.031322) can0 03FF1000#0840112200000001
(1788538885.136316) can0 03FF1000#0840112200000001
(1788538885.241277) can0 03FF1000#0840112200000001
(1788538885.346282) can0 03FF1000#0840112200000001
(1788538885.451288) can0 03FF1000#0840112200000001
(1788538885.556345) can0 03FF1000#0840112200000001
(1788538885.661319) can0 03FF1000#0840112200000001
(1788538885.766311) can0 03FF1000#0840112200000001
(1788538885.871312) can0 03FF1000#0840112200000001
(1788538885.976318) can0 03FF1000#0840112200000001
(1788538886.081347) can0 03FF1000#0840112200000001
(1788538886.186334) can0 03FF1000#0840112200000001
(1788538886.291336) can0 03FF1000#0840112200000001
(1788538886.396342) can0 03FF1000#0840112200000001
(1788538886.501348) can0 03FF1000#0840112200000001
(1788538886.606353) can0 03FF1000#0840112200000001
(1788538886.711361) can0 03FF1000#0840112200000001
(1788538886.816366) can0 03FF1000#0840112200000001
(1788538886.921372) can0 03FF1000#0840112200000001
(1788538887.026378) can0 03FF1000#0840112200000001
(1788538887.131388) can0 03FF1000#0840112200000001
(1788538887.236393) can0 03FF1000#0840112200000001
(1788538887.341396) can0 03FF1000#0840112200000001
(1788538887.446340) can0 03FF1000#0840112200000001
(1788538887.551333) can0 03FF1000#0840112200000001
(1788538887.656413) can0 03FF1000#0840112200000001
(1788538887.761420) can0 03FF1000#0840112200000001
(1788538887.866363) can0 03FF1000#0840112200000001
(1788538887.971343) can0 03FF1000#0840112200000001
(1788538888.076349) can0 03FF1000#0840112200000001
(1788538888.181362) can0 03FF1000#0840112200000001
(1788538888.286381) can0 03FF1000#0840112200000001
(1788538888.391455) can0 03FF1000#0840112200000001
(1788538888.496361) can0 03FF1000#0840112200000001
(1788538888.601360) can0 03FF1000#0840112200000001
(1788538888.706387) can0 03FF1000#0840112200000001
(1788538888.811386) can0 03FF1000#0840112200000001
(1788538888.916486) can0 03FF1000#0840112200000001
(1788538889.021372) can0 03FF1000#0840112200000001
(1788538889.126365) can0 03FF1000#0840112200000001
(1788538889.231405) can0 03FF1000#0840112200000001
(1788538889.336397) can0 03FF1000#0840112200000001
(1788538889.441408) can0 03FF1000#0840112200000001
(1788538889.546383) can0 03FF1000#0840112200000001
(1788538889.651376) can0 03FF1000#0840112200000001
(1788538889.756395) can0 03FF1000#0840112200000001
(1788538889.861416) can0 03FF1000#0840112200000001
(1788538889.906116) can0 04FF3400#0000094800000000
(1788538889.966413) can0 03FF1000#0840112200000001
(1788538890.071387) can0 03FF1000#0840112200000001
(1788538890.176393) can0 03FF1000#0840112200000001
(1788538890.281393) can0 03FF1000#0840112200000001
(1788538890.386424) can0 03FF1000#0840112200000001
(1788538890.491430) can0 03FF1000#0840112200000001
(1788538890.596405) can0 03FF1000#0840112200000001
(1788538890.701405) can0 03FF1000#0840112200000001
(1788538890.806424) can0 03FF1000#0840112200000001
(1788538890.911455) can0 03FF1000#0840112200000001
(1788538891.016430) can0 03FF1000#0840112200000001
(1788538891.121422) can0 03FF1000#0840112200000001
(1788538891.226481) can0 03FF1000#0840112200000001
(1788538891.331427) can0 03FF1000#0840112200000001
(1788538891.436449) can0 03FF1000#0840112200000001
(1788538891.541453) can0 03FF1000#0840112200000001
(1788538891.646438) can0 03FF1000#0840112200000001
(1788538891.751496) can0 03FF1000#0840112200000001
(1788538891.856464) can0 03FF1000#0840112200000001
(1788538891.961476) can0 03FF1000#0840112200000001
(1788538892.066476) can0 03FF1000#0840112200000001
(1788538892.171451) can0 03FF1000#0840112200000001
(1788538892.276501) can0 03FF1000#0840112200000001
(1788538892.381450) can0 03FF1000#0840112200000001
(1788538892.486468) can0 03FF1000#0840112200000001
(1788538892.591481) can0 03FF1000#0840112200000001
(1788538892.696463) can0 03FF1000#0840112200000001
(1788538892.801461) can0 03FF1000#0840112200000001
(1788538892.906460) can0 03FF1000#0840112200000001
(1788538893.011492) can0 03FF1000#0840112200000001
(1788538893.116503) can0 03FF1000#0840112200000001
(1788538893.221488) can0 03FF1000#0840112200000001
(1788538893.326485) can0 03FF1000#0840112200000001
(1788538893.431483) can0 03FF1000#0840112200000001
(1788538893.536498) can0 03FF1000#0840112200000001
(1788538893.641508) can0 03FF1000#0840112200000001
(1788538893.746503) can0 03FF1000#0840112200000001
(1788538893.851489) can0 03FF1000#0840112200000001
(1788538893.956495) can0 03FF1000#0840112200000001
(1788538894.061506) can0 03FF1000#0840112200000001
(1788538894.166507) can0 03FF1000#0840112200000001
(1788538894.271506) can0 03FF1000#0840112200000001
(1788538894.376506) can0 03FF1000#0840112200000001
(1788538894.481500) can0 03FF1000#0840112200000001
(1788538894.586563) can0 03FF1000#0840112200000001
(1788538894.691530) can0 03FF1000#0840112200000001
(1788538894.796508) can0 03FF1000#0840112200000001
(1788538894.901523) can0 03FF1000#0840112200000001
(1788538895.006523) can0 03FF1000#0840112200000001
(1788538895.111580) can0 03FF1000#0840112200000001
(1788538895.216543) can0 03FF1000#0840112200000001
(1788538895.321541) can0 03FF1000#0840112200000001
(1788538895.426527) can0 03FF1000#0840112200000001
(1788538895.531527) can0 03FF1000#0840112200000001
(1788538895.636590) can0 03FF1000#0840112200000001
(1788538895.741552) can0 03FF1000#0840112200000001
(1788538895.846551) can0 03FF1000#0840112200000001
(1788538895.951539) can0 03FF1000#0840112200000001
(1788538896.056549) can0 03FF1000#0840112200000001
(1788538896.161563) can0 03FF1000#0840112200000001
(1788538896.266569) can0 03FF1000#0840112200000001
(1788538896.371568) can0 03FF1000#0840112200000001
(1788538896.476553) can0 03FF1000#0840112200000001
(1788538896.581575) can0 03FF1000#0840112200000001
(1788538896.686595) can0 03FF1000#0840112200000001
(1788538896.791600) can0 03FF1000#0840112200000001
(1788538896.896588) can0 03FF1000#0840112200000001
(1788538897.001573) can0 03FF1000#0840112200000001
(1788538897.106579) can0 03FF1000#0840112200000001
(1788538897.211600) can0 03FF1000#0840112200000001
(1788538897.316599) can0 03FF1000#0840112200000001
(1788538897.421591) can0 03FF1000#0840112200000001
(1788538897.526590) can0 03FF1000#0840112200000001
(1788538897.631597) can0 03FF1000#0840112200000001
(1788538897.736596) can0 03FF1000#0840112200000001
(1788538897.841608) can0 03FF1000#0840112200000001
(1788538897.946660) can0 03FF1000#0840112200000001
(1788538898.051614) can0 03FF1000#0840112200000001
(1788538898.156600) can0 03FF1000#0840112200000001
(1788538898.261627) can0 03FF1000#0840112200000001
(1788538898.366632) can0 03FF1000#0840112200000001
(1788538898.471670) can0 03FF1000#0840112200000001
(1788538898.576603) can0 03FF1000#0840112200000001
(1788538898.681618) can0 03FF1000#0840112200000001
(1788538898.786643) can0 03FF1000#0840112200000001
(1788538898.891643) can0 03FF1000#0840112200000001
(1788538898.996643) can0 03FF1000#0840112200000001
(1788538899.101623) can0 03FF1000#0840112200000001
(1788538899.206639) can0 03FF1000#0840112200000001
(1788538899.311648) can0 03FF1000#0840112200000001
(1788538899.416661) can0 03FF1000#0840112200000001
(1788538899.521641) can0 03FF1000#0840112200000001
(1788538899.626636) can0 03FF1000#0840112200000001
(1788538899.731647) can0 03FF1000#0840112200000001
(1788538899.836667) can0 03FF1000#0840112200000001
(1788538899.906114) can0 04FF3400#0000094900000000
(1788538899.941671) can0 03FF1000#0840112200000001
(1788538900.046658) can0 03FF1000#0840112200000001
(1788538900.151649) can0 03FF1000#0840112200000001
(1788538900.256664) can0 03FF1000#0840112200000001
(1788538900.361669) can0 03FF1000#0840112200000001
(1788538900.466675) can0 03FF1000#0840112200000001
(1788538900.571676) can0 03FF1000#0840112200000001
(1788538900.676668) can0 03FF1000#0840112200000001
(1788538900.781720) can0 03FF1000#0840112200000001
(1788538900.886687) can0 03FF1000#0840112200000001
(1788538900.991679) can0 03FF1000#0840112200000001
(1788538901.096680) can0 03FF1000#0840112200000001
(1788538901.201687) can0 03FF1000#0840112200000001
(1788538901.306736) can0 03FF1000#0840112200000001
(1788538901.411673) can0 03FF1000#0840112200000001
(1788538901.516698) can0 03FF1000#0840112200000001
(1788538901.621704) can0 03FF1000#0840112200000001
(1788538901.726697) can0 03FF1000#0840112200000001
(1788538901.831747) can0 03FF1000#0840112200000001
(1788538901.936722) can0 03FF1000#0840112200000001
(1788538902.041719) can0 03FF1000#0840112200000001
(1788538902.146724) can0 03FF1000#0840112200000001
(1788538902.251702) can0 03FF1000#0840112200000001
(1788538902.356716) can0 03FF1000#0840112200000001
(1788538902.461716) can0 03FF1000#0840112200000001
(1788538902.566735) can0 03FF1000#0840112200000001
(1788538902.671736) can0 03FF1000#0840112200000001
(1788538902.776720) can0 03FF1000#0840112200000001
(1788538902.881720) can0 03FF1000#0840112200000001
(1788538902.986712) can0 03FF1000#0840112200000001
(1788538903.091756) can0 03FF1000#0840112200000001
(1788538903.196759) can0 03FF1000#0840112200000001
(1788538903.301738) can0 03FF1000#0840112200000001
(1788538903.406731) can0 03FF1000#0840112200000001
(1788538903.511758) can0 03FF1000#0840112200000001
(1788538903.616769) can0 03FF1000#0840112200000001
(1788538903.721756) can0 03FF1000#0840112200000001
(1788538903.826737) can0 03FF1000#0840112200000001
(1788538903.931744) can0 03FF1000#0840112200000001
(1788538904.036772) can0 03FF1000#0840112200000001
(1788538904.141798) can0 03FF1000#0840112200000001
(1788538904.246780) can0 03FF1000#0840112200000001
(1788538904.351767) can0 03FF1000#0840112200000001
(1788538904.456766) can0 03FF1000#0840112200000001
(1788538904.561760) can0 03FF1000#0840112200000001
(1788538904.666823) can0 03FF1000#0840112200000001
(1788538904.771792) can0 03FF1000#0840112200000001
(1788538904.876771) can0 03FF1000#0840112200000001
(1788538904.981771) can0 03FF1000#0840112200000001
(1788538905.086788) can0 03FF1000#0840112200000001
(1788538905.191820) can0 03FF1000#0840112200000001
(1788538905.296807) can0 03FF1000#0840112200000001
(1788538905.401788) can0 03FF1000#0840112200000001
(1788538905.506782) can0 03FF1000#0840112200000001
(1788538905.611814) can0 03FF1000#0840112200000001
(1788538905.716820) can0 03FF1000#0840112200000001
(1788538905.821812) can0 03FF1000#0840112200000001
(1788538905.926805) can0 03FF1000#0840112200000001
(1788538906.031795) can0 03FF1000#0840112200000001
(1788538906.136805) can0 03FF1000#0840112200000001
(1788538906.241837) can0 03FF1000#0840112200000001
(1788538906.346824) can0 03FF1000#0840112200000001
(1788538906.451807) can0 03FF1000#0840112200000001
(1788538906.556817) can0 03FF1000#0840112200000001
(1788538906.661824) can0 03FF1000#0840112200000001
(1788538906.766849) can0 03FF1000#0840112200000001
(1788538906.871841) can0 03FF1000#0840112200000001
(1788538906.976834) can0 03FF1000#0840112200000001
(1788538907.081827) can0 03FF1000#0840112200000001
(1788538907.186829) can0 03FF1000#0840112200000001
(1788538907.291860) can0 03FF1000#0840112200000001
(1788538907.396859) can0 03FF1000#0840112200000001
(1788538907.501903) can0 03FF1000#0840112200000001
(1788538907.606851) can0 03FF1000#0840112200000001
(1788538907.711849) can0 03FF1000#0840112200000001
(1788538907.816870) can0 03FF1000#0840112200000001
(1788538907.921876) can0 03FF1000#0840112200000001
(1788538908.026924) can0 03FF1000#0840112200000001
(1788538908.131862) can0 03FF1000#0840112200000001
(1788538908.236851) can0 03FF1000#0840112200000001
(1788538908.341880) can0 03FF1000#0840112200000001
(1788538908.446887) can0 03FF1000#0840112200000001
(1788538908.551872) can0 03FF1000#0840112200000001
(1788538908.656873) can0 03FF1000#0840112200000001
(1788538908.761874) can0 03FF1000#0840112200000001
(1788538908.866891) can0 03FF1000#0840112200000001
(1788538908.971896) can0 03FF1000#0840112200000001
(1788538909.076890) can0 03FF1000#0840112200000001
(1788538909.181892) can0 03FF1000#0840112200000001
(1788538909.286878) can0 03FF1000#0840112200000001
(1788538909.391916) can0 03FF1000#0840112200000001
(1788538909.496916) can0 03FF1000#0840112200000001
(1788538909.601908) can0 03FF1000#0840112200000001
(1788538909.706897) can0 03FF1000#0840112200000001
(1788538909.811906) can0 03FF1000#0840112200000001
(1788538909.906028) can0 04FF3400#0000094A00000000
(1788538909.916919) can0 03FF1000#0840112200000001
(1788538910.021925) can0 03FF1000#0840112200000001
(1788538910.126909) can0 03FF1000#0840112200000001
(1788538910.231908) can0 03FF1000#0840112200000001
(1788538910.336970) can0 03FF1000#0840112200000001
(1788538910.441938) can0 03FF1000#0840112200000001
(1788538910.546938) can0 03FF1000#0840112200000001
(1788538910.651924) can0 03FF1000#0840112200000001
(1788538910.756926) can0 03FF1000#0840112200000001
(1788538910.861969) can0 03FF1000#0840112200000001
(1788538910.966955) can0 03FF1000#0840112200000001
(1788538911.071948) can0 03FF1000#0840112200000001
(1788538911.176944) can0 03FF1000#0840112200000001
(1788538911.281932) can0 03FF1000#0840112200000001
(1788538911.386992) can0 03FF1000#0840112200000001
(1788538911.491974) can0 03FF1000#0840112200000001
(1788538911.596973) can0 03FF1000#0840112200000001
(1788538911.701966) can0 03FF1000#0840112200000001
(1788538911.806953) can0 03FF1000#0840112200000001
(1788538911.911958) can0 03FF1000#0840112200000001
(1788538912.016972) can0 03FF1000#0840112200000001
(1788538912.121978) can0 03FF1000#0840112200000001
(1788538912.226959) can0 03FF1000#0840112200000001
(1788538912.331964) can0 03FF1000#0840112200000001
(1788538912.436970) can0 03FF1000#0840112200000001
(1788538912.541988) can0 03FF1000#0840112200000001
(1788538912.646994) can0 03FF1000#0840112200000001
(1788538912.751982) can0 03FF1000#0840112200000001
(1788538912.856975) can0 03FF1000#0840112200000001
(1788538912.961987) can0 03FF1000#0840112200000001
(1788538913.067005) can0 03FF1000#0840112200000001
(1788538913.172006) can0 03FF1000#0840112200000001
(1788538913.277000) can0 03FF1000#0840112200000001
(1788538913.381990) can0 03FF1000#0840112200000001
(1788538913.486999) can0 03FF1000#0840112200000001
(1788538913.592011) can0 03FF1000#0840112200000001
(1788538913.697069) can0 03FF1000#0840112200000001
(1788538913.802007) can0 03FF1000#0840112200000001
(1788538913.907015) can0 03FF1000#0840112200000001
(1788538914.012002) can0 03FF1000#0840112200000001
(1788538914.117020) can0 03FF1000#0840112200000001
(1788538914.222086) can0 03FF1000#0840112200000001
(1788538914.327027) can0 03FF1000#0840112200000001
(1788538914.432028) can0 03FF1000#0840112200000001
(1788538914.537027) can0 03FF1000#0840112200000001
(1788538914.642039) can0 03FF1000#0840112200000001
(1788538914.747072) can0 03FF1000#0840112200000001
(1788538914.852045) can0 03FF1000#0840112200000001
(1788538914.957032) can0 03FF1000#0840112200000001
(1788538915.062033) can0 03FF1000#0840112200000001
(1788538915.167056) can0 03FF1000#0840112200000001
(1788538915.272051) can0 03FF1000#0840112200000001
(1788538915.377069) can0 03FF1000#0840112200000001
(1788538915.482043) can0 03FF1000#0840112200000001
(1788538915.587056) can0 03FF1000#0840112200000001
(1788538915.692076) can0 03FF1000#0840112200000001
(1788538915.797074) can0 03FF1000#0840112200000001
(1788538915.902066) can0 03FF1000#0840112200000001
(1788538916.007073) can0 03FF1000#0840112200000001
(1788538916.112053) can0 03FF1000#0840112200000001
(1788538916.217087) can0 03FF1000#0840112200000001
(1788538916.322075) can0 03FF1000#0840112200000001
(1788538916.427093) can0 03FF1000#0840112200000001
(1788538916.532084) can0 03FF1000#0840112200000001
(1788538916.637077) can0 03FF1000#0840112200000001
(1788538916.742098) can0 03FF1000#0840112200000001
(1788538916.847108) can0 03FF1000#0840112200000001
(1788538916.952095) can0 03FF1000#0840112200000001
(1788538917.057139) can0 03FF1000#0840112200000001
(1788538917.162111) can0 03FF1000#0840112200000001
(1788538917.267129) can0 03FF1000#0840112200000001
(1788538917.372121) can0 03FF1000#0840112200000001
(1788538917.477128) can0 03FF1000#0840112200000001
(1788538917.582148) can0 03FF1000#0840112200000001
(1788538917.687138) can0 03FF1000#0840112200000001
(1788538917.792145) can0 03FF1000#0840112200000001
(1788538917.897150) can0 03FF1000#0840112200000001
(1788538918.002156) can0 03FF1000#0840112200000001
(1788538918.107163) can0 03FF1000#0840112200000001
(1788538918.212170) can0 03FF1000#0840112200000001
(1788538918.317175) can0 03FF1000#0840112200000001
(1788538918.422182) can0 03FF1000#0840112200000001
(1788538918.527187) can0 03FF1000#0840112200000001
(1788538918.632193) can0 03FF1000#0840112200000001
(1788538918.737139) can0 03FF1000#0840112200000001
(1788538918.842205) can0 03FF1000#0840112200000001
(1788538918.947149) can0 03FF1000#0840112200000001
(1788538919.052216) can0 03FF1000#0840112200000001
(1788538919.157154) can0 03FF1000#0840112200000001
(1788538919.262137) can0 03FF1000#0840112200000001
(1788538919.367142) can0 03FF1000#0840112200000001
(1788538919.472175) can0 03FF1000#0840112200000001
(1788538919.577167) can0 03FF1000#0840112200000001
(1788538919.682146) can0 03FF1000#0840112200000001
(1788538919.787167) can0 03FF1000#0840112200000001
(1788538919.892265) can0 03FF1000#0840112200000001
(1788538919.905968) can0 04FF3400#0000094B00000000
(1788538919.997170) can0 03FF1000#0840112200000001
(1788538920.102176) can0 03FF1000#0840112200000001
(1788538920.207166) can0 03FF1000#0840112200000001
(1788538920.312177) can0 03FF1000#0840112200000001
(1788538920.417228) can0 03FF1000#0840112200000001
(1788538920.522191) can0 03FF1000#0840112200000001
(1788538920.627203) can0 03FF1000#0840112200000001
(1788538920.732190) can0 03FF1000#0840112200000001
(1788538920.837182) can0 03FF1000#0840112200000001
(1788538920.942239) can0 03FF1000#0840112200000001
(1788538921.047206) can0 03FF1000#0840112200000001
(1788538921.152205) can0 03FF1000#0840112200000001
(1788538921.257196) can0 03FF1000#0840112200000001
(1788538921.362193) can0 03FF1000#0840112200000001
(1788538921.467201) can0 03FF1000#0840112200000001
(1788538921.572238) can0 03FF1000#0840112200000001
(1788538921.677230) can0 03FF1000#0840112200000001
(1788538921.782225) can0 03FF1000#0840112200000001
(1788538921.887205) can0 03FF1000#0840112200000001
(1788538921.992217) can0 03FF1000#0840112200000001
(1788538922.097238) can0 03FF1000#0840112200000001
(1788538922.202236) can0 03FF1000#0840112200000001
(1788538922.307222) can0 03FF1000#0840112200000001
(1788538922.412228) can0 03FF1000#0840112200000001
(1788538922.517230) can0 03FF1000#0840112200000001
(1788538922.622253) can0 03FF1000#0840112200000001
(1788538922.727255) can0 03FF1000#0840112200000001
(1788538922.832247) can0 03FF1000#0840112200000001
(1788538922.937239) can0 03FF1000#0840112200000001
(1788538923.042232) can0 03FF1000#0840112200000001
(1788538923.147261) can0 03FF1000#0840112200000001
(1788538923.252316) can0 03FF1000#0840112200000001
(1788538923.357253) can0 03FF1000#0840112200000001
(1788538923.462246) can0 03FF1000#0840112200000001
(1788538923.567257) can0 03FF1000#0840112200000001
(1788538923.672288) can0 03FF1000#0840112200000001
(1788538923.777325) can0 03FF1000#0840112200000001
(1788538923.882263) can0 03FF1000#0840112200000001
(1788538923.987261) can0 03FF1000#0840112200000001
(1788538924.092274) can0 03FF1000#0840112200000001
(1788538924.197300) can0 03FF1000#0840112200000001
(1788538924.302299) can0 03FF1000#0840112200000001
(1788538924.407286) can0 03FF1000#0840112200000001
(1788538924.512274) can0 03FF1000#0840112200000001
(1788538924.617271) can0 03FF1000#0840112200000001
(1788538924.722293) can0 03FF1000#0840112200000001
(1788538924.827311) can0 03FF1000#0840112200000001
(1788538924.932297) can0 03FF1000#0840112200000001
(1788538925.037276) can0 03FF1000#0840112200000001
(1788538925.142296) can0 03FF1000#0840112200000001
(1788538925.247323) can0 03FF1000#0840112200000001
(1788538925.352335) can0 03FF1000#0840112200000001
(1788538925.457323) can0 03FF1000#0840112200000001
(1788538925.562308) can0 03FF1000#0840112200000001
(1788538925.667308) can0 03FF1000#0840112200000001
(1788538925.772329) can0 03FF1000#0840112200000001
(1788538925.877329) can0 03FF1000#0840112200000001
(1788538925.982327) can0 03FF1000#0840112200000001
(1788538926.087382) can0 03FF1000#0840112200000001
(1788538926.192327) can0 03FF1000#0840112200000001
(1788538926.297342) can0 03FF1000#0840112200000001
(1788538926.402345) can0 03FF1000#0840112200000001
(1788538926.507344) can0 03FF1000#0840112200000001
(1788538926.612388) can0 03FF1000#0840112200000001
(1788538926.717339) can0 03FF1000#0840112200000001
(1788538926.822362) can0 03FF1000#0840112200000001
(1788538926.927368) can0 03FF1000#0840112200000001
(1788538927.032348) can0 03FF1000#0840112200000001
(1788538927.137386) can0 03FF1000#0840112200000001
(1788538927.242357) can0 03FF1000#0840112200000001
(1788538927.347374) can0 03FF1000#0840112200000001
(1788538927.452387) can0 03FF1000#0840112200000001
(1788538927.557376) can0 03FF1000#0840112200000001
(1788538927.662367) can0 03FF1000#0840112200000001
(1788538927.767367) can0 03FF1000#0840112200000001
(1788538927.872373) can0 03FF1000#0840112200000001
(1788538927.977385) can0 03FF1000#0840112200000001
(1788538928.082377) can0 03FF1000#0840112200000001
(1788538928.187378) can0 03FF1000#0840112200000001
(1788538928.292378) can0 03FF1000#0840112200000001
(1788538928.397376) can0 03FF1000#0840112200000001
(1788538928.502404) can0 03FF1000#0840112200000001
(1788538928.607403) can0 03FF1000#0840112200000001
(1788538928.712396) can0 03FF1000#0840112200000001
(1788538928.817403) can0 03FF1000#0840112200000001
(1788538928.922420) can0 03FF1000#0840112200000001
(1788538929.027414) can0 03FF1000#0840112200000001
(1788538929.132424) can0 03FF1000#0840112200000001
(1788538929.237402) can0 03FF1000#0840112200000001
(1788538929.342413) can0 03FF1000#0840112200000001
(1788538929.447458) can0 03FF1000#0840112200000001
(1788538929.552432) can0 03FF1000#0840112200000001
(1788538929.657426) can0 03FF1000#0840112200000001
(1788538929.762420) can0 03FF1000#0840112200000001
(1788538929.867418) can0 03FF1000#0840112200000001
(1788538929.905947) can0 04FF3400#0000094C00000000
(1788538929.972471) can0 03FF1000#0840112200000001
(1788538930.077455) can0 03FF1000#0840112200000001
(1788538930.182447) can0 03FF1000#0840112200000001
(1788538930.287430) can0 03FF1000#0840112200000001
(1788538930.392442) can0 03FF1000#0840112200000001
(1788538930.497494) can0 03FF1000#0840112200000001
(1788538930.602468) can0 03FF1000#0840112200000001
(1788538930.707454) can0 03FF1000#0840112200000001
(1788538930.812447) can0 03FF1000#0840112200000001
(1788538930.917434) can0 03FF1000#0840112200000001
(1788538931.022471) can0 03FF1000#0840112200000001
(1788538931.127477) can0 03FF1000#0840112200000001
(1788538931.232460) can0 03FF1000#0840112200000001
(1788538931.337458) can0 03FF1000#0840112200000001
(1788538931.442453) can0 03FF1000#0840112200000001
(1788538931.547491) can0 03FF1000#0840112200000001
(1788538931.652489) can0 03FF1000#0840112200000001
(1788538931.757478) can0 03FF1000#0840112200000001
(1788538931.862470) can0 03FF1000#0840112200000001
(1788538931.967476) can0 03FF1000#0840112200000001
(1788538932.072467) can0 03FF1000#0840112200000001
(1788538932.177493) can0 03FF1000#0840112200000001
(1788538932.282496) can0 03FF1000#0840112200000001
(1788538932.387494) can0 03FF1000#0840112200000001
(1788538932.492480) can0 03FF1000#0840112200000001
(1788538932.597481) can0 03FF1000#0840112200000001
(1788538932.702506) can0 03FF1000#0840112200000001
(1788538932.807569) can0 03FF1000#0840112200000001
(1788538932.912498) can0 03FF1000#0840112200000001
(1788538933.017504) can0 03FF1000#0840112200000001
(1788538933.122504) can0 03FF1000#0840112200000001
(1788538933.227536) can0 03FF1000#0840112200000001
(1788538933.332586) can0 03FF1000#0840112200000001
(1788538933.437510) can0 03FF1000#0840112200000001
(1788538933.542509) can0 03FF1000#0840112200000001
(1788538933.647522) can0 03FF1000#0840112200000001
(1788538933.752545) can0 03FF1000#0840112200000001
(1788538933.857554) can0 03FF1000#0840112200000001
(1788538933.962529) can0 03FF1000#0840112200000001
(1788538934.067533) can0 03FF1000#0840112200000001
(1788538934.172526) can0 03FF1000#0840112200000001
(1788538934.277561) can0 03FF1000#0840112200000001
(1788538934.382567) can0 03FF1000#0840112200000001
(1788538934.487553) can0 03FF1000#0840112200000001
(1788538934.592538) can0 03FF1000#0840112200000001
(1788538934.697533) can0 03FF1000#0840112200000001
(1788538934.802571) can0 03FF1000#0840112200000001
(1788538934.907578) can0 03FF1000#0840112200000001
(1788538935.012557) can0 03FF1000#0840112200000001
(1788538935.117566) can0 03FF1000#0840112200000001
(1788538935.222564) can0 03FF1000#0840112200000001
(1788538935.327583) can0 03FF1000#0840112200000001
(1788538935.432583) can0 03FF1000#0840112200000001
(1788538935.537574) can0 03FF1000#0840112200000001
(1788538935.642619) can0 03FF1000#0840112200000001
(1788538935.747576) can0 03FF1000#0840112200000001
(1788538935.852589) can0 03FF1000#0840112200000001
(1788538935.957593) can0 03FF1000#0840112200000001
(1788538936.062579) can0 03FF1000#0840112200000001
(1788538936.167637) can0 03FF1000#0840112200000001
(1788538936.272591) can0 03FF1000#0840112200000001
(1788538936.377624) can0 03FF1000#0840112200000001
(1788538936.482619) can0 03FF1000#0840112200000001
(1788538936.587605) can0 03FF1000#0840112200000001
(1788538936.692654) can0 03FF1000#0840112200000001
(1788538936.797611) can0 03FF1000#0840112200000001
(1788538936.902623) can0 03FF1000#0840112200000001
(1788538937.007621) can0 03FF1000#0840112200000001
(1788538937.112601) can0 03FF1000#0840112200000001
(1788538937.217617) can0 03FF1000#0840112200000001
(1788538937.322622) can0 03FF1000#0840112200000001
(1788538937.427635) can0 03FF1000#0840112200000001
(1788538937.532640) can0 03FF1000#0840112200000001
(1788538937.637633) can0 03FF1000#0840112200000001
(1788538937.742628) can0 03FF1000#0840112200000001
(1788538937.847639) can0 03FF1000#0840112200000001
(1788538937.952646) can0 03FF1000#0840112200000001
(1788538938.057657) can0 03FF1000#0840112200000001
(1788538938.162632) can0 03FF1000#0840112200000001
(1788538938.267638) can0 03FF1000#0840112200000001
(1788538938.372657) can0 03FF1000#0840112200000001
(1788538938.477663) can0 03FF1000#0840112200000001
(1788538938.582663) can0 03FF1000#0840112200000001
(1788538938.687663) can0 03FF1000#0840112200000001
(1788538938.792657) can0 03FF1000#0840112200000001
(1788538938.897662) can0 03FF1000#0840112200000001
(1788538939.002720) can0 03FF1000#0840112200000001
(1788538939.107679) can0 03FF1000#0840112200000001
(1788538939.212668) can0 03FF1000#0840112200000001
(1788538939.317660) can0 03FF1000#0840112200000001
(1788538939.422674) can0 03FF1000#0840112200000001
(1788538939.527734) can0 03FF1000#0840112200000001
(1788538939.632699) can0 03FF1000#0840112200000001
(1788538939.737699) can0 03FF1000#0840112200000001
(1788538939.842679) can0 03FF1000#0840112200000001
(1788538939.855891) can0 04FF3603#0300000000000000
(1788538939.905885) can0 04FF3400#0000094D00000000
(1788538939.947684) can0 03FF1000#0840112200000001
(1788538940.052734) can0 03FF1000#0840112200000001
(1788538940.157709) can0 03FF1000#0840112200000001
(1788538940.262711) can0 03FF1000#0840112200000001
(1788538940.367703) can0 03FF1000#0840112200000001
(1788538940.472704) can0 03FF1000#0840112200000001
(1788538940.577727) can0 03FF1000#0840112200000001
(1788538940.682728) can0 03FF1000#0840112200000001
(1788538940.787728) can0 03FF1000#0840112200000001
(1788538940.892709) can0 03FF1000#0840112200000001
(1788538940.997698) can0 03FF1000#0840112200000001
(1788538941.102737) can0 03FF1000#0840112200000001
(1788538941.207735) can0 03FF1000#0840112200000001
(1788538941.312727) can0 03FF1000#0840112200000001
(1788538941.417726) can0 03FF1000#0840112200000001
(1788538941.522720) can0 03FF1000#0840112200000001
(1788538941.627738) can0 03FF1000#0840112200000001
(1788538941.732752) can0 03FF1000#0840112200000001
(1788538941.837748) can0 03FF1000#0840112200000001
(1788538941.942744) can0 03FF1000#0840112200000001
(1788538942.047737) can0 03FF1000#0840112200000001
(1788538942.152761) can0 03FF1000#0840112200000001
(1788538942.257765) can0 03FF1000#0840112200000001
(1788538942.362807) can0 03FF1000#0840112200000001
(1788538942.467744) can0 03FF1000#0840112200000001
(1788538942.572749) can0 03FF1000#0840112200000001
(1788538942.677755) can0 03FF1000#0840112200000001
(1788538942.782775) can0 03FF1000#0840112200000001
(1788538942.887830) can0 03FF1000#0840112200000001
(1788538942.992773) can0 03FF1000#0840112200000001
(1788538943.097773) can0 03FF1000#0840112200000001
(1788538943.202797) can0 03FF1000#0840112200000001
(1788538943.307792) can0 03FF1000#0840112200000001
(1788538943.412791) can0 03FF1000#0840112200000001
(1788538943.517769) can0 03FF1000#0840112200000001
(1788538943.622778) can0 03FF1000#0840112200000001
(1788538943.727778) can0 03FF1000#0840112200000001
(1788538943.832797) can0 03FF1000#0840112200000001
(1788538943.937789) can0 03FF1000#0840112200000001
(1788538944.042796) can0 03FF1000#0840112200000001
(1788538944.147795) can0 03FF1000#0840112200000001
(1788538944.252791) can0 03FF1000#0840112200000001
(1788538944.357809) can0 03FF1000#0840112200000001
(1788538944.462828) can0 03FF1000#0840112200000001
(1788538944.567796) can0 03FF1000#0840112200000001
(1788538944.672813) can0 03FF1000#0840112200000001
(1788538944.777812) can0 03FF1000#0840112200000001
(1788538944.882845) can0 03FF1000#0840112200000001
(1788538944.987832) can0 03FF1000#0840112200000001
(1788538945.092819) can0 03FF1000#0840112200000001
(1788538945.197875) can0 03FF1000#0840112200000001
(1788538945.302858) can0 03FF1000#0840112200000001
(1788538945.407851) can0 03FF1000#0840112200000001
(1788538945.512843) can0 03FF1000#0840112200000001
(1788538945.617822) can0 03FF1000#0840112200000001
(1788538945.722884) can0 03FF1000#0840112200000001
(1788538945.827869) can0 03FF1000#0840112200000001
(1788538945.932875) can0 03FF1000#0840112200000001
(1788538946.037861) can0 03FF1000#0840112200000001
(1788538946.142848) can0 03FF1000#0840112200000001
(1788538946.247914) can0 03FF1000#0840112200000001
(1788538946.352880) can0 03FF1000#0840112200000001
(1788538946.457868) can0 03FF1000#0840112200000001
(1788538946.562880) can0 03FF1000#0840112200000001
(1788538946.667873) can0 03FF1000#0840112200000001
(1788538946.772867) can0 03FF1000#0840112200000001
(1788538946.877872) can0 03FF1000#0840112200000001
(1788538946.982884) can0 03FF1000#0840112200000001
(1788538947.087883) can0 03FF1000#0840112200000001
(1788538947.192883) can0 03FF1000#0840112200000001
(1788538947.297883) can0 03FF1000#0840112200000001
(1788538947.402878) can0 03FF1000#0840112200000001
(1788538947.507909) can0 03FF1000#0840112200000001
(1788538947.612896) can0 03FF1000#0840112200000001
(1788538947.717896) can0 03FF1000#0840112200000001
(1788538947.822896) can0 03FF1000#0840112200000001
(1788538947.927895) can0 03FF1000#0840112200000001
(1788538948.032932) can0 03FF1000#0840112200000001
(1788538948.137922) can0 03FF1000#0840112200000001
(1788538948.242915) can0 03FF1000#0840112200000001
(1788538948.347920) can0 03FF1000#0840112200000001
(1788538948.452927) can0 03FF1000#0840112200000001
(1788538948.557956) can0 03FF1000#0840112200000001
(1788538948.662939) can0 03FF1000#0840112200000001
(1788538948.767946) can0 03FF1000#0840112200000001
(1788538948.872951) can0 03FF1000#0840112200000001
(1788538948.977956) can0 03FF1000#0840112200000001
(1788538949.082969) can0 03FF1000#0840112200000001
(1788538949.187968) can0 03FF1000#0840112200000001
(1788538949.292976) can0 03FF1000#0840112200000001
(1788538949.397981) can0 03FF1000#0840112200000001
(1788538949.502988) can0 03FF1000#0840112200000001
(1788538949.607993) can0 03FF1000#0840112200000001
(1788538949.713000) can0 03FF1000#0840112200000001
(1788538949.818006) can0 03FF1000#0840112200000001
(1788538949.905866) can0 04FF3400#0000094E00000000
(1788538949.922949) can0 03FF1000#0840112200000001
(1788538950.027950) can0 03FF1000#0840112200000001
(1788538950.133023) can0 03FF1000#0840112200000001
(1788538950.238032) can0 03FF1000#0840112200000001
(1788538950.343036) can0 03FF1000#0840112200000001
(1788538950.447962) can0 03FF1000#0840112200000001
(1788538950.552957) can0 03FF1000#0840112200000001
(1788538950.657980) can0 03FF1000#0840112200000001
(1788538950.762988) can0 03FF1000#0840112200000001
(1788538950.867980) can0 03FF1000#0840112200000001
(1788538950.972977) can0 03FF1000#0840112200000001
(1788538951.077978) can0 03FF1000#0840112200000001
(1788538951.183002) can0 03FF1000#0840112200000001
(1788538951.288005) can0 03FF1000#0840112200000001
(1788538951.392997) can0 03FF1000#0840112200000001
(1788538951.497985) can0 03FF1000#0840112200000001
(1788538951.602997) can0 03FF1000#0840112200000001
(1788538951.708016) can0 03FF1000#0840112200000001
(1788538951.813016) can0 03FF1000#0840112200000001
(1788538951.918055) can0 03FF1000#0840112200000001
(1788538952.022996) can0 03FF1000#0840112200000001
(1788538952.128008) can0 03FF1000#0840112200000001
(1788538952.233022) can0 03FF1000#0840112200000001
(1788538952.338022) can0 03FF1000#0840112200000001
(1788538952.443066) can0 03FF1000#0840112200000001
(1788538952.548021) can0 03FF1000#0840112200000001
(1788538952.653020) can0 03FF1000#0840112200000001
(1788538952.758041) can0 03FF1000#0840112200000001
(1788538952.863039) can0 03FF1000#0840112200000001
(1788538952.968045) can0 03FF1000#0840112200000001
(1788538953.073034) can0 03FF1000#0840112200000001
(1788538953.178042) can0 03FF1000#0840112200000001
(1788538953.283072) can0 03FF1000#0840112200000001
(1788538953.388064) can0 03FF1000#0840112200000001
(1788538953.493055) can0 03FF1000#0840112200000001
(1788538953.598051) can0 03FF1000#0840112200000001
(1788538953.703043) can0 03FF1000#0840112200000001
(1788538953.808070) can0 03FF1000#0840112200000001
(1788538953.913075) can0 03FF1000#0840112200000001
(1788538954.018069) can0 03FF1000#0840112200000001
(1788538954.123055) can0 03FF1000#0840112200000001
(1788538954.228069) can0 03FF1000#0840112200000001
(1788538954.333086) can0 03FF1000#0840112200000001
(1788538954.438087) can0 03FF1000#0840112200000001
(1788538954.543081) can0 03FF1000#0840112200000001
(1788538954.648067) can0 03FF1000#0840112200000001
(1788538954.753131) can0 03FF1000#0840112200000001
(1788538954.858093) can0 03FF1000#0840112200000001
(1788538954.963111) can0 03FF1000#0840112200000001
(1788538955.068091) can0 03FF1000#0840112200000001
(1788538955.173091) can0 03FF1000#0840112200000001
(1788538955.278144) can0 03FF1000#0840112200000001
(1788538955.383110) can0 03FF1000#0840112200000001
(1788538955.488124) can0 03FF1000#0840112200000001
(1788538955.593122) can0 03FF1000#0840112200000001
(1788538955.698108) can0 03FF1000#0840112200000001
(1788538955.803161) can0 03FF1000#0840112200000001
(1788538955.908130) can0 03FF1000#0840112200000001
(1788538956.013126) can0 03FF1000#0840112200000001
(1788538956.118127) can0 03FF1000#0840112200000001
(1788538956.223110) can0 03FF1000#0840112200000001
(1788538956.328123) can0 03FF1000#0840112200000001
(1788538956.433115) can0 03FF1000#0840112200000001
(1788538956.538141) can0 03FF1000#0840112200000001
(1788538956.643146) can0 03FF1000#0840112200000001
(1788538956.748127) can0 03FF1000#0840112200000001
(1788538956.853135) can0 03FF1000#0840112200000001
(1788538956.958158) can0 03FF1000#0840112200000001
(1788538957.063157) can0 03FF1000#0840112200000001
(1788538957.168144) can0 03FF1000#0840112200000001
(1788538957.273143) can0 03FF1000#0840112200000001
(1788538957.378144) can0 03FF1000#0840112200000001
(1788538957.483183) can0 03FF1000#0840112200000001
(1788538957.588171) can0 03FF1000#0840112200000001
(1788538957.693169) can0 03FF1000#0840112200000001
(1788538957.798171) can0 03FF1000#0840112200000001
(1788538957.903155) can0 03FF1000#0840112200000001
(1788538958.008162) can0 03FF1000#0840112200000001
(1788538958.113223) can0 03FF1000#0840112200000001
(1788538958.218173) can0 03FF1000#0840112200000001
(1788538958.323174) can0 03FF1000#0840112200000001
(1788538958.428176) can0 03FF1000#0840112200000001
(1788538958.533205) can0 03FF1000#0840112200000001
(1788538958.638249) can0 03FF1000#0840112200000001
(1788538958.743194) can0 03FF1000#0840112200000001
(1788538958.848186) can0 03FF1000#0840112200000001
(1788538958.953204) can0 03FF1000#0840112200000001
(1788538959.058209) can0 03FF1000#0840112200000001
(1788538959.163245) can0 03FF1000#0840112200000001
(1788538959.268213) can0 03FF1000#0840112200000001
(1788538959.373207) can0 03FF1000#0840112200000001
(1788538959.478211) can0 03FF1000#0840112200000001
(1788538959.583236) can0 03FF1000#0840112200000001
(1788538959.688228) can0 03FF1000#0840112200000001
(1788538959.793228) can0 03FF1000#0840112200000001
(1788538959.898229) can0 03FF1000#0840112200000001
(1788538959.905800) can0 04FF3400#0000094F00000000
(1788538960.003215) can0 03FF1000#0840112200000001
(1788538960.108221) can0 03FF1000#0840112200000001
(1788538960.213245) can0 03FF1000#0840112200000001
(1788538960.318241) can0 03FF1000#0840112200000001
(1788538960.423223) can0 03FF1000#0840112200000001
(1788538960.528228) can0 03FF1000#0840112200000001
(1788538960.633265) can0 03FF1000#0840112200000001
(1788538960.738254) can0 03FF1000#0840112200000001
(1788538960.843252) can0 03FF1000#0840112200000001
(1788538960.948248) can0 03FF1000#0840112200000001
(1788538961.053238) can0 03FF1000#0840112200000001
(1788538961.158282) can0 03FF1000#0840112200000001
(1788538961.263278) can0 03FF1000#0840112200000001
(1788538961.368276) can0 03FF1000#0840112200000001
(1788538961.473309) can0 03FF1000#0840112200000001
(1788538961.578269) can0 03FF1000#0840112200000001
(1788538961.683262) can0 03FF1000#0840112200000001
(1788538961.788288) can0 03FF1000#0840112200000001
(1788538961.893288) can0 03FF1000#0840112200000001
(1788538961.998333) can0 03FF1000#0840112200000001
(1788538962.103281) can0 03FF1000#0840112200000001
(1788538962.208269) can0 03FF1000#0840112200000001
(1788538962.313301) can0 03FF1000#0840112200000001
(1788538962.418300) can0 03FF1000#0840112200000001
(1788538962.523306) can0 03FF1000#0840112200000001
(1788538962.628280) can0 03FF1000#0840112200000001
(1788538962.733293) can0 03FF1000#0840112200000001
(1788538962.838306) can0 03FF1000#0840112200000001
(1788538962.943312) can0 03FF1000#0840112200000001
(1788538963.048309) can0 03FF1000#0840112200000001
(1788538963.153309) can0 03FF1000#0840112200000001
(1788538963.258306) can0 03FF1000#0840112200000001
(1788538963.363336) can0 03FF1000#0840112200000001
(1788538963.468334) can0 03FF1000#0840112200000001
(1788538963.573322) can0 03FF1000#0840112200000001
(1788538963.678309) can0 03FF1000#0840112200000001
(1788538963.783324) can0 03FF1000#0840112200000001
(1788538963.888334) can0 03FF1000#0840112200000001
(1788538963.993346) can0 03FF1000#0840112200000001
(1788538964.098328) can0 03FF1000#0840112200000001
(1788538964.203339) can0 03FF1000#0840112200000001
(1788538964.308386) can0 03FF1000#0840112200000001
(1788538964.413354) can0 03FF1000#0840112200000001
(1788538964.518360) can0 03FF1000#0840112200000001
(1788538964.623350) can0 03FF1000#0840112200000001
(1788538964.728339) can0 03FF1000#0840112200000001
(1788538964.833398) can0 03FF1000#0840112200000001
(1788538964.938365) can0 03FF1000#0840112200000001
(1788538965.043378) can0 03FF1000#0840112200000001
(1788538965.148363) can0 03FF1000#0840112200000001
(1788538965.253366) can0 03FF1000#0840112200000001
(1788538965.358403) can0 03FF1000#0840112200000001
(1788538965.463390) can0 03FF1000#0840112200000001
(1788538965.568389) can0 03FF1000#0840112200000001
(1788538965.673369) can0 03FF1000#0840112200000001
(1788538965.778371) can0 03FF1000#0840112200000001
(1788538965.883371) can0 03FF1000#0840112200000001
(1788538965.988401) can0 03FF1000#0840112200000001
(1788538966.093400) can0 03FF1000#0840112200000001
(1788538966.198399) can0 03FF1000#0840112200000001
(1788538966.303395) can0 03FF1000#0840112200000001
(1788538966.408401) can0 03FF1000#0840112200000001
(1788538966.513419) can0 03FF1000#0840112200000001
(1788538966.618419) can0 03FF1000#0840112200000001
(1788538966.723393) can0 03FF1000#0840112200000001
(1788538966.828400) can0 03FF1000#0840112200000001
(1788538966.933405) can0 03FF1000#0840112200000001
(1788538967.038425) can0 03FF1000#0840112200000001
(1788538967.143427) can0 03FF1000#0840112200000001
(1788538967.248412) can0 03FF1000#0840112200000001
(1788538967.353417) can0 03FF1000#0840112200000001
(1788538967.458412) can0 03FF1000#0840112200000001
(1788538967.563436) can0 03FF1000#0840112200000001
(1788538967.668493) can0 03FF1000#0840112200000001
(1788538967.773436) can0 03FF1000#0840112200000001
(1788538967.878436) can0 03FF1000#0840112200000001
(1788538967.983437) can0 03FF1000#0840112200000001
(1788538968.088466) can0 03FF1000#0840112200000001
(1788538968.193511) can0 03FF1000#0840112200000001
(1788538968.298442) can0 03FF1000#0840112200000001
(1788538968.403441) can0 03FF1000#0840112200000001
(1788538968.508454) can0 03FF1000#0840112200000001
(1788538968.613467) can0 03FF1000#0840112200000001
(1788538968.718497) can0 03FF1000#0840112200000001
(1788538968.823460) can0 03FF1000#0840112200000001
(1788538968.928465) can0 03FF1000#0840112200000001
(1788538969.033459) can0 03FF1000#0840112200000001
(1788538969.138483) can0 03FF1000#0840112200000001
(1788538969.243475) can0 03FF1000#0840112200000001
(1788538969.348484) can0 03FF1000#0840112200000001
(1788538969.453484) can0 03FF1000#0840112200000001
(1788538969.558477) can0 03FF1000#0840112200000001
(1788538969.663507) can0 03FF1000#0840112200000001
(1788538969.768503) can0 03FF1000#0840112200000001
(1788538969.873508) can0 03FF1000#0840112200000001
(1788538969.905790) can0 04FF3400#0000095000000000
(1788538969.978488) can0 03FF1000#0840112200000001
(1788538970.083487) can0 03FF1000#0840112200000001
(1788538970.188512) can0 03FF1000#0840112200000001
(1788538970.293520) can0 03FF1000#0840112200000001
(1788538970.398504) can0 03FF1000#0840112200000001
(1788538970.503494) can0 03FF1000#0840112200000001
(1788538970.608500) can0 03FF1000#0840112200000001
(1788538970.713525) can0 03FF1000#0840112200000001
(1788538970.818529) can0 03FF1000#0840112200000001
(1788538970.923531) can0 03FF1000#0840112200000001
(1788538971.028569) can0 03FF1000#0840112200000001
(1788538971.133523) can0 03FF1000#0840112200000001
(1788538971.238520) can0 03FF1000#0840112200000001
(1788538971.343532) can0 03FF1000#0840112200000001
(1788538971.448545) can0 03FF1000#0840112200000001
(1788538971.553582) can0 03FF1000#0840112200000001
(1788538971.658525) can0 03FF1000#0840112200000001
(1788538971.763537) can0 03FF1000#0840112200000001
(1788538971.868550) can0 03FF1000#0840112200000001
(1788538971.973555) can0 03FF1000#0840112200000001
(1788538972.078543) can0 03FF1000#0840112200000001
(1788538972.183534) can0 03FF1000#0840112200000001
(1788538972.288543) can0 03FF1000#0840112200000001
(1788538972.393580) can0 03FF1000#0840112200000001
(1788538972.498581) can0 03FF1000#0840112200000001
(1788538972.603553) can0 03FF1000#0840112200000001
(1788538972.708573) can0 03FF1000#0840112200000001
(1788538972.813555) can0 03FF1000#0840112200000001
(1788538972.918584) can0 03FF1000#0840112200000001
(1788538973.023585) can0 03FF1000#0840112200000001
(1788538973.128564) can0 03FF1000#0840112200000001
(1788538973.233564) can0 03FF1000#0840112200000001
(1788538973.338595) can0 03FF1000#0840112200000001
(1788538973.443599) can0 03FF1000#0840112200000001
(1788538973.548597) can0 03FF1000#0840112200000001
(1788538973.653583) can0 03FF1000#0840112200000001
(1788538973.758585) can0 03FF1000#0840112200000001
(1788538973.863647) can0 03FF1000#0840112200000001
(1788538973.968609) can0 03FF1000#0840112200000001
(1788538974.073608) can0 03FF1000#0840112200000001
(1788538974.178595) can0 03FF1000#0840112200000001
(1788538974.283611) can0 03FF1000#0840112200000001
(1788538974.388652) can0 03FF1000#0840112200000001
(1788538974.493634) can0 03FF1000#0840112200000001
(1788538974.598622) can0 03FF1000#0840112200000001
(1788538974.703613) can0 03FF1000#0840112200000001
(1788538974.808628) can0 03FF1000#0840112200000001
(1788538974.913678) can0 03FF1000#0840112200000001
(1788538975.018639) can0 03FF1000#0840112200000001
(1788538975.123651) can0 03FF1000#0840112200000001
(1788538975.228631) can0 03FF1000#0840112200000001
(1788538975.333620) can0 03FF1000#0840112200000001
(1788538975.438634) can0 03FF1000#0840112200000001
(1788538975.543664) can0 03FF1000#0840112200000001
(1788538975.648663) can0 03FF1000#0840112200000001
(1788538975.753645) can0 03FF1000#0840112200000001
(1788538975.858642) can0 03FF1000#0840112200000001
(1788538975.963643) can0 03FF1000#0840112200000001
(1788538976.068680) can0 03FF1000#0840112200000001
(1788538976.173680) can0 03FF1000#0840112200000001
(1788538976.278662) can0 03FF1000#0840112200000001
(1788538976.383656) can0 03FF1000#0840112200000001
(1788538976.488663) can0 03FF1000#0840112200000001
(1788538976.593694) can0 03FF1000#0840112200000001
(1788538976.698683) can0 03FF1000#0840112200000001
(1788538976.803668) can0 03FF1000#0840112200000001
(1788538976.908680) can0 03FF1000#0840112200000001
(1788538977.013680) can0 03FF1000#0840112200000001
(1788538977.118694) can0 03FF1000#0840112200000001
(1788538977.223754) can0 03FF1000#0840112200000001
(1788538977.328699) can0 03FF1000#0840112200000001
(1788538977.433687) can0 03FF1000#0840112200000001
(1788538977.538686) can0 03FF1000#0840112200000001
(1788538977.643710) can0 03FF1000#0840112200000001
(1788538977.748762) can0 03FF1000#0840112200000001
(1788538977.853704) can0 03FF1000#0840112200000001
(1788538977.958705) can0 03FF1000#0840112200000001
(1788538978.063714) can0 03FF1000#0840112200000001
(1788538978.168727) can0 03FF1000#0840112200000001
(1788538978.273749) can0 03FF1000#0840112200000001
(1788538978.378723) can0 03FF1000#0840112200000001
(1788538978.483722) can0 03FF1000#0840112200000001
(1788538978.588721) can0 03FF1000#0840112200000001
(1788538978.693733) can0 03FF1000#0840112200000001
(1788538978.798741) can0 03FF1000#0840112200000001
(1788538978.903747) can0 03FF1000#0840112200000001
(1788538979.008720) can0 03FF1000#0840112200000001
(1788538979.113738) can0 03FF1000#0840112200000001
(1788538979.218755) can0 03FF1000#0840112200000001
(1788538979.323765) can0 03FF1000#0840112200000001
(1788538979.428753) can0 03FF1000#0840112200000001
(1788538979.533752) can0 03FF1000#0840112200000001
(1788538979.638758) can0 03FF1000#0840112200000001
(1788538979.743763) can0 03FF1000#0840112200000001
(1788538979.848771) can0 03FF1000#0840112200000001
(1788538979.905773) can0 04FF3400#0000095100000000
(1788538979.953776) can0 03FF1000#0840112200000001
(1788538980.058826) can0 03FF1000#0840112200000001
(1788538980.163787) can0 03FF1000#0840112200000001
(1788538980.268795) can0 03FF1000#0840112200000001
(1788538980.373801) can0 03FF1000#0840112200000001
(1788538980.478809) can0 03FF1000#0840112200000001
(1788538980.583833) can0 03FF1000#0840112200000001
(1788538980.688819) can0 03FF1000#0840112200000001
(1788538980.793827) can0 03FF1000#0840112200000001
(1788538980.898832) can0 03FF1000#0840112200000001
(1788538981.003838) can0 03FF1000#0840112200000001
(1788538981.108844) can0 03FF1000#0840112200000001
(1788538981.213790) can0 03FF1000#0840112200000001
(1788538981.318859) can0 03FF1000#0840112200000001
(1788538981.423864) can0 03FF1000#0840112200000001
(1788538981.528809) can0 03FF1000#0840112200000001
(1788538981.633813) can0 03FF1000#0840112200000001
(1788538981.738799) can0 03FF1000#0840112200000001
(1788538981.843827) can0 03FF1000#0840112200000001
(1788538981.948833) can0 03FF1000#0840112200000001
(1788538982.053815) can0 03FF1000#0840112200000001
(1788538982.158805) can0 03FF1000#0840112200000001
(1788538982.263813) can0 03FF1000#0840112200000001
(1788538982.368837) can0 03FF1000#0840112200000001
(1788538982.473838) can0 03FF1000#0840112200000001
(1788538982.578850) can0 03FF1000#0840112200000001
(1788538982.683836) can0 03FF1000#0840112200000001
(1788538982.788826) can0 03FF1000#0840112200000001
(1788538982.893857) can0 03FF1000#0840112200000001
(1788538982.998856) can0 03FF1000#0840112200000001
(1788538983.103848) can0 03FF1000#0840112200000001
(1788538983.208842) can0 03FF1000#0840112200000001
(1788538983.313842) can0 03FF1000#0840112200000001
(1788538983.418900) can0 03FF1000#0840112200000001
(1788538983.523868) can0 03FF1000#0840112200000001
(1788538983.628873) can0 03FF1000#0840112200000001
(1788538983.733859) can0 03FF1000#0840112200000001
(1788538983.838870) can0 03FF1000#0840112200000001
(1788538983.943912) can0 03FF1000#0840112200000001
(1788538984.048892) can0 03FF1000#0840112200000001
(1788538984.153870) can0 03FF1000#0840112200000001
(1788538984.258874) can0 03FF1000#0840112200000001
(1788538984.363880) can0 03FF1000#0840112200000001
(1788538984.468938) can0 03FF1000#0840112200000001
(1788538984.573907) can0 03FF1000#0840112200000001
(1788538984.678897) can0 03FF1000#0840112200000001
(1788538984.783886) can0 03FF1000#0840112200000001
(1788538984.888884) can0 03FF1000#0840112200000001
(1788538984.993890) can0 03FF1000#0840112200000001
(1788538985.098915) can0 03FF1000#0840112200000001
(1788538985.203916) can0 03FF1000#0840112200000001
(1788538985.308898) can0 03FF1000#0840112200000001
(1788538985.413908) can0 03FF1000#0840112200000001
(1788538985.518928) can0 03FF1000#0840112200000001
(1788538985.623934) can0 03FF1000#0840112200000001
(1788538985.728933) can0 03FF1000#0840112200000001
(1788538985.833904) can0 03FF1000#0840112200000001
(1788538985.938921) can0 03FF1000#0840112200000001
(1788538986.043920) can0 03FF1000#0840112200000001
(1788538986.148951) can0 03FF1000#0840112200000001
(1788538986.253944) can0 03FF1000#0840112200000001
(1788538986.358939) can0 03FF1000#0840112200000001
(1788538986.463934) can0 03FF1000#0840112200000001
(1788538986.568933) can0 03FF1000#0840112200000001
(1788538986.673957) can0 03FF1000#0840112200000001
(1788538986.779009) can0 03FF1000#0840112200000001
(1788538986.883945) can0 03FF1000#0840112200000001
(1788538986.988956) can0 03FF1000#0840112200000001
(1788538987.093949) can0 03FF1000#0840112200000001
(1788538987.198970) can0 03FF1000#0840112200000001
(1788538987.304029) can0 03FF1000#0840112200000001
(1788538987.408956) can0 03FF1000#0840112200000001
(1788538987.513956) can0 03FF1000#0840112200000001
(1788538987.618956) can0 03FF1000#0840112200000001
(1788538987.723994) can0 03FF1000#0840112200000001
(1788538987.829002) can0 03FF1000#0840112200000001
(1788538987.933980) can0 03FF1000#0840112200000001
(1788538988.038970) can0 03FF1000#0840112200000001
(1788538988.143973) can0 03FF1000#0840112200000001
(1788538988.249005) can0 03FF1000#0840112200000001
(1788538988.354008) can0 03FF1000#0840112200000001
(1788538988.458995) can0 03FF1000#0840112200000001
(1788538988.563979) can0 03FF1000#0840112200000001
(1788538988.668987) can0 03FF1000#0840112200000001
(1788538988.774013) can0 03FF1000#0840112200000001
(1788538988.879011) can0 03FF1000#0840112200000001
(1788538988.984011) can0 03FF1000#0840112200000001
(1788538989.089009) can0 03FF1000#0840112200000001
(1788538989.194033) can0 03FF1000#0840112200000001
(1788538989.299045) can0 03FF1000#0840112200000001
(1788538989.404025) can0 03FF1000#0840112200000001
(1788538989.509031) can0 03FF1000#0840112200000001
(1788538989.614069) can0 03FF1000#0840112200000001
(1788538989.719022) can0 03FF1000#0840112200000001
(1788538989.824057) can0 03FF1000#0840112200000001
(1788538989.905727) can0 04FF3400#0000095200000000
(1788538989.929041) can0 03FF1000#0840112200000001
(1788538990.034028) can0 03FF1000#0840112200000001
(1788538990.139086) can0 03FF1000#0840112200000001
(1788538990.244041) can0 03FF1000#0840112200000001
(1788538990.349062) can0 03FF1000#0840112200000001
(1788538990.454055) can0 03FF1000#0840112200000001
(1788538990.559055) can0 03FF1000#0840112200000001
(1788538990.664104) can0 03FF1000#0840112200000001
(1788538990.769059) can0 03FF1000#0840112200000001
(1788538990.874074) can0 03FF1000#0840112200000001
(1788538990.979079) can0 03FF1000#0840112200000001
(1788538991.084058) can0 03FF1000#0840112200000001
(1788538991.189065) can0 03FF1000#0840112200000001
(1788538991.294074) can0 03FF1000#0840112200000001
(1788538991.399091) can0 03FF1000#0840112200000001
(1788538991.504086) can0 03FF1000#0840112200000001
(1788538991.609071) can0 03FF1000#0840112200000001
(1788538991.714070) can0 03FF1000#0840112200000001
(1788538991.819084) can0 03FF1000#0840112200000001
(1788538991.924112) can0 03FF1000#0840112200000001
(1788538992.029101) can0 03FF1000#0840112200000001
(1788538992.134095) can0 03FF1000#0840112200000001
(1788538992.239095) can0 03FF1000#0840112200000001
(1788538992.344091) can0 03FF1000#0840112200000001
(1788538992.449123) can0 03FF1000#0840112200000001
(1788538992.554134) can0 03FF1000#0840112200000001
(1788538992.659113) can0 03FF1000#0840112200000001
(1788538992.764098) can0 03FF1000#0840112200000001
(1788538992.869101) can0 03FF1000#0840112200000001
(1788538992.974158) can0 03FF1000#0840112200000001
(1788538993.079144) can0 03FF1000#0840112200000001
(1788538993.184123) can0 03FF1000#0840112200000001
(1788538993.289121) can0 03FF1000#0840112200000001
(1788538993.394126) can0 03FF1000#0840112200000001
(1788538993.499172) can0 03FF1000#0840112200000001
(1788538993.604151) can0 03FF1000#0840112200000001
(1788538993.709144) can0 03FF1000#0840112200000001
(1788538993.814144) can0 03FF1000#0840112200000001
(1788538993.919131) can0 03FF1000#0840112200000001
(1788538994.024180) can0 03FF1000#0840112200000001
(1788538994.129156) can0 03FF1000#0840112200000001
(1788538994.234160) can0 03FF1000#0840112200000001
(1788538994.339150) can0 03FF1000#0840112200000001
(1788538994.444140) can0 03FF1000#0840112200000001
(1788538994.549169) can0 03FF1000#0840112200000001
(1788538994.654180) can0 03FF1000#0840112200000001
(1788538994.759166) can0 03FF1000#0840112200000001
(1788538994.864161) can0 03FF1000#0840112200000001
(1788538994.969162) can0 03FF1000#0840112200000001
(1788538995.074199) can0 03FF1000#0840112200000001
(1788538995.179204) can0 03FF1000#0840112200000001
(1788538995.284180) can0 03FF1000#0840112200000001
(1788538995.389186) can0 03FF1000#0840112200000001
(1788538995.494168) can0 03FF1000#0840112200000001
(1788538995.599205) can0 03FF1000#0840112200000001
(1788538995.704205) can0 03FF1000#0840112200000001
(1788538995.809213) can0 03FF1000#0840112200000001
(1788538995.914199) can0 03FF1000#0840112200000001
(1788538996.019186) can0 03FF1000#0840112200000001
(1788538996.124210) can0 03FF1000#0840112200000001
(1788538996.229215) can0 03FF1000#0840112200000001
(1788538996.334276) can0 03FF1000#0840112200000001
(1788538996.439212) can0 03FF1000#0840112200000001
(1788538996.544215) can0 03FF1000#0840112200000001
(1788538996.649229) can0 03FF1000#0840112200000001
(1788538996.754233) can0 03FF1000#0840112200000001
(1788538996.859294) can0 03FF1000#0840112200000001
(1788538996.964219) can0 03FF1000#0840112200000001
(1788538997.069228) can0 03FF1000#0840112200000001
(1788538997.174239) can0 03FF1000#0840112200000001
(1788538997.279248) can0 03FF1000#0840112200000001
(1788538997.384247) can0 03FF1000#0840112200000001
(1788538997.489241) can0 03FF1000#0840112200000001
(1788538997.594228) can0 03FF1000#0840112200000001
(1788538997.699251) can0 03FF1000#0840112200000001
(1788538997.804269) can0 03FF1000#0840112200000001
(1788538997.909259) can0 03FF1000#0840112200000001
(1788538998.014245) can0 03FF1000#0840112200000001
(1788538998.119258) can0 03FF1000#0840112200000001
(1788538998.224245) can0 03FF1000#0840112200000001
(1788538998.329279) can0 03FF1000#0840112200000001
(1788538998.434273) can0 03FF1000#0840112200000001
(1788538998.539265) can0 03FF1000#0840112200000001
(1788538998.644263) can0 03FF1000#0840112200000001
(1788538998.749296) can0 03FF1000#0840112200000001
(1788538998.854297) can0 03FF1000#0840112200000001
(1788538998.959289) can0 03FF1000#0840112200000001
(1788538999.064272) can0 03FF1000#0840112200000001
(1788538999.169332) can0 03FF1000#0840112200000001
(1788538999.274282) can0 03FF1000#0840112200000001
(1788538999.379308) can0 03FF1000#0840112200000001
(1788538999.484307) can0 03FF1000#0840112200000001
(1788538999.589288) can0 03FF1000#0840112200000001
(1788538999.694345) can0 03FF1000#0840112200000001
(1788538999.799302) can0 03FF1000#0840112200000001
(1788538999.855687) can0 04FF3603#0300000000000000
(1788538999.904325) can0 03FF1000#0840112200000001
(1788538999.905675) can0 04FF3400#0000095300000000
(1788539000.009318) can0 03FF1000#0840112200000001
(1788539000.114295) can0 03FF1000#0840112200000001
(1788539000.219369) can0 03FF1000#0840112200000001
(1788539000.324320) can0 03FF1000#0840112200000001
(1788539000.429333) can0 03FF1000#0840112200000001
(1788539000.534323) can0 03FF1000#0840112200000001
(1788539000.639317) can0 03FF1000#0840112200000001
(1788539000.744323) can0 03FF1000#0840112200000001
(1788539000.849331) can0 03FF1000#0840112200000001
(1788539000.954357) can0 03FF1000#0840112200000001
(1788539001.059343) can0 03FF1000#0840112200000001
(1788539001.164340) can0 03FF1000#0840112200000001
(1788539001.269343) can0 03FF1000#0840112200000001
(1788539001.374357) can0 03FF1000#0840112200000001
(1788539001.479363) can0 03FF1000#0840112200000001
(1788539001.584368) can0 03FF1000#0840112200000001
(1788539001.689355) can0 03FF1000#0840112200000001
(1788539001.794345) can0 03FF1000#0840112200000001
(1788539001.899349) can0 03FF1000#0840112200000001
(1788539002.004375) can0 03FF1000#0840112200000001
(1788539002.109374) can0 03FF1000#0840112200000001
(1788539002.214367) can0 03FF1000#0840112200000001
(1788539002.319369) can0 03FF1000#0840112200000001
(1788539002.424368) can0 03FF1000#0840112200000001
(1788539002.529418) can0 03FF1000#0840112200000001
(1788539002.634377) can0 03FF1000#0840112200000001
(1788539002.739392) can0 03FF1000#0840112200000001
(1788539002.844380) can0 03FF1000#0840112200000001
(1788539002.949405) can0 03FF1000#0840112200000001
(1788539003.054434) can0 03FF1000#0840112200000001
(1788539003.159410) can0 03FF1000#0840112200000001
(1788539003.264390) can0 03FF1000#0840112200000001
(1788539003.369398) can0 03FF1000#0840112200000001
(1788539003.474405) can0 03FF1000#0840112200000001
(1788539003.579436) can0 03FF1000#0840112200000001
(1788539003.684423) can0 03FF1000#0840112200000001
(1788539003.789416) can0 03FF1000#0840112200000001
(1788539003.894398) can0 03FF1000#0840112200000001
(1788539003.999416) can0 03FF1000#0840112200000001
(1788539004.104441) can0 03FF1000#0840112200000001
(1788539004.209435) can0 03FF1000#0840112200000001
(1788539004.314420) can0 03FF1000#0840112200000001
(1788539004.419416) can0 03FF1000#0840112200000001
(1788539004.524422) can0 03FF1000#0840112200000001
(1788539004.629446) can0 03FF1000#0840112200000001
(1788539004.734445) can0 03FF1000#0840112200000001
(1788539004.839442) can0 03FF1000#0840112200000001
(1788539004.944440) can0 03FF1000#0840112200000001
(1788539005.049446) can0 03FF1000#0840112200000001
(1788539005.154458) can0 03FF1000#0840112200000001
(1788539005.259463) can0 03FF1000#0840112200000001
(1788539005.364466) can0 03FF1000#0840112200000001
(1788539005.469460) can0 03FF1000#0840112200000001
(1788539005.574446) can0 03FF1000#0840112200000001
(1788539005.679480) can0 03FF1000#0840112200000001
(1788539005.784484) can0 03FF1000#0840112200000001
(1788539005.889522) can0 03FF1000#0840112200000001
(1788539005.994477) can0 03FF1000#0840112200000001
(1788539006.099464) can0 03FF1000#0840112200000001
(1788539006.204495) can0 03FF1000#0840112200000001
(1788539006.309491) can0 03FF1000#0840112200000001
(1788539006.414535) can0 03FF1000#0840112200000001
(1788539006.519477) can0 03FF1000#0840112200000001
(1788539006.624476) can0 03FF1000#0840112200000001
(1788539006.729507) can0 03FF1000#0840112200000001
(1788539006.834516) can0 03FF1000#0840112200000001
(1788539006.939514) can0 03FF1000#0840112200000001
(1788539007.044495) can0 03FF1000#0840112200000001
(1788539007.149509) can0 03FF1000#0840112200000001
(1788539007.254527) can0 03FF1000#0840112200000001
(1788539007.359520) can0 03FF1000#0840112200000001
(1788539007.464515) can0 03FF1000#0840112200000001
(1788539007.569507) can0 03FF1000#0840112200000001
(1788539007.674516) can0 03FF1000#0840112200000001
(1788539007.779531) can0 03FF1000#0840112200000001
(1788539007.884532) can0 03FF1000#0840112200000001
(1788539007.989532) can0 03FF1000#0840112200000001
(1788539008.094527) can0 03FF1000#0840112200000001
(1788539008.199524) can0 03FF1000#0840112200000001
(1788539008.304545) can0 03FF1000#0840112200000001
(1788539008.409551) can0 03FF1000#0840112200000001
(1788539008.514544) can0 03FF1000#0840112200000001
(1788539008.619544) can0 03FF1000#0840112200000001
(1788539008.724587) can0 03FF1000#0840112200000001
(1788539008.829570) can0 03FF1000#0840112200000001
(1788539008.934569) can0 03FF1000#0840112200000001
(1788539009.039561) can0 03FF1000#0840112200000001
(1788539009.144548) can0 03FF1000#0840112200000001
(1788539009.249605) can0 03FF1000#0840112200000001
(1788539009.354573) can0 03FF1000#0840112200000001
(1788539009.459575) can0 03FF1000#0840112200000001
(1788539009.564587) can0 03FF1000#0840112200000001
(1788539009.669574) can0 03FF1000#0840112200000001
(1788539009.774624) can0 03FF1000#0840112200000001
(1788539009.879600) can0 03FF1000#0840112200000001
(1788539009.905651) can0 04FF3400#0000095400000000
(1788539009.984586) can0 03FF1000#0840112200000001
(1788539010.089590) can0 03FF1000#0840112200000001
(1788539010.194572) can0 03FF1000#0840112200000001
(1788539010.299593) can0 03FF1000#0840112200000001
(1788539010.404605) can0 03FF1000#0840112200000001
(1788539010.509618) can0 03FF1000#0840112200000001
(1788539010.614605) can0 03FF1000#0840112200000001
(1788539010.719597) can0 03FF1000#0840112200000001
(1788539010.824606) can0 03FF1000#0840112200000001
(1788539010.929636) can0 03FF1000#0840112200000001
(1788539011.034623) can0 03FF1000#0840112200000001
(1788539011.139629) can0 03FF1000#0840112200000001
(1788539011.244628) can0 03FF1000#0840112200000001
(1788539011.349638) can0 03FF1000#0840112200000001
(1788539011.454644) can0 03FF1000#0840112200000001
(1788539011.559648) can0 03FF1000#0840112200000001
(1788539011.664655) can0 03FF1000#0840112200000001
(1788539011.769659) can0 03FF1000#0840112200000001
(1788539011.874668) can0 03FF1000#0840112200000001
(1788539011.979673) can0 03FF1000#0840112200000001
(1788539012.084686) can0 03FF1000#0840112200000001
(1788539012.189686) can0 03FF1000#0840112200000001
(1788539012.294692) can0 03FF1000#0840112200000001
(1788539012.399636) can0 03FF1000#0840112200000001
(1788539012.504706) can0 03FF1000#0840112200000001
(1788539012.609718) can0 03FF1000#0840112200000001
(1788539012.714717) can0 03FF1000#0840112200000001
(1788539012.819663) can0 03FF1000#0840112200000001
(1788539012.924655) can0 03FF1000#0840112200000001
(1788539013.029735) can0 03FF1000#0840112200000001
(1788539013.134745) can0 03FF1000#0840112200000001
(1788539013.239687) can0 03FF1000#0840112200000001
(1788539013.344668) can0 03FF1000#0840112200000001
(1788539013.449681) can0 03FF1000#0840112200000001
(1788539013.554705) can0 03FF1000#0840112200000001
(1788539013.659692) can0 03FF1000#0840112200000001
(1788539013.764697) can0 03FF1000#0840112200000001
(1788539013.869686) can0 03FF1000#0840112200000001
(1788539013.974685) can0 03FF1000#0840112200000001
(1788539014.079685) can0 03FF1000#0840112200000001
(1788539014.184716) can0 03FF1000#0840112200000001
(1788539014.289709) can0 03FF1000#0840112200000001
(1788539014.394691) can0 03FF1000#0840112200000001
(1788539014.499699) can0 03FF1000#0840112200000001
(1788539014.604704) can0 03FF1000#0840112200000001
(1788539014.709715) can0 03FF1000#0840112200000001
(1788539014.814723) can0 03FF1000#0840112200000001
(1788539014.919716) can0 03FF1000#0840112200000001
(1788539015.024716) can0 03FF1000#0840112200000001
(1788539015.129706) can0 03FF1000#0840112200000001
(1788539015.234747) can0 03FF1000#0840112200000001
(1788539015.339748) can0 03FF1000#0840112200000001
(1788539015.444775) can0 03FF1000#0840112200000001
(1788539015.549721) can0 03FF1000#0840112200000001
(1788539015.654728) can0 03FF1000#0840112200000001
(1788539015.759753) can0 03FF1000#0840112200000001
(1788539015.864755) can0 03FF1000#0840112200000001
(1788539015.969805) can0 03FF1000#0840112200000001
(1788539016.074754) can0 03FF1000#0840112200000001
(1788539016.179746) can0 03FF1000#0840112200000001
(1788539016.284765) can0 03FF1000#0840112200000001
(1788539016.389767) can0 03FF1000#0840112200000001
(1788539016.494767) can0 03FF1000#0840112200000001
(1788539016.599759) can0 03FF1000#0840112200000001
(1788539016.704772) can0 03FF1000#0840112200000001
(1788539016.809784) can0 03FF1000#0840112200000001
(1788539016.914784) can0 03FF1000#0840112200000001
(1788539017.019772) can0 03FF1000#0840112200000001
(1788539017.124770) can0 03FF1000#0840112200000001
(1788539017.229770) can0 03FF1000#0840112200000001
(1788539017.334811) can0 03FF1000#0840112200000001
(1788539017.439810) can0 03FF1000#0840112200000001
(1788539017.544784) can0 03FF1000#0840112200000001
(1788539017.649795) can0 03FF1000#0840112200000001
(1788539017.754801) can0 03FF1000#0840112200000001
(1788539017.859816) can0 03FF1000#0840112200000001
(1788539017.964803) can0 03FF1000#0840112200000001
(1788539018.069808) can0 03FF1000#0840112200000001
(1788539018.174794) can0 03FF1000#0840112200000001
(1788539018.279859) can0 03FF1000#0840112200000001
(1788539018.384842) can0 03FF1000#0840112200000001
(1788539018.489835) can0 03FF1000#0840112200000001
(1788539018.594815) can0 03FF1000#0840112200000001
(1788539018.699827) can0 03FF1000#0840112200000001
(1788539018.804874) can0 03FF1000#0840112200000001
(1788539018.909846) can0 03FF1000#0840112200000001
(1788539019.014846) can0 03FF1000#0840112200000001
(1788539019.119835) can0 03FF1000#0840112200000001
(1788539019.224825) can0 03FF1000#0840112200000001
(1788539019.329898) can0 03FF1000#0840112200000001
(1788539019.434854) can0 03FF1000#0840112200000001
(1788539019.539859) can0 03FF1000#0840112200000001
(1788539019.644850) can0 03FF1000#0840112200000001
(1788539019.749844) can0 03FF1000#0840112200000001
(1788539019.854840) can0 03FF1000#0840112200000001
(1788539019.905624) can0 04FF3400#0000095500000000
(1788539019.959874) can0 03FF1000#0840112200000001
(1788539020.064890) can0 03FF1000#0840112200000001
(1788539020.169863) can0 03FF1000#0840112200000001
(1788539020.274855) can0 03FF1000#0840112200000001
(1788539020.379858) can0 03FF1000#0840112200000001
(1788539020.484883) can0 03FF1000#0840112200000001
(1788539020.589883) can0 03FF1000#0840112200000001
(1788539020.694895) can0 03FF1000#0840112200000001
(1788539020.799883) can0 03FF1000#0840112200000001
(1788539020.904877) can0 03FF1000#0840112200000001
(1788539021.009895) can0 03FF1000#0840112200000001
(1788539021.114907) can0 03FF1000#0840112200000001
(1788539021.219886) can0 03FF1000#0840112200000001
(1788539021.324884) can0 03FF1000#0840112200000001
(1788539021.429895) can0 03FF1000#0840112200000001
(1788539021.534919) can0 03FF1000#0840112200000001
(1788539021.639964) can0 03FF1000#0840112200000001
(1788539021.744913) can0 03FF1000#0840112200000001
(1788539021.849901) can0 03FF1000#0840112200000001
(1788539021.954913) can0 03FF1000#0840112200000001
(1788539022.059944) can0 03FF1000#0840112200000001
(1788539022.164994) can0 03FF1000#0840112200000001
(1788539022.269917) can0 03FF1000#0840112200000001
(1788539022.374926) can0 03FF1000#0840112200000001
(1788539022.479927) can0 03FF1000#0840112200000001
(1788539022.584945) can0 03FF1000#0840112200000001
(1788539022.689962) can0 03FF1000#0840112200000001
(1788539022.794951) can0 03FF1000#0840112200000001
(1788539022.899930) can0 03FF1000#0840112200000001
(1788539023.004944) can0 03FF1000#0840112200000001
(1788539023.109975) can0 03FF1000#0840112200000001
(1788539023.214969) can0 03FF1000#0840112200000001
(1788539023.319963) can0 03FF1000#0840112200000001
(1788539023.424944) can0 03FF1000#0840112200000001
(1788539023.529957) can0 03FF1000#0840112200000001
(1788539023.634974) can0 03FF1000#0840112200000001
(1788539023.739985) can0 03FF1000#0840112200000001
(1788539023.844964) can0 03FF1000#0840112200000001
(1788539023.949969) can0 03FF1000#0840112200000001
(1788539024.054968) can0 03FF1000#0840112200000001
(1788539024.159988) can0 03FF1000#0840112200000001
(1788539024.265002) can0 03FF1000#0840112200000001
(1788539024.369988) can0 03FF1000#0840112200000001
(1788539024.475039) can0 03FF1000#0840112200000001
(1788539024.579981) can0 03FF1000#0840112200000001
(1788539024.684999) can0 03FF1000#0840112200000001
(1788539024.790004) can0 03FF1000#0840112200000001
(1788539024.895006) can0 03FF1000#0840112200000001
(1788539025.000054) can0 03FF1000#0840112200000001
(1788539025.105008) can0 03FF1000#0840112200000001
(1788539025.210020) can0 03FF1000#0840112200000001
(1788539025.315034) can0 03FF1000#0840112200000001
(1788539025.420021) can0 03FF1000#0840112200000001
(1788539025.525057) can0 03FF1000#0840112200000001
(1788539025.630004) can0 03FF1000#0840112200000001
(1788539025.735010) can0 03FF1000#0840112200000001
(1788539025.840031) can0 03FF1000#0840112200000001
(1788539025.945038) can0 03FF1000#0840112200000001
(1788539026.050029) can0 03FF1000#0840112200000001
(1788539026.155024) can0 03FF1000#0840112200000001
(1788539026.260029) can0 03FF1000#0840112200000001
(1788539026.365044) can0 03FF1000#0840112200000001
(1788539026.470057) can0 03FF1000#0840112200000001
(1788539026.575037) can0 03FF1000#0840112200000001
(1788539026.680042) can0 03FF1000#0840112200000001
(1788539026.785042) can0 03FF1000#0840112200000001
(1788539026.890075) can0 03FF1000#0840112200000001
(1788539026.995055) can0 03FF1000#0840112200000001
(1788539027.100042) can0 03FF1000#0840112200000001
(1788539027.205048) can0 03FF1000#0840112200000001
(1788539027.310074) can0 03FF1000#0840112200000001
(1788539027.415087) can0 03FF1000#0840112200000001
(1788539027.520075) can0 03FF1000#0840112200000001
(1788539027.625080) can0 03FF1000#0840112200000001
(1788539027.730073) can0 03FF1000#0840112200000001
(1788539027.835127) can0 03FF1000#0840112200000001
(1788539027.940085) can0 03FF1000#0840112200000001
(1788539028.045092) can0 03FF1000#0840112200000001
(1788539028.150077) can0 03FF1000#0840112200000001
(1788539028.255084) can0 03FF1000#0840112200000001
(1788539028.360131) can0 03FF1000#0840112200000001
(1788539028.465124) can0 03FF1000#0840112200000001
(1788539028.570111) can0 03FF1000#0840112200000001
(1788539028.675098) can0 03FF1000#0840112200000001
(1788539028.780103) can0 03FF1000#0840112200000001
(1788539028.885163) can0 03FF1000#0840112200000001
(1788539028.990130) can0 03FF1000#0840112200000001
(1788539029.095129) can0 03FF1000#0840112200000001
(1788539029.200123) can0 03FF1000#0840112200000001
(1788539029.305116) can0 03FF1000#0840112200000001
(1788539029.410143) can0 03FF1000#0840112200000001
(1788539029.515130) can0 03FF1000#0840112200000001
(1788539029.620136) can0 03FF1000#0840112200000001
(1788539029.725129) can0 03FF1000#0840112200000001
(1788539029.830123) can0 03FF1000#0840112200000001
(1788539029.905611) can0 04FF3400#0000095600000000
(1788539029.935149) can0 03FF1000#0840112200000001
(1788539030.040152) can0 03FF1000#0840112200000001
(1788539030.145162) can0 03FF1000#0840112200000001
(1788539030.250152) can0 03FF1000#0840112200000001
(1788539030.355147) can0 03FF1000#0840112200000001
(1788539030.460173) can0 03FF1000#0840112200000001
(1788539030.565171) can0 03FF1000#0840112200000001
(1788539030.670165) can0 03FF1000#0840112200000001
(1788539030.775158) can0 03FF1000#0840112200000001
(1788539030.880146) can0 03FF1000#0840112200000001
(1788539030.985170) can0 03FF1000#0840112200000001
(1788539031.090196) can0 03FF1000#0840112200000001
(1788539031.195241) can0 03FF1000#0840112200000001
(1788539031.300183) can0 03FF1000#0840112200000001
(1788539031.405180) can0 03FF1000#0840112200000001
(1788539031.510170) can0 03FF1000#0840112200000001
(1788539031.615191) can0 03FF1000#0840112200000001
(1788539031.720241) can0 03FF1000#0840112200000001
(1788539031.825197) can0 03FF1000#0840112200000001
(1788539031.930190) can0 03FF1000#0840112200000001
(1788539032.035183) can0 03FF1000#0840112200000001
(1788539032.140202) can0 03FF1000#0840112200000001
(1788539032.245220) can0 03FF1000#0840112200000001
(1788539032.350202) can0 03FF1000#0840112200000001
(1788539032.455201) can0 03FF1000#0840112200000001
(1788539032.560209) can0 03FF1000#0840112200000001
(1788539032.665228) can0 03FF1000#0840112200000001
(1788539032.770233) can0 03FF1000#0840112200000001
(1788539032.875220) can0 03FF1000#0840112200000001
(1788539032.980214) can0 03FF1000#0840112200000001
(1788539033.085215) can0 03FF1000#0840112200000001
(1788539033.190246) can0 03FF1000#0840112200000001
(1788539033.295239) can0 03FF1000#0840112200000001
(1788539033.400228) can0 03FF1000#0840112200000001
(1788539033.505228) can0 03FF1000#0840112200000001
(1788539033.610233) can0 03FF1000#0840112200000001
(1788539033.715261) can0 03FF1000#0840112200000001
(1788539033.820259) can0 03FF1000#0840112200000001
(1788539033.925245) can0 03FF1000#0840112200000001
(1788539034.030302) can0 03FF1000#0840112200000001
(1788539034.135252) can0 03FF1000#0840112200000001
(1788539034.240271) can0 03FF1000#0840112200000001
(1788539034.345280) can0 03FF1000#0840112200000001
(1788539034.450265) can0 03FF1000#0840112200000001
(1788539034.555321) can0 03FF1000#0840112200000001
(1788539034.660264) can0 03FF1000#0840112200000001
(1788539034.765283) can0 03FF1000#0840112200000001
(1788539034.870283) can0 03FF1000#0840112200000001
(1788539034.975268) can0 03FF1000#0840112200000001
(1788539035.080327) can0 03FF1000#0840112200000001
(1788539035.185276) can0 03FF1000#0840112200000001
(1788539035.290301) can0 03FF1000#0840112200000001
(1788539035.395296) can0 03FF1000#0840112200000001
(1788539035.500290) can0 03FF1000#0840112200000001
(1788539035.605301) can0 03FF1000#0840112200000001
(1788539035.710289) can0 03FF1000#0840112200000001
(1788539035.815309) can0 03FF1000#0840112200000001
(1788539035.920320) can0 03FF1000#0840112200000001
(1788539036.025314) can0 03FF1000#0840112200000001
(1788539036.130295) can0 03FF1000#0840112200000001
(1788539036.235313) can0 03FF1000#0840112200000001
(1788539036.340332) can0 03FF1000#0840112200000001
(1788539036.445333) can0 03FF1000#0840112200000001
(1788539036.550333) can0 03FF1000#0840112200000001
(1788539036.655316) can0 03FF1000#0840112200000001
(1788539036.760332) can0 03FF1000#0840112200000001
(1788539036.865339) can0 03FF1000#0840112200000001
(1788539036.970352) can0 03FF1000#0840112200000001
(1788539037.075333) can0 03FF1000#0840112200000001
(1788539037.180342) can0 03FF1000#0840112200000001
(1788539037.285333) can0 03FF1000#0840112200000001
(1788539037.390392) can0 03FF1000#0840112200000001
(1788539037.495359) can0 03FF1000#0840112200000001
(1788539037.600364) can0 03FF1000#0840112200000001
(1788539037.705358) can0 03FF1000#0840112200000001
(1788539037.810344) can0 03FF1000#0840112200000001
(1788539037.915400) can0 03FF1000#0840112200000001
(1788539038.020377) can0 03FF1000#0840112200000001
(1788539038.125379) can0 03FF1000#0840112200000001
(1788539038.230364) can0 03FF1000#0840112200000001
(1788539038.335372) can0 03FF1000#0840112200000001
(1788539038.440422) can0 03FF1000#0840112200000001
(1788539038.545389) can0 03FF1000#0840112200000001
(1788539038.650382) can0 03FF1000#0840112200000001
(1788539038.755365) can0 03FF1000#0840112200000001
(1788539038.860389) can0 03FF1000#0840112200000001
(1788539038.965376) can0 03FF1000#0840112200000001
(1788539039.070407) can0 03FF1000#0840112200000001
(1788539039.175398) can0 03FF1000#0840112200000001
(1788539039.280401) can0 03FF1000#0840112200000001
(1788539039.385401) can0 03FF1000#0840112200000001
(1788539039.490396) can0 03FF1000#0840112200000001
(1788539039.595413) can0 03FF1000#0840112200000001
(1788539039.700419) can0 03FF1000#0840112200000001
(1788539039.805400) can0 03FF1000#0840112200000001
(1788539039.905574) can0 04FF3400#0000095700000000
(1788539039.910403) can0 03FF1000#0840112200000001
(1788539040.015414) can0 03FF1000#0840112200000001
(1788539040.120427) can0 03FF1000#0840112200000001
(1788539040.225439) can0 03FF1000#0840112200000001
(1788539040.330414) can0 03FF1000#0840112200000001
(1788539040.435426) can0 03FF1000#0840112200000001
(1788539040.540425) can0 03FF1000#0840112200000001
(1788539040.645445) can0 03FF1000#0840112200000001
(1788539040.750502) can0 03FF1000#0840112200000001
(1788539040.855433) can0 03FF1000#0840112200000001
(1788539040.960444) can0 03FF1000#0840112200000001
(1788539041.065445) can0 03FF1000#0840112200000001
(1788539041.170465) can0 03FF1000#0840112200000001
(1788539041.275511) can0 03FF1000#0840112200000001
(1788539041.380460) can0 03FF1000#0840112200000001
(1788539041.485457) can0 03FF1000#0840112200000001
(1788539041.590460) can0 03FF1000#0840112200000001
(1788539041.695482) can0 03FF1000#0840112200000001
(1788539041.800490) can0 03FF1000#0840112200000001
(1788539041.905464) can0 03FF1000#0840112200000001
(1788539042.010470) can0 03FF1000#0840112200000001
(1788539042.115499) can0 03FF1000#0840112200000001
(1788539042.220508) can0 03FF1000#0840112200000001
(1788539042.325491) can0 03FF1000#0840112200000001
(1788539042.430497) can0 03FF1000#0840112200000001
(1788539042.535501) can0 03FF1000#0840112200000001
(1788539042.640508) can0 03FF1000#0840112200000001
(1788539042.745514) can0 03FF1000#0840112200000001
(1788539042.850521) can0 03FF1000#0840112200000001
(1788539042.955527) can0 03FF1000#0840112200000001
(1788539043.060533) can0 03FF1000#0840112200000001
(1788539043.165545) can0 03FF1000#0840112200000001
(1788539043.270546) can0 03FF1000#0840112200000001
(1788539043.375554) can0 03FF1000#0840112200000001
(1788539043.480560) can0 03FF1000#0840112200000001
(1788539043.585564) can0 03FF1000#0840112200000001
(1788539043.690571) can0 03FF1000#0840112200000001
(1788539043.795576) can0 03FF1000#0840112200000001
(1788539043.900584) can0 03FF1000#0840112200000001
(1788539044.005526) can0 03FF1000#0840112200000001
(1788539044.110596) can0 03FF1000#0840112200000001
(1788539044.215540) can0 03FF1000#0840112200000001
(1788539044.320609) can0 03FF1000#0840112200000001
(1788539044.425616) can0 03FF1000#0840112200000001
(1788539044.530539) can0 03FF1000#0840112200000001
(1788539044.635628) can0 03FF1000#0840112200000001
(1788539044.740559) can0 03FF1000#0840112200000001
(1788539044.845564) can0 03FF1000#0840112200000001
(1788539044.950573) can0 03FF1000#0840112200000001
(1788539045.055571) can0 03FF1000#0840112200000001
(1788539045.160559) can0 03FF1000#0840112200000001
(1788539045.265591) can0 03FF1000#0840112200000001
(1788539045.370585) can0 03FF1000#0840112200000001
(1788539045.475600) can0 03FF1000#0840112200000001
(1788539045.580587) can0 03FF1000#0840112200000001
(1788539045.685572) can0 03FF1000#0840112200000001
(1788539045.790585) can0 03FF1000#0840112200000001
(1788539045.895606) can0 03FF1000#0840112200000001
(1788539046.000605) can0 03FF1000#0840112200000001
(1788539046.105598) can0 03FF1000#0840112200000001
(1788539046.210593) can0 03FF1000#0840112200000001
(1788539046.315597) can0 03FF1000#0840112200000001
(1788539046.420612) can0 03FF1000#0840112200000001
(1788539046.525610) can0 03FF1000#0840112200000001
(1788539046.630604) can0 03FF1000#0840112200000001
(1788539046.735604) can0 03FF1000#0840112200000001
(1788539046.840616) can0 03FF1000#0840112200000001
(1788539046.945655) can0 03FF1000#0840112200000001
(1788539047.050622) can0 03FF1000#0840112200000001
(1788539047.155617) can0 03FF1000#0840112200000001
(1788539047.260610) can0 03FF1000#0840112200000001
(1788539047.365616) can0 03FF1000#0840112200000001
(1788539047.470673) can0 03FF1000#0840112200000001
(1788539047.575642) can0 03FF1000#0840112200000001
(1788539047.680635) can0 03FF1000#0840112200000001
(1788539047.785630) can0 03FF1000#0840112200000001
(1788539047.890628) can0 03FF1000#0840112200000001
(1788539047.995698) can0 03FF1000#0840112200000001
(1788539048.100666) can0 03FF1000#0840112200000001
(1788539048.205653) can0 03FF1000#0840112200000001
(1788539048.310647) can0 03FF1000#0840112200000001
(1788539048.415654) can0 03FF1000#0840112200000001
(1788539048.520678) can0 03FF1000#0840112200000001
(1788539048.625685) can0 03FF1000#0840112200000001
(1788539048.730660) can0 03FF1000#0840112200000001
(1788539048.835671) can0 03FF1000#0840112200000001
(1788539048.940660) can0 03FF1000#0840112200000001
(1788539049.045694) can0 03FF1000#0840112200000001
(1788539049.150702) can0 03FF1000#0840112200000001
(1788539049.255689) can0 03FF1000#0840112200000001
(1788539049.360685) can0 03FF1000#0840112200000001
(1788539049.465679) can0 03FF1000#0840112200000001
(1788539049.570706) can0 03FF1000#0840112200000001
(1788539049.675709) can0 03FF1000#0840112200000001
(1788539049.780704) can0 03FF1000#0840112200000001
(1788539049.885692) can0 03FF1000#0840112200000001
(1788539049.905545) can0 04FF3400#0000095800000000
(1788539049.990691) can0 03FF1000#0840112200000001
(1788539050.095725) can0 03FF1000#0840112200000001
(1788539050.200723) can0 03FF1000#0840112200000001
(1788539050.305775) can0 03FF1000#0840112200000001
(1788539050.410711) can0 03FF1000#0840112200000001
(1788539050.515716) can0 03FF1000#0840112200000001
(1788539050.620736) can0 03FF1000#0840112200000001
(1788539050.725729) can0 03FF1000#0840112200000001
(1788539050.830786) can0 03FF1000#0840112200000001
(1788539050.935722) can0 03FF1000#0840112200000001
(1788539051.040725) can0 03FF1000#0840112200000001
(1788539051.145754) can0 03FF1000#0840112200000001
(1788539051.250761) can0 03FF1000#0840112200000001
(1788539051.355748) can0 03FF1000#0840112200000001
(1788539051.460729) can0 03FF1000#0840112200000001
(1788539051.565742) can0 03FF1000#0840112200000001
(1788539051.670735) can0 03FF1000#0840112200000001
(1788539051.775774) can0 03FF1000#0840112200000001
(1788539051.880774) can0 03FF1000#0840112200000001
(1788539051.985753) can0 03FF1000#0840112200000001
(1788539052.090755) can0 03FF1000#0840112200000001
(1788539052.195754) can0 03FF1000#0840112200000001
(1788539052.300768) can0 03FF1000#0840112200000001
(1788539052.405773) can0 03FF1000#0840112200000001
(1788539052.510766) can0 03FF1000#0840112200000001
(1788539052.615767) can0 03FF1000#0840112200000001
(1788539052.720773) can0 03FF1000#0840112200000001
(1788539052.825798) can0 03FF1000#0840112200000001
(1788539052.930792) can0 03FF1000#0840112200000001
(1788539053.035773) can0 03FF1000#0840112200000001
(1788539053.140844) can0 03FF1000#0840112200000001
(1788539053.245817) can0 03FF1000#0840112200000001
(1788539053.350804) can0 03FF1000#0840112200000001
(1788539053.455805) can0 03FF1000#0840112200000001
(1788539053.560785) can0 03FF1000#0840112200000001
(1788539053.665856) can0 03FF1000#0840112200000001
(1788539053.770805) can0 03FF1000#0840112200000001
(1788539053.875830) can0 03FF1000#0840112200000001
(1788539053.980823) can0 03FF1000#0840112200000001
(1788539054.085814) can0 03FF1000#0840112200000001
(1788539054.190877) can0 03FF1000#0840112200000001
(1788539054.295817) can0 03FF1000#0840112200000001
(1788539054.400836) can0 03FF1000#0840112200000001
(1788539054.505842) can0 03FF1000#0840112200000001
(1788539054.610829) can0 03FF1000#0840112200000001
(1788539054.715824) can0 03FF1000#0840112200000001
(1788539054.820853) can0 03FF1000#0840112200000001
(1788539054.925855) can0 03FF1000#0840112200000001
(1788539055.030848) can0 03FF1000#0840112200000001
(1788539055.135846) can0 03FF1000#0840112200000001
(1788539055.240845) can0 03FF1000#0840112200000001
(1788539055.345868) can0 03FF1000#0840112200000001
(1788539055.450868) can0 03FF1000#0840112200000001
(1788539055.555874) can0 03FF1000#0840112200000001
(1788539055.660862) can0 03FF1000#0840112200000001
(1788539055.765861) can0 03FF1000#0840112200000001
(1788539055.870861) can0 03FF1000#0840112200000001
(1788539055.975887) can0 03FF1000#0840112200000001
(1788539056.080883) can0 03FF1000#0840112200000001
(1788539056.185874) can0 03FF1000#0840112200000001
(1788539056.290881) can0 03FF1000#0840112200000001
(1788539056.395874) can0 03FF1000#0840112200000001
(1788539056.500928) can0 03FF1000#0840112200000001
(1788539056.605906) can0 03FF1000#0840112200000001
(1788539056.710893) can0 03FF1000#0840112200000001
(1788539056.815905) can0 03FF1000#0840112200000001
(1788539056.920900) can0 03FF1000#0840112200000001
(1788539057.025957) can0 03FF1000#0840112200000001
(1788539057.130930) can0 03FF1000#0840112200000001
(1788539057.235906) can0 03FF1000#0840112200000001
(1788539057.340905) can0 03FF1000#0840112200000001
(1788539057.445906) can0 03FF1000#0840112200000001
(1788539057.550950) can0 03FF1000#0840112200000001
(1788539057.655930) can0 03FF1000#0840112200000001
(1788539057.760917) can0 03FF1000#0840112200000001
(1788539057.865918) can0 03FF1000#0840112200000001
(1788539057.970931) can0 03FF1000#0840112200000001
(1788539058.075937) can0 03FF1000#0840112200000001
(1788539058.180952) can0 03FF1000#0840112200000001
(1788539058.285939) can0 03FF1000#0840112200000001
(1788539058.390938) can0 03FF1000#0840112200000001
(1788539058.495944) can0 03FF1000#0840112200000001
(1788539058.600968) can0 03FF1000#0840112200000001
(1788539058.705956) can0 03FF1000#0840112200000001
(1788539058.810963) can0 03FF1000#0840112200000001
(1788539058.915949) can0 03FF1000#0840112200000001
(1788539059.020951) can0 03FF1000#0840112200000001
(1788539059.125981) can0 03FF1000#0840112200000001
(1788539059.230976) can0 03FF1000#0840112200000001
(1788539059.335969) can0 03FF1000#0840112200000001
(1788539059.440963) can0 03FF1000#0840112200000001
(1788539059.545969) can0 03FF1000#0840112200000001
(1788539059.650989) can0 03FF1000#0840112200000001
(1788539059.755988) can0 03FF1000#0840112200000001
(1788539059.855547) can0 04FF3603#0300000000000000
(1788539059.861031) can0 03FF1000#0840112200000001
(1788539059.905550) can0 04FF3400#0000095900000000
(1788539059.965994) can0 03FF1000#0840112200000001
(1788539060.070974) can0 03FF1000#0840112200000001
(1788539060.176012) can0 03FF1000#0840112200000001
(1788539060.281020) can0 03FF1000#0840112200000001
(1788539060.386051) can0 03FF1000#0840112200000001
(1788539060.491001) can0 03FF1000#0840112200000001
(1788539060.595988) can0 03FF1000#0840112200000001
(1788539060.701026) can0 03FF1000#0840112200000001
(1788539060.806019) can0 03FF1000#0840112200000001
(1788539060.911023) can0 03FF1000#0840112200000001
(1788539061.016007) can0 03FF1000#0840112200000001
(1788539061.121017) can0 03FF1000#0840112200000001
(1788539061.226041) can0 03FF1000#0840112200000001
(1788539061.331044) can0 03FF1000#0840112200000001
(1788539061.436040) can0 03FF1000#0840112200000001
(1788539061.541033) can0 03FF1000#0840112200000001
(1788539061.646026) can0 03FF1000#0840112200000001
(1788539061.751051) can0 03FF1000#0840112200000001
(1788539061.856054) can0 03FF1000#0840112200000001
(1788539061.961047) can0 03FF1000#0840112200000001
(1788539062.066052) can0 03FF1000#0840112200000001
(1788539062.171049) can0 03FF1000#0840112200000001
(1788539062.276060) can0 03FF1000#0840112200000001
(1788539062.381073) can0 03FF1000#0840112200000001
(1788539062.486078) can0 03FF1000#0840112200000001
(1788539062.591059) can0 03FF1000#0840112200000001
(1788539062.696116) can0 03FF1000#0840112200000001
(1788539062.801096) can0 03FF1000#0840112200000001
(1788539062.906092) can0 03FF1000#0840112200000001
(1788539063.011079) can0 03FF1000#0840112200000001
(1788539063.116065) can0 03FF1000#0840112200000001
(1788539063.221134) can0 03FF1000#0840112200000001
(1788539063.326096) can0 03FF1000#0840112200000001
(1788539063.431101) can0 03FF1000#0840112200000001
(1788539063.536103) can0 03FF1000#0840112200000001
(1788539063.641084) can0 03FF1000#0840112200000001
(1788539063.746141) can0 03FF1000#0840112200000001
(1788539063.851106) can0 03FF1000#0840112200000001
(1788539063.956129) can0 03FF1000#0840112200000001
(1788539064.061110) can0 03FF1000#0840112200000001
(1788539064.166101) can0 03FF1000#0840112200000001
(1788539064.271114) can0 03FF1000#0840112200000001
(1788539064.376130) can0 03FF1000#0840112200000001
(1788539064.481137) can0 03FF1000#0840112200000001
(1788539064.586129) can0 03FF1000#0840112200000001
(1788539064.691116) can0 03FF1000#0840112200000001
(1788539064.796121) can0 03FF1000#0840112200000001
(1788539064.901130) can0 03FF1000#0840112200000001
(1788539065.006148) can0 03FF1000#0840112200000001
(1788539065.111135) can0 03FF1000#0840112200000001
(1788539065.216134) can0 03FF1000#0840112200000001
(1788539065.321146) can0 03FF1000#0840112200000001
(1788539065.426130) can0 03FF1000#0840112200000001
(1788539065.531173) can0 03FF1000#0840112200000001
(1788539065.636154) can0 03FF1000#0840112200000001
(1788539065.741143) can0 03FF1000#0840112200000001
(1788539065.846148) can0 03FF1000#0840112200000001
(1788539065.951148) can0 03FF1000#0840112200000001
(1788539066.056213) can0 03FF1000#0840112200000001
(1788539066.161175) can0 03FF1000#0840112200000001
(1788539066.266161) can0 03FF1000#0840112200000001
(1788539066.371159) can0 03FF1000#0840112200000001
(1788539066.476193) can0 03FF1000#0840112200000001
(1788539066.581232) can0 03FF1000#0840112200000001
(1788539066.686192) can0 03FF1000#0840112200000001
(1788539066.791185) can0 03FF1000#0840112200000001
(1788539066.896186) can0 03FF1000#0840112200000001
(1788539067.001205) can0 03FF1000#0840112200000001
(1788539067.106221) can0 03FF1000#0840112200000001
(1788539067.211210) can0 03FF1000#0840112200000001
(1788539067.316197) can0 03FF1000#0840112200000001
(1788539067.421200) can0 03FF1000#0840112200000001
(1788539067.526193) can0 03FF1000#0840112200000001
(1788539067.631228) can0 03FF1000#0840112200000001
(1788539067.736224) can0 03FF1000#0840112200000001
(1788539067.841204) can0 03FF1000#0840112200000001
(1788539067.946219) can0 03FF1000#0840112200000001
(1788539068.051218) can0 03FF1000#0840112200000001
(1788539068.156237) can0 03FF1000#0840112200000001
(1788539068.261229) can0 03FF1000#0840112200000001
(1788539068.366224) can0 03FF1000#0840112200000001
(1788539068.471232) can0 03FF1000#0840112200000001
(1788539068.576231) can0 03FF1000#0840112200000001
(1788539068.681249) can0 03FF1000#0840112200000001
(1788539068.786261) can0 03FF1000#0840112200000001
(1788539068.891244) can0 03FF1000#0840112200000001
(1788539068.996244) can0 03FF1000#0840112200000001
(1788539069.101262) can0 03FF1000#0840112200000001
(1788539069.206274) can0 03FF1000#0840112200000001
(1788539069.311267) can0 03FF1000#0840112200000001
(1788539069.416302) can0 03FF1000#0840112200000001
(1788539069.521263) can0 03FF1000#0840112200000001
(1788539069.626262) can0 03FF1000#0840112200000001
(1788539069.731286) can0 03FF1000#0840112200000001
(1788539069.836280) can0 03FF1000#0840112200000001
(1788539069.905510) can0 04FF3400#0000095A00000000
(1788539069.941313) can0 03FF1000#0840112200000001
(1788539070.046275) can0 03FF1000#0840112200000001
(1788539070.151269) can0 03FF1000#0840112200000001
(1788539070.256301) can0 03FF1000#0840112200000001
(1788539070.361301) can0 03FF1000#0840112200000001
(1788539070.466301) can0 03FF1000#0840112200000001
(1788539070.571294) can0 03FF1000#0840112200000001
(1788539070.676300) can0 03FF1000#0840112200000001
(1788539070.781309) can0 03FF1000#0840112200000001
(1788539070.886314) can0 03FF1000#0840112200000001
(1788539070.991300) can0 03FF1000#0840112200000001
(1788539071.096313) can0 03FF1000#0840112200000001
(1788539071.201289) can0 03FF1000#0840112200000001
(1788539071.306326) can0 03FF1000#0840112200000001
(1788539071.411332) can0 03FF1000#0840112200000001
(1788539071.516327) can0 03FF1000#0840112200000001
(1788539071.621307) can0 03FF1000#0840112200000001
(1788539071.726326) can0 03FF1000#0840112200000001
(1788539071.831338) can0 03FF1000#0840112200000001
(1788539071.936340) can0 03FF1000#0840112200000001
(1788539072.041342) can0 03FF1000#0840112200000001
(1788539072.146326) can0 03FF1000#0840112200000001
(1788539072.251388) can0 03FF1000#0840112200000001
(1788539072.356363) can0 03FF1000#0840112200000001
(1788539072.461360) can0 03FF1000#0840112200000001
(1788539072.566359) can0 03FF1000#0840112200000001
(1788539072.671351) can0 03FF1000#0840112200000001
(1788539072.776395) can0 03FF1000#0840112200000001
(1788539072.881371) can0 03FF1000#0840112200000001
(1788539072.986383) can0 03FF1000#0840112200000001
(1788539073.091374) can0 03FF1000#0840112200000001
(1788539073.196372) can0 03FF1000#0840112200000001
(1788539073.301409) can0 03FF1000#0840112200000001
(1788539073.406391) can0 03FF1000#0840112200000001
(1788539073.511398) can0 03FF1000#0840112200000001
(1788539073.616384) can0 03FF1000#0840112200000001
(1788539073.721390) can0 03FF1000#0840112200000001
(1788539073.826396) can0 03FF1000#0840112200000001
(1788539073.931410) can0 03FF1000#0840112200000001
(1788539074.036408) can0 03FF1000#0840112200000001
(1788539074.141418) can0 03FF1000#0840112200000001
(1788539074.246422) can0 03FF1000#0840112200000001
(1788539074.351427) can0 03FF1000#0840112200000001
(1788539074.456435) can0 03FF1000#0840112200000001
(1788539074.561441) can0 03FF1000#0840112200000001
(1788539074.666447) can0 03FF1000#0840112200000001
(1788539074.771453) can0 03FF1000#0840112200000001
(1788539074.876460) can0 03FF1000#0840112200000001
(1788539074.981466) can0 03FF1000#0840112200000001
(1788539075.086472) can0 03FF1000#0840112200000001
(1788539075.191478) can0 03FF1000#0840112200000001
(1788539075.296416) can0 03FF1000#0840112200000001
(1788539075.401425) can0 03FF1000#0840112200000001
(1788539075.506499) can0 03FF1000#0840112200000001
(1788539075.611505) can0 03FF1000#0840112200000001
(1788539075.716450) can0 03FF1000#0840112200000001
(1788539075.821432) can0 03FF1000#0840112200000001
(1788539075.926450) can0 03FF1000#0840112200000001
(1788539076.031462) can0 03FF1000#0840112200000001
(1788539076.136536) can0 03FF1000#0840112200000001
(1788539076.241456) can0 03FF1000#0840112200000001
(1788539076.346454) can0 03FF1000#0840112200000001
(1788539076.451449) can0 03FF1000#0840112200000001
(1788539076.556481) can0 03FF1000#0840112200000001
(1788539076.661494) can0 03FF1000#0840112200000001
(1788539076.766481) can0 03FF1000#0840112200000001
(1788539076.871475) can0 03FF1000#0840112200000001
(1788539076.976474) can0 03FF1000#0840112200000001
(1788539077.081502) can0 03FF1000#0840112200000001
(1788539077.186494) can0 03FF1000#0840112200000001
(1788539077.291486) can0 03FF1000#0840112200000001
(1788539077.396494) can0 03FF1000#0840112200000001
(1788539077.501480) can0 03FF1000#0840112200000001
(1788539077.606514) can0 03FF1000#0840112200000001
(1788539077.711520) can0 03FF1000#0840112200000001
(1788539077.816500) can0 03FF1000#0840112200000001
(1788539077.921502) can0 03FF1000#0840112200000001
(1788539078.026501) can0 03FF1000#0840112200000001
(1788539078.131540) can0 03FF1000#0840112200000001
(1788539078.236520) can0 03FF1000#0840112200000001
(1788539078.341523) can0 03FF1000#0840112200000001
(1788539078.446519) can0 03FF1000#0840112200000001
(1788539078.551527) can0 03FF1000#0840112200000001
(1788539078.656551) can0 03FF1000#0840112200000001
(1788539078.761539) can0 03FF1000#0840112200000001
(1788539078.866539) can0 03FF1000#0840112200000001
(1788539078.971579) can0 03FF1000#0840112200000001
(1788539079.076539) can0 03FF1000#0840112200000001
(1788539079.181535) can0 03FF1000#0840112200000001
(1788539079.286559) can0 03FF1000#0840112200000001
(1788539079.391559) can0 03FF1000#0840112200000001
(1788539079.496604) can0 03FF1000#0840112200000001
(1788539079.601540) can0 03FF1000#0840112200000001
(1788539079.706584) can0 03FF1000#0840112200000001
(1788539079.811583) can0 03FF1000#0840112200000001
(1788539079.905508) can0 04FF3400#0000095B00000000
(1788539079.916570) can0 03FF1000#0840112200000001
(1788539080.021564) can0 03FF1000#0840112200000001
(1788539080.126569) can0 03FF1000#0840112200000001
(1788539080.231571) can0 03FF1000#0840112200000001
(1788539080.336595) can0 03FF1000#0840112200000001
(1788539080.441584) can0 03FF1000#0840112200000001
(1788539080.546585) can0 03FF1000#0840112200000001
(1788539080.651577) can0 03FF1000#0840112200000001
(1788539080.756572) can0 03FF1000#0840112200000001
(1788539080.861595) can0 03FF1000#0840112200000001
(1788539080.966608) can0 03FF1000#0840112200000001
(1788539081.071591) can0 03FF1000#0840112200000001
(1788539081.176594) can0 03FF1000#0840112200000001
(1788539081.281584) can0 03FF1000#0840112200000001
(1788539081.386628) can0 03FF1000#0840112200000001
(1788539081.491622) can0 03FF1000#0840112200000001
(1788539081.596603) can0 03FF1000#0840112200000001
(1788539081.701615) can0 03FF1000#0840112200000001
(1788539081.806667) can0 03FF1000#0840112200000001
(1788539081.911641) can0 03FF1000#0840112200000001
(1788539082.016620) can0 03FF1000#0840112200000001
(1788539082.121630) can0 03FF1000#0840112200000001
(1788539082.226635) can0 03FF1000#0840112200000001
(1788539082.331672) can0 03FF1000#0840112200000001
(1788539082.436649) can0 03FF1000#0840112200000001
(1788539082.541648) can0 03FF1000#0840112200000001
(1788539082.646642) can0 03FF1000#0840112200000001
(1788539082.751641) can0 03FF1000#0840112200000001
(1788539082.856698) can0 03FF1000#0840112200000001
(1788539082.961680) can0 03FF1000#0840112200000001
(1788539083.066662) can0 03FF1000#0840112200000001
(1788539083.171653) can0 03FF1000#0840112200000001
(1788539083.276642) can0 03FF1000#0840112200000001
(1788539083.381667) can0 03FF1000#0840112200000001
(1788539083.486681) can0 03FF1000#0840112200000001
(1788539083.591674) can0 03FF1000#0840112200000001
(1788539083.696670) can0 03FF1000#0840112200000001
(1788539083.801660) can0 03FF1000#0840112200000001
(1788539083.906668) can0 03FF1000#0840112200000001
(1788539084.011706) can0 03FF1000#0840112200000001
(1788539084.116705) can0 03FF1000#0840112200000001
(1788539084.221679) can0 03FF1000#0840112200000001
(1788539084.326678) can0 03FF1000#0840112200000001
(1788539084.431718) can0 03FF1000#0840112200000001
(1788539084.536721) can0 03FF1000#0840112200000001
(1788539084.641719) can0 03FF1000#0840112200000001
(1788539084.746705) can0 03FF1000#0840112200000001
(1788539084.851705) can0 03FF1000#0840112200000001
(1788539084.956688) can0 03FF1000#0840112200000001
(1788539085.061725) can0 03FF1000#0840112200000001
(1788539085.166779) can0 03FF1000#0840112200000001
(1788539085.271718) can0 03FF1000#0840112200000001
(1788539085.376719) can0 03FF1000#0840112200000001
(1788539085.481719) can0 03FF1000#0840112200000001
(1788539085.586757) can0 03FF1000#0840112200000001
(1788539085.691789) can0 03FF1000#0840112200000001
(1788539085.796720) can0 03FF1000#0840112200000001
(1788539085.901726) can0 03FF1000#0840112200000001
(1788539086.006738) can0 03FF1000#0840112200000001
(1788539086.111752) can0 03FF1000#0840112200000001
(1788539086.216772) can0 03FF1000#0840112200000001
(1788539086.321742) can0 03FF1000#0840112200000001
(1788539086.426752) can0 03FF1000#0840112200000001
(1788539086.531744) can0 03FF1000#0840112200000001
(1788539086.636783) can0 03FF1000#0840112200000001
(1788539086.741775) can0 03FF1000#0840112200000001
(1788539086.846769) can0 03FF1000#0840112200000001
(1788539086.951758) can0 03FF1000#0840112200000001
(1788539087.056759) can0 03FF1000#0840112200000001
(1788539087.161789) can0 03FF1000#0840112200000001
(1788539087.266800) can0 03FF1000#0840112200000001
(1788539087.371775) can0 03FF1000#0840112200000001
(1788539087.476772) can0 03FF1000#0840112200000001
(1788539087.581783) can0 03FF1000#0840112200000001
(1788539087.686802) can0 03FF1000#0840112200000001
(1788539087.791801) can0 03FF1000#0840112200000001
(1788539087.896797) can0 03FF1000#0840112200000001
(1788539088.001853) can0 03FF1000#0840112200000001
(1788539088.106795) can0 03FF1000#0840112200000001
(1788539088.211814) can0 03FF1000#0840112200000001
(1788539088.316827) can0 03FF1000#0840112200000001
(1788539088.421823) can0 03FF1000#0840112200000001
(1788539088.526854) can0 03FF1000#0840112200000001
(1788539088.631822) can0 03FF1000#0840112200000001
(1788539088.736841) can0 03FF1000#0840112200000001
(1788539088.841833) can0 03FF1000#0840112200000001
(1788539088.946822) can0 03FF1000#0840112200000001
(1788539089.051873) can0 03FF1000#0840112200000001
(1788539089.156821) can0 03FF1000#0840112200000001
(1788539089.261839) can0 03FF1000#0840112200000001
(1788539089.366852) can0 03FF1000#0840112200000001
(1788539089.471841) can0 03FF1000#0840112200000001
(1788539089.576844) can0 03FF1000#0840112200000001
(1788539089.681846) can0 03FF1000#0840112200000001
(1788539089.786865) can0 03FF1000#0840112200000001
(1788539089.891873) can0 03FF1000#0840112200000001
(1788539089.905475) can0 04FF3400#0000095C00000000
(1788539089.996866) can0 03FF1000#0840112200000001
(1788539090.101862) can0 03FF1000#0840112200000001
(1788539090.206861) can0 03FF1000#0840112200000001
(1788539090.311891) can0 03FF1000#0840112200000001
(1788539090.416880) can0 03FF1000#0840112200000001
(1788539090.521887) can0 03FF1000#0840112200000001
(1788539090.626873) can0 03FF1000#0840112200000001
(1788539090.731876) can0 03FF1000#0840112200000001
(1788539090.836891) can0 03FF1000#0840112200000001
(1788539090.941905) can0 03FF1000#0840112200000001
(1788539091.046879) can0 03FF1000#0840112200000001
(1788539091.151877) can0 03FF1000#0840112200000001
(1788539091.256894) can0 03FF1000#0840112200000001
(1788539091.361943) can0 03FF1000#0840112200000001
(1788539091.466912) can0 03FF1000#0840112200000001
(1788539091.571918) can0 03FF1000#0840112200000001
(1788539091.676898) can0 03FF1000#0840112200000001
(1788539091.781904) can0 03FF1000#0840112200000001
(1788539091.886956) can0 03FF1000#0840112200000001
(1788539091.991924) can0 03FF1000#0840112200000001
(1788539092.096931) can0 03FF1000#0840112200000001
(1788539092.201912) can0 03FF1000#0840112200000001
(1788539092.306917) can0 03FF1000#0840112200000001
(1788539092.411967) can0 03FF1000#0840112200000001
(1788539092.516950) can0 03FF1000#0840112200000001
(1788539092.621950) can0 03FF1000#0840112200000001
(1788539092.726931) can0 03FF1000#0840112200000001
(1788539092.831937) can0 03FF1000#0840112200000001
(1788539092.936957) can0 03FF1000#0840112200000001
(1788539093.041958) can0 03FF1000#0840112200000001
(1788539093.146963) can0 03FF1000#0840112200000001
(1788539093.251938) can0 03FF1000#0840112200000001
(1788539093.356949) can0 03FF1000#0840112200000001
(1788539093.461944) can0 03FF1000#0840112200000001
(1788539093.566982) can0 03FF1000#0840112200000001
(1788539093.671973) can0 03FF1000#0840112200000001
(1788539093.776962) can0 03FF1000#0840112200000001
(1788539093.881963) can0 03FF1000#0840112200000001
(1788539093.986989) can0 03FF1000#0840112200000001
(1788539094.092004) can0 03FF1000#0840112200000001
(1788539094.196983) can0 03FF1000#0840112200000001
(1788539094.301982) can0 03FF1000#0840112200000001
(1788539094.406979) can0 03FF1000#0840112200000001
(1788539094.512001) can0 03FF1000#0840112200000001
(1788539094.617014) can0 03FF1000#0840112200000001
(1788539094.722059) can0 03FF1000#0840112200000001
(1788539094.826995) can0 03FF1000#0840112200000001
(1788539094.931997) can0 03FF1000#0840112200000001
(1788539095.037015) can0 03FF1000#0840112200000001
(1788539095.142033) can0 03FF1000#0840112200000001
(1788539095.247064) can0 03FF1000#0840112200000001
(1788539095.352013) can0 03FF1000#0840112200000001
(1788539095.457021) can0 03FF1000#0840112200000001
(1788539095.562009) can0 03FF1000#0840112200000001
(1788539095.667040) can0 03FF1000#0840112200000001
(1788539095.772038) can0 03FF1000#0840112200000001
(1788539095.877026) can0 03FF1000#0840112200000001
(1788539095.982028) can0 03FF1000#0840112200000001
(1788539096.087060) can0 03FF1000#0840112200000001
(1788539096.192053) can0 03FF1000#0840112200000001
(1788539096.297058) can0 03FF1000#0840112200000001
(1788539096.402047) can0 03FF1000#0840112200000001
(1788539096.507035) can0 03FF1000#0840112200000001
(1788539096.612041) can0 03FF1000#0840112200000001
(1788539096.717078) can0 03FF1000#0840112200000001
(1788539096.822072) can0 03FF1000#0840112200000001
(1788539096.927051) can0 03FF1000#0840112200000001
(1788539097.032060) can0 03FF1000#0840112200000001
(1788539097.137062) can0 03FF1000#0840112200000001
(1788539097.242081) can0 03FF1000#0840112200000001
(1788539097.347081) can0 03FF1000#0840112200000001
(1788539097.452074) can0 03FF1000#0840112200000001
(1788539097.557130) can0 03FF1000#0840112200000001
(1788539097.662105) can0 03FF1000#0840112200000001
(1788539097.767092) can0 03FF1000#0840112200000001
(1788539097.872097) can0 03FF1000#0840112200000001
(1788539097.977093) can0 03FF1000#0840112200000001
(1788539098.082137) can0 03FF1000#0840112200000001
(1788539098.187082) can0 03FF1000#0840112200000001
(1788539098.292118) can0 03FF1000#0840112200000001
(1788539098.397118) can0 03FF1000#0840112200000001
(1788539098.502106) can0 03FF1000#0840112200000001
(1788539098.607154) can0 03FF1000#0840112200000001
(1788539098.712106) can0 03FF1000#0840112200000001
(1788539098.817123) can0 03FF1000#0840112200000001
(1788539098.922139) can0 03FF1000#0840112200000001
(1788539099.027131) can0 03FF1000#0840112200000001
(1788539099.132112) can0 03FF1000#0840112200000001
(1788539099.237131) can0 03FF1000#0840112200000001
(1788539099.342149) can0 03FF1000#0840112200000001
(1788539099.447143) can0 03FF1000#0840112200000001
(1788539099.552143) can0 03FF1000#0840112200000001
(1788539099.657132) can0 03FF1000#0840112200000001
(1788539099.762137) can0 03FF1000#0840112200000001
(1788539099.867160) can0 03FF1000#0840112200000001
(1788539099.905473) can0 04FF3400#0000095D00000000
(1788539099.972170) can0 03FF1000#0840112200000001
(1788539100.077144) can0 03FF1000#0840112200000001
(1788539100.182156) can0 03FF1000#0840112200000001
(1788539100.287163) can0 03FF1000#0840112200000001
(1788539100.392168) can0 03FF1000#0840112200000001
(1788539100.497184) can0 03FF1000#0840112200000001
(1788539100.602160) can0 03FF1000#0840112200000001
(1788539100.707170) can0 03FF1000#0840112200000001
(1788539100.812163) can0 03FF1000#0840112200000001
(1788539100.917229) can0 03FF1000#0840112200000001
(1788539101.022186) can0 03FF1000#0840112200000001
(1788539101.127195) can0 03FF1000#0840112200000001
(1788539101.232186) can0 03FF1000#0840112200000001
(1788539101.337184) can0 03FF1000#0840112200000001
(1788539101.442235) can0 03FF1000#0840112200000001
(1788539101.547203) can0 03FF1000#0840112200000001
(1788539101.652209) can0 03FF1000#0840112200000001
(1788539101.757190) can0 03FF1000#0840112200000001
(1788539101.862183) can0 03FF1000#0840112200000001
(1788539101.967261) can0 03FF1000#0840112200000001
(1788539102.072229) can0 03FF1000#0840112200000001
(1788539102.177217) can0 03FF1000#0840112200000001
(1788539102.282210) can0 03FF1000#0840112200000001
(1788539102.387208) can0 03FF1000#0840112200000001
(1788539102.492236) can0 03FF1000#0840112200000001
(1788539102.597235) can0 03FF1000#0840112200000001
(1788539102.702228) can0 03FF1000#0840112200000001
(1788539102.807221) can0 03FF1000#0840112200000001
(1788539102.912235) can0 03FF1000#0840112200000001
(1788539103.017268) can0 03FF1000#0840112200000001
(1788539103.122263) can0 03FF1000#0840112200000001
(1788539103.227243) can0 03FF1000#0840112200000001
(1788539103.332241) can0 03FF1000#0840112200000001
(1788539103.437255) can0 03FF1000#0840112200000001
(1788539103.542264) can0 03FF1000#0840112200000001
(1788539103.647281) can0 03FF1000#0840112200000001
(1788539103.752274) can0 03FF1000#0840112200000001
(1788539103.857266) can0 03FF1000#0840112200000001
(1788539103.962268) can0 03FF1000#0840112200000001
(1788539104.067287) can0 03FF1000#0840112200000001
(1788539104.172286) can0 03FF1000#0840112200000001
(1788539104.277336) can0 03FF1000#0840112200000001
(1788539104.382284) can0 03FF1000#0840112200000001
(1788539104.487288) can0 03FF1000#0840112200000001
(1788539104.592312) can0 03FF1000#0840112200000001
(1788539104.697305) can0 03FF1000#0840112200000001
(1788539104.802348) can0 03FF1000#0840112200000001
(1788539104.907294) can0 03FF1000#0840112200000001
(1788539105.012301) can0 03FF1000#0840112200000001
(1788539105.117320) can0 03FF1000#0840112200000001
(1788539105.222312) can0 03FF1000#0840112200000001
(1788539105.327318) can0 03FF1000#0840112200000001
(1788539105.432327) can0 03FF1000#0840112200000001
(1788539105.537333) can0 03FF1000#0840112200000001
(1788539105.642339) can0 03FF1000#0840112200000001
(1788539105.747345) can0 03FF1000#0840112200000001
(1788539105.852350) can0 03FF1000#0840112200000001
(1788539105.957360) can0 03FF1000#0840112200000001
(1788539106.062365) can0 03FF1000#0840112200000001
(1788539106.167372) can0 03FF1000#0840112200000001
(1788539106.272378) can0 03FF1000#0840112200000001
(1788539106.377383) can0 03FF1000#0840112200000001
(1788539106.482390) can0 03FF1000#0840112200000001
(1788539106.587397) can0 03FF1000#0840112200000001
(1788539106.692403) can0 03FF1000#0840112200000001
(1788539106.797409) can0 03FF1000#0840112200000001
(1788539106.902417) can0 03FF1000#0840112200000001
(1788539107.007350) can0 03FF1000#0840112200000001
(1788539107.112429) can0 03FF1000#0840112200000001
(1788539107.217372) can0 03FF1000#0840112200000001
(1788539107.322440) can0 03FF1000#0840112200000001
(1788539107.427375) can0 03FF1000#0840112200000001
(1788539107.532361) can0 03FF1000#0840112200000001
(1788539107.637461) can0 03FF1000#0840112200000001
(1788539107.742392) can0 03FF1000#0840112200000001
(1788539107.847406) can0 03FF1000#0840112200000001
(1788539107.952394) can0 03FF1000#0840112200000001
(1788539108.057380) can0 03FF1000#0840112200000001
(1788539108.162423) can0 03FF1000#0840112200000001
(1788539108.267418) can0 03FF1000#0840112200000001
(1788539108.372418) can0 03FF1000#0840112200000001
(1788539108.477413) can0 03FF1000#0840112200000001
(1788539108.582393) can0 03FF1000#0840112200000001
(1788539108.687399) can0 03FF1000#0840112200000001
(1788539108.792406) can0 03FF1000#0840112200000001
(1788539108.897425) can0 03FF1000#0840112200000001
(1788539109.002426) can0 03FF1000#0840112200000001
(1788539109.107410) can0 03FF1000#0840112200000001
(1788539109.212415) can0 03FF1000#0840112200000001
(1788539109.317437) can0 03FF1000#0840112200000001
(1788539109.422442) can0 03FF1000#0840112200000001
(1788539109.527440) can0 03FF1000#0840112200000001
(1788539109.632433) can0 03FF1000#0840112200000001
(1788539109.737444) can0 03FF1000#0840112200000001
(1788539109.842429) can0 03FF1000#0840112200000001
(1788539109.905456) can0 04FF3400#0000095E00000000
(1788539109.947458) can0 03FF1000#0840112200000001
(1788539110.052458) can0 03FF1000#0840112200000001
(1788539110.157448) can0 03FF1000#0840112200000001
(1788539110.262452) can0 03FF1000#0840112200000001
(1788539110.367472) can0 03FF1000#0840112200000001
(1788539110.472504) can0 03FF1000#0840112200000001
(1788539110.577465) can0 03FF1000#0840112200000001
(1788539110.682459) can0 03FF1000#0840112200000001
(1788539110.787457) can0 03FF1000#0840112200000001
(1788539110.892489) can0 03FF1000#0840112200000001
(1788539110.997512) can0 03FF1000#0840112200000001
(1788539111.102484) can0 03FF1000#0840112200000001
(1788539111.207477) can0 03FF1000#0840112200000001
(1788539111.312483) can0 03FF1000#0840112200000001
(1788539111.417473) can0 03FF1000#0840112200000001
(1788539111.522536) can0 03FF1000#0840112200000001
(1788539111.627498) can0 03FF1000#0840112200000001
(1788539111.732498) can0 03FF1000#0840112200000001
(1788539111.837488) can0 03FF1000#0840112200000001
(1788539111.942499) can0 03FF1000#0840112200000001
(1788539112.047529) can0 03FF1000#0840112200000001
(1788539112.152522) can0 03FF1000#0840112200000001
(1788539112.257510) can0 03FF1000#0840112200000001
(1788539112.362509) can0 03FF1000#0840112200000001
(1788539112.467510) can0 03FF1000#0840112200000001
(1788539112.572536) can0 03FF1000#0840112200000001
(1788539112.677536) can0 03FF1000#0840112200000001
(1788539112.782529) can0 03FF1000#0840112200000001
(1788539112.887523) can0 03FF1000#0840112200000001
(1788539112.992530) can0 03FF1000#0840112200000001
(1788539113.097537) can0 03FF1000#0840112200000001
(1788539113.202556) can0 03FF1000#0840112200000001
(1788539113.307536) can0 03FF1000#0840112200000001
(1788539113.412549) can0 03FF1000#0840112200000001
(1788539113.517543) can0 03FF1000#0840112200000001
(1788539113.622575) can0 03FF1000#0840112200000001
(1788539113.727563) can0 03FF1000#0840112200000001
(1788539113.832606) can0 03FF1000#0840112200000001
(1788539113.937563) can0 03FF1000#0840112200000001
(1788539114.042557) can0 03FF1000#0840112200000001
(1788539114.147571) can0 03FF1000#0840112200000001
(1788539114.252583) can0 03FF1000#0840112200000001
(1788539114.357627) can0 03FF1000#0840112200000001
(1788539114.462577) can0 03FF1000#0840112200000001
(1788539114.567576) can0 03FF1000#0840112200000001
(1788539114.672607) can0 03FF1000#0840112200000001
(1788539114.777601) can0 03FF1000#0840112200000001
(1788539114.882600) can0 03FF1000#0840112200000001
(1788539114.987596) can0 03FF1000#0840112200000001
(1788539115.092592) can0 03FF1000#0840112200000001
(1788539115.197622) can0 03FF1000#0840112200000001
(1788539115.302614) can0 03FF1000#0840112200000001
(1788539115.407607) can0 03FF1000#0840112200000001
(1788539115.512596) can0 03FF1000#0840112200000001
(1788539115.617600) can0 03FF1000#0840112200000001
(1788539115.722633) can0 03FF1000#0840112200000001
(1788539115.827633) can0 03FF1000#0840112200000001
(1788539115.932634) can0 03FF1000#0840112200000001
(1788539116.037614) can0 03FF1000#0840112200000001
(1788539116.142615) can0 03FF1000#0840112200000001
(1788539116.247652) can0 03FF1000#0840112200000001
(1788539116.352652) can0 03FF1000#0840112200000001
(1788539116.457635) can0 03FF1000#0840112200000001
(1788539116.562628) can0 03FF1000#0840112200000001
(1788539116.667691) can0 03FF1000#0840112200000001
(1788539116.772659) can0 03FF1000#0840112200000001
(1788539116.877644) can0 03FF1000#0840112200000001
(1788539116.982667) can0 03FF1000#0840112200000001
(1788539117.087654) can0 03FF1000#0840112200000001
(1788539117.192705) can0 03FF1000#0840112200000001
(1788539117.297669) can0 03FF1000#0840112200000001
(1788539117.402686) can0 03FF1000#0840112200000001
(1788539117.507674) can0 03FF1000#0840112200000001
(1788539117.612667) can0 03FF1000#0840112200000001
(1788539117.717724) can0 03FF1000#0840112200000001
(1788539117.822686) can0 03FF1000#0840112200000001
(1788539117.927693) can0 03FF1000#0840112200000001
(1788539118.032687) can0 03FF1000#0840112200000001
(1788539118.137681) can0 03FF1000#0840112200000001
(1788539118.242675) can0 03FF1000#0840112200000001
(1788539118.347706) can0 03FF1000#0840112200000001
(1788539118.452706) can0 03FF1000#0840112200000001
(1788539118.557693) can0 03FF1000#0840112200000001
(1788539118.662700) can0 03FF1000#0840112200000001
(1788539118.767705) can0 03FF1000#0840112200000001
(1788539118.872732) can0 03FF1000#0840112200000001
(1788539118.977727) can0 03FF1000#0840112200000001
(1788539119.082727) can0 03FF1000#0840112200000001
(1788539119.187706) can0 03FF1000#0840112200000001
(1788539119.292725) can0 03FF1000#0840112200000001
(1788539119.397739) can0 03FF1000#0840112200000001
(1788539119.502726) can0 03FF1000#0840112200000001
(1788539119.607733) can0 03FF1000#0840112200000001
(1788539119.712719) can0 03FF1000#0840112200000001
(1788539119.817721) can0 03FF1000#0840112200000001
(1788539119.855453) can0 04FF3603#0300000000000000
(1788539119.905457) can0 04FF3400#0000095F00000000
(1788539119.922752) can0 03FF1000#0840112200000001
(1788539120.027811) can0 03FF1000#0840112200000001
(1788539120.132752) can0 03FF1000#0840112200000001
(1788539120.237740) can0 03FF1000#0840112200000001
(1788539120.342753) can0 03FF1000#0840112200000001
(1788539120.447752) can0 03FF1000#0840112200000001
(1788539120.552811) can0 03FF1000#0840112200000001
(1788539120.657765) can0 03FF1000#0840112200000001
(1788539120.762759) can0 03FF1000#0840112200000001
(1788539120.867763) can0 03FF1000#0840112200000001
(1788539120.972793) can0 03FF1000#0840112200000001
(1788539121.077811) can0 03FF1000#0840112200000001
(1788539121.182788) can0 03FF1000#0840112200000001
(1788539121.287774) can0 03FF1000#0840112200000001
(1788539121.392772) can0 03FF1000#0840112200000001
(1788539121.497812) can0 03FF1000#0840112200000001
(1788539121.602798) can0 03FF1000#0840112200000001
(1788539121.707798) can0 03FF1000#0840112200000001
(1788539121.812797) can0 03FF1000#0840112200000001
(1788539121.917799) can0 03FF1000#0840112200000001
(1788539122.022824) can0 03FF1000#0840112200000001
(1788539122.127820) can0 03FF1000#0840112200000001
(1788539122.232806) can0 03FF1000#0840112200000001
(1788539122.337810) can0 03FF1000#0840112200000001
(1788539122.442812) can0 03FF1000#0840112200000001
(1788539122.547812) can0 03FF1000#0840112200000001
(1788539122.652843) can0 03FF1000#0840112200000001
(1788539122.757830) can0 03FF1000#0840112200000001
(1788539122.862823) can0 03FF1000#0840112200000001
(1788539122.967832) can0 03FF1000#0840112200000001
(1788539123.072863) can0 03FF1000#0840112200000001
(1788539123.177843) can0 03FF1000#0840112200000001
(1788539123.282844) can0 03FF1000#0840112200000001
(1788539123.387893) can0 03FF1000#0840112200000001
(1788539123.492852) can0 03FF1000#0840112200000001
(1788539123.597838) can0 03FF1000#0840112200000001
(1788539123.702870) can0 03FF1000#0840112200000001
(1788539123.807869) can0 03FF1000#0840112200000001
(1788539123.912908) can0 03FF1000#0840112200000001
(1788539124.017865) can0 03FF1000#0840112200000001
(1788539124.122879) can0 03FF1000#0840112200000001
(1788539124.227876) can0 03FF1000#0840112200000001
(1788539124.332889) can0 03FF1000#0840112200000001
(1788539124.437883) can0 03FF1000#0840112200000001
(1788539124.542868) can0 03FF1000#0840112200000001
(1788539124.647877) can0 03FF1000#0840112200000001
(1788539124.752896) can0 03FF1000#0840112200000001
(1788539124.857902) can0 03FF1000#0840112200000001
(1788539124.962879) can0 03FF1000#0840112200000001
(1788539125.067885) can0 03FF1000#0840112200000001
(1788539125.172915) can0 03FF1000#0840112200000001
(1788539125.277915) can0 03FF1000#0840112200000001
(1788539125.382911) can0 03FF1000#0840112200000001
(1788539125.487891) can0 03FF1000#0840112200000001
(1788539125.592896) can0 03FF1000#0840112200000001
(1788539125.697898) can0 03FF1000#0840112200000001
(1788539125.802924) can0 03FF1000#0840112200000001
(1788539125.907941) can0 03FF1000#0840112200000001
(1788539126.012911) can0 03FF1000#0840112200000001
(1788539126.117919) can0 03FF1000#0840112200000001
(1788539126.222975) can0 03FF1000#0840112200000001
(1788539126.327942) can0 03FF1000#0840112200000001
(1788539126.432949) can0 03FF1000#0840112200000001
(1788539126.537943) can0 03FF1000#0840112200000001
(1788539126.642927) can0 03FF1000#0840112200000001
(1788539126.747980) can0 03FF1000#0840112200000001
(1788539126.852968) can0 03FF1000#0840112200000001
(1788539126.957962) can0 03FF1000#0840112200000001
(1788539127.062948) can0 03FF1000#0840112200000001
(1788539127.167946) can0 03FF1000#0840112200000001
(1788539127.273014) can0 03FF1000#0840112200000001
(1788539127.377974) can0 03FF1000#0840112200000001
(1788539127.482982) can0 03FF1000#0840112200000001
(1788539127.587976) can0 03FF1000#0840112200000001
(1788539127.692956) can0 03FF1000#0840112200000001
(1788539127.797961) can0 03FF1000#0840112200000001
(1788539127.902996) can0 03FF1000#0840112200000001
(1788539128.007995) can0 03FF1000#0840112200000001
(1788539128.112995) can0 03FF1000#0840112200000001
(1788539128.217994) can0 03FF1000#0840112200000001
(1788539128.322978) can0 03FF1000#0840112200000001
(1788539128.428009) can0 03FF1000#0840112200000001
(1788539128.533015) can0 03FF1000#0840112200000001
(1788539128.638008) can0 03FF1000#0840112200000001
(1788539128.743007) can0 03FF1000#0840112200000001
(1788539128.848000) can0 03FF1000#0840112200000001
(1788539128.953022) can0 03FF1000#0840112200000001
(1788539129.058029) can0 03FF1000#0840112200000001
(1788539129.163014) can0 03FF1000#0840112200000001
(1788539129.268014) can0 03FF1000#0840112200000001
(1788539129.373026) can0 03FF1000#0840112200000001
(1788539129.478041) can0 03FF1000#0840112200000001
(1788539129.583095) can0 03FF1000#0840112200000001
(1788539129.688033) can0 03FF1000#0840112200000001
(1788539129.793034) can0 03FF1000#0840112200000001
(1788539129.898034) can0 03FF1000#0840112200000001
(1788539129.905441) can0 04FF3400#0000096000000000
(1788539130.003055) can0 03FF1000#0840112200000001
(1788539130.108114) can0 03FF1000#0840112200000001
(1788539130.213048) can0 03FF1000#0840112200000001
(1788539130.318038) can0 03FF1000#0840112200000001
(1788539130.423047) can0 03FF1000#0840112200000001
(1788539130.528074) can0 03FF1000#0840112200000001
(1788539130.633088) can0 03FF1000#0840112200000001
(1788539130.738066) can0 03FF1000#0840112200000001
(1788539130.843060) can0 03FF1000#0840112200000001
(1788539130.948068) can0 03FF1000#0840112200000001
(1788539131.053093) can0 03FF1000#0840112200000001
(1788539131.158080) can0 03FF1000#0840112200000001
(1788539131.263073) can0 03FF1000#0840112200000001
(1788539131.368080) can0 03FF1000#0840112200000001
(1788539131.473075) can0 03FF1000#0840112200000001
(1788539131.578109) can0 03FF1000#0840112200000001
(1788539131.683112) can0 03FF1000#0840112200000001
(1788539131.788099) can0 03FF1000#0840112200000001
(1788539131.893099) can0 03FF1000#0840112200000001
(1788539131.998091) can0 03FF1000#0840112200000001
(1788539132.103126) can0 03FF1000#0840112200000001
(1788539132.208119) can0 03FF1000#0840112200000001
(1788539132.313119) can0 03FF1000#0840112200000001
(1788539132.418106) can0 03FF1000#0840112200000001
(1788539132.523115) can0 03FF1000#0840112200000001
(1788539132.628140) can0 03FF1000#0840112200000001
(1788539132.733138) can0 03FF1000#0840112200000001
(1788539132.838133) can0 03FF1000#0840112200000001
(1788539132.943184) can0 03FF1000#0840112200000001
(1788539133.048121) can0 03FF1000#0840112200000001
(1788539133.153162) can0 03FF1000#0840112200000001
(1788539133.258146) can0 03FF1000#0840112200000001
(1788539133.363132) can0 03FF1000#0840112200000001
(1788539133.468196) can0 03FF1000#0840112200000001
(1788539133.573144) can0 03FF1000#0840112200000001
(1788539133.678169) can0 03FF1000#0840112200000001
(1788539133.783158) can0 03FF1000#0840112200000001
(1788539133.888152) can0 03FF1000#0840112200000001
(1788539133.993164) can0 03FF1000#0840112200000001
(1788539134.098143) can0 03FF1000#0840112200000001
(1788539134.203173) can0 03FF1000#0840112200000001
(1788539134.308178) can0 03FF1000#0840112200000001
(1788539134.413184) can0 03FF1000#0840112200000001
(1788539134.518167) can0 03FF1000#0840112200000001
(1788539134.623171) can0 03FF1000#0840112200000001
(1788539134.728197) can0 03FF1000#0840112200000001
(1788539134.833197) can0 03FF1000#0840112200000001
(1788539134.938190) can0 03FF1000#0840112200000001
(1788539135.043184) can0 03FF1000#0840112200000001
(1788539135.148191) can0 03FF1000#0840112200000001
(1788539135.253217) can0 03FF1000#0840112200000001
(1788539135.358212) can0 03FF1000#0840112200000001
(1788539135.463210) can0 03FF1000#0840112200000001
(1788539135.568198) can0 03FF1000#0840112200000001
(1788539135.673204) can0 03FF1000#0840112200000001
(1788539135.778253) can0 03FF1000#0840112200000001
(1788539135.883242) can0 03FF1000#0840112200000001
(1788539135.988229) can0 03FF1000#0840112200000001
(1788539136.093211) can0 03FF1000#0840112200000001
(1788539136.198216) can0 03FF1000#0840112200000001
(1788539136.303281) can0 03FF1000#0840112200000001
(1788539136.408243) can0 03FF1000#0840112200000001
(1788539136.513237) can0 03FF1000#0840112200000001
(1788539136.618243) can0 03FF1000#0840112200000001
(1788539136.723249) can0 03FF1000#0840112200000001
(1788539136.828288) can0 03FF1000#0840112200000001
(1788539136.933262) can0 03FF1000#0840112200000001
(1788539137.038269) can0 03FF1000#0840112200000001
(1788539137.143276) can0 03FF1000#0840112200000001
(1788539137.248281) can0 03FF1000#0840112200000001
(1788539137.353288) can0 03FF1000#0840112200000001
(1788539137.458294) can0 03FF1000#0840112200000001
(1788539137.563301) can0 03FF1000#0840112200000001
(1788539137.668308) can0 03FF1000#0840112200000001
(1788539137.773314) can0 03FF1000#0840112200000001
(1788539137.878321) can0 03FF1000#0840112200000001
(1788539137.983327) can0 03FF1000#0840112200000001
(1788539138.088335) can0 03FF1000#0840112200000001
(1788539138.193274) can0 03FF1000#0840112200000001
(1788539138.298276) can0 03FF1000#0840112200000001
(1788539138.403279) can0 03FF1000#0840112200000001
(1788539138.508299) can0 03FF1000#0840112200000001
(1788539138.613304) can0 03FF1000#0840112200000001
(1788539138.718286) can0 03FF1000#0840112200000001
(1788539138.823304) can0 03FF1000#0840112200000001
(1788539138.928304) can0 03FF1000#0840112200000001
(1788539139.033318) can0 03FF1000#0840112200000001
(1788539139.138403) can0 03FF1000#0840112200000001
(1788539139.243314) can0 03FF1000#0840112200000001
(1788539139.348306) can0 03FF1000#0840112200000001
(1788539139.453336) can0 03FF1000#0840112200000001
(1788539139.558342) can0 03FF1000#0840112200000001
(1788539139.663431) can0 03FF1000#0840112200000001
(1788539139.768330) can0 03FF1000#0840112200000001
(1788539139.873324) can0 03FF1000#0840112200000001
(1788539139.905445) can0 04FF3400#0000096100000000
(1788539139.978325) can0 03FF1000#0840112200000001
(1788539140.083349) can0 03FF1000#0840112200000001
(1788539140.188364) can0 03FF1000#0840112200000001
(1788539140.293347) can0 03FF1000#0840112200000001
(1788539140.398338) can0 03FF1000#0840112200000001
(1788539140.503345) can0 03FF1000#0840112200000001
(1788539140.608369) can0 03FF1000#0840112200000001
(1788539140.713363) can0 03FF1000#0840112200000001
(1788539140.818350) can0 03FF1000#0840112200000001
(1788539140.923364) can0 03FF1000#0840112200000001
(1788539141.028370) can0 03FF1000#0840112200000001
(1788539141.133397) can0 03FF1000#0840112200000001
(1788539141.238383) can0 03FF1000#0840112200000001
(1788539141.343377) can0 03FF1000#0840112200000001
(1788539141.448377) can0 03FF1000#0840112200000001
(1788539141.553363) can0 03FF1000#0840112200000001
(1788539141.658395) can0 03FF1000#0840112200000001
(1788539141.763396) can0 03FF1000#0840112200000001
(1788539141.868397) can0 03FF1000#0840112200000001
(1788539141.973384) can0 03FF1000#0840112200000001
(1788539142.078391) can0 03FF1000#0840112200000001
(1788539142.183418) can0 03FF1000#0840112200000001
(1788539142.288411) can0 03FF1000#0840112200000001
(1788539142.393417) can0 03FF1000#0840112200000001
(1788539142.498456) can0 03FF1000#0840112200000001
(1788539142.603410) can0 03FF1000#0840112200000001
(1788539142.708442) can0 03FF1000#0840112200000001
(1788539142.813433) can0 03FF1000#0840112200000001
(1788539142.918417) can0 03FF1000#0840112200000001
(1788539143.023475) can0 03FF1000#0840112200000001
(1788539143.128417) can0 03FF1000#0840112200000001
