(1788796509.824733) can0 03FF1000#0840112200000001
(1788796509.929737) can0 03FF1000#0840112200000001
(1788796510.034735) can0 03FF1000#0840112200000001
(1788796510.139744) can0 03FF1000#0840112200000001
(1788796510.244745) can0 03FF1000#0840112200000001
(1788796510.349750) can0 03FF1000#0840112200000001
(1788796510.454760) can0 03FF1000#0840112200000001
(1788796510.559763) can0 03FF1000#0840112200000001
(1788796510.664770) can0 03FF1000#0840112200000001
(1788796510.769775) can0 03FF1000#0840112200000001
(1788796510.874781) can0 03FF1000#0840112200000001
(1788796510.979786) can0 03FF1000#0840112200000001
(1788796511.084791) can0 03FF1000#0840112200000001
(1788796511.189798) can0 03FF1000#0840112200000001
(1788796511.294802) can0 03FF1000#0840112200000001
(1788796511.399807) can0 03FF1000#0840112200000001
(1788796511.504814) can0 03FF1000#0840112200000001
(1788796511.609820) can0 03FF1000#0840112200000001
(1788796511.714826) can0 03FF1000#0840112200000001
(1788796511.819830) can0 03FF1000#0840112200000001
(1788796511.924837) can0 03FF1000#0840112200000001
(1788796512.029842) can0 03FF1000#0840112200000001
(1788796512.134847) can0 03FF1000#0840112200000001
(1788796512.239855) can0 03FF1000#0840112200000001
(1788796512.344858) can0 03FF1000#0840112200000001
(1788796512.449862) can0 03FF1000#0840112200000001
(1788796512.554871) can0 03FF1000#0840112200000001
(1788796512.659873) can0 03FF1000#0840112200000001
(1788796512.764878) can0 03FF1000#0840112200000001
(1788796512.869889) can0 03FF1000#0840112200000001
(1788796512.974891) can0 03FF1000#0840112200000001
(1788796513.079899) can0 03FF1000#0840112200000001
(1788796513.184907) can0 03FF1000#0840112200000001
(1788796513.289907) can0 03FF1000#0840112200000001
(1788796513.394916) can0 03FF1000#0840112200000001
(1788796513.499920) can0 03FF1000#0840112200000001
(1788796513.604927) can0 03FF1000#0840112200000001
(1788796513.709930) can0 03FF1000#0840112200000001
(1788796513.814934) can0 03FF1000#0840112200000001
(1788796513.919943) can0 03FF1000#0840112200000001
(1788796514.024947) can0 03FF1000#0840112200000001
(1788796514.129956) can0 03FF1000#0840112200000001
(1788796514.234958) can0 03FF1000#0840112200000001
(1788796514.339963) can0 03FF1000#0840112200000001
(1788796514.444969) can0 03FF1000#0840112200000001
(1788796514.549974) can0 03FF1000#0840112200000001
(1788796514.654984) can0 03FF1000#0840112200000001
(1788796514.759987) can0 03FF1000#0840112200000001
(1788796514.864992) can0 03FF1000#0840112200000001
(1788796514.970003) can0 03FF1000#0840112200000001
(1788796515.075004) can0 03FF1000#0840112200000001
(1788796515.180017) can0 03FF1000#0840112200000001
(1788796515.285017) can0 03FF1000#0840112200000001
(1788796515.390023) can0 03FF1000#0840112200000001
(1788796515.495028) can0 03FF1000#0840112200000001
(1788796515.600033) can0 03FF1000#0840112200000001
(1788796515.705042) can0 03FF1000#0840112200000001
(1788796515.810045) can0 03FF1000#0840112200000001
(1788796515.915055) can0 03FF1000#0840112200000001
(1788796516.020056) can0 03FF1000#0840112200000001
(1788796516.125059) can0 03FF1000#0840112200000001
(1788796516.230075) can0 03FF1000#0840112200000001
(1788796516.335072) can0 03FF1000#0840112200000001
(1788796516.440078) can0 03FF1000#0840112200000001
(1788796516.545085) can0 03FF1000#0840112200000001
(1788796516.650090) can0 03FF1000#0840112200000001
(1788796516.755099) can0 03FF1000#0840112200000001
(1788796516.860105) can0 03FF1000#0840112200000001
(1788796516.965110) can0 03FF1000#0840112200000001
(1788796517.070112) can0 03FF1000#0840112200000001
(1788796517.175121) can0 03FF1000#0840112200000001
(1788796517.280125) can0 03FF1000#0840112200000001
(1788796517.385128) can0 03FF1000#0840112200000001
(1788796517.490135) can0 03FF1000#0840112200000001
(1788796517.570231) can0 04FF3400#000008E400000000
(1788796517.595139) can0 03FF1000#0840112200000001
(1788796517.700147) can0 03FF1000#0840112200000001
(1788796517.805152) can0 03FF1000#0840112200000001
(1788796517.910161) can0 03FF1000#0840112200000001
(1788796518.015163) can0 03FF1000#0840112200000001
(1788796518.120167) can0 03FF1000#0840112200000001
(1788796518.225179) can0 03FF1000#0840112200000001
(1788796518.330181) can0 03FF1000#0840112200000001
(1788796518.435184) can0 03FF1000#0840112200000001
(1788796518.540190) can0 03FF1000#0840112200000001
(1788796518.645197) can0 03FF1000#0840112200000001
(1788796518.750201) can0 03FF1000#0840112200000001
(1788796518.855212) can0 03FF1000#0840112200000001
(1788796518.960222) can0 03FF1000#0840112200000001
(1788796519.065220) can0 03FF1000#0840112200000001
(1788796519.170232) can0 03FF1000#0840112200000001
(1788796519.275237) can0 03FF1000#0840112200000001
(1788796519.380239) can0 03FF1000#0840112200000001
(1788796519.485244) can0 03FF1000#0840112200000001
(1788796519.590249) can0 03FF1000#0840112200000001
(1788796519.695256) can0 03FF1000#0840112200000001
(1788796519.800259) can0 03FF1000#0840112200000001
(1788796519.905269) can0 03FF1000#0840112200000001
(1788796520.010269) can0 03FF1000#0840112200000001
(1788796520.115276) can0 03FF1000#0840112200000001
(1788796520.220285) can0 03FF1000#0840112200000001
(1788796520.325286) can0 03FF1000#0840112200000001
(1788796520.430294) can0 03FF1000#0840112200000001
(1788796520.535298) can0 03FF1000#0840112200000001
(1788796520.640304) can0 03FF1000#0840112200000001
(1788796520.745308) can0 03FF1000#0840112200000001
(1788796520.850317) can0 03FF1000#0840112200000001
(1788796520.955326) can0 03FF1000#0840112200000001
(1788796521.060327) can0 03FF1000#0840112200000001
(1788796521.165335) can0 03FF1000#0840112200000001
(1788796521.270336) can0 03FF1000#0840112200000001
(1788796521.375342) can0 03FF1000#0840112200000001
(1788796521.480350) can0 03FF1000#0840112200000001
(1788796521.585354) can0 03FF1000#0840112200000001
(1788796521.690362) can0 03FF1000#0840112200000001
(1788796521.795366) can0 03FF1000#0840112200000001
(1788796521.900374) can0 03FF1000#0840112200000001
(1788796522.005379) can0 03FF1000#0840112200000001
(1788796522.110383) can0 03FF1000#0840112200000001
(1788796522.215392) can0 03FF1000#0840112200000001
(1788796522.320394) can0 03FF1000#0840112200000001
(1788796522.425398) can0 03FF1000#0840112200000001
(1788796522.530406) can0 03FF1000#0840112200000001
(1788796522.635412) can0 03FF1000#0840112200000001
(1788796522.740417) can0 03FF1000#0840112200000001
(1788796522.845423) can0 03FF1000#0840112200000001
(1788796522.950430) can0 03FF1000#0840112200000001
(1788796523.055435) can0 03FF1000#0840112200000001
(1788796523.160442) can0 03FF1000#0840112200000001
(1788796523.265444) can0 03FF1000#0840112200000001
(1788796523.370450) can0 03FF1000#0840112200000001
(1788796523.475460) can0 03FF1000#0840112200000001
(1788796523.580466) can0 03FF1000#0840112200000001
(1788796523.685472) can0 03FF1000#0840112200000001
(1788796523.790477) can0 03FF1000#0840112200000001
(1788796523.895483) can0 03FF1000#0840112200000001
(1788796524.000487) can0 03FF1000#0840112200000001
(1788796524.105493) can0 03FF1000#0840112200000001
(1788796524.210500) can0 03FF1000#0840112200000001
(1788796524.315503) can0 03FF1000#0840112200000001
(1788796524.420509) can0 03FF1000#0840112200000001
(1788796524.525515) can0 03FF1000#0840112200000001
(1788796524.630521) can0 03FF1000#0840112200000001
(1788796524.735527) can0 03FF1000#0840112200000001
(1788796524.840533) can0 03FF1000#0840112200000001
(1788796524.945539) can0 03FF1000#0840112200000001
(1788796525.050543) can0 03FF1000#0840112200000001
(1788796525.155554) can0 03FF1000#0840112200000001
(1788796525.260555) can0 03FF1000#0840112200000001
(1788796525.365560) can0 03FF1000#0840112200000001
(1788796525.470566) can0 03FF1000#0840112200000001
(1788796525.575572) can0 03FF1000#0840112200000001
(1788796525.680579) can0 03FF1000#0840112200000001
(1788796525.785584) can0 03FF1000#0840112200000001
(1788796525.890588) can0 03FF1000#0840112200000001
(1788796525.995594) can0 03FF1000#0840112200000001
(1788796526.100599) can0 03FF1000#0840112200000001
(1788796526.205608) can0 03FF1000#0840112200000001
(1788796526.310612) can0 03FF1000#0840112200000001
(1788796526.415617) can0 03FF1000#0840112200000001
(1788796526.520622) can0 03FF1000#0840112200000001
(1788796526.625627) can0 03FF1000#0840112200000001
(1788796526.730637) can0 03FF1000#0840112200000001
(1788796526.835642) can0 03FF1000#0840112200000001
(1788796526.940647) can0 03FF1000#0840112200000001
(1788796527.045650) can0 03FF1000#0840112200000001
(1788796527.150657) can0 03FF1000#0840112200000001
(1788796527.255665) can0 03FF1000#0840112200000001
(1788796527.360669) can0 03FF1000#0840112200000001
(1788796527.465673) can0 03FF1000#0840112200000001
(1788796527.570679) can0 03FF1000#0840112200000001
(1788796527.570728) can0 04FF3400#000008E500000000
(1788796527.675685) can0 03FF1000#0840112200000001
(1788796527.780691) can0 03FF1000#0840112200000001
(1788796527.885697) can0 03FF1000#0840112200000001
(1788796527.990701) can0 03FF1000#0840112200000001
(1788796528.095706) can0 03FF1000#0840112200000001
(1788796528.200713) can0 03FF1000#0840112200000001
(1788796528.305728) can0 03FF1000#0840112200000001
(1788796528.410727) can0 03FF1000#0840112200000001
(1788796528.515730) can0 03FF1000#0840112200000001
(1788796528.620735) can0 03FF1000#0840112200000001
(1788796528.725746) can0 03FF1000#0840112200000001
(1788796528.830749) can0 03FF1000#0840112200000001
(1788796528.935752) can0 03FF1000#0840112200000001
(1788796529.040759) can0 03FF1000#0840112200000001
(1788796529.145763) can0 03FF1000#0840112200000001
(1788796529.250769) can0 03FF1000#0840112200000001
(1788796529.355776) can0 03FF1000#0840112200000001
(1788796529.460782) can0 03FF1000#0840112200000001
(1788796529.565786) can0 03FF1000#0840112200000001
(1788796529.670792) can0 03FF1000#0840112200000001
(1788796529.775797) can0 03FF1000#0840112200000001
(1788796529.880805) can0 03FF1000#0840112200000001
(1788796529.985808) can0 03FF1000#0840112200000001
(1788796530.090814) can0 03FF1000#0840112200000001
(1788796530.195820) can0 03FF1000#0840112200000001
(1788796530.300826) can0 03FF1000#0840112200000001
(1788796530.405833) can0 03FF1000#0840112200000001
(1788796530.510837) can0 03FF1000#0840112200000001
(1788796530.615842) can0 03FF1000#0840112200000001
(1788796530.720849) can0 03FF1000#0840112200000001
(1788796530.825855) can0 03FF1000#0840112200000001
(1788796530.930862) can0 03FF1000#0840112200000001
(1788796531.035865) can0 03FF1000#0840112200000001
(1788796531.140871) can0 03FF1000#0840112200000001
(1788796531.245877) can0 03FF1000#0840112200000001
(1788796531.350882) can0 03FF1000#0840112200000001
(1788796531.455888) can0 03FF1000#0840112200000001
(1788796531.560892) can0 03FF1000#0840112200000001
(1788796531.665899) can0 03FF1000#0840112200000001
(1788796531.770905) can0 03FF1000#0840112200000001
(1788796531.875911) can0 03FF1000#0840112200000001
(1788796531.980917) can0 03FF1000#0840112200000001
(1788796532.085174) can0 03FF1000#0840112200000001
(1788796532.190181) can0 03FF1000#0840112200000001
(1788796532.295932) can0 03FF1000#0840112200000001
(1788796532.400939) can0 03FF1000#0840112200000001
(1788796532.505201) can0 03FF1000#0840112200000001
(1788796532.610179) can0 03FF1000#0840112200000001
(1788796532.715171) can0 03FF1000#0840112200000001
(1788796532.820194) can0 03FF1000#0840112200000001
(1788796532.925209) can0 03FF1000#0840112200000001
(1788796533.030216) can0 03FF1000#0840112200000001
(1788796533.135182) can0 03FF1000#0840112200000001
(1788796533.240192) can0 03FF1000#0840112200000001
(1788796533.345196) can0 03FF1000#0840112200000001
(1788796533.450225) can0 03FF1000#0840112200000001
(1788796533.555221) can0 03FF1000#0840112200000001
(1788796533.660215) can0 03FF1000#0840112200000001
(1788796533.765208) can0 03FF1000#0840112200000001
(1788796533.870260) can0 03FF1000#0840112200000001
(1788796533.975237) can0 03FF1000#0840112200000001
(1788796534.080225) can0 03FF1000#0840112200000001
(1788796534.185231) can0 03FF1000#0840112200000001
(1788796534.290212) can0 03FF1000#0840112200000001
(1788796534.395272) can0 03FF1000#0840112200000001
(1788796534.500247) can0 03FF1000#0840112200000001
(1788796534.605254) can0 03FF1000#0840112200000001
(1788796534.710236) can0 03FF1000#0840112200000001
(1788796534.815229) can0 03FF1000#0840112200000001
(1788796534.920282) can0 03FF1000#0840112200000001
(1788796535.025264) can0 03FF1000#0840112200000001
(1788796535.130258) can0 03FF1000#0840112200000001
(1788796535.235238) can0 03FF1000#0840112200000001
(1788796535.340246) can0 03FF1000#0840112200000001
(1788796535.445241) can0 03FF1000#0840112200000001
(1788796535.550268) can0 03FF1000#0840112200000001
(1788796535.655272) can0 03FF1000#0840112200000001
(1788796535.760257) can0 03FF1000#0840112200000001
(1788796535.865262) can0 03FF1000#0840112200000001
(1788796535.970256) can0 03FF1000#0840112200000001
(1788796536.075273) can0 03FF1000#0840112200000001
(1788796536.180282) can0 03FF1000#0840112200000001
(1788796536.285262) can0 03FF1000#0840112200000001
(1788796536.390257) can0 03FF1000#0840112200000001
(1788796536.495258) can0 03FF1000#0840112200000001
(1788796536.600290) can0 03FF1000#0840112200000001
(1788796536.705288) can0 03FF1000#0840112200000001
(1788796536.810278) can0 03FF1000#0840112200000001
(1788796536.915280) can0 03FF1000#0840112200000001
(1788796537.020290) can0 03FF1000#0840112200000001
(1788796537.125310) can0 03FF1000#0840112200000001
(1788796537.230350) can0 03FF1000#0840112200000001
(1788796537.335296) can0 03FF1000#0840112200000001
(1788796537.440289) can0 03FF1000#0840112200000001
(1788796537.545295) can0 03FF1000#0840112200000001
(1788796537.570214) can0 04FF3400#000008E600000000
(1788796537.650307) can0 03FF1000#0840112200000001
(1788796537.755377) can0 03FF1000#0840112200000001
(1788796537.860301) can0 03FF1000#0840112200000001
(1788796537.965305) can0 03FF1000#0840112200000001
(1788796538.070294) can0 03FF1000#0840112200000001
(1788796538.175329) can0 03FF1000#0840112200000001
(1788796538.280336) can0 03FF1000#0840112200000001
(1788796538.385316) can0 03FF1000#0840112200000001
(1788796538.490299) can0 03FF1000#0840112200000001
(1788796538.595316) can0 03FF1000#0840112200000001
(1788796538.700346) can0 03FF1000#0840112200000001
(1788796538.805342) can0 03FF1000#0840112200000001
(1788796538.910318) can0 03FF1000#0840112200000001
(1788796539.015328) can0 03FF1000#0840112200000001
(1788796539.120320) can0 03FF1000#0840112200000001
(1788796539.225350) can0 03FF1000#0840112200000001
(1788796539.330353) can0 03FF1000#0840112200000001
(1788796539.435350) can0 03FF1000#0840112200000001
(1788796539.540344) can0 03FF1000#0840112200000001
(1788796539.645338) can0 03FF1000#0840112200000001
(1788796539.750367) can0 03FF1000#0840112200000001
(1788796539.855376) can0 03FF1000#0840112200000001
(1788796539.960357) can0 03FF1000#0840112200000001
(1788796540.065408) can0 03FF1000#0840112200000001
(1788796540.170356) can0 03FF1000#0840112200000001
(1788796540.275372) can0 03FF1000#0840112200000001
(1788796540.380378) can0 03FF1000#0840112200000001
(1788796540.485371) can0 03FF1000#0840112200000001
(1788796540.590418) can0 03FF1000#0840112200000001
(1788796540.695383) can0 03FF1000#0840112200000001
(1788796540.800389) can0 03FF1000#0840112200000001
(1788796540.905396) can0 03FF1000#0840112200000001
(1788796541.010399) can0 03FF1000#0840112200000001
(1788796541.115417) can0 03FF1000#0840112200000001
(1788796541.220411) can0 03FF1000#0840112200000001
(1788796541.325417) can0 03FF1000#0840112200000001
(1788796541.430424) can0 03FF1000#0840112200000001
(1788796541.535429) can0 03FF1000#0840112200000001
(1788796541.640432) can0 03FF1000#0840112200000001
(1788796541.745440) can0 03FF1000#0840112200000001
(1788796541.850445) can0 03FF1000#0840112200000001
(1788796541.955453) can0 03FF1000#0840112200000001
(1788796542.060455) can0 03FF1000#0840112200000001
(1788796542.165459) can0 03FF1000#0840112200000001
(1788796542.270468) can0 03FF1000#0840112200000001
(1788796542.375473) can0 03FF1000#0840112200000001
(1788796542.480479) can0 03FF1000#0840112200000001
(1788796542.585482) can0 03FF1000#0840112200000001
(1788796542.690491) can0 03FF1000#0840112200000001
(1788796542.795496) can0 03FF1000#0840112200000001
(1788796542.900501) can0 03FF1000#0840112200000001
(1788796543.005507) can0 03FF1000#0840112200000001
(1788796543.110514) can0 03FF1000#0840112200000001
(1788796543.215519) can0 03FF1000#0840112200000001
(1788796543.320525) can0 03FF1000#0840112200000001
(1788796543.425527) can0 03FF1000#0840112200000001
(1788796543.530537) can0 03FF1000#0840112200000001
(1788796543.635541) can0 03FF1000#0840112200000001
(1788796543.740547) can0 03FF1000#0840112200000001
(1788796543.845552) can0 03FF1000#0840112200000001
(1788796543.950558) can0 03FF1000#0840112200000001
(1788796544.055563) can0 03FF1000#0840112200000001
(1788796544.160566) can0 03FF1000#0840112200000001
(1788796544.265575) can0 03FF1000#0840112200000001
(1788796544.370579) can0 03FF1000#0840112200000001
(1788796544.475583) can0 03FF1000#0840112200000001
(1788796544.580590) can0 03FF1000#0840112200000001
(1788796544.685597) can0 03FF1000#0840112200000001
(1788796544.790602) can0 03FF1000#0840112200000001
(1788796544.895608) can0 03FF1000#0840112200000001
(1788796545.000611) can0 03FF1000#0840112200000001
(1788796545.105619) can0 03FF1000#0840112200000001
(1788796545.210627) can0 03FF1000#0840112200000001
(1788796545.315631) can0 03FF1000#0840112200000001
(1788796545.420634) can0 03FF1000#0840112200000001
(1788796545.525638) can0 03FF1000#0840112200000001
(1788796545.630646) can0 03FF1000#0840112200000001
(1788796545.735654) can0 03FF1000#0840112200000001
(1788796545.840663) can0 03FF1000#0840112200000001
(1788796545.945665) can0 03FF1000#0840112200000001
(1788796546.050669) can0 03FF1000#0840112200000001
(1788796546.155677) can0 03FF1000#0840112200000001
(1788796546.260682) can0 03FF1000#0840112200000001
(1788796546.365688) can0 03FF1000#0840112200000001
(1788796546.470691) can0 03FF1000#0840112200000001
(1788796546.575696) can0 03FF1000#0840112200000001
(1788796546.680706) can0 03FF1000#0840112200000001
(1788796546.785710) can0 03FF1000#0840112200000001
(1788796546.890714) can0 03FF1000#0840112200000001
(1788796546.995719) can0 03FF1000#0840112200000001
(1788796547.100723) can0 03FF1000#0840112200000001
(1788796547.205734) can0 03FF1000#0840112200000001
(1788796547.310737) can0 03FF1000#0840112200000001
(1788796547.415741) can0 03FF1000#0840112200000001
(1788796547.520747) can0 03FF1000#0840112200000001
(1788796547.569992) can0 04FF3400#000008E700000000
(1788796547.570748) can0 04FF3603#0300000000000000
(1788796547.625752) can0 03FF1000#0840112200000001
(1788796547.730764) can0 03FF1000#0840112200000001
(1788796547.835767) can0 03FF1000#0840112200000001
(1788796547.940772) can0 03FF1000#0840112200000001
(1788796548.045775) can0 03FF1000#0840112200000001
(1788796548.150781) can0 03FF1000#0840112200000001
(1788796548.255790) can0 03FF1000#0840112200000001
(1788796548.360794) can0 03FF1000#0840112200000001
(1788796548.465798) can0 03FF1000#0840112200000001
(1788796548.570803) can0 03FF1000#0840112200000001
(1788796548.675812) can0 03FF1000#0840112200000001
(1788796548.780820) can0 03FF1000#0840112200000001
(1788796548.885823) can0 03FF1000#0840112200000001
(1788796548.990826) can0 03FF1000#0840112200000001
(1788796549.095833) can0 03FF1000#0840112200000001
(1788796549.200843) can0 03FF1000#0840112200000001
(1788796549.305847) can0 03FF1000#0840112200000001
(1788796549.410849) can0 03FF1000#0840112200000001
(1788796549.515853) can0 03FF1000#0840112200000001
(1788796549.620858) can0 03FF1000#0840112200000001
(1788796549.725867) can0 03FF1000#0840112200000001
(1788796549.830875) can0 03FF1000#0840112200000001
(1788796549.935878) can0 03FF1000#0840112200000001
(1788796550.040882) can0 03FF1000#0840112200000001
(1788796550.145886) can0 03FF1000#0840112200000001
(1788796550.250895) can0 03FF1000#0840112200000001
(1788796550.355903) can0 03FF1000#0840112200000001
(1788796550.460904) can0 03FF1000#0840112200000001
(1788796550.565910) can0 03FF1000#0840112200000001
(1788796550.670915) can0 03FF1000#0840112200000001
(1788796550.775924) can0 03FF1000#0840112200000001
(1788796550.880931) can0 03FF1000#0840112200000001
(1788796550.985933) can0 03FF1000#0840112200000001
(1788796551.090938) can0 03FF1000#0840112200000001
(1788796551.195946) can0 03FF1000#0840112200000001
(1788796551.300951) can0 03FF1000#0840112200000001
(1788796551.405959) can0 03FF1000#0840112200000001
(1788796551.510962) can0 03FF1000#0840112200000001
(1788796551.615966) can0 03FF1000#0840112200000001
(1788796551.720975) can0 03FF1000#0840112200000001
(1788796551.825980) can0 03FF1000#0840112200000001
(1788796551.930986) can0 03FF1000#0840112200000001
(1788796552.035988) can0 03FF1000#0840112200000001
(1788796552.140996) can0 03FF1000#0840112200000001
(1788796552.246004) can0 03FF1000#0840112200000001
(1788796552.351009) can0 03FF1000#0840112200000001
(1788796552.456013) can0 03FF1000#0840112200000001
(1788796552.561017) can0 03FF1000#0840112200000001
(1788796552.666023) can0 03FF1000#0840112200000001
(1788796552.771032) can0 03FF1000#0840112200000001
(1788796552.876038) can0 03FF1000#0840112200000001
(1788796552.981041) can0 03FF1000#0840112200000001
(1788796553.086046) can0 03FF1000#0840112200000001
(1788796553.191054) can0 03FF1000#0840112200000001
(1788796553.296058) can0 03FF1000#0840112200000001
(1788796553.401062) can0 03FF1000#0840112200000001
(1788796553.506073) can0 03FF1000#0840112200000001
(1788796553.611075) can0 03FF1000#0840112200000001
(1788796553.716083) can0 03FF1000#0840112200000001
(1788796553.821088) can0 03FF1000#0840112200000001
(1788796553.926093) can0 03FF1000#0840112200000001
(1788796554.031099) can0 03FF1000#0840112200000001
(1788796554.136101) can0 03FF1000#0840112200000001
(1788796554.241110) can0 03FF1000#0840112200000001
(1788796554.346116) can0 03FF1000#0840112200000001
(1788796554.451119) can0 03FF1000#0840112200000001
(1788796554.556126) can0 03FF1000#0840112200000001
(1788796554.661130) can0 03FF1000#0840112200000001
(1788796554.766138) can0 03FF1000#0840112200000001
(1788796554.871145) can0 03FF1000#0840112200000001
(1788796554.976149) can0 03FF1000#0840112200000001
(1788796555.081154) can0 03FF1000#0840112200000001
(1788796555.186165) can0 03FF1000#0840112200000001
(1788796555.291166) can0 03FF1000#0840112200000001
(1788796555.396170) can0 03FF1000#0840112200000001
(1788796555.501175) can0 03FF1000#0840112200000001
(1788796555.606182) can0 03FF1000#0840112200000001
(1788796555.711190) can0 03FF1000#0840112200000001
(1788796555.816195) can0 03FF1000#0840112200000001
(1788796555.921199) can0 03FF1000#0840112200000001
(1788796556.026204) can0 03FF1000#0840112200000001
(1788796556.131211) can0 03FF1000#0840112200000001
(1788796556.236216) can0 03FF1000#0840112200000001
(1788796556.341222) can0 03FF1000#0840112200000001
(1788796556.446227) can0 03FF1000#0840112200000001
(1788796556.551231) can0 03FF1000#0840112200000001
(1788796556.656238) can0 03FF1000#0840112200000001
(1788796556.761246) can0 03FF1000#0840112200000001
(1788796556.866251) can0 03FF1000#0840112200000001
(1788796556.971257) can0 03FF1000#0840112200000001
(1788796557.076259) can0 03FF1000#0840112200000001
(1788796557.181268) can0 03FF1000#0840112200000001
(1788796557.286274) can0 03FF1000#0840112200000001
(1788796557.391278) can0 03FF1000#0840112200000001
(1788796557.496282) can0 03FF1000#0840112200000001
(1788796557.570286) can0 04FF3400#000008E800000000
(1788796557.601287) can0 03FF1000#0840112200000001
(1788796557.706297) can0 03FF1000#0840112200000001
(1788796557.811303) can0 03FF1000#0840112200000001
(1788796557.916314) can0 03FF1000#0840112200000001
(1788796558.021315) can0 03FF1000#0840112200000001
(1788796558.126318) can0 03FF1000#0840112200000001
(1788796558.231328) can0 03FF1000#0840112200000001
(1788796558.336329) can0 03FF1000#0840112200000001
(1788796558.441334) can0 03FF1000#0840112200000001
(1788796558.546339) can0 03FF1000#0840112200000001
(1788796558.651344) can0 03FF1000#0840112200000001
(1788796558.756354) can0 03FF1000#0840112200000001
(1788796558.861359) can0 03FF1000#0840112200000001
(1788796558.966364) can0 03FF1000#0840112200000001
(1788796559.071367) can0 03FF1000#0840112200000001
(1788796559.176372) can0 03FF1000#0840112200000001
(1788796559.281382) can0 03FF1000#0840112200000001
(1788796559.386386) can0 03FF1000#0840112200000001
(1788796559.491389) can0 03FF1000#0840112200000001
(1788796559.596394) can0 03FF1000#0840112200000001
(1788796559.701403) can0 03FF1000#0840112200000001
(1788796559.806410) can0 03FF1000#0840112200000001
(1788796559.911414) can0 03FF1000#0840112200000001
(1788796560.016417) can0 03FF1000#0840112200000001
(1788796560.121422) can0 03FF1000#0840112200000001
(1788796560.226431) can0 03FF1000#0840112200000001
(1788796560.331437) can0 03FF1000#0840112200000001
(1788796560.436441) can0 03FF1000#0840112200000001
(1788796560.541446) can0 03FF1000#0840112200000001
(1788796560.646451) can0 03FF1000#0840112200000001
(1788796560.751459) can0 03FF1000#0840112200000001
(1788796560.856469) can0 03FF1000#0840112200000001
(1788796560.961470) can0 03FF1000#0840112200000001
(1788796561.066474) can0 03FF1000#0840112200000001
(1788796561.171481) can0 03FF1000#0840112200000001
(1788796561.276488) can0 03FF1000#0840112200000001
(1788796561.381495) can0 03FF1000#0840112200000001
(1788796561.486497) can0 03FF1000#0840112200000001
(1788796561.591503) can0 03FF1000#0840112200000001
(1788796561.696509) can0 03FF1000#0840112200000001
(1788796561.801515) can0 03FF1000#0840112200000001
(1788796561.906522) can0 03FF1000#0840112200000001
(1788796562.011525) can0 03FF1000#0840112200000001
(1788796562.116531) can0 03FF1000#0840112200000001
(1788796562.221539) can0 03FF1000#0840112200000001
(1788796562.326543) can0 03FF1000#0840112200000001
(1788796562.431550) can0 03FF1000#0840112200000001
(1788796562.536553) can0 03FF1000#0840112200000001
(1788796562.641558) can0 03FF1000#0840112200000001
(1788796562.746567) can0 03FF1000#0840112200000001
(1788796562.851572) can0 03FF1000#0840112200000001
(1788796562.956578) can0 03FF1000#0840112200000001
(1788796563.061581) can0 03FF1000#0840112200000001
(1788796563.166586) can0 03FF1000#0840112200000001
(1788796563.271595) can0 03FF1000#0840112200000001
(1788796563.376599) can0 03FF1000#0840112200000001
(1788796563.481608) can0 03FF1000#0840112200000001
(1788796563.586612) can0 03FF1000#0840112200000001
(1788796563.691614) can0 03FF1000#0840112200000001
(1788796563.795879) can0 03FF1000#0840112200000001
(1788796563.900871) can0 03FF1000#0840112200000001
(1788796564.005865) can0 03FF1000#0840112200000001
(1788796564.110888) can0 03FF1000#0840112200000001
(1788796564.215900) can0 03FF1000#0840112200000001
(1788796564.320882) can0 03FF1000#0840112200000001
(1788796564.425886) can0 03FF1000#0840112200000001
(1788796564.530881) can0 03FF1000#0840112200000001
(1788796564.635907) can0 03FF1000#0840112200000001
(1788796564.740915) can0 03FF1000#0840112200000001
(1788796564.845911) can0 03FF1000#0840112200000001
(1788796564.950900) can0 03FF1000#0840112200000001
(1788796565.055898) can0 03FF1000#0840112200000001
(1788796565.160925) can0 03FF1000#0840112200000001
(1788796565.265933) can0 03FF1000#0840112200000001
(1788796565.370899) can0 03FF1000#0840112200000001
(1788796565.475907) can0 03FF1000#0840112200000001
(1788796565.580903) can0 03FF1000#0840112200000001
(1788796565.685919) can0 03FF1000#0840112200000001
(1788796565.790939) can0 03FF1000#0840112200000001
(1788796565.895967) can0 03FF1000#0840112200000001
(1788796566.000911) can0 03FF1000#0840112200000001
(1788796566.105919) can0 03FF1000#0840112200000001
(1788796566.210933) can0 03FF1000#0840112200000001
(1788796566.315954) can0 03FF1000#0840112200000001
(1788796566.420983) can0 03FF1000#0840112200000001
(1788796566.525929) can0 03FF1000#0840112200000001
(1788796566.630933) can0 03FF1000#0840112200000001
(1788796566.735966) can0 03FF1000#0840112200000001
(1788796566.840960) can0 03FF1000#0840112200000001
(1788796566.945965) can0 03FF1000#0840112200000001
(1788796567.050946) can0 03FF1000#0840112200000001
(1788796567.155943) can0 03FF1000#0840112200000001
(1788796567.260959) can0 03FF1000#0840112200000001
(1788796567.365964) can0 03FF1000#0840112200000001
(1788796567.470952) can0 03FF1000#0840112200000001
(1788796567.569823) can0 04FF3400#000008E900000000
(1788796567.575951) can0 03FF1000#0840112200000001
(1788796567.680956) can0 03FF1000#0840112200000001
(1788796567.785971) can0 03FF1000#0840112200000001
(1788796567.890993) can0 03FF1000#0840112200000001
(1788796567.995973) can0 03FF1000#0840112200000001
(1788796568.100954) can0 03FF1000#0840112200000001
(1788796568.205977) can0 03FF1000#0840112200000001
(1788796568.310993) can0 03FF1000#0840112200000001
(1788796568.415995) can0 03FF1000#0840112200000001
(1788796568.520977) can0 03FF1000#0840112200000001
(1788796568.625966) can0 03FF1000#0840112200000001
(1788796568.731028) can0 03FF1000#0840112200000001
(1788796568.836008) can0 03FF1000#0840112200000001
(1788796568.941003) can0 03FF1000#0840112200000001
(1788796569.046001) can0 03FF1000#0840112200000001
(1788796569.150989) can0 03FF1000#0840112200000001
(1788796569.256045) can0 03FF1000#0840112200000001
(1788796569.361013) can0 03FF1000#0840112200000001
(1788796569.466018) can0 03FF1000#0840112200000001
(1788796569.571000) can0 03FF1000#0840112200000001
(1788796569.676004) can0 03FF1000#0840112200000001
(1788796569.781061) can0 03FF1000#0840112200000001
(1788796569.886025) can0 03FF1000#0840112200000001
(1788796569.991034) can0 03FF1000#0840112200000001
(1788796570.096016) can0 03FF1000#0840112200000001
(1788796570.201021) can0 03FF1000#0840112200000001
(1788796570.306027) can0 03FF1000#0840112200000001
(1788796570.411047) can0 03FF1000#0840112200000001
(1788796570.516026) can0 03FF1000#0840112200000001
(1788796570.621021) can0 03FF1000#0840112200000001
(1788796570.726041) can0 03FF1000#0840112200000001
(1788796570.831026) can0 03FF1000#0840112200000001
(1788796570.936064) can0 03FF1000#0840112200000001
(1788796571.041054) can0 03FF1000#0840112200000001
(1788796571.146045) can0 03FF1000#0840112200000001
(1788796571.251036) can0 03FF1000#0840112200000001
(1788796571.356041) can0 03FF1000#0840112200000001
(1788796571.461067) can0 03FF1000#0840112200000001
(1788796571.566056) can0 03FF1000#0840112200000001
(1788796571.671054) can0 03FF1000#0840112200000001
(1788796571.776054) can0 03FF1000#0840112200000001
(1788796571.881058) can0 03FF1000#0840112200000001
(1788796571.986072) can0 03FF1000#0840112200000001
(1788796572.091134) can0 03FF1000#0840112200000001
(1788796572.196070) can0 03FF1000#0840112200000001
(1788796572.301078) can0 03FF1000#0840112200000001
(1788796572.406086) can0 03FF1000#0840112200000001
(1788796572.511089) can0 03FF1000#0840112200000001
(1788796572.616115) can0 03FF1000#0840112200000001
(1788796572.721102) can0 03FF1000#0840112200000001
(1788796572.826106) can0 03FF1000#0840112200000001
(1788796572.931114) can0 03FF1000#0840112200000001
(1788796573.036117) can0 03FF1000#0840112200000001
(1788796573.141123) can0 03FF1000#0840112200000001
(1788796573.246130) can0 03FF1000#0840112200000001
(1788796573.351135) can0 03FF1000#0840112200000001
(1788796573.456141) can0 03FF1000#0840112200000001
(1788796573.561147) can0 03FF1000#0840112200000001
(1788796573.666153) can0 03FF1000#0840112200000001
(1788796573.771160) can0 03FF1000#0840112200000001
(1788796573.876163) can0 03FF1000#0840112200000001
(1788796573.981172) can0 03FF1000#0840112200000001
(1788796574.086174) can0 03FF1000#0840112200000001
(1788796574.191179) can0 03FF1000#0840112200000001
(1788796574.296185) can0 03FF1000#0840112200000001
(1788796574.401191) can0 03FF1000#0840112200000001
(1788796574.506197) can0 03FF1000#0840112200000001
(1788796574.611201) can0 03FF1000#0840112200000001
(1788796574.716208) can0 03FF1000#0840112200000001
(1788796574.821215) can0 03FF1000#0840112200000001
(1788796574.924219) can0 02294609#
(1788796574.926218) can0 03FF1000#0840112200000001
(1788796574.938218) can0 05124609#010003D403CA00
(1788796575.031224) can0 03FF1000#0840112200000001
(1788796575.136230) can0 03FF1000#0840112200000001
(1788796575.241238) can0 03FF1000#0840112200000001
(1788796575.346242) can0 03FF1000#0840112200000001
(1788796575.451247) can0 03FF1000#0840112200000001
(1788796575.556254) can0 03FF1000#0840112200000001
(1788796575.661257) can0 03FF1000#0840112200000001
(1788796575.766266) can0 03FF1000#0840112200000001
(1788796575.871274) can0 03FF1000#0840112200000001
(1788796575.976277) can0 03FF1000#0840112200000001
(1788796576.081281) can0 03FF1000#0840112200000001
(1788796576.186287) can0 03FF1000#0840112200000001
(1788796576.291293) can0 03FF1000#0840112200000001
(1788796576.396298) can0 03FF1000#0840112200000001
(1788796576.501302) can0 03FF1000#0840112200000001
(1788796576.606311) can0 03FF1000#0840112200000001
(1788796576.711316) can0 03FF1000#0840112200000001
(1788796576.816320) can0 03FF1000#0840112200000001
(1788796576.921326) can0 03FF1000#0840112200000001
(1788796577.026332) can0 03FF1000#0840112200000001
(1788796577.131338) can0 03FF1000#0840112200000001
(1788796577.236345) can0 03FF1000#0840112200000001
(1788796577.341350) can0 03FF1000#0840112200000001
(1788796577.446352) can0 03FF1000#0840112200000001
(1788796577.551358) can0 03FF1000#0840112200000001
(1788796577.570369) can0 04FF3400#000008EA00000000
(1788796577.656366) can0 03FF1000#0840112200000001
(1788796577.761372) can0 03FF1000#0840112200000001
(1788796577.866378) can0 03FF1000#0840112200000001
(1788796577.971383) can0 03FF1000#0840112200000001
(1788796578.076387) can0 03FF1000#0840112200000001
(1788796578.181394) can0 03FF1000#0840112200000001
(1788796578.286400) can0 03FF1000#0840112200000001
(1788796578.391405) can0 03FF1000#0840112200000001
(1788796578.496409) can0 03FF1000#0840112200000001
(1788796578.601415) can0 03FF1000#0840112200000001
(1788796578.706422) can0 03FF1000#0840112200000001
(1788796578.811443) can0 03FF1000#0840112200000001
(1788796578.916434) can0 03FF1000#0840112200000001
(1788796579.021436) can0 03FF1000#0840112200000001
(1788796579.126446) can0 03FF1000#0840112200000001
(1788796579.231455) can0 03FF1000#0840112200000001
(1788796579.336456) can0 03FF1000#0840112200000001
(1788796579.441462) can0 03FF1000#0840112200000001
(1788796579.546466) can0 03FF1000#0840112200000001
(1788796579.651471) can0 03FF1000#0840112200000001
(1788796579.756480) can0 03FF1000#0840112200000001
(1788796579.861486) can0 03FF1000#0840112200000001
(1788796579.966490) can0 03FF1000#0840112200000001
(1788796580.071494) can0 03FF1000#0840112200000001
(1788796580.176500) can0 03FF1000#0840112200000001
(1788796580.281508) can0 03FF1000#0840112200000001
(1788796580.386513) can0 03FF1000#0840112200000001
(1788796580.491518) can0 03FF1000#0840112200000001
(1788796580.596521) can0 03FF1000#0840112200000001
(1788796580.701528) can0 03FF1000#0840112200000001
(1788796580.806537) can0 03FF1000#0840112200000001
(1788796580.911540) can0 03FF1000#0840112200000001
(1788796581.016543) can0 03FF1000#0840112200000001
(1788796581.121549) can0 03FF1000#0840112200000001
(1788796581.226558) can0 03FF1000#0840112200000001
(1788796581.331565) can0 03FF1000#0840112200000001
(1788796581.436566) can0 03FF1000#0840112200000001
(1788796581.541572) can0 03FF1000#0840112200000001
(1788796581.646579) can0 03FF1000#0840112200000001
(1788796581.751587) can0 03FF1000#0840112200000001
(1788796581.856594) can0 03FF1000#0840112200000001
(1788796581.961597) can0 03FF1000#0840112200000001
(1788796582.001597) can0 02472602#334B2BB5112C53AB
(1788796582.066600) can0 03FF1000#0840112200000001
(1788796582.135731) can0 08122602#0100000000000000
(1788796582.171605) can0 03FF1000#0840112200000001
(1788796582.276614) can0 03FF1000#0840112200000001
(1788796582.334618) can0 08122602#0100000000000000
(1788796582.381618) can0 03FF1000#0840112200000001
(1788796582.486622) can0 03FF1000#0840112200000001
(1788796582.532625) can0 08122602#0100000000000000
(1788796582.591628) can0 03FF1000#0840112200000001
(1788796582.696634) can0 03FF1000#0840112200000001
(1788796582.730766) can0 08122602#0100000000000000
(1788796582.801642) can0 03FF1000#0840112200000001
(1788796582.802642) can0 02407600#0100000000000000
(1788796582.906647) can0 03FF1000#0840112200000001
(1788796583.011651) can0 03FF1000#0840112200000001
(1788796583.116657) can0 03FF1000#0840112200000001
(1788796583.221665) can0 03FF1000#0840112200000001
(1788796583.326671) can0 03FF1000#0840112200000001
(1788796583.402917) can0 02407600#0100000000000000
(1788796583.431674) can0 03FF1000#0840112200000001
(1788796583.536682) can0 03FF1000#0840112200000001
(1788796583.641687) can0 03FF1000#0840112200000001
(1788796583.746694) can0 03FF1000#0840112200000001
(1788796583.851701) can0 03FF1000#0840112200000001
(1788796583.956706) can0 03FF1000#0840112200000001
(1788796584.003705) can0 02407600#0100000000000000
(1788796584.061707) can0 03FF1000#0840112200000001
(1788796584.166713) can0 03FF1000#0840112200000001
(1788796584.271722) can0 03FF1000#0840112200000001
(1788796584.376726) can0 03FF1000#0840112200000001
(1788796600.710617) can0 02407600#0100000000000000
(1788796600.710649) can0 02407600#0100000000000000
(1788796600.711604) can0 02407600#0100000000000000
(1788796600.728641) can0 02294503#0000000000000000
(1788796600.729601) can0 05124503#00150C0900000C62
(1788796600.733623) can0 02294503#0000000000000000
(1788796600.734600) can0 05124503#00150C0900000C62
(1788796600.738600) can0 02294503#0000000000000000
(1788796600.739600) can0 05124503#00150C0900000C62
(1788796600.743604) can0 02294503#0000000000000000
(1788796600.744604) can0 05124503#00150C0900000C62
(1788796600.748602) can0 02294503#0000000000000000
(1788796600.749601) can0 05124503#00150C0900000C62
(1788796600.827703) can0 03FF1000#0040112200000001
(1788796600.932695) can0 03FF1000#0040112200000001
(1788796601.021618) can0 08F97603#0101010100000000
(1788796601.037699) can0 03FF1000#0040112200000001
(1788796601.142680) can0 03FF1000#0040112200000001
(1788796601.247747) can0 03FF1000#0040112200000001
(1788796601.319636) can0 08F97603#0101000000000000
(1788796601.352733) can0 03FF1000#0040112200000001
(1788796601.420638) can0 02294609#
(1788796601.421637) can0 05124609#010003D403CA00
(1788796601.457709) can0 03FF1000#0040112200000001
(1788796601.562715) can0 03FF1000#0040112200000001
(1788796601.616775) can0 08F97603#0101000000000000
(1788796601.667705) can0 03FF1000#0040112200000001
(1788796601.772752) can0 03FF1000#0040112200000001
(1788796601.877713) can0 03FF1000#0040112200000001
(1788796601.912680) can0 02294601#
(1788796601.913775) can0 05124601#007300000000
(1788796601.914663) can0 08F97603#0101000000000000
(1788796601.982715) can0 03FF1000#0040112200000001
(1788796602.087721) can0 03FF1000#0040112200000001
(1788796602.192726) can0 03FF1000#0040112200000001
(1788796602.212681) can0 08F97603#0101000000000000
(1788796602.297757) can0 03FF1000#0040112200000001
(1788796602.402741) can0 03FF1000#0040112200000001
(1788796602.411692) can0 02294500#
(1788796602.411747) can0 02294501#
(1788796602.412690) can0 02203607#0000000300000000
(1788796602.412756) can0 05124500#0500
(1788796602.412818) can0 05124501#0103
(1788796602.421691) can0 02294602#
(1788796602.422691) can0 05124602#0B10111011101110
(1788796602.431692) can0 02294503#
(1788796602.432691) can0 05124503#00150C0900000C62
(1788796602.451692) can0 02294609#
(1788796602.452692) can0 05124609#010003D403CA00
(1788796602.491696) can0 02294611#
(1788796602.492694) can0 05124611#0061368C0000352F
(1788796602.507730) can0 03FF1000#0040112200000001
(1788796602.509707) can0 08F97603#0101000000000000
(1788796602.612748) can0 03FF1000#0040112200000001
(1788796602.681709) can0 02181606#0100190001030200
(1788796602.722709) can0 03FF1000#0840112200000001
(1788796602.733708) can0 03FF1001#0000000000000000
(1788796602.743712) can0 03FF1603#0000D07900000000
(1788796602.754711) can0 03FF1605#0100000000000000
(1788796602.757709) can0 05FF4610#0000D0E5FFFFFFCF
(1788796602.764709) can0 03121606#0100000000000000
(1788796602.775710) can0 03FF1600#142B000104001319
(1788796602.785713) can0 03FF1601#6E50000000000000
(1788796602.791771) can0 02181606#0100190001030200
(1788796602.796711) can0 03FF1602#000005000000FED4
(1788796602.806712) can0 03FF1604#0000000000000000
(1788796602.827716) can0 03FF1000#0840112200000001
(1788796602.838715) can0 03FF1001#0000000000000000
(1788796602.848714) can0 03FF1603#0000D07900000000
(1788796602.859715) can0 03FF1605#0100000000000000
(1788796602.869716) can0 03121606#0000000000000000
(1788796602.911718) can0 05FF4001#0000000000000000
(1788796602.913717) can0 05FF4000#0000000000000000
(1788796602.920717) can0 08F97603#0101000000000000
(1788796602.931718) can0 02294603#
(1788796602.932719) can0 05124603#1110101014101410
(1788796602.932958) can0 03FF1000#0840112200000001
(1788796602.943718) can0 03FF1001#0000000000000000
(1788796602.953719) can0 03FF1603#0000D07900000000
(1788796602.964720) can0 03FF1605#0100000000000000
(1788796603.005723) can0 05FF4602#0B10111011101010
(1788796603.015722) can0 05FF4603#1110101014101410
(1788796603.025724) can0 05FF4604#1110121015101510
(1788796603.035724) can0 05FF4605#1010000000000000
(1788796603.037723) can0 03FF1000#0840112200000001
(1788796603.048725) can0 03FF1001#0000000000000000
(1788796603.056725) can0 05FF4610#0000D0E3FFFFFFD5
(1788796603.058725) can0 03FF1603#0000D07900000000
(1788796603.065725) can0 05FF4606#1E1E1D
(1788796603.069725) can0 03FF1605#0100000000000000
(1788796603.075725) can0 05FF4607#1E1D1D
(1788796603.085727) can0 05FF4608#0019007C
(1788796603.095729) can0 05FF4609#010003D403CA00
(1788796603.142731) can0 03FF1000#0840112200000001
(1788796603.153731) can0 03FF1001#0000000000000000
(1788796603.163731) can0 03FF1603#0000D07900000000
(1788796603.174732) can0 03FF1605#0100000000000000
(1788796603.216965) can0 08F97603#0101000000000000
(1788796603.245747) can0 05FF4400#00000000
(1788796603.247738) can0 03FF1000#0840112200000001
(1788796603.258736) can0 03FF1001#0000000000000000
(1788796603.268736) can0 03FF1603#0000D07900000000
(1788796603.279737) can0 03FF1605#0100000000000000
(1788796603.295738) can0 05FF4600#0D0300900303
(1788796603.317740) can0 05FF4610#0000D0E3FFFFFFD5
(1788796603.345743) can0 05FF4601#007300000000
(1788796603.352741) can0 03FF1000#0840112200000001
(1788796603.363742) can0 03FF1001#0000000000000000
(1788796603.373746) can0 03FF1603#0000D07900000000
(1788796603.384743) can0 03FF1605#0100000000000000
(1788796603.457746) can0 03FF1000#0840112200000001
(1788796603.462746) can0 02294604#
(1788796603.463746) can0 05124604#1110121015101510
(1788796603.468746) can0 03FF1001#0000000000000000
(1788796603.478747) can0 03FF1603#0000D07900000000
(1788796603.489762) can0 03FF1605#0100000000000000
(1788796603.514754) can0 08F97603#0101000000000000
(1788796603.562752) can0 03FF1000#0840112200000001
(1788796603.573752) can0 03FF1001#0000000000000000
(1788796603.578752) can0 05FF4610#0000D0E3FFFFFFD5
(1788796603.583752) can0 03FF1603#0000D07900000000
(1788796603.594753) can0 03FF1605#0100000000000000
(1788796603.667757) can0 03FF1000#0840112200000001
(1788796603.678757) can0 03FF1001#0000000000000000
(1788796603.688758) can0 03FF1603#0000D07900000000
(1788796603.699759) can0 03FF1605#0100000000000000
(1788796603.741761) can0 03FF1600#142B000104001319
(1788796603.751767) can0 03FF1601#6E50000000000000
(1788796603.762763) can0 03FF1602#000005000000157C
(1788796603.772763) can0 03FF1604#0000000000000000
(1788796603.783764) can0 03FF1000#0840112200000001
(1788796603.793764) can0 03FF1001#0000000000000000
(1788796603.804764) can0 03FF1603#0000D07900000000
(1788796603.812915) can0 02FF2602#71F3895D2DA71A17
(1788796603.813764) can0 02294609#0000000000000000
(1788796603.814764) can0 03FF1605#0100000000000000
(1788796603.824950) can0 05124609#030003D403CA00
(1788796603.868771) can0 05FF4610#0000D0E3FFFFFFBF
(1788796603.877769) can0 03FF1000#0840112200000001
(1788796603.888769) can0 03FF1001#0000000000000000
(1788796603.898769) can0 03FF1603#0000D07900000000
(1788796603.909770) can0 03FF1605#0100000000000000
(1788796603.964993) can0 05FF4001#0000000000000000
(1788796603.967004) can0 05FF4000#0000000000000000
(1788796603.973773) can0 02294605#
(1788796603.974946) can0 05124605#1110000000000000
(1788796603.982773) can0 03FF1000#0840112200000001
(1788796603.993774) can0 03FF1001#0000000000000000
(1788796604.003776) can0 03FF1603#0000D07900000000
(1788796604.014776) can0 03FF1605#0100000000000000
(1788796604.046994) can0 05FF4602#0B10111011101010
(1788796604.056998) can0 05FF4603#1110101013101410
(1788796604.067010) can0 05FF4604#1110121015101510
(1788796604.077022) can0 05FF4605#1110000000000000
(1788796604.087779) can0 03FF1000#0840112200000001
(1788796604.098780) can0 03FF1001#0000000000000000
(1788796604.106827) can0 05FF4606#1E1E1D
(1788796604.108780) can0 03FF1603#0000D07900000000
(1788796604.116850) can0 05FF4607#1E1D1D
(1788796604.119780) can0 03FF1605#0100000000000000
(1788796604.126908) can0 05FF4608#0019007C
(1788796604.138782) can0 05FF4609#030003D403CA00
(1788796604.142782) can0 05FF4610#0000D0E3FFFFFFBF
(1788796604.192786) can0 03FF1000#0840112200000001
(1788796604.203786) can0 03FF1001#0000000000000000
(1788796604.213786) can0 03FF1603#0000D07900000000
(1788796604.224787) can0 03FF1605#0100000000000000
(1788796604.297793) can0 03FF1000#0840112200000001
(1788796604.308791) can0 03FF1001#0000000000000000
(1788796604.318793) can0 03FF1603#0000D07900000000
(1788796604.323792) can0 02FF2602#71F3895D2DA71A17
(1788796604.323962) can0 02294609#0000000000000000
(1788796604.324895) can0 05124609#030003D403CA00
(1788796604.329792) can0 03FF1605#0100000000000000
(1788796604.402800) can0 03FF1000#0840112200000001
(1788796604.403797) can0 02417500#
(1788796604.403852) can0 02417500#
(1788796604.403918) can0 02417500#
(1788796604.404797) can0 05FF4610#0000D0E3FFFFFFBF
(1788796604.412798) can0 08F97500#000000F400000000
(1788796604.413072) can0 03FF1001#0000000000000000
(1788796604.417798) can0 08F97500#000000F400000000
(1788796604.422797) can0 08F97500#000000F400000000
(1788796604.423798) can0 02417501#
(1788796604.423864) can0 02417501#
(1788796604.423914) can0 02417501#
(1788796604.424798) can0 03FF1603#0000D07900000000
(1788796604.432007) can0 08F97501#0000001500000000
(1788796604.434798) can0 03FF1605#0100000000000000
(1788796604.436949) can0 08F97501#0000001500000000
(1788796604.441926) can0 08F97501#0000001500000000
(1788796604.444799) can0 02519500#
(1788796604.445799) can0 02519500#
(1788796604.445861) can0 02519500#
(1788796604.463800) can0 02181606#0100190001030200
(1788796604.483802) can0 02294601#
(1788796604.484801) can0 05124601#007300000000
(1788796604.507802) can0 03FF1000#0840112200000001
(1788796604.518803) can0 03FF1001#0000000000000000
(1788796604.528804) can0 03FF1603#0000D07900000000
(1788796604.539047) can0 03FF1605#0100000000000000
(1788796604.549805) can0 03121606#0000000000000000
(1788796604.612808) can0 03FF1000#0840112200000001
(1788796604.623811) can0 03FF1001#0000000000000000
(1788796604.633810) can0 03FF1603#0000D07900000000
(1788796604.644048) can0 03FF1605#0100000000000000
(1788796604.665813) can0 05FF4610#0000D0E3FFFFFFBF
(1788796604.717814) can0 03FF1000#0840112200000001
(1788796604.728815) can0 03FF1001#0000000000000000
(1788796604.738815) can0 03FF1603#0000D07900000000
(1788796604.749819) can0 03FF1605#0100000000000000
(1788796604.759819) can0 03FF1600#142B000104001319
(1788796604.770061) can0 03FF1601#6E50000000000000
(1788796604.780818) can0 03FF1602#000005000000157C
(1788796604.791822) can0 03FF1604#0000000000000000
(1788796604.822822) can0 03FF1000#0840112200000001
(1788796604.833064) can0 03FF1001#0000000000000000
(1788796604.843823) can0 03FF1603#0000D07900000000
(1788796604.854822) can0 03FF1605#0100000000000000
(1788796604.927827) can0 03FF1000#0840112200000001
(1788796604.938081) can0 03FF1001#0000000000000000
(1788796604.948827) can0 03FF1603#0000D07900000000
(1788796604.959082) can0 03FF1605#0100000000000000
(1788796604.965828) can0 05FF4610#0000D0E3FFFFFFC4
(1788796604.993830) can0 02294602#
(1788796604.994829) can0 05124602#0B10111011101010
(1788796605.007830) can0 05FF4001#0000000000000000
(1788796605.009830) can0 05FF4000#0000000000000000
(1788796605.032830) can0 03FF1000#0840112200000001
(1788796605.043081) can0 03FF1001#0000000000000000
(1788796605.053832) can0 03FF1603#0000D07900000000
(1788796605.064832) can0 03FF1605#0100000000000000
(1788796605.089834) can0 05FF4602#0B10111011101010
(1788796605.099835) can0 05FF4603#1110101013101410
(1788796605.109836) can0 05FF4604#1110121015101510
(1788796605.119836) can0 05FF4605#1110000000000000
(1788796605.137836) can0 03FF1000#0840112200000001
(1788796605.148092) can0 03FF1001#0000000000000000
(1788796605.151837) can0 05FF4606#1E1E1D
(1788796605.158838) can0 03FF1603#0000D07900000000
(1788796605.161838) can0 05FF4607#1E1C1D
(1788796605.169053) can0 03FF1605#0100000000000000
(1788796605.171838) can0 05FF4608#0019007C
(1788796605.181839) can0 05FF4609#030003D403CA00
(1788796605.229004) can0 05FF4610#0000D0E3FFFFFFC4
(1788796605.242842) can0 03FF1000#0840112200000001
(1788796605.253846) can0 03FF1001#0000000000000000
(1788796605.263846) can0 03FF1603#0000D07900000000
(1788796605.274099) can0 03FF1605#0100000000000000
(1788796605.347848) can0 03FF1000#0840112200000001
(1788796605.358070) can0 03FF1001#0000000000000000
(1788796605.368851) can0 03FF1603#0000D07900000000
(1788796605.379093) can0 03FF1605#0100000000000000
(1788796605.452855) can0 03FF1000#0840112200000001
(1788796605.463097) can0 03FF1001#0000000000000000
(1788796605.464853) can0 02519501#
(1788796605.464908) can0 02519501#
(1788796605.464958) can0 02519501#
(1788796605.473855) can0 03FF1603#0000D07900000000
(1788796605.484099) can0 03FF1605#0100000000000000
(1788796605.485855) can0 02FF2602#8113A92D0C2D452B
(1788796605.486855) can0 02294609#0000000000000000
(1788796605.487854) can0 05124609#030003D403CA00
(1788796605.493972) can0 05FF4610#0000D0E3FFFFFFC4
(1788796605.494855) can0 02181606#0000000000030200
(1788796605.504856) can0 02294603#
(1788796605.504969) can0 05124603#1110101013101410
(1788796605.505856) can0 03FF1605#0000000000000000
(1788796605.624863) can0 02181606#0100190001030200
(1788796605.672866) can0 1FF8B028#0000000000000000
(1788796605.708871) can0 03FF1000#0840112200000001
(1788796605.719102) can0 03FF1605#0000000000000000
(1788796605.729869) can0 03121606#0100000000000000
(1788796605.734869) can0 02181606#0100190001030200
(1788796605.761105) can0 03FF1600#142B000104001319
(1788796605.771874) can0 03FF1601#6E50000000000000
(1788796605.782126) can0 03FF1602#000005000000157C
(1788796605.792874) can0 03FF1604#0000000000000000
(1788796605.803097) can0 03FF1000#0840112200000001
(1788796605.813876) can0 03FF1001#0000000000000000
(1788796605.824105) can0 03FF1603#0000D07900000000
(1788796605.834873) can0 03FF1605#0100000000000000
(1788796605.845123) can0 03121606#0000000000000000
(1788796605.848101) can0 05FF4610#0000D0E3FFFFFFCF
(1788796605.862062) can0 02181606#0100190001030200
(1788796605.887878) can0 03FF1000#0840112200000001
(1788796605.897879) can0 03FF1001#0000000000000000
(1788796605.908099) can0 03FF1603#0000D07900000000
(1788796605.918879) can0 03FF1605#0100000000000000
(1788796605.929094) can0 03121606#0000000000000000
(1788796605.964880) can0 02181606#0100190001030200
(1788796605.990883) can0 05FF4001#0000000000000000
(1788796605.992138) can0 03FF1000#0840112200000001
(1788796605.992882) can0 05FF4000#0000000000000000
(1788796606.002883) can0 03FF1001#0000000000000000
(1788796606.013105) can0 03FF1603#0000D07900000000
(1788796606.014883) can0 02294604#
(1788796606.015883) can0 05124604#1110121015101510
(1788796606.023884) can0 03FF1605#0100000000000000
(1788796606.034128) can0 03121606#0000000000000000
(1788796606.072888) can0 05FF4602#0B10111011101010
(1788796606.083888) can0 05FF4603#1110101013101410
(1788796606.094888) can0 05FF4604#1110121015101510
(1788796606.097119) can0 03FF1000#0840112200000001
(1788796606.104889) can0 05FF4605#1110000000000000
(1788796606.107888) can0 03FF1001#0000000000000000
(1788796606.118097) can0 03FF1603#0000D07900000000
(1788796606.127890) can0 05FF4610#0000D0E3FFFFFFCF
(1788796606.128889) can0 03FF1605#0100000000000000
(1788796606.136890) can0 05FF4606#1E1E1D
(1788796606.139086) can0 03121606#0000000000000000
(1788796606.146890) can0 05FF4607#1E1D1D
(1788796606.156892) can0 05FF4608#0019007C
(1788796606.166892) can0 05FF4609#010003D403CA00
(1788796606.202114) can0 03FF1000#0840112200000001
(1788796606.212894) can0 03FF1001#0000000000000000
(1788796606.223115) can0 03FF1603#0000D07900000000
(1788796606.233896) can0 03FF1605#0100000000000000
(1788796606.307135) can0 03FF1000#0840112200000001
(1788796606.317903) can0 03FF1001#0000000000000000
(1788796606.320900) can0 05FF4400#00000001
(1788796606.328098) can0 03FF1603#0000D07900000000
(1788796606.338902) can0 03FF1605#0100000000000000
(1788796606.370903) can0 05FF4600#0D0300900303
(1788796606.392906) can0 05FF4610#0000D0E3FFFFFFCF
(1788796606.412156) can0 03FF1000#0840112200000001
(1788796606.422906) can0 05FF4601#007300000000
(1788796606.423030) can0 03FF1001#0000000000000000
(1788796606.433115) can0 03FF1603#0000D07900000000
(1788796606.443906) can0 03FF1605#0100000000000000
(1788796606.475908) can0 02191602#0000000000000000
(1788796606.517143) can0 03FF1000#0840112200000001
(1788796606.525143) can0 02294605#
(1788796606.526911) can0 05124605#1110000000000000
(1788796606.527911) can0 03FF1001#0000000000000000
(1788796606.538108) can0 03FF1603#0000D07900000000
(1788796606.548912) can0 03FF1605#0100000000000000
(1788796606.622132) can0 03FF1000#0840112200000001
(1788796606.632917) can0 03FF1001#0000000000000000
(1788796606.643114) can0 03FF1603#0000D07900000000
(1788796606.653918) can0 03FF1605#0100000000000000
(1788796606.657918) can0 05FF4610#0000D0E3FFFFFFCF
(1788796606.727130) can0 03FF1000#0840112200000001
(1788796606.737923) can0 03FF1001#0000000000000000
(1788796606.748123) can0 03FF1603#0000D07900000000
(1788796606.758927) can0 03FF1605#0100000000000000
(1788796606.769133) can0 03FF1600#142B000104001319
(1788796606.779926) can0 03FF1601#6E50000000000000
(1788796606.790125) can0 03FF1602#000005000000157C
(1788796606.800928) can0 03FF1604#0000000000000000
(1788796606.832137) can0 03FF1000#0840112200000001
(1788796606.842928) can0 03FF1001#0000000000000000
(1788796606.853137) can0 03FF1603#0000D07900000000
(1788796606.863929) can0 03FF1605#0100000000000000
(1788796606.937166) can0 03FF1000#0840112200000001
(1788796606.947935) can0 03FF1001#0000000000000000
(1788796606.958133) can0 03FF1603#0000D07900000000
(1788796606.958935) can0 05FF4610#0000D0E1FFFFFFC4
(1788796606.968935) can0 03FF1605#0100000000000000
(1788796607.035940) can0 02294606#
(1788796607.036938) can0 05124606#1E1E1D
(1788796607.042154) can0 03FF1000#0840112200000001
(1788796607.043938) can0 05FF4001#0000000000000000
(1788796607.045939) can0 05FF4000#0000000000000000
(1788796607.052939) can0 03FF1001#0000000000000000
(1788796607.063167) can0 03FF1603#0000D07900000000
(1788796607.073941) can0 03FF1605#0100000000000000
(1788796607.125945) can0 05FF4602#0B10111011101010
(1788796607.135945) can0 05FF4603#1110101013101310
(1788796607.145944) can0 05FF4604#1110121015101510
(1788796607.147152) can0 03FF1000#0840112200000001
(1788796607.155945) can0 05FF4605#1010000000000000
(1788796607.157945) can0 03FF1001#0000000000000000
(1788796607.168126) can0 03FF1603#0000D07900000000
(1788796607.178946) can0 03FF1605#0100000000000000
(1788796607.185947) can0 05FF4606#1E1E1D
(1788796607.195946) can0 05FF4607#1E1D1D
(1788796607.205948) can0 05FF4608#0019007C
(1788796607.215949) can0 05FF4609#010003D403CA00
(1788796607.219971) can0 05FF4610#0000D0E1FFFFFFC4
(1788796607.252150) can0 03FF1000#0840112200000001
(1788796607.262953) can0 03FF1001#0000000000000000
(1788796607.273138) can0 03FF1603#0000D07900000000
(1788796607.283953) can0 03FF1605#0100000000000000
(1788796607.357152) can0 03FF1000#0840112200000001
(1788796607.367957) can0 03FF1001#0000000000000000
(1788796607.378142) can0 03FF1603#0000D07900000000
(1788796607.388958) can0 03FF1605#0100000000000000
(1788796607.462170) can0 03FF1000#0840112200000001
(1788796607.472964) can0 03FF1001#0000000000000000
(1788796607.483125) can0 03FF1603#0000D07900000000
(1788796607.485963) can0 05FF4610#0000D0E1FFFFFFC4
(1788796607.493964) can0 03FF1605#0100000000000000
(1788796607.496963) can0 02FF2602#B5B3FD3D2FCDA6A7
(1788796607.497087) can0 02294609#0000000000000000
(1788796607.498963) can0 05124609#030003D403CA00
(1788796607.546105) can0 02294607#
(1788796607.546965) can0 05124607#1E1D1D
(1788796607.567164) can0 03FF1000#0840112200000001
(1788796607.577968) can0 03FF1001#0000000000000000
(1788796607.588141) can0 03FF1603#0000D07900000000
(1788796607.598968) can0 03FF1605#0100000000000000
(1788796607.672169) can0 03FF1000#0840112200000001
(1788796607.682974) can0 03FF1001#0000000000000000
(1788796607.693136) can0 03FF1603#0000D07900000000
(1788796607.703974) can0 03FF1605#0100000000000000
(1788796607.751993) can0 05FF4610#0000D0E1FFFFFFC4
(1788796607.777166) can0 03FF1000#0840112200000001
(1788796607.787982) can0 03FF1001#0000000000000000
(1788796607.798139) can0 03FF1600#142B000104001319
(1788796607.808980) can0 03FF1601#6E50000000000000
(1788796607.819143) can0 03FF1602#000005000000157C
(1788796607.829982) can0 03FF1603#0000D07900000000
(1788796607.840202) can0 03FF1604#0000000000000000
(1788796607.850982) can0 03FF1605#0100000000000000
(1788796607.882146) can0 03FF1000#0840112200000001
(1788796607.892984) can0 03FF1001#0000000000000000
(1788796607.903146) can0 03FF1603#0000D07900000000
(1788796607.913986) can0 03FF1605#0100000000000000
(1788796607.987186) can0 03FF1000#0840112200000001
(1788796607.997993) can0 03FF1001#0000000000000000
(1788796608.006991) can0 02FF2602#B1B3395D1F05BA2F
(1788796608.007990) can0 02294609#0000000000000000
(1788796608.008149) can0 03FF1603#0000D07900000000
(1788796608.008990) can0 05124609#030003D403CA00
(1788796608.018991) can0 03FF1605#0100000000000000
(1788796608.054099) can0 05FF4610#0000D0E3FFFFFFC4
(1788796608.079064) can0 02294609#
(1788796608.080994) can0 05124609#030003D403CA00
(1788796608.092238) can0 03FF1000#0840112200000001
(1788796608.096146) can0 05FF4001#0000000000000000
(1788796608.098157) can0 05FF4000#0000000000000000
(1788796608.102995) can0 03FF1001#0000000000000000
(1788796608.113147) can0 03FF1603#0000D07900000000
(1788796608.123996) can0 03FF1605#0100000000000000
(1788796608.147009) can0 02181606#0100190001030200
(1788796608.178145) can0 05FF4602#0B10111011101010
(1788796608.188162) can0 05FF4603#1110101013101410
(1788796608.197173) can0 03FF1000#0840112200000001
(1788796608.198174) can0 05FF4604#1110121015101510
(1788796608.208001) can0 03FF1001#0000000000000000
(1788796608.208241) can0 05FF4605#1110000000000000
(1788796608.218152) can0 03FF1603#0000D07900000000
(1788796608.229002) can0 03FF1605#0100000000000000
(1788796608.238003) can0 05FF4606#1E1E1D
(1788796608.239129) can0 03121606#0000000000000000
(1788796608.248018) can0 05FF4607#1E1D1D
(1788796608.258065) can0 05FF4608#0019007C
(1788796608.268176) can0 05FF4609#030003D403CA00
(1788796608.302170) can0 03FF1000#0840112200000001
(1788796608.313007) can0 03FF1001#0000000000000000
(1788796608.315227) can0 05FF4610#0000D0E3FFFFFFC4
(1788796608.323147) can0 03FF1603#0000D07900000000
(1788796608.334009) can0 03FF1605#0100000000000000
(1788796608.407174) can0 03FF1000#0840112200000001
(1788796608.418013) can0 03FF1001#0000000000000000
(1788796608.428170) can0 03FF1603#0000D07900000000
(1788796608.439014) can0 03FF1605#0100000000000000
(1788796608.512203) can0 03FF1000#0840112200000001
(1788796608.523020) can0 03FF1001#0000000000000000
(1788796608.533118) can0 03FF1603#0000D07900000000
(1788796608.544020) can0 03FF1605#0100000000000000
(1788796608.578022) can0 05FF4610#0000D0E3FFFFFFC4
(1788796608.587160) can0 02294610#
(1788796608.589021) can0 05124610#0000D0E3FFFFFFC4
(1788796608.617221) can0 03FF1000#0840112200000001
(1788796608.628025) can0 03FF1001#0000000000000000
(1788796608.638163) can0 03FF1603#0000D07900000000
(1788796608.649025) can0 03FF1605#0100000000000000
(1788796608.658026) can0 02191602#0000000000000000
(1788796608.722191) can0 03FF1000#0840112200000001
(1788796608.733029) can0 03FF1001#0000000000000000
(1788796608.743153) can0 03FF1603#0000D07900000000
(1788796608.754034) can0 03FF1605#0100000000000000
(1788796608.785174) can0 03FF1600#142B000104001319
(1788796608.796037) can0 03FF1601#6E50000000000000
(1788796608.806163) can0 03FF1602#000005000000157C
(1788796608.817035) can0 03FF1604#0000000000000000
(1788796608.827185) can0 03FF1000#0840112200000001
(1788796608.838035) can0 03FF1001#0000000000000000
(1788796608.839035) can0 05FF4610#0000D0E3FFFFFFC4
(1788796608.848174) can0 03FF1603#0000D07900000000
(1788796608.859037) can0 03FF1605#0100000000000000
(1788796608.932192) can0 03FF1000#0840112200000001
(1788796608.943041) can0 03FF1001#0000000000000000
(1788796608.953192) can0 03FF1603#0000D07900000000
(1788796608.964042) can0 03FF1605#0100000000000000
(1788796609.037210) can0 03FF1000#0840112200000001
(1788796609.048049) can0 03FF1001#0000000000000000
(1788796609.058175) can0 03FF1603#0000D07900000000
(1788796609.069048) can0 03FF1605#0100000000000000
(1788796609.098050) can0 02294611#
(1788796609.099049) can0 05124611#0061368C0000352F
(1788796609.139052) can0 05FF4001#0000000000000000
(1788796609.140051) can0 05FF4610#0000D0E3FFFFFFCA
(1788796609.141305) can0 05FF4000#0000000000000000
(1788796609.142208) can0 03FF1000#0840112200000001
(1788796609.153052) can0 03FF1001#0000000000000000
(1788796609.163169) can0 03FF1603#0000D07900000000
(1788796609.174054) can0 03FF1605#0100000000000000
(1788796609.221056) can0 05FF4602#0B10111011101010
(1788796609.231057) can0 05FF4603#1110101013101310
(1788796609.241207) can0 05FF4604#1110121015101610
(1788796609.247195) can0 03FF1000#0840112200000001
(1788796609.251061) can0 05FF4605#1110000000000000
(1788796609.258060) can0 03FF1001#0000000000000000
(1788796609.268174) can0 03FF1603#0000D07900000000
(1788796609.279058) can0 03FF1605#0100000000000000
(1788796609.281059) can0 05FF4606#1E1E1D
(1788796609.291060) can0 05FF4607#1E1D1D
(1788796609.301060) can0 05FF4608#0019007C
(1788796609.311061) can0 05FF4609#030003D403CA00
(1788796609.352178) can0 03FF1000#0840112200000001
(1788796609.363064) can0 03FF1001#0000000000000000
(1788796609.373168) can0 03FF1603#0000D07900000000
(1788796609.384064) can0 03FF1605#0100000000000000
(1788796609.401066) can0 05FF4610#0000D0E3FFFFFFCA
(1788796609.457195) can0 03FF1000#0840112200000001
(1788796609.468069) can0 03FF1001#0000000000000000
(1788796609.478162) can0 03FF1603#0000D07900000000
(1788796609.489070) can0 03FF1605#0100000000000000
(1788796609.548154) can0 13B16001#
(1788796609.549074) can0 13B16001#
(1788796609.549129) can0 13B16001#
(1788796609.562213) can0 03FF1000#0840112200000001
(1788796609.573075) can0 03FF1001#0000000000000000
(1788796609.583191) can0 03FF1603#0000D07900000000
(1788796609.594076) can0 03FF1605#0100000000000000
(1788796609.609077) can0 02294500#
(1788796609.610076) can0 05124500#0500
(1788796609.664081) can0 05FF4610#0000D0E3FFFFFFCA
(1788796609.667206) can0 03FF1000#0840112200000001
(1788796609.678081) can0 03FF1001#0000000000000000
(1788796609.679079) can0 02FF2602#35D3BD0D278F40F3
(1788796609.679204) can0 02294609#0000000000000000
(1788796609.681079) can0 05124609#030003D403CA00
(1788796609.688185) can0 03FF1603#0000D07900000000
(1788796609.699081) can0 03FF1605#0100000000000000
(1788796609.772217) can0 03FF1000#0840112200000001
(1788796609.783088) can0 03FF1001#0000000000000000
(1788796609.793200) can0 03FF1603#0000D07900000000
(1788796609.804089) can0 03FF1605#0100000000000000
(1788796609.814192) can0 03FF1600#142B000104001319
(1788796609.819087) can0 02181606#0100190001030200
(1788796609.825087) can0 03FF1601#6E50000000000000
(1788796609.835169) can0 03FF1602#000005000000157C
(1788796609.846090) can0 03FF1604#0000000000000000
(1788796609.877208) can0 03FF1000#0840112200000001
(1788796609.888091) can0 03FF1001#0000000000000000
(1788796609.898243) can0 03FF1603#0000D07900000000
(1788796609.909092) can0 03FF1605#0100000000000000
(1788796609.919173) can0 03121606#0000000000000000
(1788796609.965096) can0 05FF4610#0000D0E3FFFFFFC4
(1788796609.982213) can0 03FF1000#0840112200000001
(1788796609.993098) can0 03FF1001#0000000000000000
(1788796610.003167) can0 03FF1603#0000D07900000000
(1788796610.014098) can0 03FF1605#0100000000000000
(1788796610.087240) can0 03FF1000#0840112200000001
(1788796610.098104) can0 03FF1001#0000000000000000
(1788796610.108173) can0 03FF1603#0000D07900000000
(1788796610.119104) can0 03FF1605#0100000000000000
(1788796610.119159) can0 02294501#
(1788796610.120103) can0 05124501#0103
(1788796610.169108) can0 02181606#0000000000030200
(1788796610.170106) can0 02203606#0200000000000000
(1788796610.172106) can0 03FF1605#0000000000000000
(1788796610.179107) can0 02181606#0000000000030200
(1788796610.180107) can0 02203606#0200000000000000
(1788796610.189107) can0 02181606#0000000000030200
(1788796610.190107) can0 02203606#0200000000000000
(1788796610.199110) can0 02203606#0200000000000000
(1788796610.200108) can0 02203607#0000000300000000
(1788796610.338131) can0 1FF8B028#0000000000000000
(1788796610.348327) can0 03FF1000#0840112200000001
(1788796610.359117) can0 03FF1605#0000000000000000
(1788796610.369280) can0 03121606#0100000000000000
(1788796610.443122) can0 03FF1000#0840112200000001
(1788796610.453296) can0 03121606#0100000000000000
(1788796610.548129) can0 03FF1000#0840112200000001
(1788796610.558289) can0 03121606#0100000000000000
(1788796610.569135) can0 02519500#
(1788796610.570128) can0 02519500#
(1788796610.570182) can0 02519500#
(1788796610.653132) can0 03FF1000#0840112200000001
(1788796610.720381) can0 04FF3400#0000000000000000
(1788796610.758142) can0 03FF1000#0840112200000001
(1788796610.863147) can0 03FF1000#0840112200000001
(1788796610.968152) can0 03FF1000#0840112200000001
(1788796611.073156) can0 03FF1000#0840112200000001
(1788796611.178162) can0 03FF1000#0840112200000001
(1788796611.210165) can0 02203607#0000000300000000
(1788796611.283171) can0 03FF1000#0840112200000001
(1788796611.388175) can0 03FF1000#0840112200000001
(1788796611.493178) can0 03FF1000#0840112200000001
(1788796611.590182) can0 02519501#
(1788796611.590388) can0 02519501#
(1788796611.591182) can0 02519501#
(1788796611.598184) can0 03FF1000#0840112200000001
(1788796611.703190) can0 03FF1000#0840112200000001
(1788796611.808200) can0 03FF1000#0840112200000001
(1788796611.913203) can0 03FF1000#0840112200000001
(1788796612.018206) can0 03FF1000#0840112200000001
(1788796612.123212) can0 03FF1000#0840112200000001
(1788796612.222218) can0 02203607#0000000300000000
(1788796612.228218) can0 03FF1000#0840112200000001
(1788796612.333227) can0 03FF1000#0840112200000001
(1788796612.438232) can0 03FF1000#0840112200000001
(1788796612.543235) can0 03FF1000#0840112200000001
(1788796612.648240) can0 03FF1000#0840112200000001
(1788796612.753245) can0 03FF1000#0840112200000001
(1788796612.858257) can0 03FF1000#0840112200000001
(1788796612.963260) can0 03FF1000#0840112200000001
(1788796613.068263) can0 03FF1000#0840112200000001
(1788796613.173268) can0 03FF1000#0840112200000001
(1788796613.232272) can0 02203607#0000000300000000
(1788796613.278276) can0 03FF1000#0840112200000001
(1788796613.383284) can0 03FF1000#0840112200000001
(1788796613.488286) can0 03FF1000#0840112200000001
(1788796613.593295) can0 03FF1000#0840112200000001
(1788796613.698299) can0 03FF1000#0840112200000001
(1788796613.803306) can0 03FF1000#0840112200000001
(1788796613.908312) can0 03FF1000#0840112200000001
(1788796614.013314) can0 03FF1000#0840112200000001
(1788796614.118320) can0 03FF1000#0840112200000001
(1788796614.223325) can0 03FF1000#0840112200000001
(1788796614.328333) can0 03FF1000#0840112200000001
(1788796614.433340) can0 03FF1000#0840112200000001
(1788796614.538342) can0 03FF1000#0840112200000001
(1788796614.643352) can0 03FF1000#0840112200000001
(1788796614.748354) can0 03FF1000#0840112200000001
(1788796614.853364) can0 03FF1000#0840112200000001
(1788796614.958369) can0 03FF1000#0840112200000001
(1788796615.063373) can0 03FF1000#0840112200000001
(1788796615.168378) can0 03FF1000#0840112200000001
(1788796615.273385) can0 03FF1000#0840112200000001
(1788796615.378389) can0 03FF1000#0840112200000001
(1788796615.483395) can0 03FF1000#0840112200000001
(1788796615.588400) can0 03FF1000#0840112200000001
(1788796615.675403) can0 13B16001#
(1788796615.675457) can0 13B16001#
(1788796615.675508) can0 13B16001#
(1788796615.693403) can0 03FF1000#0840112200000001
(1788796615.798413) can0 03FF1000#0840112200000001
(1788796615.903417) can0 03FF1000#0840112200000001
(1788796616.008423) can0 03FF1000#0840112200000001
(1788796616.113427) can0 03FF1000#0840112200000001
(1788796616.218432) can0 03FF1000#0840112200000001
(1788796616.323441) can0 03FF1000#0840112200000001
(1788796616.428445) can0 03FF1000#0840112200000001
(1788796616.533450) can0 03FF1000#0840112200000001
(1788796616.638455) can0 03FF1000#0840112200000001
(1788796616.743460) can0 03FF1000#0840112200000001
(1788796616.848470) can0 03FF1000#0840112200000001
(1788796616.953475) can0 03FF1000#0840112200000001
(1788796617.058480) can0 03FF1000#0840112200000001
(1788796617.163482) can0 03FF1000#0840112200000001
(1788796617.268491) can0 03FF1000#0840112200000001
(1788796617.373497) can0 03FF1000#0840112200000001
(1788796617.478500) can0 03FF1000#0840112200000001
(1788796617.583508) can0 03FF1000#0840112200000001
(1788796617.688512) can0 03FF1000#0840112200000001
(1788796617.793519) can0 03FF1000#0840112200000001
(1788796617.898525) can0 03FF1000#0840112200000001
(1788796618.003528) can0 03FF1000#0840112200000001
(1788796618.108536) can0 03FF1000#0840112200000001
(1788796618.213539) can0 03FF1000#0840112200000001
(1788796618.318549) can0 03FF1000#0840112200000001
(1788796618.423552) can0 03FF1000#0840112200000001
(1788796618.528555) can0 03FF1000#0840112200000001
(1788796618.633564) can0 03FF1000#0840112200000001
(1788796618.738569) can0 03FF1000#0840112200000001
(1788796618.843576) can0 03FF1000#0840112200000001
(1788796618.948580) can0 03FF1000#0840112200000001
(1788796619.053584) can0 03FF1000#0840112200000001
(1788796619.158592) can0 03FF1000#0840112200000001
(1788796619.263599) can0 03FF1000#0840112200000001
(1788796619.368604) can0 03FF1000#0840112200000001
(1788796619.473607) can0 03FF1000#0840112200000001
(1788796619.578611) can0 03FF1000#0840112200000001
(1788796619.683620) can0 03FF1000#0840112200000001
(1788796619.788626) can0 03FF1000#0840112200000001
(1788796619.893632) can0 03FF1000#0840112200000001
(1788796619.998637) can0 03FF1000#0840112200000001
(1788796620.103639) can0 03FF1000#0840112200000001
(1788796620.208648) can0 03FF1000#0840112200000001
(1788796620.313654) can0 03FF1000#0840112200000001
(1788796620.418660) can0 03FF1000#0840112200000001
(1788796620.523663) can0 03FF1000#0840112200000001
(1788796620.628668) can0 03FF1000#0840112200000001
(1788796620.720676) can0 04FF3400#0000000100000000
(1788796620.733674) can0 03FF1000#0840112200000001
(1788796620.838686) can0 03FF1000#0840112200000001
(1788796620.943687) can0 03FF1000#0840112200000001
(1788796621.048692) can0 03FF1000#0840112200000001
(1788796621.153699) can0 03FF1000#0840112200000001
(1788796621.258705) can0 03FF1000#0840112200000001
(1788796621.363711) can0 03FF1000#0840112200000001
(1788796621.468716) can0 03FF1000#0840112200000001
(1788796621.573719) can0 03FF1000#0840112200000001
(1788796621.678725) can0 03FF1000#0840112200000001
(1788796621.783736) can0 03FF1000#0840112200000001
(1788796621.888739) can0 03FF1000#0840112200000001
(1788796621.993744) can0 03FF1000#0840112200000001
(1788796622.098748) can0 03FF1000#0840112200000001
(1788796622.203753) can0 03FF1000#0840112200000001
(1788796622.308764) can0 03FF1000#0840112200000001
(1788796622.413766) can0 03FF1000#0840112200000001
(1788796622.518771) can0 03FF1000#0840112200000001
(1788796622.623776) can0 03FF1000#0840112200000001
(1788796622.728781) can0 03FF1000#0840112200000001
(1788796622.833792) can0 03FF1000#0840112200000001
(1788796622.938794) can0 03FF1000#0840112200000001
(1788796623.043798) can0 03FF1000#0840112200000001
(1788796623.148805) can0 03FF1000#0840112200000001
(1788796623.253810) can0 03FF1000#0840112200000001
(1788796623.358819) can0 03FF1000#0840112200000001
(1788796623.463821) can0 03FF1000#0840112200000001
(1788796623.568084) can0 03FF1000#0840112200000001
(1788796623.673833) can0 03FF1000#0840112200000001
(1788796623.778841) can0 03FF1000#0840112200000001
(1788796623.883091) can0 03FF1000#0840112200000001
(1788796623.988106) can0 03FF1000#0840112200000001
(1788796624.093086) can0 03FF1000#0840112200000001
(1788796624.198098) can0 03FF1000#0840112200000001
(1788796624.303122) can0 03FF1000#0840112200000001
(1788796624.408118) can0 03FF1000#0840112200000001
(1788796624.513108) can0 03FF1000#0840112200000001
(1788796624.618102) can0 03FF1000#0840112200000001
(1788796624.723095) can0 03FF1000#0840112200000001
(1788796624.828128) can0 03FF1000#0840112200000001
(1788796624.933134) can0 03FF1000#0840112200000001
(1788796625.038109) can0 03FF1000#0840112200000001
(1788796625.143118) can0 03FF1000#0840112200000001
(1788796625.248113) can0 03FF1000#0840112200000001
(1788796625.353143) can0 03FF1000#0840112200000001
(1788796625.458147) can0 03FF1000#0840112200000001
(1788796625.563132) can0 03FF1000#0840112200000001
(1788796625.668124) can0 03FF1000#0840112200000001
(1788796625.773132) can0 03FF1000#0840112200000001
(1788796625.878150) can0 03FF1000#0840112200000001
(1788796625.983157) can0 03FF1000#0840112200000001
(1788796626.088195) can0 03FF1000#0840112200000001
(1788796626.193141) can0 03FF1000#0840112200000001
(1788796626.298167) can0 03FF1000#0840112200000001
(1788796626.403172) can0 03FF1000#0840112200000001
(1788796626.508164) can0 03FF1000#0840112200000001
(1788796626.613201) can0 03FF1000#0840112200000001
(1788796626.718152) can0 03FF1000#0840112200000001
(1788796626.823178) can0 03FF1000#0840112200000001
(1788796626.928182) can0 03FF1000#0840112200000001
(1788796627.033168) can0 03FF1000#0840112200000001
(1788796627.138182) can0 03FF1000#0840112200000001
(1788796627.243163) can0 03FF1000#0840112200000001
(1788796627.348157) can0 03FF1000#0840112200000001
(1788796627.453198) can0 03FF1000#0840112200000001
(1788796627.558190) can0 03FF1000#0840112200000001
(1788796627.663186) can0 03FF1000#0840112200000001
(1788796627.768178) can0 03FF1000#0840112200000001
(1788796627.873175) can0 03FF1000#0840112200000001
(1788796627.978199) can0 03FF1000#0840112200000001
(1788796628.083199) can0 03FF1000#0840112200000001
(1788796628.188180) can0 03FF1000#0840112200000001
(1788796628.293198) can0 03FF1000#0840112200000001
(1788796628.398215) can0 03FF1000#0840112200000001
(1788796628.503206) can0 03FF1000#0840112200000001
(1788796628.608215) can0 03FF1000#0840112200000001
(1788796628.713198) can0 03FF1000#0840112200000001
(1788796628.818187) can0 03FF1000#0840112200000001
(1788796628.923255) can0 03FF1000#0840112200000001
(1788796629.028223) can0 03FF1000#0840112200000001
(1788796629.133222) can0 03FF1000#0840112200000001
(1788796629.238208) can0 03FF1000#0840112200000001
(1788796629.343209) can0 03FF1000#0840112200000001
(1788796629.448259) can0 03FF1000#0840112200000001
(1788796629.553227) can0 03FF1000#0840112200000001
(1788796629.658227) can0 03FF1000#0840112200000001
(1788796629.763225) can0 03FF1000#0840112200000001
(1788796629.868216) can0 03FF1000#0840112200000001
(1788796629.973276) can0 03FF1000#0840112200000001
(1788796630.078239) can0 03FF1000#0840112200000001
(1788796630.183255) can0 03FF1000#0840112200000001
(1788796630.288236) can0 03FF1000#0840112200000001
(1788796630.393229) can0 03FF1000#0840112200000001
(1788796630.498239) can0 03FF1000#0840112200000001
(1788796630.603260) can0 03FF1000#0840112200000001
(1788796630.708259) can0 03FF1000#0840112200000001
(1788796630.720224) can0 04FF3400#0000000200000000
(1788796630.813251) can0 03FF1000#0840112200000001
(1788796630.918258) can0 03FF1000#0840112200000001
(1788796631.023238) can0 03FF1000#0840112200000001
(1788796631.128278) can0 03FF1000#0840112200000001
(1788796631.233271) can0 03FF1000#0840112200000001
(1788796631.260241) can0 02181606#0000000000030200
(1788796631.260287) can0 02203606#0200000000000000
(1788796631.270239) can0 02181606#0000000000030200
(1788796631.270288) can0 02203606#0200000000000000
(1788796631.280242) can0 02181606#0000000000030200
(1788796631.280291) can0 02203606#0200000000000000
(1788796631.338265) can0 03FF1000#0840112200000001
(1788796631.349242) can0 03121606#0100000000000000
(1788796631.443270) can0 03FF1000#0840112200000001
(1788796631.454247) can0 03121606#0100000000000000
(1788796631.548288) can0 03FF1000#0840112200000001
(1788796631.559253) can0 03121606#0100000000000000
(1788796631.653271) can0 03FF1000#0840112200000001
(1788796631.758281) can0 03FF1000#0840112200000001
(1788796631.863274) can0 03FF1000#0840112200000001
(1788796631.968280) can0 03FF1000#0840112200000001
(1788796632.073282) can0 03FF1000#0840112200000001
(1788796632.178299) can0 03FF1000#0840112200000001
(1788796632.283345) can0 03FF1000#0840112200000001
(1788796632.388302) can0 03FF1000#0840112200000001
(1788796632.493305) can0 03FF1000#0840112200000001
(1788796632.598311) can0 03FF1000#0840112200000001
(1788796632.703317) can0 03FF1000#0840112200000001
(1788796632.808357) can0 03FF1000#0840112200000001
(1788796632.913329) can0 03FF1000#0840112200000001
(1788796633.018332) can0 03FF1000#0840112200000001
(1788796633.123340) can0 03FF1000#0840112200000001
(1788796633.228345) can0 03FF1000#0840112200000001
(1788796633.333354) can0 03FF1000#0840112200000001
(1788796633.438358) can0 03FF1000#0840112200000001
(1788796633.543363) can0 03FF1000#0840112200000001
(1788796633.648369) can0 03FF1000#0840112200000001
(1788796633.753372) can0 03FF1000#0840112200000001
(1788796633.858383) can0 03FF1000#0840112200000001
(1788796633.963386) can0 03FF1000#0840112200000001
(1788796634.068389) can0 03FF1000#0840112200000001
(1788796634.173395) can0 03FF1000#0840112200000001
(1788796634.278400) can0 03FF1000#0840112200000001
(1788796634.383412) can0 03FF1000#0840112200000001
(1788796634.488413) can0 03FF1000#0840112200000001
(1788796634.593417) can0 03FF1000#0840112200000001
(1788796634.698423) can0 03FF1000#0840112200000001
(1788796634.803432) can0 03FF1000#0840112200000001
(1788796634.908438) can0 03FF1000#0840112200000001
(1788796635.013441) can0 03FF1000#0840112200000001
(1788796635.118447) can0 03FF1000#0840112200000001
(1788796635.223451) can0 03FF1000#0840112200000001
(1788796635.328459) can0 03FF1000#0840112200000001
(1788796635.433467) can0 03FF1000#0840112200000001
(1788796635.538471) can0 03FF1000#0840112200000001
(1788796635.643473) can0 03FF1000#0840112200000001
(1788796635.748480) can0 03FF1000#0840112200000001
(1788796635.853495) can0 03FF1000#0840112200000001
(1788796635.958499) can0 03FF1000#0840112200000001
(1788796636.063500) can0 03FF1000#0840112200000001
(1788796636.168502) can0 03FF1000#0840112200000001
(1788796636.273508) can0 03FF1000#0840112200000001
(1788796636.378516) can0 03FF1000#0840112200000001
(1788796636.483524) can0 03FF1000#0840112200000001
(1788796636.588526) can0 03FF1000#0840112200000001
(1788796636.693530) can0 03FF1000#0840112200000001
(1788796636.798539) can0 03FF1000#0840112200000001
(1788796636.903544) can0 03FF1000#0840112200000001
(1788796637.008551) can0 03FF1000#0840112200000001
(1788796637.113554) can0 03FF1000#0840112200000001
(1788796637.218558) can0 03FF1000#0840112200000001
(1788796637.323567) can0 03FF1000#0840112200000001
(1788796637.428572) can0 03FF1000#0840112200000001
(1788796637.533578) can0 03FF1000#0840112200000001
(1788796637.638584) can0 03FF1000#0840112200000001
(1788796637.743586) can0 03FF1000#0840112200000001
(1788796637.848595) can0 03FF1000#0840112200000001
(1788796637.953599) can0 03FF1000#0840112200000001
(1788796638.058607) can0 03FF1000#0840112200000001
(1788796638.163611) can0 03FF1000#0840112200000001
(1788796638.268616) can0 03FF1000#0840112200000001
(1788796638.373624) can0 03FF1000#0840112200000001
(1788796638.478629) can0 03FF1000#0840112200000001
(1788796638.583635) can0 03FF1000#0840112200000001
(1788796638.688640) can0 03FF1000#0840112200000001
(1788796638.793645) can0 03FF1000#0840112200000001
(1788796638.898651) can0 03FF1000#0840112200000001
(1788796639.003656) can0 03FF1000#0840112200000001
(1788796639.108667) can0 03FF1000#0840112200000001
(1788796639.213667) can0 03FF1000#0840112200000001
(1788796639.318673) can0 03FF1000#0840112200000001
(1788796639.423679) can0 03FF1000#0840112200000001
(1788796639.528682) can0 03FF1000#0840112200000001
(1788796639.633691) can0 03FF1000#0840112200000001
(1788796639.738696) can0 03FF1000#0840112200000001
(1788796639.843702) can0 03FF1000#0840112200000001
(1788796639.948706) can0 03FF1000#0840112200000001
(1788796640.053710) can0 03FF1000#0840112200000001
(1788796640.158719) can0 03FF1000#0840112200000001
(1788796640.263723) can0 03FF1000#0840112200000001
(1788796640.368730) can0 03FF1000#0840112200000001
(1788796640.473734) can0 03FF1000#0840112200000001
(1788796640.578738) can0 03FF1000#0840112200000001
(1788796640.683746) can0 03FF1000#0840112200000001
(1788796640.720748) can0 04FF3400#0000000300000000
(1788796640.788753) can0 03FF1000#0840112200000001
(1788796640.893757) can0 03FF1000#0840112200000001
(1788796640.998762) can0 03FF1000#0840112200000001
(1788796641.103767) can0 03FF1000#0840112200000001
(1788796641.208775) can0 03FF1000#0840112200000001
(1788796641.313781) can0 03FF1000#0840112200000001
(1788796641.418786) can0 03FF1000#0840112200000001
(1788796641.523788) can0 03FF1000#0840112200000001
(1788796641.628793) can0 03FF1000#0840112200000001
(1788796641.733804) can0 03FF1000#0840112200000001
(1788796641.838810) can0 03FF1000#0840112200000001
(1788796641.943814) can0 03FF1000#0840112200000001
(1788796642.048816) can0 03FF1000#0840112200000001
(1788796642.153823) can0 03FF1000#0840112200000001
(1788796642.258832) can0 03FF1000#0840112200000001
(1788796642.363836) can0 03FF1000#0840112200000001
(1788796642.468842) can0 03FF1000#0840112200000001
(1788796642.573845) can0 03FF1000#0840112200000001
(1788796642.678849) can0 03FF1000#0840112200000001
(1788796642.783859) can0 03FF1000#0840112200000001
(1788796642.888865) can0 03FF1000#0840112200000001
(1788796642.993869) can0 03FF1000#0840112200000001
(1788796643.098874) can0 03FF1000#0840112200000001
(1788796643.203879) can0 03FF1000#0840112200000001
(1788796643.308889) can0 03FF1000#0840112200000001
(1788796643.413893) can0 03FF1000#0840112200000001
(1788796643.518896) can0 03FF1000#0840112200000001
(1788796643.623903) can0 03FF1000#0840112200000001
(1788796643.728908) can0 03FF1000#0840112200000001
(1788796643.833921) can0 03FF1000#0840112200000001
(1788796643.938921) can0 03FF1000#0840112200000001
(1788796644.043925) can0 03FF1000#0840112200000001
(1788796644.148929) can0 03FF1000#0840112200000001
(1788796644.253936) can0 03FF1000#0840112200000001
(1788796644.358945) can0 03FF1000#0840112200000001
(1788796644.463949) can0 03FF1000#0840112200000001
(1788796644.568951) can0 03FF1000#0840112200000001
(1788796644.673957) can0 03FF1000#0840112200000001
(1788796644.778963) can0 03FF1000#0840112200000001
(1788796644.883976) can0 03FF1000#0840112200000001
(1788796644.988977) can0 03FF1000#0840112200000001
(1788796645.093987) can0 03FF1000#0840112200000001
(1788796645.198987) can0 03FF1000#0840112200000001
(1788796645.303993) can0 03FF1000#0840112200000001
(1788796645.409001) can0 03FF1000#0840112200000001
(1788796645.514004) can0 03FF1000#0840112200000001
(1788796645.619007) can0 03FF1000#0840112200000001
(1788796645.724012) can0 03FF1000#0840112200000001
(1788796645.829022) can0 03FF1000#0840112200000001
(1788796645.934029) can0 03FF1000#0840112200000001
(1788796646.039031) can0 03FF1000#0840112200000001
(1788796646.144035) can0 03FF1000#0840112200000001
(1788796646.249041) can0 03FF1000#0840112200000001
(1788796646.354050) can0 03FF1000#0840112200000001
(1788796646.459058) can0 03FF1000#0840112200000001
(1788796646.564059) can0 03FF1000#0840112200000001
(1788796646.669064) can0 03FF1000#0840112200000001
(1788796646.774069) can0 03FF1000#0840112200000001
(1788796646.879079) can0 03FF1000#0840112200000001
(1788796646.984086) can0 03FF1000#0840112200000001
(1788796647.089087) can0 03FF1000#0840112200000001
(1788796647.194092) can0 03FF1000#0840112200000001
(1788796647.299100) can0 03FF1000#0840112200000001
(1788796647.404106) can0 03FF1000#0840112200000001
(1788796647.509113) can0 03FF1000#0840112200000001
(1788796647.614116) can0 03FF1000#0840112200000001
(1788796647.719122) can0 03FF1000#0840112200000001
(1788796647.824129) can0 03FF1000#0840112200000001
(1788796647.929133) can0 03FF1000#0840112200000001
(1788796648.034142) can0 03FF1000#0840112200000001
(1788796648.139144) can0 03FF1000#0840112200000001
(1788796648.244148) can0 03FF1000#0840112200000001
(1788796648.349156) can0 03FF1000#0840112200000001
(1788796648.454164) can0 03FF1000#0840112200000001
(1788796648.559169) can0 03FF1000#0840112200000001
(1788796648.664172) can0 03FF1000#0840112200000001
(1788796648.769179) can0 03FF1000#0840112200000001
(1788796648.874187) can0 03FF1000#0840112200000001
(1788796648.979191) can0 03FF1000#0840112200000001
(1788796649.084199) can0 03FF1000#0840112200000001
(1788796649.167374) can0 02472602#8C7BB8BD13BE3283
(1788796649.189202) can0 03FF1000#0840112200000001
(1788796649.294207) can0 03FF1000#0840112200000001
(1788796649.351292) can0 08122602#0100000000000000
(1788796649.399213) can0 03FF1000#0840112200000001
(1788796649.504217) can0 03FF1000#0840112200000001
(1788796649.550223) can0 08122602#0100000000000000
(1788796649.609225) can0 03FF1000#0840112200000001
(1788796649.714230) can0 03FF1000#0840112200000001
(1788796649.748244) can0 08122602#0100000000000000
(1788796649.819238) can0 03FF1000#0840112200000001
(1788796649.924242) can0 03FF1000#0840112200000001
(1788796649.947242) can0 08122602#0100000000000000
(1788796649.968240) can0 02407600#0100000000000000
(1788796650.029247) can0 03FF1000#0840112200000001
(1788796650.134255) can0 03FF1000#0840112200000001
(1788796650.239259) can0 03FF1000#0840112200000001
(1788796650.344264) can0 03FF1000#0840112200000001
(1788796650.449270) can0 03FF1000#0840112200000001
(1788796650.554275) can0 03FF1000#0840112200000001
(1788796650.569277) can0 02407600#0100000000000000
(1788796650.659282) can0 03FF1000#0840112200000001
(1788796650.720283) can0 04FF3400#0000000400000000
(1788796650.764286) can0 03FF1000#0840112200000001
(1788796650.869294) can0 03FF1000#0840112200000001
(1788796650.974297) can0 03FF1000#0840112200000001
(1788796651.079303) can0 03FF1000#0840112200000001
(1788796651.169313) can0 02407600#0100000000000000
(1788796651.184310) can0 03FF1000#0840112200000001
(1788796651.289313) can0 03FF1000#0840112200000001
(1788796651.394321) can0 03FF1000#0840112200000001
(1788796651.499326) can0 03FF1000#0840112200000001
(1788796651.604331) can0 03FF1000#0840112200000001
(1788796672.031421) can0 02294503#0000000000000000
(1788796672.032426) can0 05124503#00150C0900000C62
(1788796672.036423) can0 02294503#0000000000000000
(1788796672.037423) can0 05124503#00150C0900000C62
(1788796672.041422) can0 02294503#0000000000000000
(1788796672.042422) can0 05124503#00150C0900000C62
(1788796672.046422) can0 02294503#0000000000000000
(1788796672.047422) can0 05124503#00150C0900000C62
(1788796672.051428) can0 02294503#0000000000000000
(1788796672.052427) can0 05124503#00150C0900000C62
(1788796672.130641) can0 03FF1000#0040112200000001
(1788796672.235629) can0 03FF1000#0040112200000001
(1788796672.324441) can0 08F97603#0101010100000000
(1788796672.340628) can0 03FF1000#0040112200000001
(1788796672.445634) can0 03FF1000#0040112200000001
(1788796672.550669) can0 03FF1000#0040112200000001
(1788796672.622459) can0 08F97603#0101000000000000
(1788796672.655655) can0 03FF1000#0040112200000001
(1788796672.760637) can0 03FF1000#0040112200000001
(1788796672.780558) can0 02294609#
(1788796672.781462) can0 05124609#010003CA03CA00
(1788796672.865657) can0 03FF1000#0040112200000001
(1788796672.920474) can0 08F97603#0101000000000000
(1788796672.970639) can0 03FF1000#0040112200000001
(1788796673.075678) can0 03FF1000#0040112200000001
(1788796673.180662) can0 03FF1000#0040112200000001
(1788796673.217554) can0 08F97603#0101000000000000
(1788796673.271492) can0 02294601#
(1788796673.272535) can0 05124601#007300000000
(1788796673.285651) can0 03FF1000#0040112200000001
(1788796673.390662) can0 03FF1000#0040112200000001
(1788796673.495655) can0 03FF1000#0040112200000001
(1788796673.515506) can0 08F97603#0101000000000000
(1788796673.600705) can0 03FF1000#0040112200000001
(1788796673.705677) can0 03FF1000#0040112200000001
(1788796673.771520) can0 02294500#
(1788796673.771569) can0 02294501#
(1788796673.772516) can0 02203607#0000000300000000
(1788796673.772576) can0 05124500#0500
(1788796673.772636) can0 05124501#0103
(1788796673.781517) can0 02294602#
(1788796673.782516) can0 05124602#0B10111011101110
(1788796673.791516) can0 02294503#
(1788796673.792516) can0 05124503#00150C0900000C62
(1788796673.810682) can0 03FF1000#0040112200000001
(1788796673.811521) can0 02294609#
(1788796673.812518) can0 05124609#010003CA03CA00
(1788796673.813517) can0 08F97603#0101000000000000
(1788796673.851522) can0 02294611#
(1788796673.853520) can0 05124611#0061368C0000352E
(1788796673.915658) can0 03FF1000#0040112200000001
(1788796674.020660) can0 03FF1000#0040112200000001
(1788796674.031568) can0 02181606#0100190001030200
(1788796674.110744) can0 08F97603#0101000000000000
(1788796674.130540) can0 03FF1000#0840112200000001
(1788796674.141538) can0 03FF1001#0000000000000000
(1788796674.141683) can0 02181606#0100190001030200
(1788796674.151537) can0 03FF1603#0000D07900000000
(1788796674.162536) can0 03FF1605#0100000000000000
(1788796674.164537) can0 05FF4610#0000D0E7FFFFFFD5
(1788796674.172537) can0 03121606#0100000000000000
(1788796674.235555) can0 03FF1000#0840112200000001
(1788796674.246545) can0 03FF1001#0000000000000000
(1788796674.251784) can0 02181606#0100190001030200
(1788796674.256541) can0 03FF1603#0000D07900000000
(1788796674.267541) can0 03FF1605#0100000000000000
(1788796674.277543) can0 03121606#0000000000000000
(1788796674.291543) can0 02294603#
(1788796674.292543) can0 05FF4001#0000000000000000
(1788796674.293543) can0 05124603#1110111014101410
(1788796674.294543) can0 05FF4000#0000000000000000
(1788796674.340550) can0 03FF1000#0840112200000001
(1788796674.351550) can0 03FF1001#0000000000000000
(1788796674.361548) can0 03FF1603#0000D07900000000
(1788796674.372548) can0 03FF1605#0100000000000000
(1788796674.374548) can0 05FF4602#0B10111011101110
(1788796674.382548) can0 03121606#0000000000000000
(1788796674.384548) can0 05FF4603#1110111014101410
(1788796674.394549) can0 05FF4604#1110121015101610
(1788796674.404549) can0 05FF4605#1110000000000000
(1788796674.408549) can0 08F97603#0101000000000000
(1788796674.425553) can0 05FF4610#0000D0E7FFFFFFD5
(1788796674.434555) can0 05FF4606#1E1E1D
(1788796674.444552) can0 05FF4607#1E1D1D
(1788796674.445551) can0 03FF1000#0840112200000001
(1788796674.454552) can0 05FF4608#0019007C
(1788796674.456551) can0 03FF1001#0000000000000000
(1788796674.464552) can0 05FF4609#010003CA03CA00
(1788796674.466552) can0 03FF1603#0000D07900000000
(1788796674.477553) can0 03FF1605#0100000000000000
(1788796674.550560) can0 03FF1000#0840112200000001
(1788796674.561561) can0 03FF1001#0000000000000000
(1788796674.571560) can0 03FF1603#0000D07900000000
(1788796674.582559) can0 03FF1605#0100000000000000
(1788796674.614560) can0 05FF4400#00000002
(1788796674.655568) can0 03FF1000#0840112200000001
(1788796674.664568) can0 05FF4600#0D0300900303
(1788796674.666565) can0 03FF1001#0000000000000000
(1788796674.676564) can0 03FF1603#0000D07900000000
(1788796674.686565) can0 05FF4610#0000D0E7FFFFFFD5
(1788796674.687564) can0 03FF1605#0100000000000000
(1788796674.706566) can0 08F97603#0101000000000000
(1788796674.714566) can0 05FF4601#007300000000
(1788796674.760571) can0 03FF1000#0840112200000001
(1788796674.762571) can0 02191602#0000000000000000
(1788796674.771569) can0 03FF1001#0000000000000000
(1788796674.781570) can0 03FF1603#0000D07900000000
(1788796674.792570) can0 03FF1605#0100000000000000
(1788796674.802571) can0 02294604#
(1788796674.803570) can0 05124604#1110121014101510
(1788796674.865578) can0 03FF1000#0840112200000001
(1788796674.876579) can0 03FF1001#0000000000000000
(1788796674.886576) can0 03FF1603#0000D07900000000
(1788796674.897575) can0 03FF1605#0100000000000000
(1788796674.970583) can0 03FF1000#0840112200000001
(1788796674.974583) can0 05FF4610#0000D0E1FFFFFFC4
(1788796674.981581) can0 03FF1001#0000000000000000
(1788796674.991581) can0 03FF1603#0000D07900000000
(1788796675.002582) can0 03FF1605#0100000000000000
(1788796675.044586) can0 03FF1600#142B000104001319
(1788796675.054586) can0 03FF1601#6E50000000000000
(1788796675.065586) can0 03FF1602#000005000000157C
(1788796675.075586) can0 03FF1604#0000000000000000
(1788796675.086586) can0 03FF1000#0840112200000001
(1788796675.096588) can0 03FF1001#0000000000000000
(1788796675.107588) can0 03FF1603#0000D07900000000
(1788796675.117588) can0 03FF1605#0100000000000000
(1788796675.180596) can0 03FF1000#0840112200000001
(1788796675.191595) can0 03FF1001#0000000000000000
(1788796675.201593) can0 03FF1603#0000D07900000000
(1788796675.212594) can0 03FF1605#0100000000000000
(1788796675.247597) can0 05FF4610#0000D0E1FFFFFFC4
(1788796675.285600) can0 03FF1000#0840112200000001
(1788796675.296598) can0 03FF1001#0000000000000000
(1788796675.306598) can0 03FF1603#0000D07900000000
(1788796675.312598) can0 02294605#
(1788796675.313598) can0 05124605#1110000000000000
(1788796675.317598) can0 03FF1605#0100000000000000
(1788796675.332603) can0 05FF4001#0000000000000000
(1788796675.334604) can0 05FF4000#0000000000000000
(1788796675.390604) can0 03FF1000#0840112200000001
(1788796675.401603) can0 03FF1001#0000000000000000
(1788796675.411603) can0 03FF1603#0000D07900000000
(1788796675.414603) can0 05FF4602#0B10111011101010
(1788796675.422607) can0 03FF1605#0100000000000000
(1788796675.424607) can0 05FF4603#1110101013101310
(1788796675.434605) can0 05FF4604#1110121014101510
(1788796675.444605) can0 05FF4605#1110000000000000
(1788796675.474606) can0 05FF4606#1E1E1D
(1788796675.484607) can0 05FF4607#1E1D1D
(1788796675.492827) can0 02417500#
(1788796675.493607) can0 02417500#
(1788796675.493662) can0 02417500#
(1788796675.494607) can0 05FF4608#0019007C
(1788796675.495607) can0 03FF1000#0840112200000001
(1788796675.502701) can0 08F97500#000000F400000000
(1788796675.504608) can0 05FF4609#010003CA03CA00
(1788796675.506608) can0 03FF1001#0000000000000000
(1788796675.507661) can0 08F97500#000000F400000000
(1788796675.508608) can0 05FF4610#0000D0E1FFFFFFC4
(1788796675.512631) can0 08F97500#000000F400000000
(1788796675.513608) can0 02417501#
(1788796675.513663) can0 02417501#
(1788796675.513730) can0 02417501#
(1788796675.516609) can0 03FF1603#0000D07900000000
(1788796675.522612) can0 08F97501#0000001500000000
(1788796675.527612) can0 03FF1605#0100000000000000
(1788796675.527661) can0 08F97501#0000001500000000
(1788796675.532610) can0 08F97501#0000001500000000
(1788796675.546610) can0 02519500#
(1788796675.546666) can0 02519500#
(1788796675.546721) can0 02519500#
(1788796675.600614) can0 03FF1000#0840112200000001
(1788796675.611614) can0 03FF1001#0000000000000000
(1788796675.621618) can0 03FF1603#0000D07900000000
(1788796675.632621) can0 03FF1605#0100000000000000
(1788796675.705623) can0 03FF1000#0840112200000001
(1788796675.716621) can0 03FF1001#0000000000000000
(1788796675.726624) can0 03FF1603#0000D07900000000
(1788796675.737624) can0 03FF1605#0100000000000000
(1788796675.769623) can0 05FF4610#0000D0E1FFFFFFC4
(1788796675.783623) can0 02FF2602#62F3FE85208EA367
(1788796675.784623) can0 02294609#0000000000000000
(1788796675.798624) can0 05124609#030003CA03CA00
(1788796675.810627) can0 03FF1000#0840112200000001
(1788796675.821629) can0 03FF1001#0000000000000000
(1788796675.823628) can0 02294601#
(1788796675.824625) can0 05124601#007300000000
(1788796675.831629) can0 03FF1603#0000D07900000000
(1788796675.842629) can0 03FF1605#0100000000000000
(1788796675.915632) can0 03FF1000#0840112200000001
(1788796675.926635) can0 03FF1001#0000000000000000
(1788796675.936635) can0 03FF1603#0000D07900000000
(1788796675.947633) can0 03FF1605#0100000000000000
(1788796676.020639) can0 03FF1000#0840112200000001
(1788796676.031640) can0 03FF1001#0000000000000000
(1788796676.041638) can0 03FF1603#0000D07900000000
(1788796676.052638) can0 03FF1605#0100000000000000
(1788796676.058674) can0 05FF4610#0000D0E3FFFFFFCA
(1788796676.062638) can0 03FF1600#142B000104001319
(1788796676.073638) can0 03FF1601#6E50000000000000
(1788796676.083639) can0 03FF1602#000005000000157C
(1788796676.094640) can0 03FF1604#0000000000000000
(1788796676.125644) can0 03FF1000#0840112200000001
(1788796676.136648) can0 03FF1001#0000000000000000
(1788796676.146646) can0 03FF1603#0000D07900000000
(1788796676.157645) can0 03FF1605#0100000000000000
(1788796676.230652) can0 03FF1000#0840112200000001
(1788796676.241651) can0 03FF1001#0000000000000000
(1788796676.251649) can0 03FF1603#0000D07900000000
(1788796676.262649) can0 03FF1605#0100000000000000
(1788796676.331656) can0 02FF2602#62F3FE85208EA367
(1788796676.331884) can0 02294609#0000000000000000
(1788796676.333652) can0 05124609#030003CA03CA00
(1788796676.334653) can0 05FF4610#0000D0E3FFFFFFCA
(1788796676.335652) can0 03FF1000#0840112200000001
(1788796676.337653) can0 02294602#
(1788796676.337743) can0 05124602#0B10111011101010
(1788796676.346653) can0 03FF1001#0000000000000000
(1788796676.357656) can0 03FF1603#0000D07900000000
(1788796676.367655) can0 03FF1605#0100000000000000
(1788796676.374770) can0 05FF4001#0000000000000000
(1788796676.376781) can0 05FF4000#0000000000000000
(1788796676.441662) can0 03FF1000#0840112200000001
(1788796676.451661) can0 03FF1001#0000000000000000
(1788796676.457748) can0 05FF4602#0B10111011101010
(1788796676.462659) can0 03FF1603#0000D07900000000
(1788796676.467763) can0 05FF4603#1110101013101410
(1788796676.472659) can0 03FF1605#0100000000000000
(1788796676.474659) can0 02181606#0100190001030200
(1788796676.477775) can0 05FF4604#1110121015101510
(1788796676.487800) can0 05FF4605#1110000000000000
(1788796676.518663) can0 05FF4606#1E1E1D
(1788796676.529665) can0 05FF4607#1E1D1D
(1788796676.539667) can0 05FF4608#0019007C
(1788796676.546664) can0 03FF1000#0840112200000001
(1788796676.549756) can0 05FF4609#030003CA03CA00
(1788796676.556664) can0 03FF1001#0000000000000000
(1788796676.563781) can0 02519501#
(1788796676.564664) can0 02519501#
(1788796676.564719) can0 02519501#
(1788796676.567664) can0 03FF1603#0000D07900000000
(1788796676.577665) can0 03FF1605#0100000000000000
(1788796676.588666) can0 03121606#0000000000000000
(1788796676.596817) can0 05FF4610#0000D0E3FFFFFFCA
(1788796676.651672) can0 03FF1000#0840112200000001
(1788796676.661674) can0 03FF1001#0000000000000000
(1788796676.672673) can0 03FF1603#0000D07900000000
(1788796676.682671) can0 03FF1605#0100000000000000
(1788796676.756679) can0 03FF1000#0840112200000001
(1788796676.766678) can0 03FF1001#0000000000000000
(1788796676.777677) can0 03FF1603#0000D07900000000
(1788796676.787677) can0 03FF1605#0100000000000000
(1788796676.844911) can0 02294603#
(1788796676.845902) can0 05124603#1110101013101410
(1788796676.861681) can0 03FF1000#0840112200000001
(1788796676.871681) can0 03FF1001#0000000000000000
(1788796676.882682) can0 03FF1603#0000D07900000000
(1788796676.885936) can0 05FF4610#0000D0E3FFFFFFC4
(1788796676.892682) can0 03FF1605#0100000000000000
(1788796676.966689) can0 03FF1000#0840112200000001
(1788796676.976689) can0 03FF1001#0000000000000000
(1788796676.984688) can0 02191602#0000000000000000
(1788796676.987687) can0 03FF1603#0000D07900000000
(1788796676.997687) can0 03FF1605#0100000000000000
(1788796677.060694) can0 03FF1600#142B000104001319
(1788796677.071695) can0 03FF1601#6E50000000000000
(1788796677.081693) can0 03FF1602#000005000000157C
(1788796677.092693) can0 03FF1604#0000000000000000
(1788796677.102693) can0 03FF1000#0840112200000001
(1788796677.113694) can0 03FF1001#0000000000000000
(1788796677.123699) can0 03FF1603#0000D07900000000
(1788796677.134698) can0 03FF1605#0100000000000000
(1788796677.159698) can0 05FF4610#0000D0E3FFFFFFC4
(1788796677.176702) can0 03FF1000#0840112200000001
(1788796677.186701) can0 03FF1001#0000000000000000
(1788796677.197699) can0 03FF1603#0000D07900000000
(1788796677.207700) can0 03FF1605#0100000000000000
(1788796677.281706) can0 03FF1000#0840112200000001
(1788796677.291707) can0 03FF1001#0000000000000000
(1788796677.302704) can0 03FF1603#0000D07900000000
(1788796677.312704) can0 03FF1605#0100000000000000
(1788796677.354711) can0 02294604#
(1788796677.356709) can0 05124604#1110121015101510
(1788796677.386709) can0 03FF1000#0840112200000001
(1788796677.396709) can0 03FF1001#0000000000000000
(1788796677.407710) can0 03FF1603#0000D07900000000
(1788796677.417711) can0 03FF1605#0100000000000000
(1788796677.419710) can0 05FF4001#0000000000000000
(1788796677.420710) can0 05FF4610#0000D0E3FFFFFFC4
(1788796677.421713) can0 05FF4000#0000000000000000
(1788796677.491717) can0 03FF1000#0840112200000001
(1788796677.501715) can0 05FF4602#0B10111011101010
(1788796677.501897) can0 03FF1001#0000000000000000
(1788796677.511716) can0 05FF4603#1110101013101410
(1788796677.512715) can0 03FF1603#0000D07900000000
(1788796677.521718) can0 05FF4604#1110121015101510
(1788796677.522719) can0 03FF1605#0100000000000000
(1788796677.531716) can0 05FF4605#1110000000000000
(1788796677.561719) can0 05FF4606#1E1E1D
(1788796677.571719) can0 05FF4607#1E1D1D
(1788796677.581719) can0 05FF4608#0019007C
(1788796677.591812) can0 05FF4609#030003CA03CA00
(1788796677.596719) can0 03FF1000#0840112200000001
(1788796677.606720) can0 03FF1001#0000000000000000
(1788796677.617721) can0 03FF1603#0000D07900000000
(1788796677.627724) can0 03FF1605#0100000000000000
(1788796677.681727) can0 05FF4610#0000D0E3FFFFFFC4
(1788796677.701730) can0 03FF1000#0840112200000001
(1788796677.711729) can0 03FF1001#0000000000000000
(1788796677.722730) can0 03FF1603#0000D07900000000
(1788796677.732730) can0 03FF1605#0100000000000000
(1788796677.806731) can0 03FF1000#0840112200000001
(1788796677.816736) can0 03FF1001#0000000000000000
(1788796677.827736) can0 03FF1603#0000D07900000000
(1788796677.837742) can0 03FF1605#0100000000000000
(1788796677.865743) can0 02294605#
(1788796677.866735) can0 05124605#1110000000000000
(1788796677.911738) can0 03FF1000#0840112200000001
(1788796677.921764) can0 03FF1001#0000000000000000
(1788796677.932739) can0 03FF1603#0000D07900000000
(1788796677.942739) can0 03FF1605#0100000000000000
(1788796677.971741) can0 05FF4610#0000D0E4FFFFFFCA
(1788796678.005742) can0 02FF2602#A523DD2D29F49D0B
(1788796678.006742) can0 02294609#0000000000000000
(1788796678.007741) can0 05124609#030003CA03CA00
(1788796678.015743) can0 02181606#0000000000030200
(1788796678.016742) can0 03FF1000#0840112200000001
(1788796678.016797) can0 03FF1605#0000000000000000
(1788796678.145752) can0 02181606#0100190001030200
(1788796678.183753) can0 03FF1001#0000000000000000
(1788796678.219758) can0 03FF1603#0000D07900000000
(1788796678.230757) can0 03FF1605#0100000000000000
(1788796678.232755) can0 05FF4610#0000D0E4FFFFFFCA
(1788796678.240755) can0 1FF8B028#0000000000000000
(1788796678.251757) can0 03FF1000#0840112200000001
(1788796678.255757) can0 02181606#0100190001030200
(1788796678.261758) can0 03FF1605#0000000000000000
(1788796678.272756) can0 03121606#0100000000000000
(1788796678.293759) can0 03FF1000#0840112200000001
(1788796678.303759) can0 03FF1001#0000000000000000
(1788796678.314759) can0 03FF1603#0000D07900000000
(1788796678.324759) can0 03FF1605#0100000000000000
(1788796678.326759) can0 05FF4610#0000D0E4FFFFFFCA
(1788796678.335763) can0 03121606#0000000000000000
(1788796678.376765) can0 02294606#
(1788796678.377767) can0 05124606#1E1E1D
(1788796678.398764) can0 03FF1000#0840112200000001
(1788796678.408764) can0 03FF1001#0000000000000000
(1788796678.419764) can0 03FF1603#0000D07900000000
(1788796678.429765) can0 03FF1605#0100000000000000
(1788796678.440766) can0 03121606#0000000000000000
(1788796678.454767) can0 05FF4001#0000000000000000
(1788796678.456766) can0 05FF4000#0000000000000000
(1788796678.503769) can0 03FF1000#0840112200000001
(1788796678.513770) can0 03FF1001#0000000000000000
(1788796678.524770) can0 03FF1603#0000D07900000000
(1788796678.534770) can0 03FF1605#0100000000000000
(1788796678.536770) can0 05FF4602#0B10111011101010
(1788796678.546772) can0 05FF4603#1110101013101410
(1788796678.556771) can0 05FF4604#1110121015101610
(1788796678.566773) can0 05FF4605#1110000000000000
(1788796678.587774) can0 05FF4610#0000D0E4FFFFFFCA
(1788796678.596774) can0 05FF4606#1E1E1D
(1788796678.606774) can0 05FF4607#1E1D1D
(1788796678.608774) can0 03FF1000#0840112200000001
(1788796678.616775) can0 05FF4608#0019007C
(1788796678.618775) can0 03FF1001#0000000000000000
(1788796678.626775) can0 05FF4609#010003CA03CA00
(1788796678.629776) can0 03FF1603#0000D07900000000
(1788796678.639776) can0 03FF1605#0100000000000000
(1788796678.713781) can0 03FF1000#0840112200000001
(1788796678.723786) can0 03FF1001#0000000000000000
(1788796678.734785) can0 03FF1603#0000D07900000000
(1788796678.744783) can0 03FF1605#0100000000000000
(1788796678.766785) can0 02191602#0000000000000000
(1788796678.776786) can0 05FF4400#00000003
(1788796678.818790) can0 03FF1000#0840112200000001
(1788796678.828789) can0 03FF1001#0000000000000000
(1788796678.839790) can0 03FF1603#0000D07900000000
(1788796678.849791) can0 03FF1605#0100000000000000
(1788796678.853788) can0 05FF4600#0D0300900303
(1788796678.875790) can0 05FF4610#0000D0E3FFFFFFCA
(1788796678.886789) can0 02294607#
(1788796678.886844) can0 05124607#1E1D1D
(1788796678.903791) can0 05FF4601#007300000000
(1788796678.923792) can0 03FF1000#0840112200000001
(1788796678.933794) can0 03FF1001#0000000000000000
(1788796678.944793) can0 03FF1603#0000D07900000000
(1788796678.954794) can0 03FF1605#0100000000000000
(1788796679.028797) can0 03FF1000#0840112200000001
(1788796679.038797) can0 03FF1001#0000000000000000
(1788796679.049799) can0 03FF1603#0000D07900000000
(1788796679.059799) can0 03FF1605#0100000000000000
(1788796679.133807) can0 03FF1000#0840112200000001
(1788796679.143805) can0 03FF1001#0000000000000000
(1788796679.148861) can0 05FF4610#0000D0E3FFFFFFCA
(1788796679.154804) can0 03FF1603#0000D07900000000
(1788796679.164804) can0 03FF1605#0100000000000000
(1788796679.185805) can0 03FF1600#142B000104001319
(1788796679.196806) can0 03FF1601#6E50000000000000
(1788796679.206807) can0 03FF1602#000005000000157C
(1788796679.217808) can0 03FF1604#0000000000000000
(1788796679.238812) can0 03FF1000#0840112200000001
(1788796679.248812) can0 03FF1001#0000000000000000
(1788796679.259811) can0 03FF1603#0000D07900000000
(1788796679.269812) can0 03FF1605#0100000000000000
(1788796679.343818) can0 03FF1000#0840112200000001
(1788796679.353817) can0 03FF1001#0000000000000000
(1788796679.364815) can0 03FF1603#0000D07900000000
(1788796679.374816) can0 03FF1605#0100000000000000
(1788796679.396967) can0 02294609#
(1788796679.397955) can0 05124609#010003CA03CA00
(1788796679.412817) can0 05FF4610#0000D0E3FFFFFFCA
(1788796679.448820) can0 03FF1000#0840112200000001
(1788796679.458821) can0 03FF1001#0000000000000000
(1788796679.469821) can0 03FF1603#0000D07900000000
(1788796679.479822) can0 03FF1605#0100000000000000
(1788796679.497066) can0 05FF4001#0000000000000000
(1788796679.499822) can0 05FF4000#0000000000000000
(1788796679.553826) can0 03FF1000#0840112200000001
(1788796679.563825) can0 03FF1001#0000000000000000
(1788796679.574827) can0 03FF1603#0000D07900000000
(1788796679.579826) can0 05FF4602#0B10111011101010
(1788796679.584826) can0 03FF1605#0100000000000000
(1788796679.589827) can0 05FF4603#1110101013101410
(1788796679.599828) can0 05FF4604#1110121015101510
(1788796679.609828) can0 05FF4605#1110000000000000
(1788796679.638968) can0 05FF4606#1E1E1D
(1788796679.648969) can0 05FF4607#1E1D1D
(1788796679.658832) can0 03FF1000#0840112200000001
(1788796679.659020) can0 05FF4608#0019007C
(1788796679.668831) can0 03FF1001#0000000000000000
(1788796679.669831) can0 05FF4609#010003CA03CA00
(1788796679.673831) can0 05FF4610#0000D0E3FFFFFFCA
(1788796679.679832) can0 03FF1603#0000D07900000000
(1788796679.689832) can0 03FF1605#0100000000000000
(1788796679.763837) can0 03FF1000#0840112200000001
(1788796679.773842) can0 03FF1001#0000000000000000
(1788796679.784096) can0 03FF1603#0000D07900000000
(1788796679.787839) can0 02FF2602#BA734E55001D1CFF
(1788796679.787894) can0 02294609#0000000000000000
(1788796679.788907) can0 05124609#030003CA03CA00
(1788796679.794839) can0 03FF1605#0100000000000000
(1788796679.868846) can0 03FF1000#0840112200000001
(1788796679.879846) can0 03FF1001#0000000000000000
(1788796679.889843) can0 03FF1603#0000D07900000000
(1788796679.900845) can0 03FF1605#0100000000000000
(1788796679.907042) can0 02294610#
(1788796679.908844) can0 05124610#0000D0E3FFFFFFCA
(1788796679.961848) can0 05FF4610#0000D0E3FFFFFFCA
(1788796679.973850) can0 03FF1000#0840112200000001
(1788796679.984850) can0 03FF1001#0000000000000000
(1788796679.994849) can0 03FF1603#0000D07900000000
(1788796680.005094) can0 03FF1605#0100000000000000
(1788796680.078854) can0 03FF1000#0840112200000001
(1788796680.089103) can0 03FF1001#0000000000000000
(1788796680.099855) can0 03FF1603#0000D07900000000
(1788796680.110110) can0 03FF1605#0100000000000000
(1788796680.183859) can0 03FF1000#0840112200000001
(1788796680.194860) can0 03FF1001#0000000000000000
(1788796680.204860) can0 03FF1603#0000D07900000000
(1788796680.215861) can0 03FF1605#0100000000000000
(1788796680.225861) can0 03FF1600#142B000104001319
(1788796680.235863) can0 05FF4610#0000D0E3FFFFFFCA
(1788796680.236114) can0 03FF1601#6E50000000000000
(1788796680.246863) can0 03FF1602#000005000000157C
(1788796680.257863) can0 03FF1604#0000000000000000
(1788796680.288865) can0 03FF1000#0840112200000001
(1788796680.297893) can0 02FF2602#BA734E55001D1CFF
(1788796680.298869) can0 02294609#0000000000000000
(1788796680.299865) can0 03FF1001#0000000000000000
(1788796680.300105) can0 05124609#030003CA03CA00
(1788796680.309867) can0 03FF1603#0000D07900000000
(1788796680.320121) can0 03FF1605#0100000000000000
(1788796680.393874) can0 03FF1000#0840112200000001
(1788796680.404124) can0 03FF1001#0000000000000000
(1788796680.414872) can0 03FF1603#0000D07900000000
(1788796680.418872) can0 02294611#
(1788796680.419871) can0 05124611#0061368C0000352E
(1788796680.425871) can0 03FF1605#0100000000000000
(1788796680.437872) can0 02181606#0100190001030200
(1788796680.497877) can0 05FF4610#0000D0E3FFFFFFCA
(1788796680.498875) can0 03FF1000#0840112200000001
(1788796680.509119) can0 03FF1001#0000000000000000
(1788796680.519877) can0 03FF1603#0000D07900000000
(1788796680.530132) can0 03FF1605#0100000000000000
(1788796680.539878) can0 05FF4001#0000000000000000
(1788796680.540877) can0 03121606#0000000000000000
(1788796680.541878) can0 05FF4000#0000000000000000
(1788796680.603882) can0 03FF1000#0840112200000001
(1788796680.614125) can0 03FF1001#0000000000000000
(1788796680.621883) can0 05FF4602#0B10111011101010
(1788796680.624882) can0 03FF1603#0000D07900000000
(1788796680.631883) can0 05FF4603#1110101013101410
(1788796680.635137) can0 03FF1605#0100000000000000
(1788796680.641884) can0 05FF4604#1110121015101510
(1788796680.647883) can0 13B16001#
(1788796680.648112) can0 13B16001#
(1788796680.648883) can0 13B16001#
(1788796680.651883) can0 05FF4605#1110000000000000
(1788796680.681886) can0 05FF4606#1E1E1D
(1788796680.691887) can0 05FF4607#1E1D1D
(1788796680.701887) can0 05FF4608#0019007C
(1788796680.708887) can0 03FF1000#0840112200000001
(1788796680.711886) can0 05FF4609#030003CA03CA00
(1788796680.719130) can0 03FF1001#0000000000000000
(1788796680.729888) can0 03FF1603#0000D07900000000
(1788796680.740132) can0 03FF1605#0100000000000000
(1788796680.758890) can0 05FF4610#0000D0E3FFFFFFCA
(1788796680.813898) can0 03FF1000#0840112200000001
(1788796680.824141) can0 03FF1001#0000000000000000
(1788796680.834897) can0 03FF1603#0000D07900000000
(1788796680.845140) can0 03FF1605#0100000000000000
(1788796680.918902) can0 03FF1000#0840112200000001
(1788796680.928899) can0 02294500#
(1788796680.929145) can0 03FF1001#0000000000000000
(1788796680.929898) can0 05124500#0500
(1788796680.939900) can0 03FF1603#0000D07900000000
(1788796680.948899) can0 02191602#0000000000000000
(1788796680.950142) can0 03FF1605#0100000000000000
(1788796681.023903) can0 03FF1000#0840112200000001
(1788796681.034124) can0 03FF1001#0000000000000000
(1788796681.044905) can0 03FF1603#0000D07900000000
(1788796681.047905) can0 05FF4610#0000D0E2FFFFFFCA
(1788796681.055137) can0 03FF1605#0100000000000000
(1788796681.128911) can0 03FF1000#0840112200000001
(1788796681.139130) can0 03FF1001#0000000000000000
(1788796681.149911) can0 03FF1603#0000D07900000000
(1788796681.160132) can0 03FF1605#0100000000000000
(1788796681.202145) can0 03FF1600#142B000104001319
(1788796681.212915) can0 03FF1601#6E50000000000000
(1788796681.223122) can0 03FF1602#000005000000157C
(1788796681.233915) can0 03FF1604#0000000000000000
(1788796681.244136) can0 03FF1000#0840112200000001
(1788796681.254916) can0 03FF1001#0000000000000000
(1788796681.265120) can0 03FF1603#0000D07900000000
(1788796681.275917) can0 03FF1605#0100000000000000
(1788796681.322978) can0 05FF4610#0000D0E2FFFFFFCA
(1788796681.338927) can0 03FF1000#0840112200000001
(1788796681.349128) can0 03FF1001#0000000000000000
(1788796681.359923) can0 03FF1603#0000D07900000000
(1788796681.370131) can0 03FF1605#0100000000000000
(1788796681.438928) can0 02294501#
(1788796681.439926) can0 05124501#0103
(1788796681.443926) can0 03FF1000#0840112200000001
(1788796681.454137) can0 03FF1001#0000000000000000
(1788796681.464926) can0 03FF1603#0000D07900000000
(1788796681.475154) can0 03FF1605#0100000000000000
(1788796681.488929) can0 02181606#0000000000030200
(1788796681.489928) can0 02203606#0200000000000000
(1788796681.496929) can0 03FF1605#0000000000000000
(1788796681.498929) can0 02181606#0000000000030200
(1788796681.499929) can0 02203606#0200000000000000
(1788796681.508930) can0 02181606#0000000000030200
(1788796681.509929) can0 02203606#0200000000000000
(1788796681.519151) can0 02203607#0000000300000000
(1788796681.663146) can0 1FF8B028#0000000000000000
(1788796681.668939) can0 02519500#
(1788796681.669132) can0 02519500#
(1788796681.669938) can0 02519500#
(1788796681.673938) can0 03FF1000#0840112200000001
(1788796681.683940) can0 03FF1605#0000000000000000
(1788796681.694940) can0 03121606#0100000000000000
(1788796681.767944) can0 03FF1000#0840112200000001
(1788796681.778945) can0 03121606#0100000000000000
(1788796681.872954) can0 03FF1000#0840112200000001
(1788796681.883955) can0 03121606#0100000000000000
(1788796681.977957) can0 03FF1000#0840112200000001
(1788796682.023190) can0 04FF3400#0000000000000000
(1788796682.082962) can0 03FF1000#0840112200000001
(1788796682.187967) can0 03FF1000#0840112200000001
(1788796682.292972) can0 03FF1000#0840112200000001
(1788796682.397982) can0 03FF1000#0840112200000001
(1788796682.502988) can0 03FF1000#0840112200000001
(1788796682.529988) can0 02203607#0000000300000000
(1788796682.607989) can0 03FF1000#0840112200000001
(1788796682.689994) can0 02519501#
(1788796682.690093) can0 02519501#
(1788796682.690992) can0 02519501#
(1788796682.712995) can0 03FF1000#0840112200000001
(1788796682.818005) can0 03FF1000#0840112200000001
(1788796682.923010) can0 03FF1000#0840112200000001
(1788796683.028016) can0 03FF1000#0840112200000001
(1788796683.133020) can0 03FF1000#0840112200000001
(1788796683.238024) can0 03FF1000#0840112200000001
(1788796683.343032) can0 03FF1000#0840112200000001
(1788796683.448038) can0 03FF1000#0840112200000001
(1788796683.541178) can0 02203607#0000000300000000
(1788796683.553044) can0 03FF1000#0840112200000001
(1788796683.658047) can0 03FF1000#0840112200000001
(1788796683.763054) can0 03FF1000#0840112200000001
(1788796683.868061) can0 03FF1000#0840112200000001
(1788796683.973065) can0 03FF1000#0840112200000001
(1788796684.078073) can0 03FF1000#0840112200000001
(1788796684.183077) can0 03FF1000#0840112200000001
(1788796684.288079) can0 03FF1000#0840112200000001
(1788796684.393088) can0 03FF1000#0840112200000001
(1788796684.498093) can0 03FF1000#0840112200000001
(1788796684.552098) can0 02203607#0000000300000000
(1788796684.603100) can0 03FF1000#0840112200000001
(1788796684.708102) can0 03FF1000#0840112200000001
(1788796684.813111) can0 03FF1000#0840112200000001
(1788796684.918116) can0 03FF1000#0840112200000001
(1788796685.023121) can0 03FF1000#0840112200000001
(1788796685.128128) can0 03FF1000#0840112200000001
(1788796685.233133) can0 03FF1000#0840112200000001
(1788796685.338136) can0 03FF1000#0840112200000001
(1788796685.443145) can0 03FF1000#0840112200000001
(1788796685.548149) can0 03FF1000#0840112200000001
(1788796685.653156) can0 03FF1000#0840112200000001
(1788796685.758162) can0 03FF1000#0840112200000001
(1788796685.863167) can0 03FF1000#0840112200000001
(1788796685.968172) can0 03FF1000#0840112200000001
(1788796686.073176) can0 03FF1000#0840112200000001
(1788796686.178184) can0 03FF1000#0840112200000001
(1788796686.283189) can0 03FF1000#0840112200000001
(1788796686.388205) can0 03FF1000#0840112200000001
(1788796686.493203) can0 03FF1000#0840112200000001
(1788796686.598203) can0 03FF1000#0840112200000001
(1788796686.703215) can0 03FF1000#0840112200000001
(1788796686.774217) can0 13B16001#
(1788796686.774262) can0 13B16001#
(1788796686.774345) can0 13B16001#
(1788796686.808214) can0 03FF1000#0840112200000001
(1788796686.913223) can0 03FF1000#0840112200000001
(1788796687.018228) can0 03FF1000#0840112200000001
(1788796687.123233) can0 03FF1000#0840112200000001
(1788796687.228243) can0 03FF1000#0840112200000001
(1788796687.333246) can0 03FF1000#0840112200000001
(1788796687.438252) can0 03FF1000#0840112200000001
(1788796687.543257) can0 03FF1000#0840112200000001
(1788796687.648261) can0 03FF1000#0840112200000001
(1788796687.753269) can0 03FF1000#0840112200000001
(1788796687.858274) can0 03FF1000#0840112200000001
(1788796687.963279) can0 03FF1000#0840112200000001
(1788796688.068283) can0 03FF1000#0840112200000001
(1788796688.173288) can0 03FF1000#0840112200000001
(1788796688.278297) can0 03FF1000#0840112200000001
(1788796688.383303) can0 03FF1000#0840112200000001
(1788796688.488307) can0 03FF1000#0840112200000001
(1788796688.593311) can0 03FF1000#0840112200000001
(1788796688.698314) can0 03FF1000#0840112200000001
(1788796688.803325) can0 03FF1000#0840112200000001
(1788796688.908331) can0 03FF1000#0840112200000001
(1788796689.013336) can0 03FF1000#0840112200000001
(1788796689.118333) can0 03FF1000#0840112200000001
(1788796689.223344) can0 03FF1000#0840112200000001
(1788796689.328354) can0 03FF1000#0840112200000001
(1788796689.433360) can0 03FF1000#0840112200000001
(1788796689.538364) can0 03FF1000#0840112200000001
(1788796689.643369) can0 03FF1000#0840112200000001
(1788796689.748374) can0 03FF1000#0840112200000001
(1788796689.853383) can0 03FF1000#0840112200000001
(1788796689.958386) can0 03FF1000#0840112200000001
(1788796690.063390) can0 03FF1000#0840112200000001
(1788796690.168396) can0 03FF1000#0840112200000001
(1788796690.273403) can0 03FF1000#0840112200000001
(1788796690.378411) can0 03FF1000#0840112200000001
(1788796690.483414) can0 03FF1000#0840112200000001
(1788796690.588419) can0 03FF1000#0840112200000001
(1788796690.693426) can0 03FF1000#0840112200000001
(1788796690.798431) can0 03FF1000#0840112200000001
(1788796690.903441) can0 03FF1000#0840112200000001
(1788796691.008442) can0 03FF1000#0840112200000001
(1788796691.113447) can0 03FF1000#0840112200000001
(1788796691.218454) can0 03FF1000#0840112200000001
(1788796691.323459) can0 03FF1000#0840112200000001
(1788796691.428467) can0 03FF1000#0840112200000001
(1788796691.533470) can0 03FF1000#0840112200000001
(1788796691.638474) can0 03FF1000#0840112200000001
(1788796691.743480) can0 03FF1000#0840112200000001
(1788796691.848487) can0 03FF1000#0840112200000001
(1788796691.953497) can0 03FF1000#0840112200000001
(1788796692.023497) can0 04FF3400#0000000100000000
(1788796692.058498) can0 03FF1000#0840112200000001
(1788796692.163503) can0 03FF1000#0840112200000001
(1788796692.268508) can0 03FF1000#0840112200000001
(1788796692.373515) can0 03FF1000#0840112200000001
(1788796692.478523) can0 03FF1000#0840112200000001
(1788796692.583527) can0 03FF1000#0840112200000001
(1788796692.688531) can0 03FF1000#0840112200000001
(1788796692.793537) can0 03FF1000#0840112200000001
(1788796692.898544) can0 03FF1000#0840112200000001
(1788796693.003551) can0 03FF1000#0840112200000001
(1788796693.108555) can0 03FF1000#0840112200000001
(1788796693.213561) can0 03FF1000#0840112200000001
(1788796693.318565) can0 03FF1000#0840112200000001
(1788796693.423571) can0 03FF1000#0840112200000001
(1788796693.528579) can0 03FF1000#0840112200000001
(1788796693.633582) can0 03FF1000#0840112200000001
(1788796693.738588) can0 03FF1000#0840112200000001
(1788796693.843593) can0 03FF1000#0840112200000001
(1788796693.948600) can0 03FF1000#0840112200000001
(1788796694.053606) can0 03FF1000#0840112200000001
(1788796694.158611) can0 03FF1000#0840112200000001
(1788796694.263616) can0 03FF1000#0840112200000001
(1788796694.368622) can0 03FF1000#0840112200000001
(1788796694.473627) can0 03FF1000#0840112200000001
(1788796694.578634) can0 03FF1000#0840112200000001
(1788796694.683639) can0 03FF1000#0840112200000001
(1788796694.788644) can0 03FF1000#0840112200000001
(1788796694.893651) can0 03FF1000#0840112200000001
(1788796694.998656) can0 03FF1000#0840112200000001
(1788796695.103663) can0 03FF1000#0840112200000001
(1788796695.208666) can0 03FF1000#0840112200000001
(1788796695.313672) can0 03FF1000#0840112200000001
(1788796695.418679) can0 03FF1000#0840112200000001
(1788796695.523684) can0 03FF1000#0840112200000001
(1788796695.628690) can0 03FF1000#0840112200000001
(1788796695.733694) can0 03FF1000#0840112200000001
(1788796695.838703) can0 03FF1000#0840112200000001
(1788796695.943707) can0 03FF1000#0840112200000001
(1788796696.048711) can0 03FF1000#0840112200000001
(1788796696.153718) can0 03FF1000#0840112200000001
(1788796696.258722) can0 03FF1000#0840112200000001
(1788796696.363728) can0 03FF1000#0840112200000001
(1788796696.468734) can0 03FF1000#0840112200000001
(1788796696.573740) can0 03FF1000#0840112200000001
(1788796696.678746) can0 03FF1000#0840112200000001
(1788796696.783750) can0 03FF1000#0840112200000001
(1788796696.888756) can0 03FF1000#0840112200000001
(1788796696.993762) can0 03FF1000#0840112200000001
(1788796697.098769) can0 03FF1000#0840112200000001
(1788796697.203781) can0 03FF1000#0840112200000001
(1788796697.308777) can0 03FF1000#0840112200000001
(1788796697.413784) can0 03FF1000#0840112200000001
(1788796697.518790) can0 03FF1000#0840112200000001
(1788796697.623793) can0 03FF1000#0840112200000001
(1788796697.728802) can0 03FF1000#0840112200000001
(1788796697.815050) can0 02472602#CD03DDDD212FB2A3
(1788796697.833806) can0 03FF1000#0840112200000001
(1788796697.843803) can0 08122602#0100000000000000
(1788796697.938812) can0 03FF1000#0840112200000001
(1788796698.041817) can0 08122602#0100000000000000
(1788796698.043814) can0 03FF1000#0840112200000001
(1788796698.148821) can0 03FF1000#0840112200000001
(1788796698.240084) can0 08122602#0100000000000000
(1788796698.253084) can0 03FF1000#0840112200000001
(1788796698.358836) can0 03FF1000#0840112200000001
(1788796698.438838) can0 08122602#0100000000000000
(1788796698.463838) can0 03FF1000#0840112200000001
(1788796698.515840) can0 02407600#0100000000000000
(1788796698.568094) can0 03FF1000#0840112200000001
(1788796698.673104) can0 03FF1000#0840112200000001
(1788796698.778859) can0 03FF1000#0840112200000001
(1788796698.883864) can0 03FF1000#0840112200000001
(1788796698.988123) can0 03FF1000#0840112200000001
(1788796699.093103) can0 03FF1000#0840112200000001
(1788796699.116874) can0 02407600#0100000000000000
(1788796699.198108) can0 03FF1000#0840112200000001
(1788796699.303126) can0 03FF1000#0840112200000001
(1788796699.408134) can0 03FF1000#0840112200000001
(1788796699.513128) can0 03FF1000#0840112200000001
(1788796699.618120) can0 03FF1000#0840112200000001
(1788796699.716905) can0 02407600#0100000000000000
(1788796699.723128) can0 03FF1000#0840112200000001
(1788796699.828915) can0 03FF1000#0840112200000001
(1788796699.933151) can0 03FF1000#0840112200000001
(1788796700.038156) can0 03FF1000#0840112200000001
(1788796700.143136) can0 03FF1000#0840112200000001
(1788796700.248139) can0 03FF1000#0840112200000001
(1788796700.317940) can0 02407600#0100000000000000
(1788796700.353190) can0 03FF1000#0840112200000001
(1788796718.865942) can0 02407600#0100000000000000
(1788796718.865975) can0 02407600#0100000000000000
(1788796718.866930) can0 02407600#0100000000000000
(1788796718.883952) can0 02294503#0000000000000000
(1788796718.884929) can0 05124503#00150C0900000C62
(1788796718.888926) can0 02294503#0000000000000000
(1788796718.889927) can0 05124503#00150C0900000C62
(1788796718.893927) can0 02294503#0000000000000000
(1788796718.894926) can0 05124503#00150C0900000C62
(1788796718.898927) can0 02294503#0000000000000000
(1788796718.899927) can0 05124503#00150C0900000C62
(1788796718.903927) can0 02294503#0000000000000000
(1788796718.904926) can0 05124503#00150C0900000C62
(1788796718.983157) can0 03FF1000#0040112200000001
(1788796719.088158) can0 03FF1000#0040112200000001
(1788796719.176943) can0 08F97603#0101000000000000
(1788796719.193163) can0 03FF1000#0040112200000001
(1788796719.298170) can0 03FF1000#0040112200000001
(1788796719.403212) can0 03FF1000#0040112200000001
(1788796719.474963) can0 08F97603#0101000000000000
(1788796719.508189) can0 03FF1000#0040112200000001
(1788796719.613174) can0 03FF1000#0040112200000001
(1788796719.706970) can0 02294609#
(1788796719.707036) can0 05124609#010003CA03CA00
(1788796719.718175) can0 03FF1000#0040112200000001
(1788796719.772112) can0 08F97603#0101000000000000
(1788796719.823164) can0 03FF1000#0040112200000001
(1788796719.928229) can0 03FF1000#0040112200000001
(1788796720.033188) can0 03FF1000#0040112200000001
(1788796720.138182) can0 03FF1000#0040112200000001
(1788796720.196997) can0 02294601#
(1788796720.197202) can0 05124601#007300000000
(1788796720.243180) can0 03FF1000#0040112200000001
(1788796720.348190) can0 03FF1000#0040112200000001
(1788796720.453232) can0 03FF1000#0040112200000001
(1788796720.558206) can0 03FF1000#0040112200000001
(1788796720.663193) can0 03FF1000#0040112200000001
(1788796720.697025) can0 02294500#
(1788796720.697274) can0 02294501#
(1788796720.698022) can0 02203607#0000000300000000
(1788796720.698285) can0 05124500#0500
(1788796720.699207) can0 05124501#0103
(1788796720.707093) can0 02294602#
(1788796720.709023) can0 05124602#0B10111011101110
(1788796720.717023) can0 02294503#
(1788796720.719024) can0 05124503#00150C0900000C62
(1788796720.737094) can0 02294609#
(1788796720.739025) can0 05124609#010003CA03CA00
(1788796720.768191) can0 03FF1000#0040112200000001
(1788796720.777097) can0 02294611#
(1788796720.779027) can0 05124611#0061368C0000352E
(1788796720.873198) can0 03FF1000#0040112200000001
(1788796720.968041) can0 02181606#0100190001030200
(1788796720.978240) can0 03FF1000#0040112200000001
(1788796721.078047) can0 02181606#0100190001030200
(1788796721.088079) can0 03FF1000#0840112200000001
(1788796721.099044) can0 03FF1001#0000000000000000
(1788796721.109045) can0 03FF1603#0000D06800000000
(1788796721.120046) can0 03FF1605#0100000000000000
(1788796721.122045) can0 05FF4610#0000D0E4FFFFFFE0
(1788796721.130046) can0 03121606#0100000000000000
(1788796721.188049) can0 02181606#0100190001030200
(1788796721.193049) can0 03FF1000#0840112200000001
(1788796721.204050) can0 03FF1001#0000000000000000
(1788796721.214050) can0 03FF1603#0000D06800000000
(1788796721.225051) can0 03FF1605#0100000000000000
(1788796721.235051) can0 03121606#0000000000000000
(1788796721.237051) can0 02294603#
(1788796721.238051) can0 05124603#1110101013101410
(1788796721.264053) can0 05FF4001#0000000000000000
(1788796721.265052) can0 05FF4000#0000000000000000
(1788796721.298055) can0 03FF1000#0840112200000001
(1788796721.309055) can0 03FF1001#0000000000000000
(1788796721.319056) can0 03FF1603#0000D06800000000
(1788796721.330057) can0 03FF1605#0100000000000000
(1788796721.340056) can0 03121606#0000000000000000
(1788796721.345057) can0 05FF4602#0B10111011101110
(1788796721.355059) can0 05FF4603#1110101013101410
(1788796721.365060) can0 05FF4604#1110121015101510
(1788796721.375059) can0 05FF4605#1110000000000000
(1788796721.396064) can0 05FF4610#0000D0E4FFFFFFE0
(1788796721.403063) can0 03FF1000#0840112200000001
(1788796721.405061) can0 05FF4606#1E1E1D
(1788796721.414061) can0 03FF1001#0000000000000000
(1788796721.415060) can0 05FF4607#1E1D1D
(1788796721.424062) can0 03FF1603#0000D06800000000
(1788796721.425061) can0 05FF4608#0019007C
(1788796721.435062) can0 03FF1605#0100000000000000
(1788796721.435128) can0 05FF4609#010003CA03CA00
(1788796721.508067) can0 03FF1000#0840112200000001
(1788796721.519071) can0 03FF1001#0000000000000000
(1788796721.529070) can0 03FF1603#0000D06800000000
(1788796721.540069) can0 03FF1605#0100000000000000
(1788796721.613073) can0 03FF1000#0840112200000001
(1788796721.614072) can0 05FF4400#00000004
(1788796721.624072) can0 03FF1001#0000000000000000
(1788796721.634073) can0 03FF1603#0000D06800000000
(1788796721.645073) can0 03FF1605#0100000000000000
(1788796721.664075) can0 05FF4600#0D0300900303
(1788796721.685077) can0 05FF4610#0000D0E1FFFFFFC4
(1788796721.698273) can0 02191602#0000000000000000
(1788796721.713088) can0 05FF4601#007300000000
(1788796721.718077) can0 03FF1000#0840112200000001
(1788796721.729078) can0 03FF1001#0000000000000000
(1788796721.738096) can0 02294604#
(1788796721.739078) can0 03FF1603#0000D06800000000
(1788796721.740077) can0 05124604#1110121014101510
(1788796721.750079) can0 03FF1605#0100000000000000
(1788796721.823087) can0 03FF1000#0840112200000001
(1788796721.834086) can0 03FF1001#0000000000000000
(1788796721.844084) can0 03FF1603#0000D06800000000
(1788796721.855085) can0 03FF1605#0100000000000000
(1788796721.897091) can0 03FF1600#142B000104001319
(1788796721.907090) can0 03FF1601#6E50000000000000
(1788796721.918088) can0 03FF1602#000005000000157C
(1788796721.928088) can0 03FF1604#0000000000000000
(1788796721.939090) can0 03FF1000#0840112200000001
(1788796721.946090) can0 05FF4610#0000D0E1FFFFFFC4
(1788796721.949089) can0 03FF1001#0000000000000000
(1788796721.960090) can0 03FF1603#0000D06800000000
(1788796721.970092) can0 03FF1605#0100000000000000
(1788796722.033095) can0 03FF1000#0840112200000001
(1788796722.044100) can0 03FF1001#0000000000000000
(1788796722.054098) can0 03FF1603#0000D06800000000
(1788796722.065096) can0 03FF1605#0100000000000000
(1788796722.138101) can0 03FF1000#0840112200000001
(1788796722.149101) can0 03FF1001#0000000000000000
(1788796722.159101) can0 03FF1603#0000D06800000000
(1788796722.170101) can0 03FF1605#0100000000000000
(1788796722.219220) can0 05FF4610#0000D0E1FFFFFFC4
(1788796722.243105) can0 03FF1000#0840112200000001
(1788796722.249105) can0 02294605#
(1788796722.249260) can0 05124605#1010000000000000
(1788796722.254106) can0 03FF1001#0000000000000000
(1788796722.264107) can0 03FF1603#0000D06800000000
(1788796722.275107) can0 03FF1605#0100000000000000
(1788796722.304283) can0 05FF4001#0000000000000000
(1788796722.306283) can0 05FF4000#0000000000000000
(1788796722.348111) can0 03FF1000#0840112200000001
(1788796722.359111) can0 03FF1001#0000000000000000
(1788796722.369111) can0 03FF1603#0000D06800000000
(1788796722.380112) can0 03FF1605#0100000000000000
(1788796722.386290) can0 05FF4602#0B10111011101010
(1788796722.396289) can0 05FF4603#1110101013101410
(1788796722.406295) can0 05FF4604#1110121014101510
(1788796722.416323) can0 05FF4605#1010000000000000
(1788796722.446115) can0 05FF4606#1E1E1D
(1788796722.453116) can0 03FF1000#0840112200000001
(1788796722.464118) can0 03FF1001#0000000000000000
(1788796722.474117) can0 03FF1603#0000D06800000000
(1788796722.484130) can0 05FF4607#1E1D1D
(1788796722.485117) can0 03FF1605#0100000000000000
(1788796722.494172) can0 05FF4608#0019007C
(1788796722.504304) can0 05FF4609#010003CA03CA00
(1788796722.508327) can0 05FF4610#0000D0E3FFFFFFC4
(1788796722.558121) can0 03FF1000#0840112200000001
(1788796722.569142) can0 03FF1001#0000000000000000
(1788796722.579125) can0 03FF1603#0000D06800000000
(1788796722.579304) can0 02417500#
(1788796722.580122) can0 02417500#
(1788796722.580178) can0 02417500#
(1788796722.588124) can0 08F97500#000000F400000000
(1788796722.590123) can0 03FF1605#0100000000000000
(1788796722.593122) can0 08F97500#000000F400000000
(1788796722.598123) can0 08F97500#000000F400000000
(1788796722.599123) can0 02417501#
(1788796722.599270) can0 02417501#
(1788796722.600123) can0 02417501#
(1788796722.608124) can0 08F97501#0000001500000000
(1788796722.612355) can0 08F97501#0000001500000000
(1788796722.617332) can0 08F97501#0000001500000000
(1788796722.624124) can0 02519500#
(1788796722.624179) can0 02519500#
(1788796722.624234) can0 02519500#
(1788796722.663127) can0 03FF1000#0840112200000001
(1788796722.674127) can0 03FF1001#0000000000000000
(1788796722.684128) can0 03FF1603#0000D06800000000
(1788796722.695129) can0 03FF1605#0100000000000000
(1788796722.719361) can0 02FF2602#042B880D09960C0F
(1788796722.720129) can0 02294609#0000000000000000
(1788796722.721129) can0 05124609#030003CA03CA00
(1788796722.759132) can0 02294601#
(1788796722.761131) can0 05124601#007300000000
(1788796722.768132) can0 03FF1000#0840112200000001
(1788796722.770132) can0 05FF4610#0000D0E3FFFFFFC4
(1788796722.779133) can0 03FF1001#0000000000000000
(1788796722.789133) can0 03FF1603#0000D06800000000
(1788796722.800133) can0 03FF1605#0100000000000000
(1788796722.873142) can0 03FF1000#0840112200000001
(1788796722.884138) can0 03FF1001#0000000000000000
(1788796722.894140) can0 03FF1603#0000D06800000000
(1788796722.905140) can0 03FF1605#0100000000000000
(1788796722.915141) can0 03FF1600#142B000104001319
(1788796722.926140) can0 03FF1601#6E50000000000000
(1788796722.936142) can0 03FF1602#000005000000157C
(1788796722.947141) can0 03FF1604#0000000000000000
(1788796722.978143) can0 03FF1000#0840112200000001
(1788796722.989144) can0 03FF1001#0000000000000000
(1788796722.999144) can0 03FF1603#0000D06800000000
(1788796723.010146) can0 03FF1605#0100000000000000
(1788796723.033146) can0 05FF4610#0000D0E3FFFFFFC4
(1788796723.083149) can0 03FF1000#0840112200000001
(1788796723.094156) can0 03FF1001#0000000000000000
(1788796723.104153) can0 03FF1603#0000D06800000000
(1788796723.115152) can0 03FF1605#0100000000000000
(1788796723.188155) can0 03FF1000#0840112200000001
(1788796723.199155) can0 03FF1001#0000000000000000
(1788796723.209161) can0 03FF1603#0000D06800000000
(1788796723.220158) can0 03FF1605#0100000000000000
(1788796723.230158) can0 02FF2602#042B880D09960C0F
(1788796723.231157) can0 02294609#0000000000000000
(1788796723.231381) can0 05124609#030003CA03CA00
(1788796723.270160) can0 02294602#
(1788796723.271159) can0 05124602#0B10111011101010
(1788796723.293160) can0 03FF1000#0840112200000001
(1788796723.304161) can0 03FF1001#0000000000000000
(1788796723.307162) can0 05FF4610#0000D0E3FFFFFFC4
(1788796723.314162) can0 03FF1603#0000D06800000000
(1788796723.325162) can0 03FF1605#0100000000000000
(1788796723.349164) can0 05FF4001#0000000000000000
(1788796723.351164) can0 05FF4000#0000000000000000
(1788796723.370166) can0 02181606#0100190001030200
(1788796723.398170) can0 03FF1000#0840112200000001
(1788796723.409170) can0 03FF1001#0000000000000000
(1788796723.419168) can0 03FF1603#0000D06800000000
(1788796723.430169) can0 03FF1605#0100000000000000
(1788796723.431168) can0 05FF4602#0B10111011101010
(1788796723.440169) can0 03121606#0000000000000000
(1788796723.441169) can0 05FF4603#1110101013101410
(1788796723.451169) can0 05FF4604#1110121015101510
(1788796723.461170) can0 05FF4605#1110000000000000
(1788796723.503172) can0 03FF1000#0840112200000001
(1788796723.514173) can0 03FF1001#0000000000000000
(1788796723.519173) can0 05FF4606#1E1E1D
(1788796723.524173) can0 03FF1603#0000D06800000000
(1788796723.529173) can0 05FF4607#1E1D1D
(1788796723.535175) can0 03FF1605#0100000000000000
(1788796723.539173) can0 05FF4608#0019007C
(1788796723.549175) can0 05FF4609#030003CA03CA00
(1788796723.596179) can0 05FF4610#0000D0E0FFFFFFC4
(1788796723.608184) can0 03FF1000#0840112200000001
(1788796723.619177) can0 03FF1001#0000000000000000
(1788796723.629179) can0 03FF1603#0000D06800000000
(1788796723.640180) can0 03FF1605#0100000000000000
(1788796723.642178) can0 02519501#
(1788796723.642291) can0 02519501#
(1788796723.643178) can0 02519501#
(1788796723.713183) can0 03FF1000#0840112200000001
(1788796723.724183) can0 03FF1001#0000000000000000
(1788796723.734185) can0 03FF1603#0000D06800000000
(1788796723.745184) can0 03FF1605#0100000000000000
(1788796723.780189) can0 02294603#
(1788796723.781186) can0 05124603#1110101013101310
(1788796723.818189) can0 03FF1000#0840112200000001
(1788796723.829192) can0 03FF1001#0000000000000000
(1788796723.839190) can0 03FF1603#0000D06800000000
(1788796723.850190) can0 03FF1605#0100000000000000
(1788796723.857190) can0 05FF4610#0000D0E0FFFFFFC4
(1788796723.880353) can0 02191602#0000000000000000
(1788796723.913196) can0 03FF1600#142B000104001319
(1788796723.923195) can0 03FF1601#6E50000000000000
(1788796723.934196) can0 03FF1602#000005000000157C
(1788796723.944195) can0 03FF1604#0000000000000000
(1788796723.955196) can0 03FF1000#0840112200000001
(1788796723.965196) can0 03FF1001#0000000000000000
(1788796723.976196) can0 03FF1603#0000D06800000000
(1788796723.986197) can0 03FF1605#0100000000000000
(1788796724.028200) can0 03FF1000#0840112200000001
(1788796724.039200) can0 03FF1001#0000000000000000
(1788796724.049200) can0 03FF1603#0000D06800000000
(1788796724.060200) can0 03FF1605#0100000000000000
(1788796724.120206) can0 05FF4610#0000D0E0FFFFFFC4
(1788796724.133210) can0 03FF1000#0840112200000001
(1788796724.144207) can0 03FF1001#0000000000000000
(1788796724.154207) can0 03FF1603#0000D06800000000
(1788796724.165206) can0 03FF1605#0100000000000000
(1788796724.238211) can0 03FF1000#0840112200000001
(1788796724.249211) can0 03FF1001#0000000000000000
(1788796724.259211) can0 03FF1603#0000D06800000000
(1788796724.270212) can0 03FF1605#0100000000000000
(1788796724.291213) can0 02294604#
(1788796724.292212) can0 05124604#1110121014101510
(1788796724.343217) can0 03FF1000#0840112200000001
(1788796724.354217) can0 03FF1001#0000000000000000
(1788796724.364217) can0 03FF1603#0000D06800000000
(1788796724.375217) can0 03FF1605#0100000000000000
(1788796724.392222) can0 05FF4001#0000000000000000
(1788796724.393219) can0 05FF4610#0000D0E0FFFFFFC4
(1788796724.394300) can0 05FF4000#0000000000000000
(1788796724.448225) can0 03FF1000#0840112200000001
(1788796724.459222) can0 03FF1001#0000000000000000
(1788796724.469223) can0 03FF1603#0000D06800000000
(1788796724.480223) can0 03FF1605#0100000000000000
(1788796724.500410) can0 05FF4602#0B10111011101010
(1788796724.512225) can0 05FF4603#1110101013101410
(1788796724.522226) can0 05FF4604#1110121014101510
(1788796724.532225) can0 05FF4605#1010000000000000
(1788796724.553228) can0 03FF1000#0840112200000001
(1788796724.562228) can0 05FF4606#1E1E1D
(1788796724.564227) can0 03FF1001#0000000000000000
(1788796724.572228) can0 05FF4607#1E1D1D
(1788796724.574228) can0 03FF1603#0000D06800000000
(1788796724.582234) can0 05FF4608#0019007C
(1788796724.585229) can0 03FF1605#0100000000000000
(1788796724.592230) can0 05FF4609#030003CA03CA00
(1788796724.658233) can0 03FF1000#0840112200000001
(1788796724.669239) can0 03FF1001#0000000000000000
(1788796724.679237) can0 03FF1603#0000D06800000000
(1788796724.682234) can0 05FF4610#0000D0E1FFFFFFC4
(1788796724.690234) can0 03FF1605#0100000000000000
(1788796724.763241) can0 03FF1000#0840112200000001
(1788796724.774239) can0 03FF1001#0000000000000000
(1788796724.784239) can0 03FF1603#0000D06800000000
(1788796724.795240) can0 03FF1605#0100000000000000
(1788796724.801240) can0 02294605#
(1788796724.802240) can0 05124605#1010000000000000
(1788796724.868248) can0 03FF1000#0840112200000001
(1788796724.879246) can0 03FF1001#0000000000000000
(1788796724.889246) can0 03FF1603#0000D06800000000
(1788796724.900251) can0 03FF1605#0100000000000000
(1788796724.902247) can0 02FF2602#F2C3EE9514AF963B
(1788796724.902302) can0 02294609#0000000000000000
(1788796724.904246) can0 05124609#030003CA03CA00
(1788796724.911475) can0 02181606#0000000000030200
(1788796724.921250) can0 03FF1600#142B000104001319
(1788796724.921299) can0 03FF1605#0000000000000000
(1788796725.042256) can0 02181606#0100190001030200
(1788796725.087500) can0 03FF1601#6E50000000000000
(1788796725.124260) can0 03FF1602#000005000000157C
(1788796725.134259) can0 03FF1604#0000000000000000
(1788796725.145260) can0 1FF8B028#0000000000000000
(1788796725.152261) can0 02181606#0100190001030200
(1788796725.155260) can0 03FF1000#0840112200000001
(1788796725.166262) can0 03FF1605#0000000000000000
(1788796725.176266) can0 03121606#0100000000000000
(1788796725.197269) can0 03FF1000#0840112200000001
(1788796725.208266) can0 03FF1001#0000000000000000
(1788796725.218264) can0 03FF1603#0000D06800000000
(1788796725.229265) can0 03FF1605#0100000000000000
(1788796725.230322) can0 05FF4610#0000D0E1FFFFFFC4
(1788796725.239264) can0 03121606#0000000000000000
(1788796725.262266) can0 02181606#0100190001030200
(1788796725.302269) can0 03FF1000#0840112200000001
(1788796725.312268) can0 02294606#
(1788796725.312335) can0 05124606#1E1E1D
(1788796725.313268) can0 03FF1001#0000000000000000
(1788796725.323270) can0 03FF1603#0000D06800000000
(1788796725.334270) can0 03FF1605#0100000000000000
(1788796725.344270) can0 03121606#0000000000000000
(1788796725.360375) can0 05FF4001#0000000000000000
(1788796725.362375) can0 05FF4000#0000000000000000
(1788796725.407278) can0 03FF1000#0840112200000001
(1788796725.418278) can0 03FF1001#0000000000000000
(1788796725.428276) can0 03FF1603#0000D06800000000
(1788796725.439275) can0 03FF1605#0100000000000000
(1788796725.443352) can0 05FF4602#0B10111011101010
(1788796725.449277) can0 03121606#0000000000000000
(1788796725.453357) can0 05FF4603#1110101013101410
(1788796725.463369) can0 05FF4604#1110121014101510
(1788796725.473400) can0 05FF4605#1010000000000000
(1788796725.512279) can0 03FF1000#0840112200000001
(1788796725.522397) can0 05FF4610#0000D0E2FFFFFFCA
(1788796725.523279) can0 03FF1001#0000000000000000
(1788796725.531281) can0 05FF4606#1E1E1D
(1788796725.533280) can0 03FF1603#0000D06800000000
(1788796725.541281) can0 05FF4607#1E1D1D
(1788796725.544281) can0 03FF1605#0100000000000000
(1788796725.551282) can0 05FF4608#0019007C
(1788796725.561362) can0 05FF4609#010003CA03CA00
(1788796725.617288) can0 03FF1000#0840112200000001
(1788796725.628290) can0 03FF1001#0000000000000000
(1788796725.638286) can0 03FF1603#0000D06800000000
(1788796725.649288) can0 03FF1605#0100000000000000
(1788796725.712352) can0 05FF4400#00000005
(1788796725.722295) can0 03FF1000#0840112200000001
(1788796725.733295) can0 03FF1001#0000000000000000
(1788796725.743293) can0 03FF1603#0000D06800000000
(1788796725.754293) can0 03FF1605#0100000000000000
(1788796725.762443) can0 05FF4600#0D0300900303
(1788796725.774293) can0 02191602#0000000000000000
(1788796725.785295) can0 05FF4610#0000D0E2FFFFFFCA
(1788796725.812445) can0 05FF4601#007300000000
(1788796725.822301) can0 02294607#
(1788796725.823319) can0 05124607#1E1D1D
(1788796725.827296) can0 03FF1000#0840112200000001
(1788796725.838297) can0 03FF1001#0000000000000000
(1788796725.848298) can0 03FF1603#0000D06800000000
(1788796725.859298) can0 03FF1605#0100000000000000
(1788796725.932306) can0 03FF1000#0840112200000001
(1788796725.943307) can0 03FF1001#0000000000000000
(1788796725.953304) can0 03FF1600#142B000104001319
(1788796725.964306) can0 03FF1601#6E50000000000000
(1788796725.974306) can0 03FF1602#000005000000157C
(1788796725.985305) can0 03FF1603#0000D06800000000
(1788796725.995305) can0 03FF1604#0000000000000000
(1788796726.006306) can0 03FF1605#0100000000000000
(1788796726.037308) can0 03FF1000#0840112200000001
(1788796726.047309) can0 05FF4610#0000D0E2FFFFFFCA
(1788796726.048308) can0 03FF1001#0000000000000000
(1788796726.058309) can0 03FF1603#0000D06800000000
(1788796726.069309) can0 03FF1605#0100000000000000
(1788796726.142313) can0 03FF1000#0840112200000001
(1788796726.153314) can0 03FF1001#0000000000000000
(1788796726.163314) can0 03FF1603#0000D06800000000
(1788796726.174314) can0 03FF1605#0100000000000000
(1788796726.247319) can0 03FF1000#0840112200000001
(1788796726.258325) can0 03FF1001#0000000000000000
(1788796726.268323) can0 03FF1603#0000D06800000000
(1788796726.279321) can0 03FF1605#0100000000000000
(1788796726.322324) can0 05FF4610#0000D0E2FFFFFFCA
(1788796726.334451) can0 02294609#
(1788796726.336323) can0 05124609#010003CA03CA00
(1788796726.352325) can0 03FF1000#0840112200000001
(1788796726.363325) can0 03FF1001#0000000000000000
(1788796726.373325) can0 03FF1603#0000D06800000000
(1788796726.384327) can0 03FF1605#0100000000000000
(1788796726.407331) can0 05FF4001#0000000000000000
(1788796726.409331) can0 05FF4000#0000000000000000
(1788796726.457330) can0 03FF1000#0840112200000001
(1788796726.468330) can0 03FF1001#0000000000000000
(1788796726.478331) can0 03FF1603#0000D06800000000
(1788796726.489331) can0 03FF1605#0100000000000000
(1788796726.490331) can0 05FF4602#0B10111011101010
(1788796726.527335) can0 05FF4603#1110101013101410
(1788796726.537335) can0 05FF4604#1110121015101510
(1788796726.547335) can0 05FF4605#1110000000000000
(1788796726.562336) can0 03FF1000#0840112200000001
(1788796726.573337) can0 03FF1001#0000000000000000
(1788796726.577341) can0 05FF4606#1E1E1D
(1788796726.583341) can0 03FF1603#0000D06800000000
(1788796726.587337) can0 05FF4607#1E1D1D
(1788796726.594338) can0 03FF1605#0100000000000000
(1788796726.597337) can0 05FF4608#0019007C
(1788796726.607338) can0 05FF4609#010003CA03CA00
(1788796726.611338) can0 05FF4610#0000D0E3FFFFFFCA
(1788796726.667341) can0 03FF1000#0840112200000001
(1788796726.678341) can0 03FF1001#0000000000000000
(1788796726.688343) can0 03FF1603#0000D06800000000
(1788796726.699344) can0 03FF1605#0100000000000000
(1788796726.772348) can0 03FF1000#0840112200000001
(1788796726.783352) can0 03FF1001#0000000000000000
(1788796726.793352) can0 03FF1603#0000D06800000000
(1788796726.794348) can0 02FF2602#AD132D3D34F3FF17
(1788796726.794404) can0 02294609#0000000000000000
(1788796726.796347) can0 05124609#030003CA03CA00
(1788796726.804349) can0 03FF1605#0100000000000000
(1788796726.843354) can0 02294610#
(1788796726.844354) can0 05124610#0000D0E3FFFFFFCA
(1788796726.873353) can0 05FF4610#0000D0E3FFFFFFCA
(1788796726.878353) can0 03FF1000#0840112200000001
(1788796726.888355) can0 03FF1001#0000000000000000
(1788796726.899357) can0 03FF1603#0000D06800000000
(1788796726.909357) can0 03FF1605#0100000000000000
(1788796726.941357) can0 03FF1600#142B000104001319
(1788796726.951357) can0 03FF1601#6E50000000000000
(1788796726.962358) can0 03FF1602#000005000000157C
(1788796726.972357) can0 03FF1604#0000000000000000
(1788796726.983359) can0 03FF1000#0840112200000001
(1788796726.993358) can0 03FF1001#0000000000000000
(1788796727.004360) can0 03FF1603#0000D06800000000
(1788796727.014360) can0 03FF1605#0100000000000000
(1788796727.088365) can0 03FF1000#0840112200000001
(1788796727.098364) can0 03FF1001#0000000000000000
(1788796727.108619) can0 03FF1603#0000D06800000000
(1788796727.119365) can0 03FF1605#0100000000000000
(1788796727.135367) can0 05FF4610#0000D0E3FFFFFFCA
(1788796727.193369) can0 03FF1000#0840112200000001
(1788796727.203370) can0 03FF1001#0000000000000000
(1788796727.213614) can0 03FF1603#0000D06800000000
(1788796727.224371) can0 03FF1605#0100000000000000
(1788796727.298375) can0 03FF1000#0840112200000001
(1788796727.304380) can0 02FF2602#AD132D3D34F3FF17
(1788796727.304445) can0 02294609#0000000000000000
(1788796727.306375) can0 05124609#030003CA03CA00
(1788796727.308375) can0 03FF1001#0000000000000000
(1788796727.318631) can0 03FF1603#0000D06800000000
(1788796727.329378) can0 03FF1605#0100000000000000
(1788796727.353495) can0 02294611#
(1788796727.354378) can0 05124611#0061368C0000352E
(1788796727.403385) can0 03FF1000#0840112200000001
(1788796727.409384) can0 05FF4610#0000D0E3FFFFFFCA
(1788796727.413381) can0 03FF1001#0000000000000000
(1788796727.423635) can0 03FF1603#0000D06800000000
(1788796727.434383) can0 03FF1605#0100000000000000
(1788796727.445382) can0 02181606#0100190001030200
(1788796727.451383) can0 05FF4001#0000000000000000
(1788796727.453383) can0 05FF4000#0000000000000000
(1788796727.508386) can0 03FF1000#0840112200000001
(1788796727.518387) can0 03FF1001#0000000000000000
(1788796727.528642) can0 03FF1603#0000D06800000000
(1788796727.539388) can0 03FF1605#0100000000000000
(1788796727.549630) can0 03121606#0000000000000000
(1788796727.561389) can0 05FF4602#0B10111011101010
(1788796727.571389) can0 05FF4603#1110101013101410
(1788796727.581393) can0 05FF4604#1110121014101510
(1788796727.591394) can0 05FF4605#1010000000000000
(1788796727.613393) can0 03FF1000#0840112200000001
(1788796727.621392) can0 05FF4606#1E1E1D
(1788796727.623392) can0 03FF1001#0000000000000000
(1788796727.631393) can0 05FF4607#1E1D1D
(1788796727.633647) can0 03FF1603#0000D06800000000
(1788796727.641393) can0 05FF4608#0019007C
(1788796727.644393) can0 03FF1605#0100000000000000
(1788796727.651394) can0 05FF4609#030003CA03CA00
(1788796727.699396) can0 05FF4610#0000D0E1FFFFFFCA
(1788796727.718398) can0 03FF1000#0840112200000001
(1788796727.724397) can0 13B16001#
(1788796727.724452) can0 13B16001#
(1788796727.724542) can0 13B16001#
(1788796727.728397) can0 03FF1001#0000000000000000
(1788796727.738626) can0 03FF1603#0000D06800000000
(1788796727.749398) can0 03FF1605#0100000000000000
(1788796727.823406) can0 03FF1000#0840112200000001
(1788796727.833408) can0 03FF1001#0000000000000000
(1788796727.843646) can0 03FF1603#0000D06800000000
(1788796727.854406) can0 03FF1605#0100000000000000
(1788796727.866407) can0 02294500#
(1788796727.867405) can0 05124500#0500
(1788796727.928413) can0 03FF1000#0840112200000001
(1788796727.938413) can0 03FF1001#0000000000000000
(1788796727.949410) can0 03FF1603#0000D06800000000
(1788796727.954411) can0 02191602#0000000000000000
(1788796727.959411) can0 03FF1605#0100000000000000
(1788796727.962458) can0 05FF4610#0000D0E1FFFFFFCA
(1788796727.969631) can0 03FF1600#142B000104001319
(1788796727.980412) can0 03FF1601#6E50000000000000
(1788796727.990639) can0 03FF1602#000005000000157C
(1788796728.001412) can0 03FF1604#0000000000000000
(1788796728.032669) can0 03FF1000#0840112200000001
(1788796728.043416) can0 03FF1001#0000000000000000
(1788796728.054416) can0 03FF1603#0000D06800000000
(1788796728.064416) can0 03FF1605#0100000000000000
(1788796728.137665) can0 03FF1000#0840112200000001
(1788796728.148421) can0 03FF1001#0000000000000000
(1788796728.158637) can0 03FF1603#0000D06800000000
(1788796728.169421) can0 03FF1605#0100000000000000
(1788796728.236541) can0 05FF4610#0000D0E1FFFFFFCA
(1788796728.242668) can0 03FF1000#0840112200000001
(1788796728.253425) can0 03FF1001#0000000000000000
(1788796728.263635) can0 03FF1603#0000D06800000000
(1788796728.274426) can0 03FF1605#0100000000000000
(1788796728.347674) can0 03FF1000#0840112200000001
(1788796728.358436) can0 03FF1001#0000000000000000
(1788796728.368655) can0 03FF1603#0000D06800000000
(1788796728.375433) can0 02294501#
(1788796728.375557) can0 05124501#0103
(1788796728.379433) can0 03FF1605#0100000000000000
(1788796728.425623) can0 02181606#0000000000030200
(1788796728.426436) can0 02203606#0200000000000000
(1788796728.432435) can0 03FF1605#0000000000000000
(1788796728.435435) can0 02181606#0000000000030200
(1788796728.435502) can0 02203606#0200000000000000
(1788796728.445436) can0 02181606#0000000000030200
(1788796728.445490) can0 02203606#0200000000000000
(1788796728.455436) can0 02203607#0000000300000000
(1788796728.598665) can0 1FF8B028#0000000000000000
(1788796728.609445) can0 03FF1000#0840112200000001
(1788796728.619445) can0 03FF1605#0000000000000000
(1788796728.630446) can0 03121606#0100000000000000
(1788796728.703450) can0 03FF1000#0840112200000001
(1788796728.714451) can0 03121606#0100000000000000
(1788796728.755452) can0 02519500#
(1788796728.755503) can0 02519500#
(1788796728.755573) can0 02519500#
(1788796728.808456) can0 03FF1000#0840112200000001
(1788796728.819457) can0 03121606#0100000000000000
(1788796728.876462) can0 04FF3400#0000000000000000
(1788796728.913467) can0 03FF1000#0840112200000001
(1788796728.955467) can0 03FF1602#000005000000157C
(1788796729.018468) can0 03FF1000#0840112200000001
(1788796729.123474) can0 03FF1000#0840112200000001
(1788796729.228479) can0 03FF1000#0840112200000001
(1788796729.333484) can0 03FF1000#0840112200000001
(1788796729.438493) can0 03FF1000#0840112200000001
(1788796729.466497) can0 02203607#0000000300000000
(1788796729.543500) can0 03FF1000#0840112200000001
(1788796729.648500) can0 03FF1000#0840112200000001
(1788796729.753505) can0 03FF1000#0840112200000001
(1788796729.776508) can0 02519501#
(1788796729.776573) can0 02519501#
(1788796729.776640) can0 02519501#
(1788796729.858515) can0 03FF1000#0840112200000001
(1788796729.963521) can0 03FF1000#0840112200000001
(1788796730.068529) can0 03FF1000#0840112200000001
(1788796730.173532) can0 03FF1000#0840112200000001
(1788796730.278535) can0 03FF1000#0840112200000001
(1788796730.383540) can0 03FF1000#0840112200000001
(1788796730.477549) can0 02203607#0000000300000000
(1788796730.488550) can0 03FF1000#0840112200000001
(1788796730.593555) can0 03FF1000#0840112200000001
(1788796730.698558) can0 03FF1000#0840112200000001
(1788796730.803563) can0 03FF1000#0840112200000001
(1788796730.908571) can0 03FF1000#0840112200000001
(1788796731.013578) can0 03FF1000#0840112200000001
(1788796731.118584) can0 03FF1000#0840112200000001
(1788796731.223587) can0 03FF1000#0840112200000001
(1788796731.328592) can0 03FF1000#0840112200000001
(1788796731.433600) can0 03FF1000#0840112200000001
(1788796731.538604) can0 03FF1000#0840112200000001
(1788796731.560607) can0 02203607#0000000300000000
(1788796731.643609) can0 03FF1000#0840112200000001
(1788796731.748613) can0 03FF1000#0840112200000001
(1788796731.853623) can0 03FF1000#0840112200000001
(1788796731.958628) can0 03FF1000#0840112200000001
(1788796732.063632) can0 03FF1000#0840112200000001
(1788796732.168640) can0 03FF1000#0840112200000001
(1788796732.273643) can0 03FF1000#0840112200000001
(1788796732.378648) can0 03FF1000#0840112200000001
(1788796732.483656) can0 03FF1000#0840112200000001
(1788796732.588662) can0 03FF1000#0840112200000001
(1788796732.693667) can0 03FF1000#0840112200000001
(1788796732.798671) can0 03FF1000#0840112200000001
(1788796732.903678) can0 03FF1000#0840112200000001
(1788796733.008684) can0 03FF1000#0840112200000001
(1788796733.113687) can0 03FF1000#0840112200000001
(1788796733.218696) can0 03FF1000#0840112200000001
(1788796733.323700) can0 03FF1000#0840112200000001
(1788796733.428706) can0 03FF1000#0840112200000001
(1788796733.533711) can0 03FF1000#0840112200000001
(1788796733.638714) can0 03FF1000#0840112200000001
(1788796733.743725) can0 03FF1000#0840112200000001
(1788796733.848729) can0 03FF1000#0840112200000001
(1788796733.859921) can0 13B16001#
(1788796733.860725) can0 13B16001#
(1788796733.860780) can0 13B16001#
(1788796733.953734) can0 03FF1000#0840112200000001
(1788796734.058740) can0 03FF1000#0840112200000001
(1788796734.163742) can0 03FF1000#0840112200000001
(1788796734.268754) can0 03FF1000#0840112200000001
(1788796734.373757) can0 03FF1000#0840112200000001
(1788796734.478762) can0 03FF1000#0840112200000001
(1788796734.583767) can0 03FF1000#0840112200000001
(1788796734.688771) can0 03FF1000#0840112200000001
(1788796734.793781) can0 03FF1000#0840112200000001
(1788796734.898785) can0 03FF1000#0840112200000001
(1788796735.003789) can0 03FF1000#0840112200000001
(1788796735.108795) can0 03FF1000#0840112200000001
(1788796735.213799) can0 03FF1000#0840112200000001
(1788796735.318808) can0 03FF1000#0840112200000001
(1788796735.423813) can0 03FF1000#0840112200000001
(1788796735.528818) can0 03FF1000#0840112200000001
(1788796735.633821) can0 03FF1000#0840112200000001
(1788796735.738826) can0 03FF1000#0840112200000001
(1788796735.843838) can0 03FF1000#0840112200000001
(1788796735.948842) can0 03FF1000#0840112200000001
(1788796736.053846) can0 03FF1000#0840112200000001
(1788796736.158850) can0 03FF1000#0840112200000001
(1788796736.263855) can0 03FF1000#0840112200000001
(1788796736.368865) can0 03FF1000#0840112200000001
(1788796736.473870) can0 03FF1000#0840112200000001
(1788796736.578874) can0 03FF1000#0840112200000001
(1788796736.683877) can0 03FF1000#0840112200000001
(1788796736.788881) can0 03FF1000#0840112200000001
(1788796736.893894) can0 03FF1000#0840112200000001
(1788796736.998897) can0 03FF1000#0840112200000001
(1788796737.103902) can0 03FF1000#0840112200000001
(1788796737.208906) can0 03FF1000#0840112200000001
(1788796737.313909) can0 03FF1000#0840112200000001
(1788796737.418921) can0 03FF1000#0840112200000001
(1788796737.523924) can0 03FF1000#0840112200000001
(1788796737.628927) can0 03FF1000#0840112200000001
(1788796737.733932) can0 03FF1000#0840112200000001
(1788796737.838941) can0 03FF1000#0840112200000001
(1788796737.943948) can0 03FF1000#0840112200000001
(1788796738.048952) can0 03FF1000#0840112200000001
(1788796738.153956) can0 03FF1000#0840112200000001
(1788796738.258962) can0 03FF1000#0840112200000001
(1788796738.363965) can0 03FF1000#0840112200000001
(1788796738.468977) can0 03FF1000#0840112200000001
(1788796738.573980) can0 03FF1000#0840112200000001
(1788796738.678983) can0 03FF1000#0840112200000001
(1788796738.783988) can0 03FF1000#0840112200000001
(1788796738.875996) can0 04FF3400#0000000100000000
(1788796738.888998) can0 03FF1000#0840112200000001
(1788796738.994006) can0 03FF1000#0840112200000001
(1788796739.099008) can0 03FF1000#0840112200000001
(1788796739.204013) can0 03FF1000#0840112200000001
(1788796739.309017) can0 03FF1000#0840112200000001
(1788796739.414025) can0 03FF1000#0840112200000001
(1788796739.519032) can0 03FF1000#0840112200000001
(1788796739.624035) can0 03FF1000#0840112200000001
(1788796739.729039) can0 03FF1000#0840112200000001
(1788796739.834047) can0 03FF1000#0840112200000001
(1788796739.939052) can0 03FF1000#0840112200000001
(1788796740.044060) can0 03FF1000#0840112200000001
(1788796740.149063) can0 03FF1000#0840112200000001
(1788796740.254067) can0 03FF1000#0840112200000001
(1788796740.359071) can0 03FF1000#0840112200000001
(1788796740.464083) can0 03FF1000#0840112200000001
(1788796740.569089) can0 03FF1000#0840112200000001
(1788796740.674092) can0 03FF1000#0840112200000001
(1788796740.779095) can0 03FF1000#0840112200000001
(1788796740.884106) can0 03FF1000#0840112200000001
(1788796740.989109) can0 03FF1000#0840112200000001
(1788796741.094120) can0 03FF1000#0840112200000001
(1788796741.199123) can0 03FF1000#0840112200000001
(1788796741.304125) can0 03FF1000#0840112200000001
(1788796741.409132) can0 03FF1000#0840112200000001
(1788796741.514138) can0 03FF1000#0840112200000001
(1788796741.619145) can0 03FF1000#0840112200000001
(1788796741.724147) can0 03FF1000#0840112200000001
(1788796741.829154) can0 03FF1000#0840112200000001
(1788796741.934159) can0 03FF1000#0840112200000001
(1788796742.039164) can0 03FF1000#0840112200000001
(1788796742.144171) can0 03FF1000#0840112200000001
(1788796742.249176) can0 03FF1000#0840112200000001
(1788796742.354179) can0 03FF1000#0840112200000001
(1788796742.459188) can0 03FF1000#0840112200000001
(1788796742.564193) can0 03FF1000#0840112200000001
(1788796742.669200) can0 03FF1000#0840112200000001
(1788796742.774204) can0 03FF1000#0840112200000001
(1788796742.879210) can0 03FF1000#0840112200000001
(1788796742.984215) can0 03FF1000#0840112200000001
(1788796743.089220) can0 03FF1000#0840112200000001
(1788796743.194228) can0 03FF1000#0840112200000001
(1788796743.299232) can0 03FF1000#0840112200000001
(1788796743.404235) can0 03FF1000#0840112200000001
(1788796743.509244) can0 03FF1000#0840112200000001
(1788796743.614249) can0 03FF1000#0840112200000001
(1788796743.719257) can0 03FF1000#0840112200000001
(1788796743.824260) can0 03FF1000#0840112200000001
(1788796743.929266) can0 03FF1000#0840112200000001
(1788796744.034271) can0 03FF1000#0840112200000001
(1788796744.139275) can0 03FF1000#0840112200000001
(1788796744.244283) can0 03FF1000#0840112200000001
(1788796744.349288) can0 03FF1000#0840112200000001
(1788796744.454296) can0 03FF1000#0840112200000001
(1788796744.559300) can0 03FF1000#0840112200000001
(1788796744.664302) can0 03FF1000#0840112200000001
(1788796744.769311) can0 03FF1000#0840112200000001
(1788796744.874317) can0 03FF1000#0840112200000001
(1788796744.979322) can0 03FF1000#0840112200000001
(1788796745.084327) can0 03FF1000#0840112200000001
(1788796745.189329) can0 03FF1000#0840112200000001
(1788796745.294339) can0 03FF1000#0840112200000001
(1788796745.399344) can0 03FF1000#0840112200000001
(1788796745.504351) can0 03FF1000#0840112200000001
(1788796745.609355) can0 03FF1000#0840112200000001
(1788796745.714359) can0 03FF1000#0840112200000001
(1788796745.819367) can0 03FF1000#0840112200000001
(1788796745.924372) can0 03FF1000#0840112200000001
(1788796746.029378) can0 03FF1000#0840112200000001
(1788796746.134382) can0 03FF1000#0840112200000001
(1788796746.239387) can0 03FF1000#0840112200000001
(1788796746.343642) can0 03FF1000#0840112200000001
(1788796746.448662) can0 03FF1000#0840112200000001
(1788796746.553638) can0 03FF1000#0840112200000001
(1788796746.659409) can0 03FF1000#0840112200000001
(1788796746.764414) can0 03FF1000#0840112200000001
(1788796746.868665) can0 03FF1000#0840112200000001
(1788796746.973649) can0 03FF1000#0840112200000001
(1788796747.079434) can0 03FF1000#0840112200000001
(1788796747.183686) can0 03FF1000#0840112200000001
(1788796747.288683) can0 03FF1000#0840112200000001
(1788796747.393684) can0 03FF1000#0840112200000001
(1788796747.498665) can0 03FF1000#0840112200000001
(1788796747.604462) can0 03FF1000#0840112200000001
(1788796747.708695) can0 03FF1000#0840112200000001
(1788796747.764467) can0 02472602#3C2BC8FD10807F97
(1788796747.813690) can0 03FF1000#0840112200000001
(1788796747.861478) can0 08122602#0100000000000000
(1788796747.918672) can0 03FF1000#0840112200000001
(1788796748.023668) can0 03FF1000#0840112200000001
(1788796748.059484) can0 08122602#0100000000000000
(1788796748.128719) can0 03FF1000#0840112200000001
(1788796748.233700) can0 03FF1000#0840112200000001
(1788796748.258496) can0 08122602#0100000000000000
(1788796748.338706) can0 03FF1000#0840112200000001
(1788796748.443694) can0 03FF1000#0840112200000001
(1788796748.456508) can0 08122602#0100000000000000
(1788796748.548683) can0 03FF1000#0840112200000001
(1788796748.564613) can0 02407600#0100000000000000
(1788796748.653700) can0 03FF1000#0840112200000001
(1788796748.758706) can0 03FF1000#0840112200000001
(1788796748.863728) can0 03FF1000#0840112200000001
(1788796748.875577) can0 04FF3400#0000000200000000
(1788796748.968709) can0 03FF1000#0840112200000001
(1788796749.073697) can0 03FF1000#0840112200000001
(1788796749.165542) can0 02407600#0100000000000000
(1788796749.178728) can0 03FF1000#0840112200000001
(1788796749.283725) can0 03FF1000#0840112200000001
(1788796749.388731) can0 03FF1000#0840112200000001
(1788796749.493727) can0 03FF1000#0840112200000001
(1788796749.598718) can0 03FF1000#0840112200000001
(1788796749.703710) can0 03FF1000#0840112200000001
(1788796749.765824) can0 02407600#0100000000000000
(1788796749.808739) can0 03FF1000#0840112200000001
(1788796749.913793) can0 03FF1000#0840112200000001
(1788796750.018744) can0 03FF1000#0840112200000001
(1788796750.123730) can0 03FF1000#0840112200000001
(1788796750.228741) can0 03FF1000#0840112200000001
(1788796759.425107) can0 02407600#0100000000000000
(1788796759.426093) can0 02407600#0100000000000000
(1788796759.426249) can0 02407600#0100000000000000
(1788796759.444091) can0 02294503#0000000000000000
(1788796759.445094) can0 05124503#00150C0900000C62
(1788796759.449091) can0 02294503#0000000000000000
(1788796759.449354) can0 05124503#00150C0900000C62
(1788796759.454091) can0 02294503#0000000000000000
(1788796759.454326) can0 05124503#00150C0900000C62
(1788796759.459091) can0 02294503#0000000000000000
(1788796759.459343) can0 05124503#00150C0900000C62
(1788796759.464091) can0 02294503#0000000000000000
(1788796759.464331) can0 05124503#00150C0900000C62
(1788796759.543096) can0 03FF1000#0040112200000001
(1788796759.648102) can0 03FF1000#0040112200000001
(1788796759.678104) can0 02407600#0100000000000000
(1788796759.736287) can0 08F97603#0101010100000000
(1788796759.753107) can0 03FF1000#0040112200000001
(1788796759.805356) can0 02294609#
(1788796759.806366) can0 05124609#000003CA03CA00
(1788796759.858169) can0 03FF1000#0040112200000001
(1788796759.963123) can0 03FF1000#0040112200000001
(1788796760.034128) can0 08F97603#0101000000000000
(1788796760.068127) can0 03FF1000#0040112200000001
(1788796760.173131) can0 03FF1000#0040112200000001
(1788796760.278136) can0 03FF1000#0040112200000001
(1788796760.296321) can0 02294601#
(1788796760.298136) can0 05124601#007300000000
(1788796760.332138) can0 08F97603#0101000000000000
(1788796760.383141) can0 03FF1000#0040112200000001
(1788796760.488149) can0 03FF1000#0040112200000001
(1788796760.593158) can0 03FF1000#0040112200000001
(1788796760.629227) can0 08F97603#0101000000000000
(1788796760.698159) can0 03FF1000#0040112200000001
(1788796760.779163) can0 02294500#
(1788796760.779217) can0 02294501#
(1788796760.780161) can0 02203607#0000000300000000
(1788796760.780216) can0 05124500#0500
(1788796760.781161) can0 05124501#0103
(1788796760.796279) can0 02294503#
(1788796760.798165) can0 05124503#00150C0900000C62
(1788796760.803163) can0 03FF1000#0040112200000001
(1788796760.807163) can0 02294602#
(1788796760.808163) can0 05124602#0B10111011101110
(1788796760.816348) can0 02294609#
(1788796760.818163) can0 05124609#010003CA03CA00
(1788796760.856352) can0 02294611#
(1788796760.858169) can0 05124611#0061368C0000352D
(1788796760.908170) can0 03FF1000#0040112200000001
(1788796760.927171) can0 08F97603#0101000000000000
(1788796761.013179) can0 03FF1000#0040112200000001
(1788796761.084182) can0 02181606#0100190001030200
(1788796761.123181) can0 03FF1000#0840112200000001
(1788796761.133181) can0 03FF1001#0000000000000000
(1788796761.144182) can0 03FF1603#0000D05700000000
(1788796761.154182) can0 03FF1605#0100000000000000
(1788796761.156182) can0 05FF4610#0000D0E4FFFFFFCF
(1788796761.165182) can0 03121606#0100000000000000
(1788796761.187184) can0 02181606#0100190001030200
(1788796761.224440) can0 08F97603#0101000000000000
(1788796761.228185) can0 03FF1000#0840112200000001
(1788796761.238186) can0 03FF1001#0000000000000000
(1788796761.248441) can0 03FF1603#0000D05700000000
(1788796761.259187) can0 03FF1605#0100000000000000
(1788796761.270188) can0 03121606#0000000000000000
(1788796761.296190) can0 05FF4001#0000000000000000
(1788796761.298189) can0 05FF4000#0000000000000000
(1788796761.317190) can0 02294603#
(1788796761.318190) can0 05124603#1110101014101410
(1788796761.333191) can0 03FF1000#0840112200000001
(1788796761.343191) can0 03FF1001#0000000000000000
(1788796761.354192) can0 03FF1603#0000D05700000000
(1788796761.364193) can0 03FF1605#0100000000000000
(1788796761.378194) can0 05FF4602#0B10111011101110
(1788796761.388194) can0 05FF4603#1110101014101410
(1788796761.398195) can0 05FF4604#1110121014101510
(1788796761.408195) can0 05FF4605#1110000000000000
(1788796761.429197) can0 05FF4610#0000D0E4FFFFFFCF
(1788796761.438201) can0 03FF1000#0840112200000001
(1788796761.438250) can0 05FF4606#1E1E1D
(1788796761.448197) can0 03FF1001#0000000000000000
(1788796761.448367) can0 05FF4607#1E1D1D
(1788796761.458198) can0 05FF4608#0019007C
(1788796761.459197) can0 03FF1603#0000D05700000000
(1788796761.468198) can0 05FF4609#010003CA03CA00
(1788796761.469198) can0 03FF1605#0100000000000000
(1788796761.480199) can0 03FF1600#142B000104001319
(1788796761.490199) can0 03FF1601#6E50000000000000
(1788796761.500455) can0 03FF1602#000005000000FED4
(1788796761.511201) can0 03FF1604#0000000000000000
(1788796761.543203) can0 03FF1000#0840112200000001
(1788796761.553205) can0 03FF1001#0000000000000000
(1788796761.564205) can0 03FF1603#0000D05700000000
(1788796761.574204) can0 03FF1605#0100000000000000
(1788796761.618207) can0 05FF4400#00000006
(1788796761.625207) can0 08F97603#0101000000000000
(1788796761.648213) can0 03FF1000#0840112200000001
(1788796761.658212) can0 03FF1001#0000000000000000
(1788796761.668209) can0 05FF4600#0D0300900303
(1788796761.669209) can0 03FF1603#0000D05700000000
(1788796761.679210) can0 03FF1605#0100000000000000
(1788796761.690211) can0 05FF4610#0000D0E4FFFFFFCF
(1788796761.718212) can0 05FF4601#007300000000
(1788796761.753213) can0 03FF1000#0840112200000001
(1788796761.763214) can0 03FF1001#0000000000000000
(1788796761.773458) can0 03FF1603#0000D05700000000
(1788796761.784215) can0 03FF1605#0100000000000000
(1788796761.827310) can0 02294604#
(1788796761.828218) can0 05124604#1110121014101510
(1788796761.858222) can0 03FF1000#0840112200000001
(1788796761.868223) can0 03FF1001#0000000000000000
(1788796761.878470) can0 03FF1603#0000D05700000000
(1788796761.889221) can0 03FF1605#0100000000000000
(1788796761.922224) can0 08F97603#0101000000000000
(1788796761.963229) can0 03FF1000#0840112200000001
(1788796761.973228) can0 03FF1001#0000000000000000
(1788796761.978296) can0 05FF4610#0000D0E1FFFFFFC4
(1788796761.983480) can0 03FF1603#0000D05700000000
(1788796761.994226) can0 03FF1605#0100000000000000
(1788796762.068230) can0 03FF1000#0840112200000001
(1788796762.078232) can0 03FF1001#0000000000000000
(1788796762.088475) can0 03FF1603#0000D05700000000
(1788796762.099233) can0 03FF1605#0100000000000000
(1788796762.172486) can0 03FF1000#0840112200000001
(1788796762.183237) can0 03FF1001#0000000000000000
(1788796762.194238) can0 03FF1603#0000D05700000000
(1788796762.204238) can0 03FF1605#0100000000000000
(1788796762.209238) can0 02FF2602#4EF3FA652D347CE3
(1788796762.209294) can0 02294609#0000000000000000
(1788796762.210238) can0 05124609#030003CA03CA00
(1788796762.219250) can0 08F97603#0101000000000000
(1788796762.251369) can0 05FF4610#0000D0E1FFFFFFC4
(1788796762.277496) can0 03FF1000#0840112200000001
(1788796762.288243) can0 03FF1001#0000000000000000
(1788796762.298487) can0 03FF1603#0000D05700000000
(1788796762.309243) can0 03FF1605#0100000000000000
(1788796762.336407) can0 05FF4001#0000000000000000
(1788796762.338245) can0 02294605#
(1788796762.338447) can0 05FF4000#0000000000000000
(1788796762.339372) can0 05124605#1010000000000000
(1788796762.383247) can0 03FF1000#0840112200000001
(1788796762.393248) can0 03FF1001#0000000000000000
(1788796762.403457) can0 03FF1603#0000D05700000000
(1788796762.414249) can0 03FF1605#0100000000000000
(1788796762.418399) can0 05FF4602#0B10111011101010
(1788796762.428400) can0 05FF4603#1110101013101410
(1788796762.438399) can0 05FF4604#1110121014101510
(1788796762.448427) can0 05FF4605#1010000000000000
(1788796762.456251) can0 03FF1600#142B000104001319
(1788796762.466483) can0 03FF1601#6E50000000000000
(1788796762.477252) can0 03FF1602#000005000000157C
(1788796762.478252) can0 05FF4606#1E1E1D
(1788796762.488253) can0 03FF1604#0000000000000000
(1788796762.488319) can0 05FF4607#1E1D1D
(1788796762.498254) can0 03FF1000#0840112200000001
(1788796762.498389) can0 05FF4608#0019007C
(1788796762.508393) can0 05FF4609#030003CA03CA00
(1788796762.509254) can0 03FF1001#0000000000000000
(1788796762.513254) can0 05FF4610#0000D0E1FFFFFFC4
(1788796762.519254) can0 03FF1603#0000D05700000000
(1788796762.529498) can0 03FF1605#0100000000000000
(1788796762.592513) can0 03FF1000#0840112200000001
(1788796762.603260) can0 03FF1001#0000000000000000
(1788796762.613481) can0 03FF1603#0000D05700000000
(1788796762.624260) can0 03FF1605#0100000000000000
(1788796762.697507) can0 03FF1000#0840112200000001
(1788796762.708265) can0 03FF1001#0000000000000000
(1788796762.718505) can0 03FF1603#0000D05700000000
(1788796762.729267) can0 03FF1605#0100000000000000
(1788796762.756271) can0 02FF2602#4EF3FA652D347CE3
(1788796762.757270) can0 02294609#0000000000000000
(1788796762.758267) can0 05124609#030003CA03CA00
(1788796762.758449) can0 02417500#
(1788796762.759267) can0 02417500#
(1788796762.759329) can0 02417500#
(1788796762.765268) can0 08F97500#000000F400000000
(1788796762.769510) can0 08F97500#000000F400000000
(1788796762.773522) can0 05FF4610#0000D0E1FFFFFFC4
(1788796762.774453) can0 08F97500#000000F400000000
(1788796762.778464) can0 02417501#
(1788796762.779268) can0 02417501#
(1788796762.779334) can0 02417501#
(1788796762.780268) can0 08F97500#000000F400000000
(1788796762.784360) can0 08F97501#0000001500000000
(1788796762.789326) can0 08F97501#0000001500000000
(1788796762.794281) can0 08F97501#0000001500000000
(1788796762.798322) can0 02519500#
(1788796762.799269) can0 02519500#
(1788796762.799324) can0 02519500#
(1788796762.799459) can0 08F97501#0000001500000000
(1788796762.803269) can0 03FF1000#0840112200000001
(1788796762.813502) can0 03FF1001#0000000000000000
(1788796762.824271) can0 03FF1603#0000D05700000000
(1788796762.834506) can0 03FF1605#0100000000000000
(1788796762.850275) can0 02294601#
(1788796762.851469) can0 05124601#007300000000
(1788796762.890379) can0 02181606#0100190001030200
(1788796762.908276) can0 03FF1000#0840112200000001
(1788796762.918514) can0 03FF1001#0000000000000000
(1788796762.929277) can0 03FF1603#0000D05700000000
(1788796762.939511) can0 03FF1605#0100000000000000
(1788796762.950280) can0 03121606#0000000000000000
(1788796763.013282) can0 03FF1000#0840112200000001
(1788796763.023501) can0 03FF1001#0000000000000000
(1788796763.034282) can0 03FF1603#0000D05700000000
(1788796763.044514) can0 03FF1605#0100000000000000
(1788796763.062284) can0 05FF4610#0000D0E1FFFFFFCA
(1788796763.118287) can0 03FF1000#0840112200000001
(1788796763.129292) can0 03FF1001#0000000000000000
(1788796763.139291) can0 03FF1603#0000D05700000000
(1788796763.149529) can0 03FF1605#0100000000000000
(1788796763.223293) can0 03FF1000#0840112200000001
(1788796763.233547) can0 03FF1001#0000000000000000
(1788796763.244294) can0 03FF1603#0000D05700000000
(1788796763.254526) can0 03FF1605#0100000000000000
(1788796763.328298) can0 03FF1000#0840112200000001
(1788796763.335299) can0 05FF4610#0000D0E1FFFFFFCA
(1788796763.338506) can0 03FF1001#0000000000000000
(1788796763.349299) can0 03FF1603#0000D05700000000
(1788796763.359299) can0 02294602#
(1788796763.359528) can0 03FF1605#0100000000000000
(1788796763.360299) can0 05124602#0B10111011101010
(1788796763.377300) can0 05FF4001#0000000000000000
(1788796763.379300) can0 05FF4000#0000000000000000
(1788796763.399556) can0 02191602#0000000000000000
(1788796763.433308) can0 03FF1000#0840112200000001
(1788796763.443527) can0 03FF1001#0000000000000000
(1788796763.454306) can0 03FF1603#0000D05700000000
(1788796763.459304) can0 05FF4602#0B10111011101010
(1788796763.464559) can0 03FF1605#0100000000000000
(1788796763.469305) can0 05FF4603#1110101013101410
(1788796763.475305) can0 03FF1600#142B000104001319
(1788796763.479305) can0 05FF4604#1110121014101510
(1788796763.485491) can0 03FF1601#6E50000000000000
(1788796763.489306) can0 05FF4605#1010000000000000
(1788796763.496307) can0 03FF1602#000005000000157C
(1788796763.506539) can0 03FF1604#0000000000000000
(1788796763.519308) can0 05FF4606#1E1E1D
(1788796763.529308) can0 05FF4607#1E1D1D
(1788796763.538309) can0 03FF1000#0840112200000001
(1788796763.539308) can0 05FF4608#0019007C
(1788796763.548529) can0 03FF1001#0000000000000000
(1788796763.549309) can0 05FF4609#030003CA03CA00
(1788796763.559310) can0 03FF1603#0000D05700000000
(1788796763.569519) can0 03FF1605#0100000000000000
(1788796763.596314) can0 05FF4610#0000D0E1FFFFFFCA
(1788796763.643319) can0 03FF1000#0840112200000001
(1788796763.654320) can0 03FF1001#0000000000000000
(1788796763.664320) can0 03FF1603#0000D05700000000
(1788796763.674505) can0 03FF1605#0100000000000000
(1788796763.748324) can0 03FF1000#0840112200000001
(1788796763.758532) can0 03FF1001#0000000000000000
(1788796763.769322) can0 03FF1603#0000D05700000000
(1788796763.779531) can0 03FF1605#0100000000000000
(1788796763.819324) can0 02519501#
(1788796763.819564) can0 02519501#
(1788796763.820324) can0 02519501#
(1788796763.853329) can0 03FF1000#0840112200000001
(1788796763.857329) can0 05FF4610#0000D0E1FFFFFFCA
(1788796763.863547) can0 03FF1001#0000000000000000
(1788796763.869570) can0 02294603#
(1788796763.871326) can0 05124603#1110101013101410
(1788796763.874327) can0 03FF1603#0000D05700000000
(1788796763.884536) can0 03FF1605#0100000000000000
(1788796763.958334) can0 03FF1000#0840112200000001
(1788796763.968544) can0 03FF1001#0000000000000000
(1788796763.979333) can0 03FF1603#0000D05700000000
(1788796763.989542) can0 03FF1605#0100000000000000
(1788796764.063338) can0 03FF1000#0840112200000001
(1788796764.073535) can0 03FF1001#0000000000000000
(1788796764.084338) can0 03FF1603#0000D05700000000
(1788796764.094535) can0 03FF1605#0100000000000000
(1788796764.145343) can0 05FF4610#0000D0E3FFFFFFC4
(1788796764.168348) can0 03FF1000#0840112200000001
(1788796764.178544) can0 03FF1001#0000000000000000
(1788796764.189344) can0 03FF1603#0000D05700000000
(1788796764.199554) can0 03FF1605#0100000000000000
(1788796764.273349) can0 03FF1000#0840112200000001
(1788796764.283541) can0 03FF1001#0000000000000000
(1788796764.294350) can0 03FF1603#0000D05700000000
(1788796764.304512) can0 03FF1605#0100000000000000
(1788796764.378355) can0 03FF1000#0840112200000001
(1788796764.380354) can0 02294604#
(1788796764.381353) can0 05124604#1110121016101510
(1788796764.388563) can0 03FF1001#0000000000000000
(1788796764.399355) can0 03FF1603#0000D05700000000
(1788796764.409541) can0 03FF1605#0100000000000000
(1788796764.418356) can0 05FF4001#0000000000000000
(1788796764.419356) can0 05FF4610#0000D0E3FFFFFFC4
(1788796764.420356) can0 05FF4000#0000000000000000
(1788796764.421356) can0 02FF2602#E7FB17450F8DB8B7
(1788796764.421412) can0 02294609#0000000000000000
(1788796764.423356) can0 05124609#030003CA03CA00
(1788796764.473363) can0 03FF1600#142B000104001319
(1788796764.483542) can0 03FF1601#6E50000000000000
(1788796764.494360) can0 03FF1602#000005000000157C
(1788796764.500360) can0 05FF4602#0B10111011101010
(1788796764.504545) can0 03FF1604#0000000000000000
(1788796764.510361) can0 05FF4603#1110101013101410
(1788796764.515361) can0 03FF1000#0840112200000001
(1788796764.520361) can0 05FF4604#1110121016101510
(1788796764.525535) can0 03FF1001#0000000000000000
(1788796764.530361) can0 05FF4605#1010000000000000
(1788796764.536362) can0 03FF1603#0000D05700000000
(1788796764.546548) can0 03FF1605#0100000000000000
(1788796764.560363) can0 05FF4606#1E1E1D
(1788796764.570365) can0 05FF4607#1E1D1D
(1788796764.580364) can0 05FF4608#0019007C
(1788796764.588551) can0 03FF1000#0840112200000001
(1788796764.590364) can0 05FF4609#030003CA03CA00
(1788796764.599365) can0 03FF1001#0000000000000000
(1788796764.609539) can0 03FF1603#0000D05700000000
(1788796764.620372) can0 03FF1605#0100000000000000
(1788796764.680373) can0 05FF4610#0000D0E3FFFFFFC4
(1788796764.693557) can0 03FF1000#0840112200000001
(1788796764.704374) can0 03FF1001#0000000000000000
(1788796764.714526) can0 03FF1603#0000D05700000000
(1788796764.725373) can0 03FF1605#0100000000000000
(1788796764.798581) can0 03FF1000#0840112200000001
(1788796764.809377) can0 03FF1001#0000000000000000
(1788796764.819539) can0 03FF1603#0000D05700000000
(1788796764.830382) can0 03FF1605#0100000000000000
(1788796764.890387) can0 02294605#
(1788796764.891381) can0 05124605#1010000000000000
(1788796764.903579) can0 03FF1000#0840112200000001
(1788796764.914382) can0 03FF1001#0000000000000000
(1788796764.924541) can0 03FF1603#0000D05700000000
(1788796764.931383) can0 02FF2602#4EF35A352959E54B
(1788796764.931565) can0 02294609#0000000000000000
(1788796764.933382) can0 05124609#030003CA03CA00
(1788796764.935387) can0 03FF1605#0100000000000000
(1788796764.941384) can0 02181606#0000000000030200
(1788796764.942384) can0 05FF4610#0000D0E3FFFFFFC4
(1788796764.946383) can0 03FF1605#0000000000000000
(1788796765.083391) can0 02181606#0100190001030200
(1788796765.112550) can0 1FF8B028#0000000000000000
(1788796765.149396) can0 03FF1000#0840112200000001
(1788796765.159395) can0 03FF1605#0000000000000000
(1788796765.169565) can0 03121606#0100000000000000
(1788796765.191397) can0 02181606#0100190001030200
(1788796765.222404) can0 03FF1000#0840112200000001
(1788796765.232538) can0 03FF1001#0000000000000000
(1788796765.243400) can0 03FF1603#0000D05700000000
(1788796765.253574) can0 03FF1605#0100000000000000
(1788796765.255412) can0 05FF4610#0000D0E0FFFFFFCA
(1788796765.264401) can0 03121606#0000000000000000
(1788796765.301404) can0 02181606#0100190001030200
(1788796765.327404) can0 03FF1000#0840112200000001
(1788796765.337555) can0 03FF1001#0000000000000000
(1788796765.348406) can0 03FF1603#0000D05700000000
(1788796765.358562) can0 03FF1605#0100000000000000
(1788796765.369407) can0 03121606#0000000000000000
(1788796765.384407) can0 05FF4001#0000000000000000
(1788796765.385499) can0 05FF4000#0000000000000000
(1788796765.401408) can0 02294606#
(1788796765.402408) can0 05124606#1E1E1D
(1788796765.432410) can0 03FF1000#0840112200000001
(1788796765.442565) can0 03FF1001#0000000000000000
(1788796765.453411) can0 03FF1603#0000D05700000000
(1788796765.463608) can0 03FF1605#0100000000000000
(1788796765.465492) can0 05FF4602#0B10111011101010
(1788796765.474412) can0 03121606#0000000000000000
(1788796765.475442) can0 05FF4603#1110101013101310
(1788796765.484575) can0 03FF1600#142B000104001319
(1788796765.485470) can0 05FF4604#1110121014101510
(1788796765.495413) can0 03FF1601#6E50000000000000
(1788796765.495625) can0 05FF4605#1010000000000000
(1788796765.505541) can0 03FF1602#000005000000157C
(1788796765.516414) can0 03FF1604#0000000000000000
(1788796765.516631) can0 05FF4610#0000D0E0FFFFFFCA
(1788796765.525415) can0 05FF4606#1E1E1D
(1788796765.535415) can0 05FF4607#1E1D1D
(1788796765.537414) can0 03FF1000#0840112200000001
(1788796765.545416) can0 05FF4608#0019007C
(1788796765.547561) can0 03FF1001#0000000000000000
(1788796765.555475) can0 05FF4609#010003CA03CA00
(1788796765.558416) can0 03FF1603#0000D05700000000
(1788796765.568584) can0 03FF1605#0100000000000000
(1788796765.642427) can0 03FF1000#0840112200000001
(1788796765.652599) can0 03FF1001#0000000000000000
(1788796765.663423) can0 03FF1603#0000D05700000000
(1788796765.673575) can0 03FF1605#0100000000000000
(1788796765.705427) can0 05FF4400#00000007
(1788796765.747434) can0 03FF1000#0840112200000001
(1788796765.755501) can0 05FF4600#0D0300900303
(1788796765.757580) can0 03FF1001#0000000000000000
(1788796765.768431) can0 03FF1603#0000D05700000000
(1788796765.777592) can0 05FF4610#0000D0E0FFFFFFCA
(1788796765.778567) can0 03FF1605#0100000000000000
(1788796765.805536) can0 05FF4601#007300000000
(1788796765.852438) can0 03FF1000#0840112200000001
(1788796765.862576) can0 03FF1001#0000000000000000
(1788796765.873436) can0 03FF1603#0000D05700000000
(1788796765.883574) can0 03FF1605#0100000000000000
(1788796765.911436) can0 02294607#
(1788796765.912436) can0 05124607#1E1D1D
(1788796765.957442) can0 03FF1000#0840112200000001
(1788796765.967582) can0 03FF1001#0000000000000000
(1788796765.978441) can0 03FF1603#0000D05700000000
(1788796765.988591) can0 03FF1605#0100000000000000
(1788796766.062444) can0 03FF1000#0840112200000001
(1788796766.066659) can0 05FF4610#0000D0E1FFFFFFCF
(1788796766.072571) can0 03FF1001#0000000000000000
(1788796766.083446) can0 03FF1603#0000D05700000000
(1788796766.093550) can0 03FF1605#0100000000000000
(1788796766.167452) can0 03FF1000#0840112200000001
(1788796766.177578) can0 03FF1001#0000000000000000
(1788796766.188451) can0 03FF1603#0000D05700000000
(1788796766.198579) can0 03FF1605#0100000000000000
(1788796766.272457) can0 03FF1000#0840112200000001
(1788796766.282566) can0 03FF1001#0000000000000000
(1788796766.293460) can0 03FF1603#0000D05700000000
(1788796766.303574) can0 03FF1605#0100000000000000
(1788796766.322459) can0 02FF2602#D6D3227514CD14BB
(1788796766.322699) can0 02294609#0000000000000000
(1788796766.324620) can0 05124609#030003CA03CA00
(1788796766.341460) can0 05FF4610#0000D0E1FFFFFFCF
(1788796766.377462) can0 03FF1000#0840112200000001
(1788796766.387589) can0 03FF1001#0000000000000000
(1788796766.398463) can0 03FF1603#0000D05700000000
(1788796766.408579) can0 03FF1605#0100000000000000
(1788796766.422464) can0 02294609#
(1788796766.422727) can0 05124609#030003CA03CA00
(1788796766.426463) can0 05FF4001#0000000000000000
(1788796766.428464) can0 05FF4000#0000000000000000
(1788796766.482471) can0 03FF1000#0840112200000001
(1788796766.492666) can0 03FF1001#0000000000000000
(1788796766.503469) can0 03FF1603#0000D05700000000
(1788796766.509468) can0 05FF4602#0B10111011101010
(1788796766.513607) can0 03FF1605#0100000000000000
(1788796766.519469) can0 05FF4603#1110101013101410
(1788796766.524469) can0 03FF1600#142B000104001319
(1788796766.529469) can0 05FF4604#1110121014101510
(1788796766.534581) can0 03FF1601#6E50000000000000
(1788796766.539469) can0 05FF4605#1010000000000000
(1788796766.545470) can0 03FF1602#000005000000157C
(1788796766.555622) can0 03FF1604#0000000000000000
(1788796766.568605) can0 05FF4606#1E1E1D
(1788796766.578611) can0 05FF4607#1E1D1D
(1788796766.587473) can0 03FF1000#0840112200000001
(1788796766.588668) can0 05FF4608#0019007C
(1788796766.597601) can0 03FF1001#0000000000000000
(1788796766.599473) can0 05FF4609#030003CA03CA00
(1788796766.603473) can0 05FF4610#0000D0E1FFFFFFCF
(1788796766.608473) can0 03FF1603#0000D05700000000
(1788796766.618566) can0 03FF1605#0100000000000000
(1788796766.692481) can0 03FF1000#0840112200000001
(1788796766.702595) can0 03FF1001#0000000000000000
(1788796766.713479) can0 03FF1603#0000D05700000000
(1788796766.723590) can0 03FF1605#0100000000000000
(1788796766.797484) can0 03FF1000#0840112200000001
(1788796766.807583) can0 03FF1001#0000000000000000
(1788796766.818489) can0 03FF1603#0000D05700000000
(1788796766.828602) can0 03FF1605#0100000000000000
(1788796766.833490) can0 02FF2602#C0EBE4CD0955EFC7
(1788796766.833538) can0 02294609#0000000000000000
(1788796766.835486) can0 05124609#030003CA03CA00
(1788796766.866488) can0 05FF4610#0000D0E1FFFFFFCF
(1788796766.902490) can0 03FF1000#0840112200000001
(1788796766.912595) can0 03FF1001#0000000000000000
(1788796766.923490) can0 03FF1603#0000D05700000000
(1788796766.932491) can0 02294610#
(1788796766.933595) can0 03FF1605#0100000000000000
(1788796766.934491) can0 05124610#0000D0E1FFFFFFCF
(1788796767.007498) can0 03FF1000#0840112200000001
(1788796767.017614) can0 03FF1001#0000000000000000
(1788796767.028498) can0 03FF1603#0000D05700000000
(1788796767.038602) can0 03FF1605#0100000000000000
(1788796767.048498) can0 02181606#0100190001030200
(1788796767.112501) can0 03FF1000#0840112200000001
(1788796767.122593) can0 03FF1001#0000000000000000
(1788796767.133502) can0 03FF1603#0000D05700000000
(1788796767.143606) can0 03FF1605#0100000000000000
(1788796767.154503) can0 03121606#0000000000000000
(1788796767.156503) can0 05FF4610#0000D0E3FFFFFFCA
(1788796767.217506) can0 03FF1000#0840112200000001
(1788796767.227623) can0 03FF1001#0000000000000000
(1788796767.238508) can0 03FF1603#0000D05700000000
(1788796767.248601) can0 03FF1605#0100000000000000
(1788796767.322511) can0 03FF1000#0840112200000001
(1788796767.332598) can0 03FF1001#0000000000000000
(1788796767.343516) can0 03FF1603#0000D05700000000
(1788796767.353619) can0 03FF1605#0100000000000000
(1788796767.427519) can0 03FF1000#0840112200000001
(1788796767.429518) can0 05FF4610#0000D0E3FFFFFFCA
(1788796767.437609) can0 03FF1001#0000000000000000
(1788796767.443521) can0 02294611#
(1788796767.444518) can0 05124611#0061368C0000352D
(1788796767.448518) can0 03FF1603#0000D05700000000
(1788796767.458611) can0 03FF1605#0100000000000000
(1788796767.471520) can0 05FF4001#0000000000000000
(1788796767.473520) can0 05FF4000#0000000000000000
(1788796767.500626) can0 03FF1600#142B000104001319
(1788796767.511522) can0 03FF1601#6E50000000000000
(1788796767.521615) can0 03FF1602#000005000000157C
(1788796767.532523) can0 03FF1604#0000000000000000
(1788796767.542604) can0 03FF1000#0840112200000001
(1788796767.553524) can0 03FF1001#0000000000000000
(1788796767.553661) can0 05FF4602#0B10111011101010
(1788796767.563525) can0 05FF4603#1110101013101410
(1788796767.564524) can0 03FF1603#0000D05700000000
(1788796767.573525) can0 05FF4604#1110121015101510
(1788796767.574525) can0 03FF1605#0100000000000000
(1788796767.583526) can0 05FF4605#1110000000000000
(1788796767.613528) can0 05FF4606#1E1E1D
(1788796767.623531) can0 05FF4607#1E1D1D
(1788796767.633532) can0 05FF4608#0019007C
(1788796767.637528) can0 03FF1000#0840112200000001
(1788796767.643528) can0 05FF4609#030003CA03CA00
(1788796767.647616) can0 03FF1001#0000000000000000
(1788796767.658530) can0 03FF1603#0000D05700000000
(1788796767.668588) can0 03FF1605#0100000000000000
(1788796767.690533) can0 05FF4610#0000D0E3FFFFFFCA
(1788796767.742535) can0 03FF1000#0840112200000001
(1788796767.752639) can0 03FF1001#0000000000000000
(1788796767.763536) can0 03FF1603#0000D05700000000
(1788796767.773617) can0 03FF1605#0100000000000000
(1788796767.847543) can0 03FF1000#0840112200000001
(1788796767.857638) can0 03FF1001#0000000000000000
(1788796767.868545) can0 03FF1603#0000D05700000000
(1788796767.878623) can0 03FF1605#0100000000000000
(1788796767.903543) can0 13B16001#
(1788796767.903599) can0 13B16001#
(1788796767.904542) can0 13B16001#
(1788796767.951549) can0 05FF4610#0000D0E3FFFFFFCA
(1788796767.952549) can0 03FF1000#0840112200000001
(1788796767.953546) can0 02294500#
(1788796767.954545) can0 05124500#0500
(1788796767.962616) can0 03FF1001#0000000000000000
(1788796767.973546) can0 03FF1603#0000D05700000000
(1788796767.983617) can0 03FF1605#0100000000000000
(1788796768.057551) can0 03FF1000#0840112200000001
(1788796768.067632) can0 03FF1001#0000000000000000
(1788796768.075552) can0 02FF2602#FF2BC77525014ACF
(1788796768.075654) can0 02294609#0000000000000000
(1788796768.077551) can0 05124609#030003CA03CA00
(1788796768.078552) can0 03FF1603#0000D05700000000
(1788796768.088622) can0 03FF1605#0100000000000000
(1788796768.162557) can0 03FF1000#0840112200000001
(1788796768.172626) can0 03FF1001#0000000000000000
(1788796768.183558) can0 03FF1603#0000D05700000000
(1788796768.193600) can0 03FF1605#0100000000000000
(1788796768.213803) can0 02181606#0100190001030200
(1788796768.253596) can0 05FF4610#0000D0E3FFFFFFCA
(1788796768.267562) can0 03FF1000#0840112200000001
(1788796768.277639) can0 03FF1001#0000000000000000
(1788796768.288564) can0 03FF1603#0000D05700000000
(1788796768.298645) can0 03FF1605#0100000000000000
(1788796768.309565) can0 03121606#0000000000000000
(1788796768.372569) can0 03FF1000#0840112200000001
(1788796768.382609) can0 03FF1001#0000000000000000
(1788796768.393572) can0 03FF1603#0000D05700000000
(1788796768.403628) can0 03FF1605#0100000000000000
(1788796768.463810) can0 02294501#
(1788796768.464634) can0 05124501#0103
(1788796768.477575) can0 03FF1000#0840112200000001
(1788796768.487614) can0 03FF1001#0000000000000000
(1788796768.498576) can0 03FF1603#0000D05700000000
(1788796768.508679) can0 03FF1605#0100000000000000
(1788796768.513725) can0 05FF4001#0000000000000000
(1788796768.514574) can0 02181606#0000000000030200
(1788796768.515574) can0 02203606#0200000000000000
(1788796768.515630) can0 05FF4610#0000D0E3FFFFFFCA
(1788796768.516574) can0 05FF4000#0000000000000000
(1788796768.519574) can0 03FF1600#142B000104001319
(1788796768.519683) can0 03FF1605#0000000000000000
(1788796768.524574) can0 02181606#0000000000030200
(1788796768.524641) can0 02203606#0200000000000000
(1788796768.534576) can0 02181606#0000000000030200
(1788796768.534649) can0 02203606#0200000000000000
(1788796768.544576) can0 02203606#0200000000000000
(1788796768.545575) can0 02203607#0000000300000000
(1788796768.686585) can0 03FF1601#6E50000000000000
(1788796768.696584) can0 03FF1602#000005000000157C
(1788796768.706816) can0 03FF1604#0000000000000000
(1788796768.717586) can0 1FF8B028#0000000000000000
(1788796768.728586) can0 03FF1000#0840112200000001
(1788796768.738586) can0 03FF1605#0000000000000000
(1788796768.749586) can0 03121606#0100000000000000
(1788796768.790798) can0 03FF1000#0840112200000001
(1788796768.801590) can0 03121606#0100000000000000
(1788796768.895839) can0 03FF1000#0840112200000001
(1788796768.906601) can0 03121606#0100000000000000
(1788796768.927599) can0 02519500#
(1788796768.927653) can0 02519500#
(1788796768.927706) can0 02519500#
(1788796769.001605) can0 03FF1000#0840112200000001
(1788796769.105827) can0 03FF1000#0840112200000001
(1788796769.210832) can0 03FF1000#0840112200000001
(1788796769.315811) can0 03FF1000#0840112200000001
(1788796769.420821) can0 03FF1000#0840112200000001
(1788796769.435630) can0 04FF3400#0000000000000000
(1788796769.525867) can0 03FF1000#0840112200000001
(1788796769.555632) can0 02203607#0000000300000000
(1788796769.630844) can0 03FF1000#0840112200000001
(1788796769.735838) can0 03FF1000#0840112200000001
(1788796769.840834) can0 03FF1000#0840112200000001
(1788796769.945656) can0 02519501#
(1788796769.945701) can0 02519501#
(1788796769.945842) can0 02519501#
(1788796769.946657) can0 03FF1000#0840112200000001
(1788796770.050854) can0 03FF1000#0840112200000001
(1788796770.155864) can0 03FF1000#0840112200000001
(1788796770.260857) can0 03FF1000#0840112200000001
(1788796770.365839) can0 03FF1000#0840112200000001
(1788796770.470841) can0 03FF1000#0840112200000001
(1788796770.567692) can0 02203607#0000000300000000
(1788796770.575874) can0 03FF1000#0840112200000001
(1788796770.680866) can0 03FF1000#0840112200000001
(1788796770.785919) can0 03FF1000#0840112200000001
(1788796770.890858) can0 03FF1000#0840112200000001
(1788796770.995863) can0 03FF1000#0840112200000001
(1788796771.100873) can0 03FF1000#0840112200000001
(1788796771.205881) can0 03FF1000#0840112200000001
(1788796771.310936) can0 03FF1000#0840112200000001
(1788796771.415872) can0 03FF1000#0840112200000001
(1788796771.520869) can0 03FF1000#0840112200000001
(1788796771.577748) can0 02203607#0000000300000000
(1788796771.625873) can0 03FF1000#0840112200000001
(1788796771.730900) can0 03FF1000#0840112200000001
(1788796771.835942) can0 03FF1000#0840112200000001
(1788796771.940877) can0 03FF1000#0840112200000001
(1788796772.045873) can0 03FF1000#0840112200000001
(1788796772.150913) can0 03FF1000#0840112200000001
(1788796772.255893) can0 03FF1000#0840112200000001
(1788796772.360941) can0 03FF1000#0840112200000001
(1788796772.465883) can0 03FF1000#0840112200000001
(1788796772.570877) can0 03FF1000#0840112200000001
(1788796772.675909) can0 03FF1000#0840112200000001
(1788796772.780905) can0 03FF1000#0840112200000001
(1788796772.885929) can0 03FF1000#0840112200000001
(1788796772.990901) can0 03FF1000#0840112200000001
(1788796773.095892) can0 03FF1000#0840112200000001
(1788796773.200924) can0 03FF1000#0840112200000001
(1788796773.305940) can0 03FF1000#0840112200000001
(1788796773.410932) can0 03FF1000#0840112200000001
(1788796773.515917) can0 03FF1000#0840112200000001
(1788796773.620917) can0 03FF1000#0840112200000001
(1788796773.725941) can0 03FF1000#0840112200000001
(1788796773.830943) can0 03FF1000#0840112200000001
(1788796773.935927) can0 03FF1000#0840112200000001
(1788796774.029874) can0 13B16001#
(1788796774.029941) can0 13B16001#
(1788796774.029988) can0 13B16001#
(1788796774.040929) can0 03FF1000#0840112200000001
(1788796774.145960) can0 03FF1000#0840112200000001
(1788796774.250958) can0 03FF1000#0840112200000001
(1788796774.355961) can0 03FF1000#0840112200000001
(1788796774.460955) can0 03FF1000#0840112200000001
(1788796774.565939) can0 03FF1000#0840112200000001
(1788796774.670976) can0 03FF1000#0840112200000001
(1788796774.775962) can0 03FF1000#0840112200000001
(1788796774.880961) can0 03FF1000#0840112200000001
(1788796774.985960) can0 03FF1000#0840112200000001
(1788796775.090952) can0 03FF1000#0840112200000001
(1788796775.195993) can0 03FF1000#0840112200000001
(1788796775.300966) can0 03FF1000#0840112200000001
(1788796775.405970) can0 03FF1000#0840112200000001
(1788796775.510978) can0 03FF1000#0840112200000001
(1788796775.615971) can0 03FF1000#0840112200000001
(1788796775.721005) can0 03FF1000#0840112200000001
(1788796775.825983) can0 03FF1000#0840112200000001
(1788796775.930998) can0 03FF1000#0840112200000001
(1788796776.035981) can0 03FF1000#0840112200000001
(1788796776.140986) can0 03FF1000#0840112200000001
(1788796776.245991) can0 03FF1000#0840112200000001
(1788796776.350999) can0 03FF1000#0840112200000001
(1788796776.456003) can0 03FF1000#0840112200000001
(1788796776.561009) can0 03FF1000#0840112200000001
(1788796776.666014) can0 03FF1000#0840112200000001
(1788796776.771020) can0 03FF1000#0840112200000001
(1788796776.876028) can0 03FF1000#0840112200000001
(1788796776.981062) can0 03FF1000#0840112200000001
(1788796777.086036) can0 03FF1000#0840112200000001
(1788796777.191046) can0 03FF1000#0840112200000001
(1788796777.296049) can0 03FF1000#0840112200000001
(1788796777.401055) can0 03FF1000#0840112200000001
(1788796777.506060) can0 03FF1000#0840112200000001
(1788796777.611066) can0 03FF1000#0840112200000001
(1788796777.716070) can0 03FF1000#0840112200000001
(1788796777.821074) can0 03FF1000#0840112200000001
(1788796777.926085) can0 03FF1000#0840112200000001
(1788796778.031089) can0 03FF1000#0840112200000001
(1788796778.136093) can0 03FF1000#0840112200000001
(1788796778.241099) can0 03FF1000#0840112200000001
(1788796778.346104) can0 03FF1000#0840112200000001
(1788796778.451112) can0 03FF1000#0840112200000001
(1788796778.556116) can0 03FF1000#0840112200000001
(1788796778.661121) can0 03FF1000#0840112200000001
(1788796778.766127) can0 03FF1000#0840112200000001
(1788796778.871133) can0 03FF1000#0840112200000001
(1788796778.976139) can0 03FF1000#0840112200000001
(1788796779.081143) can0 03FF1000#0840112200000001
(1788796779.186149) can0 03FF1000#0840112200000001
(1788796779.291154) can0 03FF1000#0840112200000001
(1788796779.396159) can0 03FF1000#0840112200000001
(1788796779.435205) can0 04FF3400#0000000100000000
(1788796779.501167) can0 03FF1000#0840112200000001
(1788796779.606172) can0 03FF1000#0840112200000001
(1788796779.711176) can0 03FF1000#0840112200000001
(1788796779.816183) can0 03FF1000#0840112200000001
(1788796779.921188) can0 03FF1000#0840112200000001
(1788796780.026197) can0 03FF1000#0840112200000001
(1788796780.131201) can0 03FF1000#0840112200000001
(1788796780.236205) can0 03FF1000#0840112200000001
(1788796780.341219) can0 03FF1000#0840112200000001
(1788796780.446216) can0 03FF1000#0840112200000001
(1788796780.551223) can0 03FF1000#0840112200000001
(1788796780.656227) can0 03FF1000#0840112200000001
(1788796780.761232) can0 03FF1000#0840112200000001
(1788796780.866240) can0 03FF1000#0840112200000001
(1788796780.971245) can0 03FF1000#0840112200000001
(1788796781.076250) can0 03FF1000#0840112200000001
(1788796781.181255) can0 03FF1000#0840112200000001
(1788796781.286262) can0 03FF1000#0840112200000001
(1788796781.391267) can0 03FF1000#0840112200000001
(1788796781.496273) can0 03FF1000#0840112200000001
(1788796781.601279) can0 03FF1000#0840112200000001
(1788796781.706284) can0 03FF1000#0840112200000001
(1788796781.811288) can0 03FF1000#0840112200000001
(1788796781.916294) can0 03FF1000#0840112200000001
(1788796782.021302) can0 03FF1000#0840112200000001
(1788796782.126307) can0 03FF1000#0840112200000001
(1788796782.231311) can0 03FF1000#0840112200000001
(1788796782.336317) can0 03FF1000#0840112200000001
(1788796782.441323) can0 03FF1000#0840112200000001
(1788796782.546330) can0 03FF1000#0840112200000001
(1788796782.651336) can0 03FF1000#0840112200000001
(1788796782.756339) can0 03FF1000#0840112200000001
(1788796782.861346) can0 03FF1000#0840112200000001
(1788796782.966351) can0 03FF1000#0840112200000001
(1788796783.071355) can0 03FF1000#0840112200000001
(1788796783.176366) can0 03FF1000#0840112200000001
(1788796783.281368) can0 03FF1000#0840112200000001
(1788796783.386374) can0 03FF1000#0840112200000001
(1788796783.491380) can0 03FF1000#0840112200000001
(1788796783.596385) can0 03FF1000#0840112200000001
(1788796783.701393) can0 03FF1000#0840112200000001
(1788796783.806397) can0 03FF1000#0840112200000001
(1788796783.911402) can0 03FF1000#0840112200000001
(1788796784.016408) can0 03FF1000#0840112200000001
(1788796784.121412) can0 03FF1000#0840112200000001
(1788796784.226419) can0 03FF1000#0840112200000001
(1788796784.331424) can0 03FF1000#0840112200000001
(1788796784.436429) can0 03FF1000#0840112200000001
(1788796784.541436) can0 03FF1000#0840112200000001
(1788796784.646439) can0 03FF1000#0840112200000001
(1788796784.751448) can0 03FF1000#0840112200000001
(1788796784.856452) can0 03FF1000#0840112200000001
(1788796784.961458) can0 03FF1000#0840112200000001
(1788796785.066465) can0 03FF1000#0840112200000001
(1788796785.171467) can0 03FF1000#0840112200000001
(1788796785.276477) can0 03FF1000#0840112200000001
(1788796785.381479) can0 03FF1000#0840112200000001
(1788796785.486486) can0 03FF1000#0840112200000001
(1788796785.591492) can0 03FF1000#0840112200000001
(1788796785.696497) can0 03FF1000#0840112200000001
(1788796785.801504) can0 03FF1000#0840112200000001
(1788796785.906512) can0 03FF1000#0840112200000001
(1788796786.011516) can0 03FF1000#0840112200000001
(1788796786.116519) can0 03FF1000#0840112200000001
(1788796786.221526) can0 03FF1000#0840112200000001
(1788796786.326531) can0 03FF1000#0840112200000001
(1788796786.431536) can0 03FF1000#0840112200000001
(1788796786.536544) can0 03FF1000#0840112200000001
(1788796786.641547) can0 03FF1000#0840112200000001
(1788796786.746552) can0 03FF1000#0840112200000001
(1788796786.851560) can0 03FF1000#0840112200000001
(1788796786.956563) can0 03FF1000#0840112200000001
(1788796787.061570) can0 03FF1000#0840112200000001
(1788796787.166574) can0 03FF1000#0840112200000001
(1788796787.271581) can0 03FF1000#0840112200000001
(1788796787.376587) can0 03FF1000#0840112200000001
(1788796787.481593) can0 03FF1000#0840112200000001
(1788796787.586599) can0 03FF1000#0840112200000001
(1788796787.691604) can0 03FF1000#0840112200000001
(1788796787.796609) can0 03FF1000#0840112200000001
(1788796787.901618) can0 03FF1000#0840112200000001
(1788796788.006621) can0 03FF1000#0840112200000001
(1788796788.111626) can0 03FF1000#0840112200000001
(1788796788.216632) can0 03FF1000#0840112200000001
(1788796788.321636) can0 03FF1000#0840112200000001
(1788796788.426643) can0 03FF1000#0840112200000001
(1788796788.531650) can0 03FF1000#0840112200000001
(1788796788.636653) can0 03FF1000#0840112200000001
(1788796788.741659) can0 03FF1000#0840112200000001
(1788796788.846666) can0 03FF1000#0840112200000001
(1788796788.951672) can0 03FF1000#0840112200000001
(1788796789.056676) can0 03FF1000#0840112200000001
(1788796789.161683) can0 03FF1000#0840112200000001
(1788796789.266687) can0 03FF1000#0840112200000001
(1788796789.371693) can0 03FF1000#0840112200000001
(1788796789.435698) can0 04FF3400#0000000200000000
(1788796789.476700) can0 03FF1000#0840112200000001
(1788796789.581705) can0 03FF1000#0840112200000001
(1788796789.686710) can0 03FF1000#0840112200000001
(1788796789.791716) can0 03FF1000#0840112200000001
(1788796789.896722) can0 03FF1000#0840112200000001
(1788796790.001729) can0 03FF1000#0840112200000001
(1788796790.106732) can0 03FF1000#0840112200000001
(1788796790.211738) can0 03FF1000#0840112200000001
(1788796790.316743) can0 03FF1000#0840112200000001
(1788796790.421749) can0 03FF1000#0840112200000001
(1788796790.526757) can0 03FF1000#0840112200000001
(1788796790.631760) can0 03FF1000#0840112200000001
(1788796790.736766) can0 03FF1000#0840112200000001
(1788796790.841772) can0 03FF1000#0840112200000001
(1788796790.946777) can0 03FF1000#0840112200000001
(1788796791.051786) can0 03FF1000#0840112200000001
(1788796791.156789) can0 03FF1000#0840112200000001
(1788796791.261793) can0 03FF1000#0840112200000001
(1788796791.366800) can0 03FF1000#0840112200000001
(1788796791.471806) can0 03FF1000#0840112200000001
(1788796791.576813) can0 03FF1000#0840112200000001
(1788796791.681817) can0 03FF1000#0840112200000001
(1788796791.786822) can0 03FF1000#0840112200000001
(1788796791.891828) can0 03FF1000#0840112200000001
(1788796791.996833) can0 03FF1000#0840112200000001
(1788796792.101840) can0 03FF1000#0840112200000001
(1788796792.206845) can0 03FF1000#0840112200000001
(1788796792.311850) can0 03FF1000#0840112200000001
(1788796792.416854) can0 03FF1000#0840112200000001
(1788796792.521863) can0 03FF1000#0840112200000001
(1788796792.626867) can0 03FF1000#0840112200000001
(1788796792.731871) can0 03FF1000#0840112200000001
(1788796792.836879) can0 03FF1000#0840112200000001
(1788796792.879877) can0 02181606#0100190001030200
(1788796792.945884) can0 03FF1000#0840112200000001
(1788796792.956885) can0 03FF1001#0000000000000000
(1788796792.966885) can0 03FF1603#0000D05700000000
(1788796792.977128) can0 03FF1605#0100000000000000
(1788796792.978885) can0 05FF4610#0000D0E1FFFFFFDA
(1788796792.987883) can0 03121606#0100000000000000
(1788796792.988882) can0 02181606#0100190001030200
(1788796793.050889) can0 03FF1000#0840112200000001
(1788796793.061890) can0 03FF1001#0000000000000000
(1788796793.071888) can0 03FF1603#0000D05700000000
(1788796793.082888) can0 03FF1605#0100000000000000
(1788796793.092888) can0 03121606#0000000000000000
(1788796793.107890) can0 05FF4001#0000000000000000
(1788796793.109896) can0 05FF4000#0000000000000000
(1788796793.155895) can0 03FF1000#0840112200000001
(1788796793.166137) can0 03FF1001#0000000000000000
(1788796793.176893) can0 03FF1603#0000D05700000000
(1788796793.187894) can0 03FF1605#0100000000000000
(1788796793.189893) can0 05FF4602#0B10101011101010
(1788796793.199894) can0 05FF4603#1110101013101410
(1788796793.209895) can0 05FF4604#1110121014101510
(1788796793.219894) can0 05FF4605#1110000000000000
(1788796793.240900) can0 05FF4610#0000D0E1FFFFFFDA
(1788796793.249900) can0 05FF4606#1E1E1D
(1788796793.259897) can0 05FF4607#1E1D1D
(1788796793.260896) can0 03FF1000#0840112200000001
(1788796793.269898) can0 05FF4608#0019007C
(1788796793.271897) can0 03FF1001#0000000000000000
(1788796793.279898) can0 05FF4609#010003CA03CA00
(1788796793.281898) can0 03FF1603#0000D05700000000
(1788796793.292899) can0 03FF1605#0100000000000000
(1788796793.365906) can0 03FF1000#0840112200000001
(1788796793.376906) can0 03FF1001#0000000000000000
(1788796793.386905) can0 03FF1603#0000D05700000000
(1788796793.397904) can0 03FF1605#0100000000000000
(1788796793.441909) can0 05FF4400#00000008
(1788796793.470911) can0 03FF1000#0840112200000001
(1788796793.481912) can0 03FF1001#0000000000000000
(1788796793.491910) can0 03FF1603#0000D05700000000
(1788796793.498910) can0 02191602#0000000000000000
(1788796793.502909) can0 03FF1605#0100000000000000
(1788796793.518911) can0 05FF4600#0D0300900303
(1788796793.540962) can0 05FF4610#0000D0E0FFFFFFCA
(1788796793.568915) can0 05FF4601#007300000000
(1788796793.575916) can0 03FF1000#0840112200000001
(1788796793.586915) can0 03FF1001#0000000000000000
(1788796793.596916) can0 03FF1603#0000D05700000000
(1788796793.607170) can0 03FF1605#0100000000000000
(1788796793.680923) can0 03FF1000#0840112200000001
(1788796793.691923) can0 03FF1001#0000000000000000
(1788796793.701921) can0 03FF1603#0000D05700000000
(1788796793.712922) can0 03FF1605#0100000000000000
(1788796793.722921) can0 03FF1600#142B000104001319
(1788796793.733152) can0 03FF1601#6E50000000000000
(1788796793.743926) can0 03FF1602#000005000000157C
(1788796793.754923) can0 03FF1604#0000000000000000
(1788796793.785926) can0 03FF1000#0840112200000001
(1788796793.796926) can0 03FF1001#0000000000000000
(1788796793.803169) can0 05FF4610#0000D0E0FFFFFFCA
(1788796793.806926) can0 03FF1603#0000D05700000000
(1788796793.817181) can0 03FF1605#0100000000000000
(1788796793.890936) can0 03FF1000#0840112200000001
(1788796793.901188) can0 03FF1001#0000000000000000
(1788796793.911932) can0 03FF1603#0000D05700000000
(1788796793.922933) can0 03FF1605#0100000000000000
(1788796793.995941) can0 03FF1000#0840112200000001
(1788796794.006183) can0 03FF1001#0000000000000000
(1788796794.016938) can0 03FF1603#0000D05700000000
(1788796794.027174) can0 03FF1605#0100000000000000
(1788796794.065104) can0 05FF4610#0000D0E0FFFFFFCA
(1788796794.100942) can0 03FF1000#0840112200000001
(1788796794.111174) can0 03FF1001#0000000000000000
(1788796794.121944) can0 03FF1603#0000D05700000000
(1788796794.132184) can0 03FF1605#0100000000000000
(1788796794.151164) can0 05FF4001#0000000000000000
(1788796794.153944) can0 05FF4000#0000000000000000
(1788796794.205947) can0 03FF1000#0840112200000001
(1788796794.216191) can0 03FF1001#0000000000000000
(1788796794.226948) can0 03FF1603#0000D05700000000
(1788796794.234134) can0 05FF4602#0B10111011101010
(1788796794.237948) can0 03FF1605#0100000000000000
(1788796794.244145) can0 05FF4603#1110101013101310
(1788796794.254147) can0 05FF4604#1110121014101510
(1788796794.264193) can0 05FF4605#1010000000000000
(1788796794.306953) can0 05FF4606#1E1E1D
(1788796794.310952) can0 03FF1000#0840112200000001
(1788796794.315987) can0 05FF4607#1E1D1D
(1788796794.321196) can0 03FF1001#0000000000000000
(1788796794.326030) can0 05FF4608#0019007C
(1788796794.331954) can0 03FF1603#0000D05700000000
(1788796794.336139) can0 05FF4609#010003CA03CA00
(1788796794.340185) can0 05FF4610#0000D0E0FFFFFFCA
(1788796794.342196) can0 03FF1605#0100000000000000
(1788796794.415959) can0 03FF1000#0840112200000001
(1788796794.426202) can0 03FF1001#0000000000000000
(1788796794.436960) can0 03FF1603#0000D05700000000
(1788796794.447186) can0 03FF1605#0100000000000000
(1788796794.519969) can0 02FF2602#941BA05D3336E203
(1788796794.520964) can0 02294609#0000000000000000
(1788796794.521018) can0 03FF1000#0840112200000001
(1788796794.521963) can0 05124609#030003CA03CA00
(1788796794.531198) can0 03FF1001#0000000000000000
(1788796794.541966) can0 03FF1603#0000D05700000000
(1788796794.552185) can0 03FF1605#0100000000000000
(1788796794.625969) can0 03FF1000#0840112200000001
(1788796794.629974) can0 05FF4610#0000D0E0FFFFFFCA
(1788796794.636214) can0 03FF1001#0000000000000000
(1788796794.646971) can0 03FF1603#0000D05700000000
(1788796794.657198) can0 03FF1605#0100000000000000
(1788796794.709974) can0 03FF1600#142B000104001319
(1788796794.720195) can0 03FF1601#6E50000000000000
(1788796794.730977) can0 03FF1602#000005000000157C
(1788796794.741192) can0 03FF1604#0000000000000000
(1788796794.751976) can0 03FF1000#0840112200000001
(1788796794.762977) can0 03FF1001#0000000000000000
(1788796794.772977) can0 03FF1603#0000D05700000000
(1788796794.783186) can0 03FF1605#0100000000000000
(1788796794.835981) can0 03FF1000#0840112200000001
(1788796794.846204) can0 03FF1001#0000000000000000
(1788796794.856983) can0 03FF1603#0000D05700000000
(1788796794.867198) can0 03FF1605#0100000000000000
(1788796794.895985) can0 05FF4610#0000D0E0FFFFFFCA
(1788796794.940990) can0 03FF1000#0840112200000001
(1788796794.951207) can0 03FF1001#0000000000000000
(1788796794.961988) can0 03FF1603#0000D05700000000
(1788796794.972235) can0 03FF1605#0100000000000000
(1788796795.030249) can0 02FF2602#9B2BF3E51AF555FF
(1788796795.030991) can0 02294609#0000000000000000
(1788796795.032106) can0 05124609#030003CA03CA00
(1788796795.045992) can0 03FF1000#0840112200000001
(1788796795.056201) can0 03FF1001#0000000000000000
(1788796795.066993) can0 03FF1603#0000D05700000000
(1788796795.077197) can0 03FF1605#0100000000000000
(1788796795.141003) can0 02203606#0101000100010000
(1788796795.150255) can0 02181606#0000000000030200
(1788796795.150997) can0 03FF1000#0840112200000001
(1788796795.157998) can0 05FF4610#0000D0E0FFFFFFCA
(1788796795.161194) can0 03FF1001#0000000000000000
(1788796795.161997) can0 03FF1605#0000000000000000
(1788796795.165056) can0 04FF3604#0005000300C80100
(1788796795.195050) can0 04FF3604#0004000300C80100
(1788796795.216048) can0 02203606#0200000000000000
(1788796795.241003) can0 02181608#0500000001000000
(1788796795.271005) can0 02181609#0000000000000000
(1788796795.305005) can0 02488600#0000000000000000
(1788796795.328123) can0 03FF1603#0000D05700000000
(1788796795.339008) can0 03FF1605#0100000000000000
(1788796795.341008) can0 05FF4610#0000D0E0FFFFFFCA
(1788796795.349008) can0 1FF8B028#0000000000000000
(1788796795.351008) can0 02294500#
(1788796795.352007) can0 05124500#0500
(1788796795.360008) can0 03FF1000#0840112200000001
(1788796795.370009) can0 03FF1605#0000000000000000
(1788796795.381010) can0 03121606#0100000000000000
(1788796795.381064) can0 02FF2605#0000060907050903
(1788796795.411011) can0 02FF2604#0000000000000000
(1788796795.433013) can0 03FF1000#0840112200000001
(1788796795.441012) can0 02FF2704#0200000000000000
(1788796795.471019) can0 0260B606#0100000000000000
(1788796795.501018) can0 02203607#0000000300000000
(1788796795.531021) can0 02F82400#E003000000000000
(1788796795.538018) can0 03FF1000#0840112200000001
(1788796795.561019) can0 02FF2602#2C2B089D243C87C3
(1788796795.591021) can0 02181606#0100190001030200
(1788796795.621022) can0 02203606#0100000100010000
(1788796795.645073) can0 04FF3604#0003000300000000
(1788796795.648026) can0 03FF1000#0840112200000001
(1788796795.651024) can0 02181608#0500000001000000
(1788796795.658216) can0 03FF1001#0000000000000000
(1788796795.669025) can0 03FF1603#0000D05700000000
(1788796795.675048) can0 04FF3604#0005000300C80000
(1788796795.679200) can0 03FF1605#0100000000000000
(1788796795.681025) can0 02181609#0000000000000000
(1788796795.682026) can0 05FF4610#0000D0DDFFFFFFB4
(1788796795.690026) can0 03121606#0100000000000000
(1788796795.705074) can0 04FF3604#0003000300C80000
(1788796795.711027) can0 02488600#0000000000000000
(1788796795.721225) can0 03FF1600#142B000104001319
(1788796795.732031) can0 03FF1601#6E50000000000000
(1788796795.735063) can0 04FF3604#0002000300C80000
(1788796795.741029) can0 02294501#
(1788796795.742029) can0 05124501#0103
(1788796795.742211) can0 03FF1602#000005000000157C
(1788796795.753030) can0 03FF1604#0000000000000000
(1788796795.763199) can0 03FF1000#0840112200000001
(1788796795.765064) can0 04FF3604#0003000300C80000
(1788796795.771030) can0 02FF2605#0000060907050905
(1788796795.774030) can0 03FF1001#0000000000000000
(1788796795.784205) can0 03FF1603#0000D05700000000
(1788796795.795032) can0 03FF1605#0100000000000000
(1788796795.795306) can0 04FF3604#0003000300C80000
(1788796795.801194) can0 02FF2604#0000000000000000
(1788796795.811033) can0 05FF4001#0000000000000000
(1788796795.813032) can0 05FF4000#0000000000000000
(1788796795.825068) can0 04FF3604#0004000300C80000
(1788796795.855063) can0 04FF3604#0003000300C80000
(1788796795.858035) can0 03FF1000#0840112200000001
(1788796795.868208) can0 03FF1001#0000000000000000
(1788796795.879037) can0 03FF1603#0000D05700000000
(1788796795.881048) can0 02FF2704#0200000000000000
(1788796795.885048) can0 04FF3604#0002000300C80000
(1788796795.889233) can0 03FF1605#0100000000000000
(1788796795.895038) can0 05FF4602#0B10101011101010
(1788796795.904037) can0 05FF4603#1110101012101310
(1788796795.912037) can0 0260B606#0100000000000000
(1788796795.914038) can0 05FF4604#1110111014101510
(1788796795.915060) can0 04FF3604#0004000300C80000
(1788796795.924039) can0 05FF4605#1010000000000000
(1788796795.935061) can0 04FF3602#0000000000000000
(1788796795.943041) can0 02203607#0000000300000000
(1788796795.945039) can0 05FF4610#0000D0DDFFFFFFB4
(1788796795.946039) can0 04FF3604#0002000300C80000
(1788796795.954041) can0 05FF4606#1E1E1D
(1788796795.963040) can0 03FF1000#0840112200000001
(1788796795.964040) can0 05FF4607#1E1D1D
(1788796795.973230) can0 03FF1001#0000000000000000
(1788796795.974042) can0 02181606#0100190001030200
(1788796795.974235) can0 05FF4608#0019007C
(1788796795.975052) can0 04FF3604#0004000300C80000
(1788796795.984041) can0 03FF1603#0000D05700000000
(1788796795.984242) can0 05FF4609#030003CA03CA00
(1788796795.994228) can0 03FF1605#0100000000000000
(1788796796.002043) can0 02203606#0101000100010000
(1788796796.005043) can0 04FF3604#0005000300C80000
(1788796796.032048) can0 02181608#0500000001000000
(1788796796.035079) can0 04FF3604#0004000300C80100
(1788796796.062046) can0 02181609#0000000000000000
(1788796796.065045) can0 04FF3604#0004000300C80100
(1788796796.068046) can0 03FF1000#0840112200000001
(1788796796.078232) can0 03FF1001#0000000000000000
(1788796796.089047) can0 03FF1603#0000D05700000000
(1788796796.092047) can0 02488600#0000000000000000
(1788796796.095054) can0 04FF3604#0005000300C80100
(1788796796.099233) can0 03FF1605#0100000000000000
(1788796796.110049) can0 03121606#0000000000000000
(1788796796.122235) can0 02191500#
(1788796796.125060) can0 04FF3604#0005000300C80100
(1788796796.137052) can0 05FF4400#00000009
(1788796796.141223) can0 03FF1500#000000C300000000
(1788796796.155074) can0 04FF3604#0006000400C80100
(1788796796.173054) can0 02FF2605#0000060907050906
(1788796796.173119) can0 03FF1000#0840112200000001
(1788796796.183238) can0 03FF1001#0000000000000000
(1788796796.185052) can0 04FF3604#0002000300C80100
(1788796796.187055) can0 05FF4600#0D0300900303
(1788796796.194058) can0 03FF1603#0000D05700000000
(1788796796.203077) can0 02FF2604#0000000000000000
(1788796796.204238) can0 03FF1605#0100000000000000
(1788796796.209053) can0 05FF4610#0000D0DDFFFFFFB4
(1788796796.215054) can0 04FF3604#0003000300C80100
(1788796796.233059) can0 02FF2704#0200000000000000
(1788796796.237056) can0 05FF4601#007300000000
(1788796796.245055) can0 04FF3604#0006000300C80100
(1788796796.264057) can0 0260B606#0100000000000000
(1788796796.275061) can0 04FF3604#0003000300C80100
(1788796796.278057) can0 03FF1000#0840112200000001
(1788796796.288239) can0 03FF1001#0000000000000000
(1788796796.293058) can0 02203607#0000000300000000
(1788796796.299059) can0 03FF1603#0000D05700000000
(1788796796.305058) can0 04FF3604#0003000300C80100
(1788796796.309232) can0 03FF1605#0100000000000000
(1788796796.335064) can0 04FF3604#0006000300C80100
(1788796796.365074) can0 04FF3604#0005000300C80100
(1788796796.383063) can0 03FF1000#0840112200000001
(1788796796.393221) can0 03FF1001#0000000000000000
(1788796796.395064) can0 04FF3604#0005000300C80100
(1788796796.404065) can0 03FF1603#0000D05700000000
(1788796796.414250) can0 03FF1605#0100000000000000
(1788796796.425066) can0 04FF3604#0003000300C80100
(1788796796.435066) can0 04FF3602#0000000000000000
(1788796796.455068) can0 04FF3604#0007000300C80100
(1788796796.485073) can0 04FF3604#0005000300C80100
(1788796796.486072) can0 05FF4610#0000D0DDFFFFFFB4
(1788796796.488069) can0 03FF1000#0840112200000001
(1788796796.498209) can0 03FF1001#0000000000000000
(1788796796.509071) can0 03FF1603#0000D05700000000
(1788796796.515071) can0 04FF3604#0004000300C80100
(1788796796.519244) can0 03FF1605#0100000000000000
(1788796796.545072) can0 04FF3604#0005000300C80100
(1788796796.575074) can0 04FF3604#0004000300C80100
(1788796796.593075) can0 03FF1000#0840112200000001
(1788796796.603260) can0 03FF1001#0000000000000000
(1788796796.605075) can0 04FF3604#0003000300C80100
(1788796796.614077) can0 03FF1603#0000D05700000000
(1788796796.624285) can0 03FF1605#0100000000000000
(1788796796.635078) can0 04FF3604#0005000300C80100
(1788796796.665079) can0 04FF3604#0006000400C80100
(1788796796.683081) can0 02181606#0100190001030200
(1788796796.695080) can0 04FF3604#0004000300C80100
(1788796796.698081) can0 03FF1000#0840112200000001
(1788796796.708243) can0 03FF1001#0000000000000000
(1788796796.714082) can0 02203606#0101000100010000
(1788796796.719082) can0 03FF1603#0000D05700000000
(1788796796.725082) can0 04FF3604#0004000300C80100
(1788796796.729256) can0 03FF1605#0100000000000000
(1788796796.740083) can0 03121606#0000000000000000
(1788796796.745082) can0 02181608#0500000001000000
(1788796796.750223) can0 03FF1600#142B000104001319
(1788796796.755083) can0 04FF3604#0003000300C80100
(1788796796.761084) can0 03FF1601#6E50000000000000
(1788796796.771242) can0 03FF1602#000005000000157C
(1788796796.773085) can0 02181609#0000000000000000
(1788796796.778085) can0 05FF4610#0000D0DEFFFFFFA3
(1788796796.782085) can0 03FF1604#0000000000000000
(1788796796.785085) can0 04FF3604#0006000300C80100
(1788796796.803087) can0 03FF1000#0840112200000001
(1788796796.804086) can0 02488600#0000000000000000
(1788796796.813272) can0 03FF1001#0000000000000000
(1788796796.815086) can0 04FF3604#0005000300C80100
(1788796796.824087) can0 03FF1603#0000D05700000000
(1788796796.834088) can0 02191501#
(1788796796.834316) can0 03FF1605#0100000000000000
(1788796796.845092) can0 04FF3604#0004000300C80100
(1788796796.855242) can0 03FF1501#0000004A00000000
(1788796796.863125) can0 05FF4001#0000000000000000
(1788796796.865136) can0 05FF4000#0000000000000000
(1788796796.875090) can0 04FF3604#0004000300C80100
(1788796796.905092) can0 04FF3604#0004000300C80100
(1788796796.908091) can0 03FF1000#0840112200000001
(1788796796.918265) can0 03FF1001#0000000000000000
(1788796796.929093) can0 03FF1603#0000D05700000000
(1788796796.935093) can0 04FF3602#0000000000000000
(1788796796.936093) can0 04FF3604#0006000300C80100
(1788796796.939244) can0 03FF1605#0100000000000000
(1788796796.946101) can0 05FF4602#0B10101011101010
(1788796796.956117) can0 05FF4603#1110101013101310
(1788796796.965095) can0 04FF3604#0003000300C80100
(1788796796.966107) can0 05FF4604#1110111014101510
(1788796796.976140) can0 05FF4605#1010000000000000
(1788796796.995099) can0 04FF3604#0003000300C80100
(1788796797.006098) can0 05FF4606#1E1E1D
(1788796797.013097) can0 03FF1000#0840112200000001
(1788796797.016097) can0 05FF4607#1E1D1D
(1788796797.023248) can0 03FF1001#0000000000000000
(1788796797.025098) can0 04FF3604#0003000300C80100
(1788796797.026098) can0 05FF4608#0019007C
(1788796797.034098) can0 03FF1603#0000D05700000000
(1788796797.036121) can0 05FF4609#030003CA03CA00
(1788796797.040152) can0 05FF4610#0000D0DEFFFFFFA3
(1788796797.044256) can0 03FF1605#0100000000000000
(1788796797.055100) can0 04FF3604#0004000300C80100
(1788796797.085102) can0 04FF3604#0004000300C80100
(1788796797.115107) can0 04FF3604#0006000300C80100
(1788796797.118106) can0 03FF1000#0840112200000001
(1788796797.128266) can0 03FF1001#0000000000000000
(1788796797.139105) can0 03FF1603#0000D05700000000
(1788796797.145104) can0 04FF3604#0004000300C80100
(1788796797.149250) can0 03FF1605#0100000000000000
(1788796797.175106) can0 04FF3604#0004000300C80100
(1788796797.183108) can0 02FF2605#0000060907050907
(1788796797.205109) can0 04FF3604#0006000300C80100
(1788796797.213111) can0 02FF2604#0000000000000000
(1788796797.223111) can0 03FF1000#0840112200000001
(1788796797.233248) can0 03FF1001#0000000000000000
(1788796797.235109) can0 04FF3604#0005000300C80100
(1788796797.243109) can0 02FF2704#0200000000000000
(1788796797.244109) can0 03FF1603#0000D05700000000
(1788796797.254261) can0 03FF1605#0100000000000000
(1788796797.265111) can0 04FF3604#0004000300C80100
(1788796797.272361) can0 0260B606#0100000000000000
(1788796797.295112) can0 04FF3604#0006000300C80100
(1788796797.303112) can0 02203607#0000000300000000
(1788796797.315253) can0 05FF4610#0000D0DEFFFFFFA3
(1788796797.325113) can0 04FF3604#0004000300C80100
(1788796797.328114) can0 03FF1000#0840112200000001
(1788796797.338254) can0 03FF1001#0000000000000000
(1788796797.349116) can0 03FF1603#0000D05700000000
(1788796797.355115) can0 04FF3604#0006000300C80100
(1788796797.359266) can0 03FF1605#0100000000000000
(1788796797.385117) can0 04FF3604#0004000300C80100
(1788796797.415119) can0 04FF3604#0004000300C80100
(1788796797.433120) can0 03FF1000#0840112200000001
(1788796797.435120) can0 04FF3602#0000000000000000
(1788796797.443120) can0 02181606#0100190001030200
(1788796797.443244) can0 03FF1001#0000000000000000
(1788796797.445161) can0 04FF3604#0004000300C80100
(1788796797.454121) can0 03FF1603#0000D05700000000
(1788796797.464260) can0 03FF1605#0100000000000000
(1788796797.473125) can0 02203606#0101000100010000
(1788796797.475125) can0 04FF3604#0006000300C80100
(1788796797.503124) can0 02181608#0500000001000000
(1788796797.505123) can0 04FF3604#0003000300C80100
(1788796797.533125) can0 02181609#0000000000000000
(1788796797.535125) can0 04FF3604#0007000300C80100
(1788796797.538125) can0 03FF1000#0840112200000001
(1788796797.548264) can0 03FF1001#0000000000000000
(1788796797.559127) can0 03FF1603#0000D05700000000
(1788796797.563126) can0 02488600#0000000000000000
(1788796797.565126) can0 04FF3604#0006000300C80100
(1788796797.569266) can0 03FF1605#0100000000000000
(1788796797.580128) can0 03121606#0000000000000000
(1788796797.592371) can0 02213500#
(1788796797.595128) can0 04FF3604#0005000300C80100
(1788796797.600128) can0 04F93500#000000EB00000000
(1788796797.606338) can0 05FF4610#0000D0DCFFFFFF9E
(1788796797.625130) can0 04FF3604#0004000300C80100
(1788796797.643132) can0 03FF1000#0840112200000001
(1788796797.653317) can0 03FF1001#0000000000000000
(1788796797.655131) can0 04FF3604#0006000300C80100
(1788796797.664132) can0 03FF1603#0000D05700000000
(1788796797.674260) can0 03FF1605#0100000000000000
(1788796797.685133) can0 04FF3604#0004000300C80100
(1788796797.715137) can0 04FF3604#0005000300C80100
(1788796797.737264) can0 03FF1600#142B000104001319
(1788796797.745136) can0 04FF3604#0004000300C80100
(1788796797.748136) can0 03FF1601#6E50000000000000
(1788796797.758253) can0 03FF1602#000005000000157C
(1788796797.769138) can0 03FF1604#0000000000000000
(1788796797.775138) can0 04FF3604#0006000300C80100
(1788796797.779230) can0 03FF1000#0840112200000001
(1788796797.790139) can0 03FF1001#0000000000000000
(1788796797.800262) can0 03FF1603#0000D05700000000
(1788796797.805139) can0 04FF3604#0006000300C80100
(1788796797.811140) can0 03FF1605#0100000000000000
(1788796797.835141) can0 04FF3604#0005000300C80100
(1788796797.853146) can0 03FF1000#0840112200000001
(1788796797.863273) can0 03FF1001#0000000000000000
(1788796797.865143) can0 04FF3604#0004000300C80100
(1788796797.871143) can0 05FF4610#0000D0DCFFFFFF9E
(1788796797.874143) can0 03FF1603#0000D05700000000
(1788796797.884271) can0 03FF1605#0100000000000000
(1788796797.895145) can0 04FF3604#0003000300C80100
(1788796797.914146) can0 05FF4001#0000000000000000
(1788796797.916145) can0 05FF4000#0000000000000000
(1788796797.925146) can0 04FF3604#0005000300C80100
(1788796797.935146) can0 04FF3602#0000000000000000
(1788796797.955148) can0 04FF3604#0004000300C80100
(1788796797.958147) can0 03FF1000#0840112200000001
(1788796797.968264) can0 03FF1001#0000000000000000
(1788796797.979151) can0 03FF1603#0000D05700000000
(1788796797.985152) can0 04FF3604#0004000300C80100
(1788796797.989272) can0 03FF1605#0100000000000000
(1788796797.997150) can0 05FF4602#0B10101010101010
(1788796798.007151) can0 05FF4603#1010101013101310
(1788796798.015151) can0 04FF3604#0005000300C80100
(1788796798.017150) can0 05FF4604#1110111014101510
(1788796798.027152) can0 05FF4605#1010000000000000
(1788796798.045154) can0 04FF3604#0005000300C80100
(1788796798.056316) can0 05FF4606#1E1E1D
(1788796798.063154) can0 03FF1000#0840112200000001
(1788796798.066327) can0 05FF4607#1E1D1D
(1788796798.073269) can0 03FF1001#0000000000000000
(1788796798.075154) can0 04FF3604#0005000300C80100
(1788796798.076357) can0 05FF4608#0019007C
(1788796798.084155) can0 03FF1603#0000D05700000000
(1788796798.088154) can0 05FF4609#030003CA03CA00
(1788796798.094271) can0 03FF1605#0100000000000000
(1788796798.105156) can0 04FF3604#0004000300C80100
(1788796798.135158) can0 05FF4610#0000D0DCFFFFFF9E
(1788796798.135270) can0 04FF3604#0004000300C80100
(1788796798.165160) can0 04FF3604#0005000300C80100
(1788796798.168159) can0 03FF1000#0840112200000001
(1788796798.178299) can0 03FF1001#0000000000000000
(1788796798.189160) can0 03FF1603#0000D05700000000
(1788796798.193254) can0 02FF2605#0000060907050908
(1788796798.195160) can0 04FF3604#0004000300C80100
(1788796798.199277) can0 03FF1605#0100000000000000
(1788796798.224312) can0 02FF2604#0000000000000000
(1788796798.225162) can0 04FF3604#0005000300C80100
(1788796798.254163) can0 02FF2704#0200000000000000
(1788796798.255163) can0 04FF3604#0004000300C80100
(1788796798.273164) can0 03FF1000#0840112200000001
(1788796798.283270) can0 03FF1001#0000000000000000
(1788796798.284165) can0 0260B606#0100000000000000
(1788796798.285165) can0 04FF3604#0003000300C80100
(1788796798.294166) can0 03FF1603#0000D05700000000
(1788796798.304293) can0 03FF1605#0100000000000000
(1788796798.313370) can0 02203607#0000000300000000
(1788796798.315167) can0 04FF3604#0005000300C80100
(1788796798.343411) can0 02181606#0100190001030200
(1788796798.345168) can0 04FF3604#0005000300C80100
(1788796798.373373) can0 02203606#0101000100010000
(1788796798.375170) can0 04FF3604#0008000300C80100
(1788796798.378170) can0 03FF1000#0840112200000001
(1788796798.388309) can0 03FF1001#0000000000000000
(1788796798.399171) can0 03FF1603#0000D05700000000
(1788796798.404171) can0 02181608#0500000001000000
(1788796798.405172) can0 04FF3604#0004000300C80100
(1788796798.409276) can0 03FF1605#0100000000000000
(1788796798.410172) can0 05FF4610#0000D0DCFFFFFF9E
(1788796798.420172) can0 03121606#0000000000000000
(1788796798.434173) can0 02181609#0000000000000000
(1788796798.435173) can0 04FF3602#0000000000000000
(1788796798.436173) can0 04FF3604#0006000300C80100
(1788796798.464325) can0 02488600#0000000000000000
(1788796798.465175) can0 04FF3604#0003000300C80100
(1788796798.483180) can0 03FF1000#0840112200000001
(1788796798.493272) can0 03FF1001#0000000000000000
(1788796798.494176) can0 02213501#
(1788796798.495176) can0 04FF3604#0003000300C80100
(1788796798.500177) can0 04F93501#0000000400000000
(1788796798.504177) can0 03FF1603#0000D05700000000
(1788796798.514282) can0 03FF1605#0100000000000000
(1788796798.525178) can0 04FF3604#0004000300C80100
(1788796798.555181) can0 04FF3604#0003000300C80100
(1788796798.585182) can0 04FF3604#0004000300C80100
(1788796798.588181) can0 03FF1000#0840112200000001
(1788796798.598264) can0 03FF1001#0000000000000000
(1788796798.609183) can0 03FF1603#0000D05700000000
(1788796798.615183) can0 04FF3604#0005000300C80100
(1788796798.619299) can0 03FF1605#0100000000000000
(1788796798.645185) can0 04FF3604#0004000300C80100
(1788796798.675187) can0 04FF3604#0004000300C80100
(1788796798.693188) can0 03FF1000#0840112200000001
(1788796798.702189) can0 05FF4610#0000D0DCFFFFFF9E
(1788796798.703280) can0 03FF1001#0000000000000000
(1788796798.705188) can0 04FF3604#0004000300C80100
(1788796798.714189) can0 03FF1603#0000D05700000000
(1788796798.724281) can0 03FF1605#0100000000000000
(1788796798.735190) can0 04FF3604#0004000300C80100
(1788796798.745294) can0 03FF1600#142B000104001319
(1788796798.756191) can0 03FF1601#6E50000000000000
(1788796798.765191) can0 04FF3604#0005000300C80100
(1788796798.766272) can0 03FF1602#000005000000157C
(1788796798.777191) can0 03FF1604#0000000000000000
(1788796798.795193) can0 04FF3604#0004000300C80100
(1788796798.798192) can0 03FF1000#0840112200000001
(1788796798.808286) can0 03FF1001#0000000000000000
(1788796798.819194) can0 03FF1603#0000D05700000000
(1788796798.825194) can0 04FF3604#0005000300C80100
(1788796798.829263) can0 03FF1605#0100000000000000
(1788796798.855199) can0 04FF3604#0006000300C80100
(1788796798.885200) can0 04FF3604#0005000300C80100
(1788796798.903199) can0 03FF1000#0840112200000001
(1788796798.913315) can0 03FF1001#0000000000000000
(1788796798.915200) can0 04FF3604#0004000300C80100
(1788796798.924200) can0 03FF1603#0000D05700000000
(1788796798.934288) can0 03FF1605#0100000000000000
(1788796798.935200) can0 04FF3602#0000000000000000
(1788796798.945201) can0 04FF3604#0009000300C80100
(1788796798.964202) can0 05FF4001#0000000000000000
(1788796798.964425) can0 02181606#0100190001030200
(1788796798.965202) can0 05FF4610#0000D0DCFFFFFF9E
(1788796798.966202) can0 05FF4000#0000000000000000
(1788796798.975206) can0 04FF3604#0006000400C80100
(1788796798.996206) can0 02203606#0101000100010000
(1788796799.005204) can0 04FF3604#0004000300C80100
(1788796799.008204) can0 03FF1000#0840112200000001
(1788796799.018285) can0 03FF1001#0000000000000000
(1788796799.024205) can0 02181608#0500000001000000
(1788796799.029205) can0 03FF1603#0000D05700000000
(1788796799.035205) can0 04FF3604#0003000300C80100
(1788796799.039298) can0 03FF1605#0100000000000000
(1788796799.046206) can0 05FF4602#0B10101010100F10
(1788796799.050206) can0 03121606#0000000000000000
(1788796799.054206) can0 02181609#0000000000000000
(1788796799.056206) can0 05FF4603#1110101012101310
(1788796799.065207) can0 04FF3604#0004000300C80100
(1788796799.066207) can0 05FF4604#1110121014101510
(1788796799.076208) can0 05FF4605#1010000000000000
(1788796799.094208) can0 02488600#0000000000000000
(1788796799.095209) can0 04FF3604#0004000300C80100
(1788796799.106209) can0 05FF4606#1E1E1D
(1788796799.113209) can0 03FF1000#0840112200000001
(1788796799.117210) can0 05FF4607#1E1D1D
(1788796799.123298) can0 03FF1001#0000000000000000
(1788796799.124210) can0 02294502#
(1788796799.125210) can0 04FF3604#0004000300C80100
(1788796799.126210) can0 05124502#5250313353333541
(1788796799.127210) can0 05FF4608#0019007C
(1788796799.134210) can0 03FF1603#0000D05700000000
(1788796799.138210) can0 05FF4609#030003CA03CA00
(1788796799.144292) can0 03FF1605#0100000000000000
(1788796799.155212) can0 04FF3604#0005000300C80100
(1788796799.185214) can0 04FF3604#0007000300C80100
(1788796799.204214) can0 02FF2605#0000060907050909
(1788796799.215217) can0 04FF3604#0003000300C80100
(1788796799.218215) can0 03FF1000#0840112200000001
(1788796799.228309) can0 03FF1001#0000000000000000
(1788796799.229216) can0 05FF4610#0000D0DCFFFFFF9E
(1788796799.234308) can0 02FF2604#0000000000000000
(1788796799.239216) can0 03FF1603#0000D05700000000
(1788796799.245216) can0 04FF3604#0003000300C80100
(1788796799.249298) can0 03FF1605#0100000000000000
(1788796799.264264) can0 02FF2704#0200000000000000
(1788796799.275219) can0 04FF3604#0004000300C80100
(1788796799.294289) can0 0260B606#0100000000000000
(1788796799.305220) can0 04FF3604#0004000300C80100
(1788796799.323220) can0 03FF1000#0840112200000001
(1788796799.324366) can0 02203607#0000000300000000
(1788796799.333290) can0 03FF1001#0000000000000000
(1788796799.335221) can0 04FF3604#0005000400C80100
(1788796799.344222) can0 03FF1603#0000D05700000000
(1788796799.354280) can0 03FF1605#0100000000000000
(1788796799.365223) can0 04FF3604#0005000300C80100
(1788796799.395226) can0 04FF3604#0005000300C80100
(1788796799.425227) can0 04FF3604#0004000300C80100
(1788796799.428226) can0 03FF1000#0840112200000001
(1788796799.435226) can0 04FF3400#0000000300000000
(1788796799.436226) can0 04FF3602#0000000000000000
(1788796799.438291) can0 03FF1001#0000000000000000
(1788796799.449227) can0 03FF1603#0000D05700000000
(1788796799.455227) can0 04FF3604#0006000300C80100
(1788796799.459343) can0 03FF1605#0100000000000000
(1788796799.480325) can0 03FF1400#0000000000000000
(1788796799.485232) can0 04FF3604#0004000300C80100
(1788796799.504231) can0 05FF4610#0000D0DCFFFFFF9E
(1788796799.515231) can0 04FF3604#0005000300C80100
(1788796799.533233) can0 03FF1000#0840112200000001
(1788796799.543290) can0 03FF1001#0000000000000000
(1788796799.545232) can0 04FF3604#0004000300C80100
(1788796799.554233) can0 03FF1603#0000D05700000000
(1788796799.564310) can0 03FF1605#0100000000000000
(1788796799.575235) can0 04FF3604#0003000400C80100
(1788796799.605236) can0 04FF3604#0005000300C80100
(1788796799.635238) can0 04FF3604#0004000300C80100
(1788796799.638238) can0 03FF1000#0840112200000001
(1788796799.648319) can0 03FF1001#0000000000000000
(1788796799.659239) can0 03FF1603#0000D05700000000
(1788796799.665239) can0 04FF3604#0003000300C80100
(1788796799.669304) can0 03FF1605#0100000000000000
(1788796799.695241) can0 04FF3604#0003000300C80100
(1788796799.725243) can0 02181606#0100190001030200
(1788796799.726244) can0 04FF3604#0005000300C80100
(1788796799.743244) can0 03FF1000#0840112200000001
(1788796799.753325) can0 03FF1001#0000000000000000
(1788796799.755243) can0 02203606#0101000100010000
(1788796799.755379) can0 04FF3604#0006000300C80100
(1788796799.764244) can0 03FF1603#0000D05700000000
(1788796799.774337) can0 03FF1605#0100000000000000
(1788796799.785245) can0 03121606#0000000000000000
(1788796799.785370) can0 02181608#0500000001000000
(1788796799.794246) can0 05FF4610#0000D0DCFFFFFF9E
(1788796799.795292) can0 03FF1600#142B000104001319
(1788796799.806246) can0 03FF1601#6E50000000000000
(1788796799.815247) can0 02181609#0000000000000000
(1788796799.815436) can0 04FF3604#0005000300C80100
(1788796799.816293) can0 03FF1602#000005000000157C
(1788796799.827247) can0 03FF1604#0000000000000000
(1788796799.845253) can0 02488600#0000000000000000
(1788796799.845445) can0 04FF3604#0004000300C80100
(1788796799.848249) can0 03FF1000#0840112200000001
(1788796799.858307) can0 03FF1001#0000000000000000
(1788796799.869250) can0 03FF1603#0000D05700000000
(1788796799.875250) can0 02294503#
(1788796799.875306) can0 04FF3604#0003000300C80100
(1788796799.876250) can0 05124503#00150C0900000C62
(1788796799.879296) can0 03FF1605#0100000000000000
(1788796799.905252) can0 04FF3604#0005000300C80100
(1788796799.935253) can0 04FF3602#0000000000000000
(1788796799.936253) can0 04FF3604#0006000400C80100
(1788796799.953255) can0 03FF1000#0840112200000001
(1788796799.963313) can0 03FF1001#0000000000000000
(1788796799.965255) can0 04FF3604#0005000300C80100
(1788796799.974256) can0 03FF1603#0000D05700000000
(1788796799.984351) can0 03FF1605#0100000000000000
(1788796799.995260) can0 04FF3604#0004000300C80100
(1788796800.014305) can0 05FF4001#0000000000000000
(1788796800.016304) can0 05FF4000#0000000000000000
(1788796800.025259) can0 04FF3604#0003000300C80100
(1788796800.055260) can0 04FF3604#0005000300C80100
(1788796800.058260) can0 03FF1000#0840112200000001
(1788796800.058396) can0 05FF4610#0000D0DCFFFFFF9E
(1788796800.068307) can0 03FF1001#0000000000000000
(1788796800.079262) can0 03FF1603#0000D05700000000
(1788796800.085261) can0 04FF3604#0005000300C80100
(1788796800.089319) can0 03FF1605#0100000000000000
(1788796800.096285) can0 05FF4602#0B10101010101010
(1788796800.106293) can0 05FF4603#1110101013101310
(1788796800.115263) can0 04FF3604#0004000300C80100
(1788796800.116309) can0 05FF4604#1010111014101510
(1788796800.127310) can0 05FF4605#1010000000000000
(1788796800.145265) can0 04FF3604#0004000300C80100
(1788796800.157265) can0 05FF4606#1E1E1D
(1788796800.163266) can0 03FF1000#0840112200000001
(1788796800.167265) can0 05FF4607#1E1D1D
(1788796800.173335) can0 03FF1001#0000000000000000
(1788796800.175266) can0 04FF3604#0004000300C80100
(1788796800.177266) can0 05FF4608#0019007C
(1788796800.184277) can0 03FF1603#0000D05700000000
(1788796800.187291) can0 05FF4609#030003CA03CA00
(1788796800.194326) can0 03FF1605#0100000000000000
(1788796800.205268) can0 04FF3604#0003000300C80100
(1788796800.215268) can0 02FF2605#0000060907060000
(1788796800.235269) can0 04FF3604#0004000300C80100
(1788796800.245305) can0 02FF2604#0000000000000000
(1788796800.265271) can0 04FF3604#0003000300C80100
(1788796800.268271) can0 03FF1000#0840112200000001
(1788796800.275342) can0 02FF2704#0200000000000000
(1788796800.278329) can0 03FF1001#0000000000000000
(1788796800.289272) can0 03FF1603#0000D05700000000
(1788796800.295273) can0 04FF3604#0008000300C80100
(1788796800.299302) can0 03FF1605#0100000000000000
(1788796800.306296) can0 0260B606#0100000000000000
(1788796800.325274) can0 04FF3604#0005000300C80100
(1788796800.335367) can0 02203607#0000000300000000
(1788796800.336274) can0 05FF4610#0000D0DCFFFFFF9E
(1788796800.355275) can0 04FF3604#0004000300C80100
(1788796800.373277) can0 03FF1000#0840112200000001
(1788796800.383322) can0 03FF1001#0000000000000000
(1788796800.385276) can0 04FF3604#0006000300C80100
(1788796800.394278) can0 03FF1603#0000D05700000000
(1788796800.404315) can0 03FF1605#0100000000000000
(1788796800.415280) can0 04FF3604#0005000300C80100
(1788796800.435279) can0 04FF3602#0000000000000000
(1788796800.445280) can0 04FF3604#0004000300C80100
(1788796800.475283) can0 04FF3604#0005000300C80100
(1788796800.478287) can0 03FF1000#0840112200000001
(1788796800.485532) can0 02181606#0100190001030200
(1788796800.488329) can0 03FF1001#0000000000000000
(1788796800.499285) can0 03FF1603#0000D05700000000
(1788796800.505283) can0 04FF3604#0004000300C80100
(1788796800.509330) can0 03FF1605#0100000000000000
(1788796800.516285) can0 02203606#0101000100010000
(1788796800.535286) can0 04FF3604#0006000300C80100
(1788796800.546286) can0 02181608#0500000001000000
(1788796800.565288) can0 04FF3604#0003000300C80100
(1788796800.577288) can0 02181609#0000000000000000
(1788796800.583288) can0 03FF1000#0840112200000001
(1788796800.593322) can0 03FF1001#0000000000000000
(1788796800.595288) can0 04FF3604#0004000300C80100
(1788796800.604289) can0 03FF1603#0000D05700000000
(1788796800.606289) can0 02488600#0000000000000000
(1788796800.614325) can0 03FF1605#0100000000000000
(1788796800.625290) can0 03121606#0000000000000000
(1788796800.625391) can0 04FF3604#0005000300C80100
(1788796800.626290) can0 05FF4610#0000D0DAFFFFFFA3
(1788796800.635370) can0 02294504#
(1788796800.636290) can0 05124504#1D
(1788796800.655292) can0 04FF3604#0004000300C80100
(1788796800.685293) can0 04FF3604#0005000300C80100
(1788796800.688292) can0 03FF1000#0840112200000001
(1788796800.698301) can0 03FF1001#0000000000000000
(1788796800.709294) can0 03FF1603#0000D05700000000
(1788796800.715295) can0 04FF3604#0005000300C80100
(1788796800.719340) can0 03FF1605#0100000000000000
(1788796800.745299) can0 04FF3604#0004000300C80100
(1788796800.761333) can0 03FF1600#142B000104001319
(1788796800.772299) can0 03FF1601#6E50000000000000
(1788796800.775298) can0 04FF3604#0004000400C80100
(1788796800.782328) can0 03FF1602#000005000000157C
(1788796800.793300) can0 03FF1604#0000000000000000
(1788796800.803325) can0 03FF1000#0840112200000001
(1788796800.805300) can0 04FF3604#0004000300C80100
(1788796800.814301) can0 03FF1001#0000000000000000
(1788796800.824355) can0 03FF1603#0000D05700000000
(1788796800.835303) can0 03FF1605#0100000000000000
(1788796800.835402) can0 04FF3604#0005000300C80100
(1788796800.865307) can0 04FF3604#0003000300C80100
(1788796800.889304) can0 05FF4610#0000D0DAFFFFFFA3
(1788796800.895304) can0 04FF3604#0004000300C80100
(1788796800.898304) can0 03FF1000#0840112200000001
(1788796800.908335) can0 03FF1001#0000000000000000
(1788796800.919306) can0 03FF1603#0000D05700000000
(1788796800.925305) can0 04FF3604#0005000300C80100
(1788796800.929352) can0 03FF1605#0100000000000000
(1788796800.935306) can0 04FF3602#0000000000000000
(1788796800.955309) can0 04FF3604#0005000300C80100
(1788796800.985311) can0 04FF3604#0005000300C80100
(1788796801.003311) can0 03FF1000#0840112200000001
(1788796801.013391) can0 03FF1001#0000000000000000
(1788796801.015310) can0 04FF3604#0006000300C80100
(1788796801.024312) can0 03FF1603#0000D05700000000
(1788796801.034346) can0 03FF1605#0100000000000000
(1788796801.045313) can0 04FF3604#0003000300C80100
(1788796801.067315) can0 05FF4001#0000000000000000
(1788796801.069313) can0 05FF4000#0000000000000000
(1788796801.075315) can0 04FF3604#0005000300C80100
(1788796801.105322) can0 04FF3604#0003000300C80100
(1788796801.108316) can0 03FF1000#0840112200000001
(1788796801.118351) can0 03FF1001#0000000000000000
(1788796801.129317) can0 03FF1603#0000D05700000000
(1788796801.135317) can0 04FF3604#0002000300C80100
(1788796801.139340) can0 03FF1605#0100000000000000
(1788796801.149318) can0 05FF4602#0B10101010100F10
(1788796801.154318) can0 05FF4610#0000D0DAFFFFFFA3
(1788796801.159318) can0 05FF4603#11100F1012101310
(1788796801.165319) can0 04FF3604#0003000300C80100
(1788796801.169318) can0 05FF4604#1110111014101510
(1788796801.179320) can0 05FF4605#1010000000000000
(1788796801.195320) can0 04FF3604#0003000400C80100
(1788796801.208541) can0 05FF4606#1E1E1D
(1788796801.213321) can0 03FF1000#0840112200000001
(1788796801.218542) can0 05FF4607#1E1D1D
(1788796801.223344) can0 03FF1001#0000000000000000
(1788796801.225321) can0 04FF3604#0004000300C80100
(1788796801.226321) can0 02FF2605#0000060907060001
(1788796801.229322) can0 05FF4608#0019007C
(1788796801.234323) can0 03FF1603#0000D05700000000
(1788796801.239322) can0 05FF4609#030003CA03CA00
(1788796801.244346) can0 03FF1605#0100000000000000
(1788796801.255324) can0 04FF3604#0004000300C80100
(1788796801.257325) can0 02FF2604#0000000000000000
(1788796801.285326) can0 04FF3604#0003000300C80100
(1788796801.288325) can0 02FF2704#0200000000000000
(1788796801.315327) can0 04FF3604#0006000300C80100
(1788796801.316581) can0 0260B606#0100000000000000
(1788796801.318326) can0 03FF1000#0840112200000001
(1788796801.328339) can0 03FF1001#0000000000000000
(1788796801.339328) can0 03FF1603#0000D05700000000
(1788796801.345328) can0 04FF3604#0004000300C80100
(1788796801.346374) can0 02203607#0000000300000000
(1788796801.349340) can0 03FF1605#0100000000000000
(1788796801.375330) can0 04FF3604#0004000300C80100
(1788796801.376382) can0 02181606#0100190001030200
(1788796801.405332) can0 04FF3604#0002000300C80100
(1788796801.406400) can0 02203606#0101000100010000
(1788796801.423333) can0 03FF1000#0840112200000001
(1788796801.427333) can0 05FF4610#0000D0DAFFFFFFA3
(1788796801.433356) can0 03FF1001#0000000000000000
(1788796801.435333) can0 04FF3602#0000000000000000
(1788796801.436332) can0 04FF3604#0006000300C80100
(1788796801.436556) can0 02181608#0500000001000000
(1788796801.444334) can0 03FF1603#0000D05700000000
(1788796801.448333) can0 05FF4600#0D0300900303
(1788796801.454334) can0 03FF1605#0100000000000000
(1788796801.465334) can0 03121606#0000000000000000
(1788796801.465414) can0 04FF3604#0003000300C80100
(1788796801.467334) can0 02181609#0000000000000000
(1788796801.495341) can0 04FF3604#0004000300C80100
(1788796801.496510) can0 02488600#0000000000000000
(1788796801.525339) can0 04FF3604#0006000300C80100
(1788796801.526338) can0 02191502#
(1788796801.528337) can0 03FF1000#0840112200000001
(1788796801.538345) can0 03FF1001#0000000000000000
(1788796801.549339) can0 03FF1603#0000D05700000000
(1788796801.555339) can0 04FF3604#0004000300C80100
(1788796801.559339) can0 03FF1605#0100000000000000
(1788796801.570341) can0 03FF1502#0100000000000000
(1788796801.585342) can0 04FF3604#0006000300C80100
(1788796801.615342) can0 04FF3604#0004000300C80100
(1788796801.633344) can0 03FF1000#0840112200000001
(1788796801.643356) can0 03FF1001#0000000000000000
(1788796801.645344) can0 04FF3604#0004000300C80100
(1788796801.654345) can0 03FF1603#0000D05700000000
(1788796801.664345) can0 03FF1605#0100000000000000
(1788796801.675346) can0 04FF3604#0006000300C80100
(1788796801.705348) can0 04FF3604#0003000300C80100
(1788796801.718348) can0 05FF4610#0000D0DAFFFFFFA3
(1788796801.735351) can0 04FF3604#0005000300C80100
(1788796801.738349) can0 03FF1000#0840112200000001
(1788796801.748350) can0 03FF1001#0000000000000000
(1788796801.759351) can0 03FF1603#0000D05700000000
(1788796801.765353) can0 04FF3604#0005000300C80100
(1788796801.769363) can0 03FF1605#0100000000000000
(1788796801.780352) can0 03FF1600#142B000104001319
(1788796801.790387) can0 03FF1601#6E50000000000000
(1788796801.795352) can0 04FF3604#0003000300C80100
(1788796801.801353) can0 03FF1602#000005000000157C
(1788796801.811365) can0 03FF1604#0000000000000000
(1788796801.825354) can0 04FF3604#0003000300C80100
(1788796801.843357) can0 03FF1000#0840112200000001
(1788796801.853355) can0 03FF1001#0000000000000000
(1788796801.855355) can0 04FF3604#0003000300C80100
(1788796801.864356) can0 03FF1603#0000D05700000000
(1788796801.874357) can0 03FF1605#0100000000000000
(1788796801.885357) can0 04FF3604#0004000300C80100
(1788796801.915358) can0 04FF3604#0006000300C80100
(1788796801.935360) can0 04FF3602#0000000000000000
(1788796801.945360) can0 04FF3604#0004000400C80100
(1788796801.948360) can0 03FF1000#0840112200000001
(1788796801.958361) can0 03FF1001#0000000000000000
(1788796801.969363) can0 03FF1603#0000D05700000000
(1788796801.975363) can0 04FF3604#0006000300C80100
(1788796801.979374) can0 03FF1605#0100000000000000
(1788796801.980362) can0 05FF4610#0000D0DAFFFFFFA3
(1788796802.005364) can0 04FF3604#0005000300C80100
(1788796802.007363) can0 02181606#0100190001030200
(1788796802.035366) can0 04FF3604#0004000300C80100
(1788796802.037365) can0 02203606#0101000100010000
(1788796802.053367) can0 03FF1000#0840112200000001
(1788796802.063367) can0 03FF1001#0000000000000000
(1788796802.065366) can0 04FF3604#0003000300C80100
(1788796802.074368) can0 03FF1603#0000D05700000000
(1788796802.084368) can0 03FF1605#0100000000000000
(1788796802.090368) can0 02181608#0500000001000000
(1788796802.095368) can0 03121606#0000000000000000
(1788796802.095435) can0 04FF3604#0005000300C80100
(1788796802.112370) can0 05FF4001#0000000000000000
(1788796802.114369) can0 05FF4000#0000000000000000
(1788796802.117369) can0 02181609#0000000000000000
(1788796802.125370) can0 04FF3604#0006000300C80100
(1788796802.147371) can0 02488600#0000000000000000
(1788796802.155372) can0 04FF3604#0004000300C80100
(1788796802.158372) can0 03FF1000#0840112200000001
(1788796802.168383) can0 03FF1001#0000000000000000
(1788796802.177374) can0 02191503#
(1788796802.179372) can0 03FF1603#0000D05700000000
(1788796802.185373) can0 04FF3604#0005000300C80100
(1788796802.189373) can0 03FF1605#0100000000000000
(1788796802.195373) can0 05FF4602#0A10101010101010
(1788796802.200373) can0 03FF1503#0100000000000000
(1788796802.205374) can0 05FF4603#1110101012101310
(1788796802.215375) can0 04FF3604#0003000300C80100
(1788796802.215568) can0 05FF4604#1010111014101510
(1788796802.225375) can0 05FF4605#1010000000000000
(1788796802.237376) can0 02FF2605#0000060907060002
(1788796802.243376) can0 05FF4610#0000D0DAFFFFFFA3
(1788796802.245375) can0 04FF3604#0005000300C80100
(1788796802.255377) can0 05FF4606#1E1E1D
(1788796802.263377) can0 03FF1000#0840112200000001
(1788796802.265379) can0 05FF4607#1E1D1D
(1788796802.267377) can0 02FF2604#0000000000000000
(1788796802.273378) can0 03FF1001#0000000000000000
(1788796802.275378) can0 04FF3604#0005000300C80100
(1788796802.275432) can0 05FF4608#0019007C
(1788796802.284378) can0 03FF1603#0000D05700000000
(1788796802.285378) can0 05FF4609#030003CA03CA00
(1788796802.294380) can0 03FF1605#0100000000000000
(1788796802.297378) can0 02FF2704#0200000000000000
(1788796802.305380) can0 04FF3604#0003000300C80100
(1788796802.328381) can0 0260B606#0100000000000000
(1788796802.335382) can0 04FF3604#0003000300C80100
(1788796802.357383) can0 02203607#0000000300000000
(1788796802.365383) can0 04FF3604#0004000300C80100
(1788796802.368383) can0 03FF1000#0840112200000001
(1788796802.378384) can0 03FF1001#0000000000000000
(1788796802.389385) can0 03FF1603#0000D05700000000
(1788796802.395384) can0 04FF3604#0004000300C80100
(1788796802.399384) can0 03FF1605#0100000000000000
(1788796802.425386) can0 04FF3604#0005000300C80100
(1788796802.435386) can0 04FF3602#0000000000000000
(1788796802.455387) can0 04FF3604#0006000300C80100
(1788796802.473388) can0 03FF1000#0840112200000001
(1788796802.483391) can0 03FF1001#0000000000000000
(1788796802.485389) can0 04FF3604#0003000300C80100
(1788796802.494389) can0 03FF1603#0000D05700000000
(1788796802.504390) can0 03FF1605#0100000000000000
(1788796802.515391) can0 04FF3604#0006000300C80100
(1788796802.516391) can0 05FF4610#0000D0DAFFFFFFA3
(1788796802.545392) can0 04FF3604#0004000300C80100
(1788796802.575395) can0 04FF3604#0006000300C80100
(1788796802.578394) can0 03FF1000#0840112200000001
(1788796802.588395) can0 03FF1001#0000000000000000
(1788796802.599396) can0 03FF1603#0000D05700000000
(1788796802.605395) can0 04FF3604#0004000300C80100
(1788796802.609395) can0 03FF1605#0100000000000000
(1788796802.635397) can0 04FF3604#0003000300C80100
(1788796802.665400) can0 04FF3604#0005000300C80100
(1788796802.683401) can0 03FF1000#0840112200000001
(1788796802.693400) can0 03FF1001#0000000000000000
(1788796802.695400) can0 04FF3604#0005000300C80100
(1788796802.704402) can0 03FF1603#0000D05700000000
(1788796802.714401) can0 03FF1605#0100000000000000
(1788796802.725401) can0 04FF3604#0004000300C80100
(1788796802.755404) can0 04FF3604#0005000300C80100
(1788796802.768405) can0 02181606#0100190001030200
(1788796802.777406) can0 03FF1600#142B000104001319
(1788796802.785406) can0 04FF3604#0005000300C80100
(1788796802.788405) can0 03FF1601#6E50000000000000
(1788796802.798406) can0 03FF1602#000005000000157C
(1788796802.799591) can0 02203606#0101000100010000
(1788796802.807407) can0 05FF4610#0000D0DCFFFFFFA3
(1788796802.809406) can0 03FF1604#0000000000000000
(1788796802.815407) can0 04FF3604#0005000300C80100
(1788796802.819425) can0 03FF1000#0840112200000001
(1788796802.828407) can0 02181608#0500000001000000
(1788796802.830407) can0 03FF1001#0000000000000000
(1788796802.840408) can0 03FF1603#0000D05700000000
(1788796802.845409) can0 04FF3604#0005000300C80100
(1788796802.851409) can0 03FF1605#0100000000000000
(1788796802.858409) can0 02181609#0000000000000000
(1788796802.861409) can0 03121606#0000000000000000
(1788796802.875410) can0 04FF3604#0003000300C80100
(1788796802.888411) can0 02488600#0000000000000000
(1788796802.893411) can0 03FF1000#0840112200000001
(1788796802.903411) can0 03FF1001#0000000000000000
(1788796802.905411) can0 04FF3604#0005000300C80100
(1788796802.914413) can0 03FF1603#0000D05700000000
(1788796802.917620) can0 02191504#
(1788796802.924412) can0 03FF1605#0100000000000000
(1788796802.935414) can0 03FF1504#0000001D00000000
(1788796802.935469) can0 04FF3602#0000000000000000
(1788796802.936413) can0 04FF3604#0004000300C80100
(1788796802.948414) can0 02F82400#E103000000000000
(1788796802.965420) can0 04FF3604#0005000300C80100
(1788796802.978420) can0 02FF2602#D543D54D2D6449AF
(1788796802.995421) can0 04FF3604#0006000300C80100
(1788796802.998420) can0 03FF1000#0840112200000001
(1788796803.008419) can0 03FF1001#0000000000000000
(1788796803.019419) can0 03FF1603#0000D05700000000
(1788796803.025418) can0 04FF3604#0003000300C80100
(1788796803.029419) can0 03FF1605#0100000000000000
(1788796803.055420) can0 04FF3604#0005000300C80100
(1788796803.069421) can0 05FF4610#0000D0DCFFFFFFA3
(1788796803.085422) can0 04FF3604#0003000300C80100
(1788796803.103422) can0 03FF1000#0840112200000001
(1788796803.113424) can0 03FF1001#0000000000000000
(1788796803.115423) can0 04FF3604#0004000300C80100
(1788796803.124424) can0 03FF1603#0000D05700000000
(1788796803.134424) can0 03FF1605#0100000000000000
(1788796803.145425) can0 04FF3604#0005000300C80100
(1788796803.158426) can0 05FF4001#0000000000000000
(1788796803.160425) can0 05FF4000#0000000000000000
(1788796803.175427) can0 04FF3604#0003000300C80100
(1788796803.205429) can0 04FF3604#0004000300C80100
(1788796803.208428) can0 03FF1000#0840112200000001
(1788796803.218429) can0 03FF1001#0000000000000000
(1788796803.229430) can0 03FF1603#0000D05700000000
(1788796803.235430) can0 04FF3604#0007000300C80100
(1788796803.239430) can0 03FF1605#0100000000000000
(1788796803.240430) can0 05FF4602#0B10101011100F10
(1788796803.248431) can0 02FF2605#0000060907060003
(1788796803.250430) can0 05FF4603#11100F1013101310
(1788796803.260431) can0 05FF4604#1110111014101510
(1788796803.265431) can0 04FF3604#0006000300C80100
(1788796803.271431) can0 05FF4605#1010000000000000
(1788796803.278434) can0 02FF2604#0000000000000000
(1788796803.295434) can0 04FF3604#0006000300C80100
(1788796803.309642) can0 02FF2704#0200000000000000
(1788796803.313434) can0 03FF1000#0840112200000001
(1788796803.313488) can0 05FF4606#1E1E1D
(1788796803.323435) can0 05FF4607#1E1D1D
(1788796803.324434) can0 03FF1001#0000000000000000
(1788796803.325434) can0 04FF3604#0006000300C80100
(1788796803.333436) can0 05FF4608#0019007C
(1788796803.334435) can0 03FF1603#0000D05700000000
(1788796803.340481) can0 0260B606#0100000000000000
(1788796803.343435) can0 05FF4609#030003CA03CA00
(1788796803.344436) can0 03FF1605#0100000000000000
(1788796803.345436) can0 05FF4610#0000D0DCFFFFFFA3
(1788796803.355437) can0 04FF3604#0005000300C80100
(1788796803.368437) can0 02203607#0000000300000000
(1788796803.385439) can0 04FF3604#0005000300C80100
(1788796803.415440) can0 04FF3604#0004000300C80100
(1788796803.418439) can0 03FF1000#0840112200000001
(1788796803.428440) can0 03FF1001#0000000000000000
(1788796803.435441) can0 04FF3602#0000000000000000
(1788796803.439441) can0 03FF1603#0000D05700000000
(1788796803.445441) can0 04FF3604#0004000300C80100
(1788796803.449441) can0 03FF1605#0100000000000000
(1788796803.475443) can0 04FF3604#0005000300C80100
(1788796803.505447) can0 04FF3604#0005000300C80100
(1788796803.523448) can0 03FF1000#0840112200000001
(1788796803.528492) can0 02181606#0100190001030200
(1788796803.533445) can0 03FF1001#0000000000000000
(1788796803.535446) can0 04FF3604#0003000300C80100
(1788796803.544446) can0 03FF1603#0000D05700000000
(1788796803.554447) can0 03FF1605#0100000000000000
(1788796803.558500) can0 02203606#0101000100010000
(1788796803.565448) can0 04FF3604#0006000300C80100
(1788796803.588542) can0 02181608#0500000001000000
(1788796803.595449) can0 04FF3604#0005000300C80100
(1788796803.618620) can0 02181609#0000000000000000
(1788796803.625450) can0 04FF3604#0004000300C80100
(1788796803.628450) can0 03FF1000#0840112200000001
(1788796803.634509) can0 05FF4610#0000D0DCFFFFFFA9
(1788796803.638451) can0 03FF1001#0000000000000000
(1788796803.648578) can0 02488600#0000000000000000
(1788796803.649451) can0 03FF1603#0000D05700000000
(1788796803.655452) can0 04FF3604#0005000300C80100
(1788796803.659452) can0 03FF1605#0100000000000000
(1788796803.670454) can0 03121606#0000000000000000
(1788796803.678458) can0 02213502#
(1788796803.685456) can0 04F93502#0000000000000000
(1788796803.685562) can0 04FF3604#0003000300C80100
(1788796803.715456) can0 04FF3604#0003000300C80100
(1788796803.733457) can0 03FF1000#0840112200000001
(1788796803.743457) can0 03FF1001#0000000000000000
(1788796803.745457) can0 04FF3604#0004000300C80100
(1788796803.754458) can0 03FF1603#0000D05700000000
(1788796803.764459) can0 03FF1605#0100000000000000
(1788796803.775459) can0 04FF3604#0004000300C80100
(1788796803.785462) can0 03FF1600#142B000104001319
(1788796803.796461) can0 03FF1601#6E50000000000000
(1788796803.805460) can0 04FF3604#0005000300C80100
(1788796803.806460) can0 03FF1602#000005000000157C
(1788796803.817461) can0 03FF1604#0000000000000000
(1788796803.835463) can0 04FF3604#0005000300C80100
(1788796803.838462) can0 03FF1000#0840112200000001
(1788796803.848467) can0 03FF1001#0000000000000000
(1788796803.859467) can0 03FF1603#0000D05700000000
(1788796803.865463) can0 04FF3604#0006000300C80100
(1788796803.869464) can0 03FF1605#0100000000000000
(1788796803.895466) can0 04FF3604#0004000300C80100
(1788796803.897611) can0 05FF4610#0000D0DCFFFFFFA9
(1788796803.925468) can0 04FF3604#0004000300C80100
(1788796803.935467) can0 04FF3602#0000000000000000
(1788796803.943468) can0 03FF1000#0840112200000001
(1788796803.953468) can0 03FF1001#0000000000000000
(1788796803.955468) can0 04FF3604#0006000400C80100
(1788796803.964468) can0 03FF1603#0000D05700000000
(1788796803.974470) can0 03FF1605#0100000000000000
(1788796803.985473) can0 04FF3604#0005000300C80100
(1788796804.015475) can0 04FF3604#0006000300C80100
(1788796804.045474) can0 04FF3604#0003000300C80100
(1788796804.048473) can0 03FF1000#0840112200000001
(1788796804.058474) can0 03FF1001#0000000000000000
(1788796804.069475) can0 03FF1603#0000D05700000000
(1788796804.075475) can0 04FF3604#0003000300C80100
(1788796804.079475) can0 03FF1605#0100000000000000
(1788796804.105476) can0 04FF3604#0004000300C80100
(1788796804.135478) can0 04FF3604#0003000300C80100
(1788796804.153479) can0 03FF1000#0840112200000001
(1788796804.159700) can0 05FF4610#0000D0DCFFFFFFA9
(1788796804.163479) can0 03FF1001#0000000000000000
(1788796804.165479) can0 04FF3604#0004000300C80100
(1788796804.174479) can0 03FF1603#0000D05700000000
(1788796804.184481) can0 03FF1605#0100000000000000
(1788796804.195482) can0 04FF3604#0004000300C80100
(1788796804.205482) can0 05FF4001#0000000000000000
(1788796804.207481) can0 05FF4000#0000000000000000
(1788796804.225483) can0 04FF3604#0004000300C80100
(1788796804.255485) can0 04FF3604#0003000300C80100
(1788796804.258484) can0 03FF1000#0840112200000001
(1788796804.259484) can0 02FF2605#0000060907060004
(1788796804.268485) can0 03FF1001#0000000000000000
(1788796804.279485) can0 03FF1603#0000D05700000000
(1788796804.285487) can0 04FF3604#0004000300C80100
(1788796804.287486) can0 05FF4602#0B10101010101010
(1788796804.289485) can0 02FF2604#0000000000000000
(1788796804.290486) can0 03FF1605#0100000000000000
(1788796804.309487) can0 05FF4603#1110101013101310
(1788796804.315487) can0 04FF3604#0004000300C80100
(1788796804.319487) can0 05FF4604#1010121013101510
(1788796804.319555) can0 02FF2704#0200000000000000
(1788796804.329488) can0 05FF4605#1010000000000000
(1788796804.345489) can0 04FF3604#0004000300C80100
(1788796804.349489) can0 0260B606#0100000000000000
(1788796804.358617) can0 05FF4606#1E1E1D
(1788796804.363490) can0 03FF1000#0840112200000001
(1788796804.368617) can0 05FF4607#1E1D1D
(1788796804.373490) can0 03FF1001#0000000000000000
(1788796804.375490) can0 04FF3604#0003000300C80100
(1788796804.378664) can0 05FF4608#0019007C
(1788796804.379490) can0 02203607#0000000300000000
(1788796804.384491) can0 03FF1603#0000D05700000000
(1788796804.389491) can0 05FF4609#030003CA03CA00
(1788796804.394492) can0 03FF1605#0100000000000000
(1788796804.405492) can0 04FF3604#0003000200C80100
(1788796804.409492) can0 02181606#0100190001030200
(1788796804.433494) can0 05FF4610#0000D0DCFFFFFFA9
(1788796804.435493) can0 04FF3602#0000000000000000
(1788796804.435583) can0 04FF3604#0003000300C80100
(1788796804.439493) can0 02203606#0101000100010000
(1788796804.465497) can0 04FF3604#0004000300C80100
(1788796804.468495) can0 03FF1000#0840112200000001
(1788796804.469495) can0 02181608#0500000001000000
(1788796804.478496) can0 03FF1001#0000000000000000
(1788796804.489501) can0 03FF1603#0000D05700000000
(1788796804.495500) can0 04FF3604#0002000300C80100
(1788796804.499497) can0 03FF1605#0100000000000000
(1788796804.500497) can0 02181609#0000000000000000
(1788796804.510498) can0 03121606#0000000000000000
(1788796804.525499) can0 04FF3604#0005000300C80100
(1788796804.529499) can0 02488600#0000000000000000
(1788796804.555500) can0 04FF3604#0004000300C80100
(1788796804.559500) can0 02213503#
(1788796804.565500) can0 04F93503#0000000000000000
(1788796804.573501) can0 03FF1000#0840112200000001
(1788796804.583503) can0 03FF1001#0000000000000000
(1788796804.585501) can0 04FF3604#0004000300C80100
(1788796804.594503) can0 03FF1603#0000D05700000000
(1788796804.604503) can0 03FF1605#0100000000000000
(1788796804.615503) can0 04FF3604#0003000400C80100
(1788796804.645505) can0 04FF3604#0003000300C80100
(1788796804.675507) can0 04FF3604#0003000300C80100
(1788796804.678507) can0 03FF1000#0840112200000001
(1788796804.688507) can0 03FF1001#0000000000000000
(1788796804.699508) can0 03FF1603#0000D05700000000
(1788796804.705508) can0 04FF3604#0003000300C80100
(1788796804.709508) can0 03FF1605#0100000000000000
(1788796804.722509) can0 05FF4610#0000D0DBFFFFFFA9
(1788796804.735510) can0 04FF3604#0003000300C80100
(1788796804.765512) can0 04FF3604#0006000300C80100
(1788796804.783513) can0 03FF1000#0840112200000001
(1788796804.793515) can0 03FF1001#0000000000000000
(1788796804.795514) can0 04FF3604#0006000300C80100
(1788796804.804514) can0 03FF1603#0000D05700000000
(1788796804.814515) can0 03FF1605#0100000000000000
(1788796804.825514) can0 03FF1600#142B000104001319
(1788796804.825570) can0 04FF3604#0003000300C80100
(1788796804.835516) can0 03FF1601#6E50000000000000
(1788796804.846520) can0 03FF1602#000005000000157C
(1788796804.855519) can0 04FF3604#0003000300C80100
(1788796804.856516) can0 03FF1604#0000000000000000
(1788796804.885518) can0 04FF3604#0004000300C80100
(1788796804.888517) can0 03FF1000#0840112200000001
(1788796804.898519) can0 03FF1001#0000000000000000
(1788796804.909519) can0 03FF1603#0000D05700000000
(1788796804.915520) can0 04FF3604#0006000300C80100
(1788796804.919519) can0 03FF1605#0100000000000000
(1788796804.935521) can0 04FF3602#0000000000000000
(1788796804.945521) can0 04FF3604#0002000400C80100
(1788796804.975524) can0 04FF3604#0004000300C80100
(1788796804.983527) can0 05FF4610#0000D0DBFFFFFFA9
(1788796804.993526) can0 03FF1000#0840112200000001
(1788796805.003524) can0 03FF1001#0000000000000000
(1788796805.005524) can0 04FF3604#0003000300C80100
(1788796805.014526) can0 03FF1603#0000D05700000000
(1788796805.024526) can0 03FF1605#0100000000000000
(1788796805.035527) can0 04FF3604#0006000300C80100
(1788796805.050527) can0 02181606#0100190001030200
(1788796805.065528) can0 04FF3604#0006000300C80100
(1788796805.095530) can0 04FF3604#0006000300C80100
(1788796805.098530) can0 03FF1000#0840112200000001
(1788796805.100530) can0 02203606#0101000100010000
(1788796805.108530) can0 03FF1001#0000000000000000
(1788796805.119530) can0 03FF1603#0000D05700000000
(1788796805.125531) can0 04FF3604#0004000300C80100
(1788796805.129531) can0 03FF1605#0100000000000000
(1788796805.130531) can0 02181608#0500000001000000
(1788796805.140531) can0 03121606#0000000000000000
(1788796805.155532) can0 04FF3604#0004000300C80100
(1788796805.160533) can0 02181609#0000000000000000
(1788796805.185535) can0 04FF3604#0002000300C80100
(1788796805.190534) can0 02488600#0000000000000000
(1788796805.203534) can0 03FF1000#0840112200000001
(1788796805.213536) can0 03FF1001#0000000000000000
(1788796805.215536) can0 04FF3604#0004000300C80100
(1788796805.220536) can0 02213504#
(1788796805.224536) can0 03FF1603#0000D05700000000
(1788796805.230536) can0 04F93504#0000000000000000
(1788796805.234536) can0 03FF1605#0100000000000000
(1788796805.245537) can0 04FF3604#0005000300C80100
(1788796805.245604) can0 05FF4610#0000D0DBFFFFFFA9
(1788796805.247537) can0 05FF4001#0000000000000000
(1788796805.249537) can0 05FF4000#0000000000000000
(1788796805.271539) can0 02FF2605#0000060907060005
(1788796805.275538) can0 04FF3604#0005000300C80100
(1788796805.300540) can0 02FF2604#0000000000000000
(1788796805.305541) can0 04FF3604#0005000300C80100
(1788796805.308540) can0 03FF1000#0840112200000001
(1788796805.318541) can0 03FF1001#0000000000000000
(1788796805.329541) can0 03FF1603#0000D05700000000
(1788796805.330541) can0 02FF2704#0200000000000000
(1788796805.335541) can0 04FF3604#0007000300C80100
(1788796805.339542) can0 03FF1605#0100000000000000
(1788796805.341542) can0 05FF4602#0A10101010101010
(1788796805.351543) can0 05FF4603#11100F1013101310
(1788796805.360543) can0 0260B606#0100000000000000
(1788796805.361543) can0 05FF4604#1110111014101510
(1788796805.365543) can0 04FF3604#0003000300C80100
(1788796805.371544) can0 05FF4605#1010000000000000
(1788796805.390546) can0 02203607#0000000300000000
(1788796805.395545) can0 04FF3604#0005000300C80100
(1788796805.401545) can0 05FF4606#1E1E1D
(1788796805.411546) can0 05FF4607#1E1D1D
(1788796805.413546) can0 03FF1000#0840112200000001
(1788796805.421546) can0 05FF4608#0019007C
(1788796805.423547) can0 03FF1001#0000000000000000
(1788796805.425547) can0 04FF3604#0004000300C80100
(1788796805.431547) can0 05FF4609#030003CA03CA00
(1788796805.434547) can0 03FF1603#0000D05700000000
(1788796805.435547) can0 04FF3602#0000000000000000
(1788796805.444548) can0 03FF1605#0100000000000000
(1788796805.455548) can0 04FF3604#0008000300C80100
(1788796805.485555) can0 04FF3604#0005000300C80100
(1788796805.515555) can0 04FF3604#0005000300C80100
(1788796805.518552) can0 03FF1000#0840112200000001
(1788796805.519552) can0 05FF4610#0000D0DBFFFFFFA9
(1788796805.528552) can0 03FF1001#0000000000000000
(1788796805.539553) can0 03FF1603#0000D05700000000
(1788796805.545553) can0 04FF3604#0004000300C80100
(1788796805.549553) can0 03FF1605#0100000000000000
(1788796805.575555) can0 04FF3604#0003000300C80100
(1788796805.605556) can0 04FF3604#0005000300C80100
(1788796805.623558) can0 03FF1000#0840112200000001
(1788796805.633557) can0 03FF1001#0000000000000000
(1788796805.635558) can0 04FF3604#0005000300C80100
(1788796805.644558) can0 03FF1603#0000D05700000000
(1788796805.654559) can0 03FF1605#0100000000000000
(1788796805.665560) can0 04FF3604#0004000300C80100
(1788796805.695562) can0 04FF3604#0004000300C80100
(1788796805.725563) can0 04FF3604#0005000300C80100
(1788796805.728564) can0 03FF1000#0840112200000001
(1788796805.738564) can0 03FF1001#0000000000000000
(1788796805.749564) can0 03FF1603#0000D05700000000
(1788796805.755564) can0 04FF3604#0006000300C80100
(1788796805.759565) can0 03FF1605#0100000000000000
(1788796805.785565) can0 04FF3604#0006000300C80100
(1788796805.801567) can0 03FF1600#142B000104001319
(1788796805.809569) can0 05FF4610#0000D0DAFFFFFFA3
(1788796805.810776) can0 02181606#0100190001030200
(1788796805.812567) can0 03FF1601#6E50000000000000
(1788796805.815567) can0 04FF3604#0006000300C80100
(1788796805.822568) can0 03FF1602#000005000000157C
(1788796805.833568) can0 03FF1604#0000000000000000
(1788796805.841573) can0 02203606#0101000100010000
(1788796805.843572) can0 03FF1000#0840112200000001
(1788796805.845569) can0 04FF3604#0005000300C80100
(1788796805.854570) can0 03FF1001#0000000000000000
(1788796805.864571) can0 03FF1603#0000D05700000000
(1788796805.872697) can0 02181608#0500000001000000
(1788796805.875571) can0 03FF1605#0100000000000000
(1788796805.875626) can0 04FF3604#0003000300C80100
(1788796805.885571) can0 03121606#0000000000000000
(1788796805.900816) can0 02181609#0000000000000000
(1788796805.905572) can0 04FF3604#0005000300C80100
(1788796805.930799) can0 02488600#0000000000000000
(1788796805.935575) can0 04FF3602#0000000000000000
(1788796805.935629) can0 04FF3604#0003000300C80100
(1788796805.938574) can0 03FF1000#0840112200000001
(1788796805.948575) can0 03FF1001#0000000000000000
(1788796805.959576) can0 03FF1603#0000D05700000000
(1788796805.960587) can0 02213600#
(1788796805.965576) can0 04FF3604#0006000300C80100
(1788796805.969576) can0 03FF1605#0100000000000000
(1788796805.995581) can0 04FF3604#0007000300C80100
(1788796806.025580) can0 04FF3604#0005000300C80100
(1788796806.043580) can0 03FF1000#0840112200000001
(1788796806.053580) can0 03FF1001#0000000000000000
(1788796806.055580) can0 04FF3604#0005000300C80100
(1788796806.064582) can0 03FF1603#0000D05700000000
(1788796806.072582) can0 05FF4610#0000D0DAFFFFFFA3
(1788796806.074582) can0 03FF1605#0100000000000000
(1788796806.085582) can0 04FF3604#0005000400C80100
(1788796806.115584) can0 04FF3604#0005000300C80100
(1788796806.145585) can0 04FF3604#0005000300C80100
(1788796806.148585) can0 03FF1000#0840112200000001
(1788796806.158586) can0 03FF1001#0000000000000000
(1788796806.169587) can0 03FF1603#0000D05700000000
(1788796806.175587) can0 04FF3604#0005000300C80100
(1788796806.179587) can0 03FF1605#0100000000000000
(1788796806.205589) can0 04FF3604#0007000300C80100
(1788796806.235590) can0 04FF3604#0005000300C80100
(1788796806.253592) can0 03FF1000#0840112200000001
(1788796806.263593) can0 03FF1001#0000000000000000
(1788796806.265591) can0 04FF3604#0004000300C80100
(1788796806.274592) can0 03FF1603#0000D05700000000
(1788796806.284592) can0 03FF1605#0100000000000000
(1788796806.292594) can0 05FF4001#0000000000000000
(1788796806.294593) can0 05FF4000#0000000000000000
(1788796806.295593) can0 04FF3604#0006000300C80100
(1788796806.325595) can0 04FF3604#0003000300C80100
(1788796806.345598) can0 05FF4610#0000D0DAFFFFFFA3
(1788796806.355600) can0 04FF3604#0004000300C80100
(1788796806.358599) can0 03FF1000#0840112200000001
(1788796806.368599) can0 03FF1001#0000000000000000
(1788796806.379598) can0 03FF1603#0000D05700000000
(1788796806.385599) can0 04FF3604#0004000300C80100
(1788796806.387599) can0 05FF4602#0B10101010101010
(1788796806.389598) can0 03FF1605#0100000000000000
(1788796806.398598) can0 05FF4603#11100F1012101310
(1788796806.407600) can0 05FF4604#1010111014101510
(1788796806.415600) can0 04FF3604#0005000300C80100
(1788796806.417622) can0 05FF4605#1010000000000000
(1788796806.435601) can0 04FF3602#0000000000000000
(1788796806.445601) can0 04FF3604#0005000300C80100
(1788796806.448601) can0 05FF4606#1E1E1D
(1788796806.459602) can0 05FF4607#1E1D1D
(1788796806.463602) can0 03FF1000#0840112200000001
(1788796806.469602) can0 05FF4608#0019007C
(1788796806.473603) can0 03FF1001#0000000000000000
(1788796806.475602) can0 04FF3604#0006000400C80100
(1788796806.480603) can0 05FF4609#030003CA03CA00
(1788796806.484608) can0 03FF1603#0000D05700000000
(1788796806.494606) can0 03FF1605#0100000000000000
(1788796806.505605) can0 04FF3604#0002000300C80100
(1788796806.535606) can0 04FF3604#0005000300C80100
(1788796806.565608) can0 04FF3604#0004000300C80100
(1788796806.568608) can0 03FF1000#0840112200000001
(1788796806.578608) can0 03FF1001#0000000000000000
(1788796806.581608) can0 02181606#0100190001030200
(1788796806.589609) can0 03FF1603#0000D05700000000
(1788796806.595609) can0 04FF3604#0004000300C80100
(1788796806.599609) can0 03FF1605#0100000000000000
(1788796806.610610) can0 05FF4610#0000D0DAFFFFFFA3
(1788796806.611610) can0 02203606#0101000100010000
(1788796806.621611) can0 05FF4400#0000000A
(1788796806.625611) can0 04FF3604#0004000300C80100
(1788796806.643613) can0 02181608#0500000001000000
(1788796806.655613) can0 04FF3604#0002000300C80100
(1788796806.671613) can0 02181609#0000000000000000
(1788796806.673613) can0 03FF1000#0840112200000001
(1788796806.683614) can0 03FF1001#0000000000000000
(1788796806.685613) can0 04FF3604#0005000300C80100
(1788796806.694615) can0 03FF1603#0000D05700000000
(1788796806.699614) can0 05FF4600#0D0300900303
(1788796806.701637) can0 02488600#0000000000000000
(1788796806.704615) can0 03FF1605#0100000000000000
(1788796806.715615) can0 03121606#0000000000000000
(1788796806.715682) can0 04FF3604#0006000300C80100
(1788796806.745617) can0 04FF3604#0004000300C80100
(1788796806.749617) can0 05FF4601#007300000000
(1788796806.751618) can0 02213601#
(1788796806.775619) can0 04FF3604#0001000300C80100
(1788796806.778619) can0 03FF1000#0840112200000001
(1788796806.781712) can0 02FF2605#0000060907060006
(1788796806.788620) can0 03FF1001#0000000000000000
(1788796806.799621) can0 03FF1603#0000D05700000000
(1788796806.805620) can0 04FF3604#0006000300C80100
(1788796806.809620) can0 03FF1605#0100000000000000
(1788796806.811736) can0 02FF2604#0000000000000000
(1788796806.820621) can0 03FF1600#142B000104001319
(1788796806.830622) can0 03FF1601#6E50000000000000
(1788796806.835623) can0 04FF3604#0006000300C80100
(1788796806.841626) can0 03FF1602#000005000000157C
(1788796806.841807) can0 02FF2704#0200000000000000
(1788796806.851623) can0 03FF1604#0000000000000000
(1788796806.865626) can0 04FF3604#0006000300C80100
(1788796806.871809) can0 0260B606#0100000000000000
(1788796806.883624) can0 03FF1000#0840112200000001
(1788796806.893625) can0 03FF1001#0000000000000000
(1788796806.895625) can0 04FF3604#0002000300C80100
(1788796806.900625) can0 05FF4610#0000D0DBFFFFFFA3
(1788796806.901821) can0 02203607#0000000300000000
(1788796806.904625) can0 03FF1603#0000D05700000000
(1788796806.914626) can0 03FF1605#0100000000000000
(1788796806.925627) can0 04FF3604#0003000200C80100
(1788796806.935627) can0 04FF3602#0000000000000000
(1788796806.955628) can0 04FF3604#0007000300C80100
(1788796806.985634) can0 04FF3604#0007000300C80100
(1788796806.988630) can0 03FF1000#0840112200000001
(1788796806.998630) can0 03FF1001#0000000000000000
(1788796807.009632) can0 03FF1603#0000D05700000000
(1788796807.015631) can0 04FF3604#0005000300C80100
(1788796807.019631) can0 03FF1605#0100000000000000
(1788796807.045633) can0 04FF3604#0004000300C80100
(1788796807.075635) can0 04FF3604#0004000300C80100
(1788796807.093640) can0 03FF1000#0840112200000001
(1788796807.103641) can0 03FF1001#0000000000000000
(1788796807.105636) can0 04FF3604#0004000300C80100
(1788796807.114637) can0 03FF1603#0000D05700000000
(1788796807.124638) can0 03FF1605#0100000000000000
(1788796807.135638) can0 04FF3604#0006000300C80100
(1788796807.162697) can0 05FF4610#0000D0DBFFFFFFA3
(1788796807.165639) can0 04FF3604#0005000300C80100
(1788796807.195641) can0 04FF3604#0005000300C80100
(1788796807.198641) can0 03FF1000#0840112200000001
(1788796807.208642) can0 03FF1001#0000000000000000
(1788796807.219642) can0 03FF1603#0000D05700000000
(1788796807.225642) can0 04FF3604#0005000300C80100
(1788796807.229643) can0 03FF1605#0100000000000000
(1788796807.255645) can0 04FF3604#0005000300C80100
(1788796807.285646) can0 04FF3604#0004000300C80100
(1788796807.303647) can0 03FF1000#0840112200000001
(1788796807.313647) can0 03FF1001#0000000000000000
(1788796807.315647) can0 04FF3604#0003000300C80100
(1788796807.324647) can0 03FF1603#0000D05700000000
(1788796807.334649) can0 03FF1605#0100000000000000
(1788796807.342649) can0 02181606#0100190001030200
(1788796807.345648) can0 04FF3604#0003000300C80100
(1788796807.351807) can0 05FF4001#0000000000000000
(1788796807.353835) can0 05FF4000#0000000000000000
(1788796807.372650) can0 02203606#0101000100010000
(1788796807.375651) can0 04FF3604#0006000300C80100
(1788796807.402652) can0 02181608#0500000001000000
(1788796807.405652) can0 04FF3604#0004000300C80100
(1788796807.408652) can0 03FF1000#0840112200000001
(1788796807.418653) can0 03FF1001#0000000000000000
(1788796807.429653) can0 03FF1603#0000D05700000000
(1788796807.432653) can0 02181609#0000000000000000
(1788796807.433816) can0 05FF4602#0A10101010101010
(1788796807.435653) can0 04FF3602#0000000000000000
(1788796807.435704) can0 04FF3604#0007000300C80100
(1788796807.436654) can0 05FF4610#0000D0DBFFFFFFA3
(1788796807.439654) can0 03FF1605#0100000000000000
(1788796807.443827) can0 05FF4603#11100F1013101310
(1788796807.450655) can0 03121606#0000000000000000
(1788796807.453828) can0 05FF4604#1110111014101510
(1788796807.462655) can0 02488600#0000000000000000
(1788796807.463874) can0 05FF4605#1010000000000000
(1788796807.465655) can0 04FF3604#0006000300C80100
(1788796807.492660) can0 02294611#
(1788796807.493866) can0 05124611#0061368C0000352D
(1788796807.494657) can0 05FF4606#1E1E1D
(1788796807.495657) can0 04FF3604#0005000300C80100
(1788796807.503670) can0 05FF4607#1E1D1D
(1788796807.513658) can0 03FF1000#0840112200000001
(1788796807.513724) can0 05FF4608#0019007C
(1788796807.523659) can0 03FF1001#0000000000000000
(1788796807.524658) can0 05FF4609#030003CA03CA00
(1788796807.525658) can0 04FF3604#0004000300C80100
(1788796807.534659) can0 03FF1603#0000D05700000000
(1788796807.544659) can0 03FF1605#0100000000000000
(1788796807.555664) can0 04FF3604#0005000400C80100
(1788796807.585663) can0 04FF3604#0004000300C80100
(1788796807.592662) can0 02FF2605#0000060907060007
(1788796807.615663) can0 04FF3604#0004000300C80100
(1788796807.618663) can0 03FF1000#0840112200000001
(1788796807.623663) can0 02FF2604#0000000000000000
(1788796807.628664) can0 03FF1001#0000000000000000
(1788796807.639664) can0 03FF1603#0000D05700000000
(1788796807.645664) can0 04FF3604#0005000300C80100
(1788796807.649665) can0 03FF1605#0100000000000000
(1788796807.652665) can0 02FF2704#0200000000000000
(1788796807.675667) can0 04FF3604#0004000300C80100
(1788796807.682667) can0 0260B606#0100000000000000
(1788796807.705669) can0 04FF3604#0006000300C80100
(1788796807.715668) can0 02203607#0000000300000000
(1788796807.723669) can0 03FF1000#0840112200000001
(1788796807.724669) can0 05FF4610#0000D0D9FFFFFFA3
(1788796807.733669) can0 03FF1001#0000000000000000
(1788796807.735669) can0 04FF3604#0004000300C80100
(1788796807.744670) can0 03FF1603#0000D05700000000
(1788796807.754671) can0 03FF1605#0100000000000000
(1788796807.765671) can0 04FF3604#0005000300C80100
(1788796807.795674) can0 04FF3604#0005000300C80100
(1788796807.817674) can0 03FF1600#142B000104001319
(1788796807.825674) can0 04FF3604#0004000300C80100
(1788796807.828674) can0 03FF1601#6E50000000000000
(1788796807.838676) can0 03FF1602#000005000000157C
(1788796807.849682) can0 03FF1604#0000000000000000
(1788796807.855677) can0 04FF3604#0006000300C80100
(1788796807.859677) can0 03FF1000#0840112200000001
(1788796807.870678) can0 03FF1001#0000000000000000
(1788796807.880678) can0 03FF1603#0000D05700000000
(1788796807.884932) can0 04FF3604#0003000300C80100
(1788796807.891678) can0 03FF1605#0100000000000000
(1788796807.914935) can0 04FF3604#0004000300C80100
(1788796807.933681) can0 03FF1000#0840112200000001
(1788796807.935680) can0 04FF3602#0000000000000000
(1788796807.943681) can0 03FF1001#0000000000000000
(1788796807.944935) can0 04FF3604#0004000300C80100
(1788796807.954682) can0 03FF1603#0000D05700000000
(1788796807.964682) can0 03FF1605#0100000000000000
(1788796807.975683) can0 04FF3604#0004000300C80100
(1788796807.985684) can0 05FF4610#0000D0D9FFFFFFA3
(1788796808.005685) can0 04FF3604#0006000300C80100
(1788796808.034941) can0 04FF3604#0004000300C80100
(1788796808.038686) can0 03FF1000#0840112200000001
(1788796808.048686) can0 03FF1001#0000000000000000
(1788796808.059687) can0 03FF1603#0000D05700000000
(1788796808.064942) can0 04FF3604#0004000300C80100
(1788796808.069687) can0 03FF1605#0100000000000000
(1788796808.095689) can0 04FF3604#0006000300C80100
(1788796808.124941) can0 04FF3604#0003000300C80100
(1788796808.143691) can0 03FF1000#0840112200000001
(1788796808.153693) can0 03FF1001#0000000000000000
(1788796808.154935) can0 04FF3604#0003000300C80100
(1788796808.164693) can0 03FF1603#0000D05700000000
(1788796808.174694) can0 03FF1605#0100000000000000
(1788796808.184948) can0 04FF3604#0006000300C80100
(1788796808.189694) can0 02181606#0100190001030200
(1788796808.213696) can0 02203606#0101000100010000
(1788796808.214937) can0 04FF3604#0005000300C80100
(1788796808.243697) can0 02181608#0500000001000000
(1788796808.245697) can0 04FF3604#0005000300C80100
(1788796808.248697) can0 03FF1000#0840112200000001
(1788796808.249697) can0 05FF4610#0000D0D9FFFFFFA3
(1788796808.258698) can0 03FF1001#0000000000000000
(1788796808.269698) can0 03FF1603#0000D05700000000
(1788796808.273698) can0 02181609#0000000000000000
(1788796808.274941) can0 04FF3604#0004000300C80100
(1788796808.279698) can0 03FF1605#0100000000000000
(1788796808.290700) can0 03121606#0000000000000000
(1788796808.303701) can0 02488600#0000000000000000
(1788796808.304931) can0 04FF3604#0004000300C80100
(1788796808.332853) can0 02294612#
(1788796808.334701) can0 05124612#0000000000000000
(1788796808.334937) can0 04FF3604#0005000300C80100
(1788796808.353703) can0 03FF1000#0840112200000001
(1788796808.363704) can0 03FF1001#0000000000000000
(1788796808.365703) can0 04FF3604#0005000300C80100
(1788796808.374705) can0 03FF1603#0000D05700000000
(1788796808.384705) can0 03FF1605#0100000000000000
(1788796808.394948) can0 04FF3604#0003000400C80100
(1788796808.395705) can0 05FF4001#0000000000000000
(1788796808.397705) can0 05FF4000#0000000000000000
(1788796808.424938) can0 04FF3604#0005000300C80100
(1788796808.434950) can0 04FF3602#0000000000000000
(1788796808.454940) can0 04FF3604#0006000300C80100
(1788796808.458708) can0 03FF1000#0840112200000001
(1788796808.468708) can0 03FF1001#0000000000000000
(1788796808.477710) can0 05FF4602#0A10101010101010
(1788796808.478963) can0 03FF1603#0000D05700000000
(1788796808.484925) can0 04FF3604#0007000300C80100
(1788796808.487711) can0 05FF4603#11100F1012101310
(1788796808.489710) can0 03FF1605#0100000000000000
(1788796808.497710) can0 05FF4604#1010111014101510
(1788796808.507712) can0 05FF4605#1010000000000000
(1788796808.514931) can0 04FF3604#0004000300C80100
(1788796808.522712) can0 05FF4610#0000D0D9FFFFFFA3
(1788796808.537713) can0 05FF4606#1E1E1D
(1788796808.544928) can0 04FF3604#0004000300C80100
(1788796808.547713) can0 05FF4607#1E1D1D
(1788796808.557714) can0 05FF4608#0019007C
(1788796808.563714) can0 03FF1000#0840112200000001
(1788796808.567714) can0 05FF4609#030003CA03CA00
(1788796808.573715) can0 03FF1001#0000000000000000
(1788796808.574946) can0 04FF3604#0005000300C80100
(1788796808.584716) can0 03FF1603#0000D05700000000
(1788796808.594715) can0 03FF1605#0100000000000000
(1788796808.603717) can0 02FF2605#0000060907060008
(1788796808.604924) can0 04FF3604#0003000300C80100
(1788796808.633718) can0 02FF2604#0000000000000000
(1788796808.634932) can0 04FF3604#0004000300C80100
(1788796808.663720) can0 02FF2704#0200000000000000
(1788796808.664927) can0 04FF3604#0003000300C80100
(1788796808.668719) can0 03FF1000#0840112200000001
(1788796808.678721) can0 03FF1001#0000000000000000
(1788796808.688975) can0 03FF1603#0000D05700000000
(1788796808.693778) can0 0260B606#0100000000000000
(1788796808.694929) can0 04FF3604#0003000300C80100
(1788796808.699721) can0 03FF1605#0100000000000000
(1788796808.724723) can0 02203607#0000000300000000
(1788796808.724939) can0 04FF3604#0005000300C80100
(1788796808.754935) can0 04FF3604#0004000300C80100
(1788796808.773726) can0 03FF1000#0840112200000001
(1788796808.783727) can0 03FF1001#0000000000000000
(1788796808.784945) can0 04FF3604#0003000300C80100
(1788796808.794726) can0 03FF1603#0000D05700000000
(1788796808.804727) can0 03FF1605#0100000000000000
(1788796808.811728) can0 05FF4610#0000D0DBFFFFFFA9
(1788796808.814936) can0 04FF3604#0003000300C80100
(1788796808.825728) can0 03FF1600#142B000104001319
(1788796808.836729) can0 03FF1601#6E50000000000000
(1788796808.844926) can0 04FF3604#0003000300C80100
(1788796808.846729) can0 03FF1602#000005000000157C
(1788796808.856984) can0 03FF1604#0000000000000000
(1788796808.873731) can0 02181606#0100190001030200
(1788796808.874928) can0 04FF3604#0003000300C80100
(1788796808.878731) can0 03FF1000#0840112200000001
(1788796808.888732) can0 03FF1001#0000000000000000
(1788796808.899732) can0 03FF1603#0000D05700000000
(1788796808.903755) can0 02203606#0101000100010000
(1788796808.904929) can0 04FF3604#0007000300C80100
(1788796808.909732) can0 03FF1605#0100000000000000
(1788796808.933770) can0 02181608#0500000001000000
(1788796808.934941) can0 04FF3602#0000000000000000
(1788796808.935734) can0 04FF3604#0006000400C80100
(1788796808.963770) can0 02181609#0000000000000000
(1788796808.964927) can0 04FF3604#0007000400C80100
(1788796808.983737) can0 03FF1000#0840112200000001
(1788796808.993742) can0 03FF1001#0000000000000000
(1788796808.994737) can0 02488600#0000000000000000
(1788796808.994943) can0 04FF3604#0006000300C80100
(1788796809.003969) can0 03FF1603#0000D05700000000
(1788796809.014738) can0 03FF1605#0100000000000000
(1788796809.023738) can0 02294613#
(1788796809.024738) can0 05124613#0000000000000000
(1788796809.025738) can0 03121606#0000000000000000
(1788796809.054949) can0 04FF3604#0006000300C80100
(1788796809.075742) can0 05FF4610#0000D0DBFFFFFFA9
(1788796809.084939) can0 04FF3604#0006000300C80100
(1788796809.088742) can0 03FF1000#0840112200000001
(1788796809.098743) can0 03FF1001#0000000000000000
(1788796809.108993) can0 03FF1603#0000D05700000000
(1788796809.114941) can0 04FF3604#0002000300C80100
(1788796809.119743) can0 03FF1605#0100000000000000
(1788796809.144942) can0 04FF3604#0005000300C80100
(1788796809.174931) can0 04FF3604#0003000300C80100
(1788796809.193748) can0 03FF1000#0840112200000001
(1788796809.203749) can0 03FF1001#0000000000000000
(1788796809.204944) can0 04FF3604#0006000300C80100
(1788796809.213999) can0 03FF1603#0000D05700000000
(1788796809.224749) can0 03FF1605#0100000000000000
(1788796809.234935) can0 04FF3604#0005000400C80100
(1788796809.264937) can0 04FF3604#0005000300C80100
(1788796809.294934) can0 04FF3604#0006000300C80100
(1788796809.298753) can0 03FF1000#0840112200000001
(1788796809.308754) can0 03FF1001#0000000000000000
(1788796809.318998) can0 03FF1603#0000D05700000000
(1788796809.324916) can0 04FF3604#0003000300C80100
(1788796809.329755) can0 03FF1605#0100000000000000
(1788796809.354930) can0 04FF3604#0003000300C80100
(1788796809.357756) can0 05FF4610#0000D0DBFFFFFFA9
(1788796809.384953) can0 04FF3604#0006000400C80100
(1788796809.403759) can0 03FF1000#0840112200000001
(1788796809.413760) can0 03FF1001#0000000000000000
(1788796809.414932) can0 04FF3604#0005000300C80100
(1788796809.423986) can0 03FF1603#0000D05700000000
(1788796809.434761) can0 03FF1605#0100000000000000
(1788796809.435760) can0 04FF3400#0000000400000000
(1788796809.435815) can0 04FF3602#0000000000000000
(1788796809.444922) can0 04FF3604#0004000300C80100
(1788796809.450761) can0 05FF4001#0000000000000000
(1788796809.452761) can0 05FF4000#0000000000000000
(1788796809.474935) can0 04FF3604#0003000300C80100
(1788796809.487764) can0 03FF1400#0000000100000000
(1788796809.504938) can0 04FF3604#0004000300C80100
(1788796809.508764) can0 03FF1000#0840112200000001
(1788796809.518765) can0 03FF1001#0000000000000000
(1788796809.528992) can0 03FF1603#0000D05700000000
(1788796809.533766) can0 05FF4602#0B10101010101010
(1788796809.534927) can0 04FF3604#0005000300C80100
(1788796809.539765) can0 03FF1605#0100000000000000
(1788796809.543766) can0 05FF4603#11100F1012101310
(1788796809.553767) can0 05FF4604#1110111014101510
(1788796809.563768) can0 05FF4605#1010000000000000
(1788796809.564928) can0 04FF3604#0004000300C80100
(1788796809.593769) can0 05FF4606#1E1E1D
(1788796809.594942) can0 04FF3604#0006000300C80100
(1788796809.603770) can0 05FF4607#1E1D1D
(1788796809.613770) can0 03FF1000#0840112200000001
(1788796809.614770) can0 05FF4608#0019007C
(1788796809.616770) can0 02FF2605#0000060907060009
(1788796809.623770) can0 03FF1001#0000000000000000
(1788796809.624770) can0 05FF4610#0000D0DBFFFFFFA9
(1788796809.624929) can0 04FF3604#0006000300C80100
(1788796809.625770) can0 05FF4609#030003CA03CA00
(1788796809.633980) can0 03FF1603#0000D05700000000
(1788796809.644771) can0 02FF2604#0000000000000000
(1788796809.645771) can0 03FF1605#0100000000000000
(1788796809.654934) can0 04FF3604#0005000400C80100
(1788796809.674773) can0 02FF2704#0200000000000000
(1788796809.684936) can0 04FF3604#0004000300C80100
(1788796809.704775) can0 0260B606#0100000000000000
(1788796809.714926) can0 04FF3604#0004000300C80100
(1788796809.718775) can0 03FF1000#0840112200000001
(1788796809.728776) can0 03FF1001#0000000000000000
(1788796809.734777) can0 02203607#0000000300000000
(1788796809.739008) can0 03FF1603#0000D05700000000
(1788796809.744915) can0 04FF3604#0004000300C80100
(1788796809.749777) can0 03FF1605#0100000000000000
(1788796809.764779) can0 02181606#0100190001030200
(1788796809.774918) can0 04FF3604#0005000400C80100
(1788796809.794780) can0 02203606#0101000100010000
(1788796809.804942) can0 04FF3604#0003000300C80100
(1788796809.823031) can0 03FF1000#0840112200000001
(1788796809.824781) can0 02181608#0500000001000000
(1788796809.833782) can0 03FF1001#0000000000000000
(1788796809.834932) can0 04FF3604#0004000300C80100
(1788796809.844015) can0 03FF1603#0000D05700000000
(1788796809.854783) can0 03FF1605#0100000000000000
(1788796809.855782) can0 02181609#0000000000000000
(1788796809.864934) can0 04FF3604#0004000300C80100
(1788796809.865784) can0 03121606#0000000000000000
(1788796809.875784) can0 03FF1600#142B000104001319
(1788796809.884786) can0 02488600#0000000000000000
(1788796809.886017) can0 03FF1601#6E50000000000000
(1788796809.894920) can0 04FF3604#0004000300C80100
(1788796809.896785) can0 03FF1602#000005000000157C
(1788796809.907030) can0 03FF1604#0000000000000000
(1788796809.913856) can0 05FF4610#0000D0DAFFFFFFA9
(1788796809.914786) can0 02294614#
(1788796809.915879) can0 05124614#10150B100B00000A
(1788796809.924926) can0 04FF3604#0005000300C80100
(1788796809.928029) can0 03FF1000#0840112200000001
(1788796809.934922) can0 04FF3602#0000000000000000
(1788796809.938787) can0 03FF1001#0000000000000000
(1788796809.949019) can0 03FF1603#0000D05700000000
(1788796809.954915) can0 04FF3604#0003000300C80100
(1788796809.959788) can0 03FF1605#0100000000000000
(1788796809.984929) can0 04FF3604#0004000300C80100
(1788796810.014932) can0 04FF3604#0006000300C80100
(1788796810.033035) can0 03FF1000#0840112200000001
(1788796810.043793) can0 03FF1001#0000000000000000
(1788796810.044920) can0 04FF3604#0003000300C80100
(1788796810.054049) can0 03FF1603#0000D05700000000
(1788796810.064794) can0 03FF1605#0100000000000000
(1788796810.074928) can0 04FF3604#0004000300C80100
(1788796810.104935) can0 04FF3604#0005000300C80100
(1788796810.134926) can0 04FF3604#0004000300C80100
(1788796810.138798) can0 03FF1000#0840112200000001
(1788796810.148798) can0 03FF1001#0000000000000000
(1788796810.159019) can0 03FF1603#0000D05700000000
(1788796810.164926) can0 04FF3604#0003000300C80100
(1788796810.169800) can0 03FF1605#0100000000000000
(1788796810.174927) can0 05FF4610#0000D0DAFFFFFFA9
(1788796810.194929) can0 04FF3604#0007000300C80100
(1788796810.224930) can0 04FF3604#0003000300C80100
(1788796810.243046) can0 03FF1000#0840112200000001
(1788796810.253804) can0 03FF1001#0000000000000000
(1788796810.254931) can0 04FF3604#0005000300C80100
(1788796810.264026) can0 03FF1603#0000D05700000000
(1788796810.274806) can0 03FF1605#0100000000000000
(1788796810.284917) can0 04FF3604#0003000300C80100
(1788796810.314912) can0 04FF3604#0004000300C80100
(1788796810.344937) can0 04FF3604#0005000300C80100
(1788796810.348041) can0 03FF1000#0840112200000001
(1788796810.358810) can0 03FF1001#0000000000000000
(1788796810.369030) can0 03FF1603#0000D05700000000
(1788796810.374916) can0 04FF3604#0006000400C80100
(1788796810.379811) can0 03FF1605#0100000000000000
(1788796810.397813) can0 02181606#0100190001030200
(1788796810.404916) can0 04FF3604#0005000300C80100
(1788796810.425814) can0 02203606#0101000100010000
(1788796810.434954) can0 04FF3602#0000000000000000
(1788796810.435813) can0 04FF3604#0002000300C80100
(1788796810.452011) can0 05FF4610#0000D0DAFFFFFFA9
(1788796810.453046) can0 03FF1000#0840112200000001
(1788796810.455815) can0 02181608#0500000001000000
(1788796810.463816) can0 03FF1001#0000000000000000
(1788796810.464919) can0 04FF3604#0003000300C80100
(1788796810.474036) can0 03FF1603#0000D05700000000
(1788796810.484817) can0 03FF1605#0100000000000000
(1788796810.485816) can0 02181609#0000000000000000
(1788796810.494923) can0 04FF3604#0007000400C80100
(1788796810.495817) can0 03121606#0000000000000000
(1788796810.501060) can0 05FF4001#0000000000000000
(1788796810.503055) can0 05FF4000#0000000000000000
(1788796810.517819) can0 02488600#0000000000000000
(1788796810.524922) can0 04FF3604#0004000300C80100
(1788796810.545033) can0 02294615#
(1788796810.545935) can0 05124615#1E011D030100
(1788796810.554926) can0 04FF3604#0004000300C80100
(1788796810.558052) can0 03FF1000#0840112200000001
(1788796810.568821) can0 03FF1001#0000000000000000
(1788796810.579002) can0 03FF1603#0000D05700000000
(1788796810.583064) can0 05FF4602#0B10101010101010
(1788796810.584926) can0 04FF3604#0003000300C80100
(1788796810.589823) can0 03FF1605#0100000000000000
(1788796810.593014) can0 05FF4603#11100F1012101310
(1788796810.603053) can0 05FF4604#1010111014101510
(1788796810.613078) can0 05FF4605#1010000000000000
(1788796810.614916) can0 04FF3604#0004000300C80100
(1788796810.625825) can0 02FF2605#0000060907060000
(1788796810.642860) can0 05FF4606#1E1E1D
(1788796810.644929) can0 04FF3604#0004000300C80100
(1788796810.652860) can0 05FF4607#1E1D1D
(1788796810.655825) can0 02FF2604#0000000000000000
(1788796810.662896) can0 05FF4608#0019007C
(1788796810.663826) can0 03FF1000#0840112200000001
(1788796810.673012) can0 05FF4609#030003CA03CA00
(1788796810.673826) can0 03FF1001#0000000000000000
(1788796810.674930) can0 04FF3604#0002000300C80100
(1788796810.684013) can0 03FF1603#0000D05700000000
(1788796810.685827) can0 02FF2704#0200000000000000
(1788796810.694828) can0 03FF1605#0100000000000000
(1788796810.704909) can0 04FF3604#0003000300C80100
(1788796810.715829) can0 0260B606#0100000000000000
(1788796810.734911) can0 04FF3604#0003000300C80100
(1788796810.742080) can0 05FF4610#0000D0DBFFFFFFA3
(1788796810.745830) can0 02203607#0000000300000000
(1788796810.764936) can0 04FF3604#0006000300C80100
(1788796810.768062) can0 03FF1000#0840112200000001
(1788796810.778832) can0 03FF1001#0000000000000000
(1788796810.789030) can0 03FF1603#0000D05700000000
(1788796810.794915) can0 04FF3604#0004000300C80100
(1788796810.799833) can0 03FF1605#0100000000000000
(1788796810.824916) can0 04FF3604#0005000300C80100
(1788796810.841839) can0 03FF1600#142B000104001319
(1788796810.852033) can0 03FF1601#6E50000000000000
(1788796810.854929) can0 04FF3604#0003000300C80100
(1788796810.862837) can0 03FF1602#000005000000157C
(1788796810.873068) can0 03FF1604#0000000000000000
(1788796810.883839) can0 03FF1000#0840112200000001
(1788796810.884930) can0 04FF3604#0005000400C80100
(1788796810.894041) can0 03FF1001#0000000000000000
(1788796810.904839) can0 03FF1603#0000D05700000000
(1788796810.914933) can0 04FF3604#0005000300C80100
(1788796810.915839) can0 03FF1605#0100000000000000
(1788796810.934922) can0 04FF3602#0000000000000000
(1788796810.944922) can0 04FF3604#0004000300C80100
(1788796810.974913) can0 04FF3604#0004000300C80100
(1788796810.978051) can0 03FF1000#0840112200000001
(1788796810.988845) can0 03FF1001#0000000000000000
(1788796810.999041) can0 03FF1603#0000D05700000000
(1788796811.004845) can0 05FF4610#0000D0DBFFFFFFA3
(1788796811.004923) can0 04FF3604#0003000300C80100
(1788796811.009844) can0 03FF1605#0100000000000000
(1788796811.034952) can0 04FF3604#0005000300C80100
(1788796811.064918) can0 04FF3604#0004000300C80100
(1788796811.083849) can0 03FF1000#0840112200000001
(1788796811.093849) can0 03FF1001#0000000000000000
(1788796811.094918) can0 04FF3604#0002000300C80100
(1788796811.104012) can0 03FF1603#0000D05700000000
(1788796811.114850) can0 03FF1605#0100000000000000
(1788796811.124905) can0 04FF3604#0003000300C80100
(1788796811.154934) can0 04FF3604#0006000300C80100
(1788796811.156852) can0 02181606#0100190001030200
(1788796811.184925) can0 04FF3604#0006000300C80100
(1788796811.186011) can0 02203606#0101000100010000
(1788796811.188085) can0 03FF1000#0840112200000001
(1788796811.198855) can0 03FF1001#0000000000000000
(1788796811.209052) can0 03FF1603#0000D05700000000
(1788796811.214925) can0 04FF3604#0005000300C80100
(1788796811.216063) can0 02181608#0500000001000000
(1788796811.219856) can0 03FF1605#0100000000000000
(1788796811.230053) can0 03121606#0000000000000000
(1788796811.244911) can0 04FF3604#0005000300C80100
(1788796811.246054) can0 02181609#0000000000000000
(1788796811.267859) can0 05FF4610#0000D0DBFFFFFFA3
(1788796811.274905) can0 04FF3604#0003000300C80100
(1788796811.276097) can0 02488600#0000000000000000
(1788796811.293080) can0 03FF1000#0840112200000001
(1788796811.303861) can0 03FF1001#0000000000000000
(1788796811.304906) can0 04FF3604#0005000300C80100
(1788796811.305861) can0 02294616#
(1788796811.311860) can0 05124616#00000000000030C6
(1788796811.314046) can0 03FF1603#0000D05700000000
(1788796811.324862) can0 03FF1605#0100000000000000
(1788796811.334904) can0 04FF3604#0004000300C80100
(1788796811.364922) can0 04FF3604#0006000300C80100
(1788796811.394912) can0 04FF3604#0006000300C80100
(1788796811.398062) can0 03FF1000#0840112200000001
(1788796811.408866) can0 03FF1001#0000000000000000
(1788796811.419065) can0 03FF1603#0000D05700000000
(1788796811.424913) can0 04FF3604#0004000300C80100
(1788796811.429867) can0 03FF1605#0100000000000000
(1788796811.434936) can0 04FF3602#0000000000000000
(1788796811.454915) can0 04FF3604#0005000300C80100
(1788796811.484916) can0 04FF3604#0006000300C80100
(1788796811.503069) can0 03FF1000#0840112200000001
(1788796811.513872) can0 03FF1001#0000000000000000
(1788796811.514917) can0 04FF3604#0004000300C80100
(1788796811.524053) can0 03FF1603#0000D05700000000
(1788796811.534872) can0 03FF1605#0100000000000000
(1788796811.540873) can0 05FF4610#0000D0DBFFFFFFA3
(1788796811.544919) can0 04FF3604#0005000300C80100
(1788796811.545873) can0 05FF4001#0000000000000000
(1788796811.547873) can0 05FF4000#0000000000000000
(1788796811.574910) can0 04FF3604#0005000300C80100
(1788796811.604923) can0 04FF3604#0005000300C80100
(1788796811.608108) can0 03FF1000#0840112200000001
(1788796811.618878) can0 03FF1001#0000000000000000
(1788796811.628877) can0 05FF4602#0B10101010100F10
(1788796811.629025) can0 03FF1603#0000D05700000000
(1788796811.634912) can0 04FF3604#0004000300C80100
(1788796811.636878) can0 02FF2605#0000060907060001
(1788796811.638878) can0 05FF4603#1110101012101310
(1788796811.639878) can0 03FF1605#0100000000000000
(1788796811.648878) can0 05FF4604#1110111014101510
(1788796811.658879) can0 05FF4605#1010000000000000
(1788796811.664914) can0 04FF3604#0006000300C80100
(1788796811.666879) can0 02FF2604#0000000000000000
(1788796811.688113) can0 05FF4606#1E1E1D
(1788796811.694912) can0 04FF3604#0005000300C80100
(1788796811.696997) can0 02FF2704#0200000000000000
(1788796811.713090) can0 03FF1000#0840112200000001
(1788796811.723883) can0 03FF1001#0000000000000000
(1788796811.724912) can0 04FF3604#0004000300C80100
(1788796811.726114) can0 05FF4607#1E1C1D
(1788796811.726882) can0 0260B606#0100000000000000
(1788796811.734022) can0 03FF1603#0000D05700000000
(1788796811.736883) can0 05FF4608#0019007C
(1788796811.744883) can0 03FF1605#0100000000000000
(1788796811.746884) can0 05FF4609#030003CA03CA00
(1788796811.754908) can0 04FF3604#0004000300C80100
(1788796811.756884) can0 02203607#0000000300000000
(1788796811.784909) can0 04FF3604#0005000300C80100
(1788796811.814911) can0 04FF3604#0004000300C80100
(1788796811.818073) can0 03FF1000#0840112200000001
(1788796811.828888) can0 03FF1001#0000000000000000
(1788796811.830888) can0 05FF4610#0000D0D9FFFFFFA9
(1788796811.839051) can0 03FF1603#0000D05700000000
(1788796811.844925) can0 04FF3604#0003000300C80100
(1788796811.849890) can0 03FF1605#0100000000000000
(1788796811.860098) can0 03FF1600#142B000104001319
(1788796811.870891) can0 03FF1601#6E50000000000000
(1788796811.874914) can0 04FF3604#0006000300C80100
(1788796811.881048) can0 03FF1602#000005000000157C
(1788796811.891892) can0 03FF1604#0000000000000000
(1788796811.904916) can0 04FF3604#0005000300C80100
(1788796811.916917) can0 02181606#0100190001030200
(1788796811.923074) can0 03FF1000#0840112200000001
(1788796811.933895) can0 03FF1001#0000000000000000
(1788796811.934894) can0 05FF4600#0D0300900303
(1788796811.934949) can0 04FF3602#0000000000000000
(1788796811.935894) can0 04FF3604#0004000400C80100
(1788796811.944057) can0 03FF1603#0000D05700000000
(1788796811.946895) can0 02203606#0101000100010000
(1788796811.954896) can0 03FF1605#0100000000000000
(1788796811.964903) can0 04FF3604#0003000300C80100
(1788796811.976897) can0 02181608#0500000001000000
(1788796811.994910) can0 04FF3604#0003000300C80100
(1788796812.006898) can0 02181609#0000000000000000
(1788796812.024906) can0 04FF3604#0005000300C80100
(1788796812.028084) can0 03FF1000#0840112200000001
(1788796812.036899) can0 02488600#0000000000000000
(1788796812.038899) can0 03FF1001#0000000000000000
(1788796812.049062) can0 03FF1603#0000D05700000000
(1788796812.054913) can0 04FF3604#0005000300C80100
(1788796812.059901) can0 03FF1605#0100000000000000
(1788796812.070075) can0 03121606#0000000000000000
(1788796812.084902) can0 04FF3604#0003000300C80100
(1788796812.087902) can0 02294617#
(1788796812.089902) can0 05124617#0000000000000000
(1788796812.093902) can0 05FF4610#0000D0D9FFFFFFA9
(1788796812.114911) can0 04FF3604#0005000300C80100
(1788796812.133113) can0 03FF1000#0840112200000001
(1788796812.143906) can0 03FF1001#0000000000000000
(1788796812.144928) can0 04FF3604#0005000300C80100
(1788796812.154057) can0 03FF1603#0000D05700000000
(1788796812.164908) can0 03FF1605#0100000000000000
(1788796812.174907) can0 04FF3604#0006000300C80100
(1788796812.204909) can0 04FF3604#0003000300C80100
(1788796812.234918) can0 04FF3604#0005000300C80100
(1788796812.238107) can0 03FF1000#0840112200000001
(1788796812.248910) can0 03FF1001#0000000000000000
(1788796812.259073) can0 03FF1603#0000D05700000000
(1788796812.264911) can0 04FF3604#0005000300C80100
(1788796812.269913) can0 03FF1605#0100000000000000
(1788796812.294914) can0 04FF3604#0006000300C80100
(1788796812.324915) can0 04FF3604#0005000300C80100
(1788796812.343113) can0 03FF1000#0840112200000001
(1788796812.353917) can0 03FF1001#0000000000000000
(1788796812.354916) can0 04FF3604#0006000300C80100
(1788796812.364067) can0 03FF1603#0000D05700000000
(1788796812.367917) can0 05FF4610#0000D0D9FFFFFFA9
(1788796812.374918) can0 03FF1605#0100000000000000
(1788796812.384918) can0 04FF3604#0004000300C80100
(1788796812.414921) can0 04FF3604#0004000300C80100
(1788796812.434941) can0 04FF3602#0000000000000000
(1788796812.444923) can0 04FF3604#0004000300C80100
(1788796812.448095) can0 03FF1000#0840112200000001
(1788796812.458922) can0 03FF1001#0000000000000000
(1788796812.469073) can0 03FF1603#0000D05700000000
(1788796812.474924) can0 04FF3604#0006000300C80100
(1788796812.479923) can0 03FF1605#0100000000000000
(1788796812.504926) can0 04FF3604#0004000300C80100
(1788796812.534926) can0 04FF3604#0003000300C80100
(1788796812.553101) can0 03FF1000#0840112200000001
(1788796812.563928) can0 03FF1001#0000000000000000
(1788796812.564927) can0 04FF3604#0006000300C80100
(1788796812.574075) can0 03FF1603#0000D05700000000
(1788796812.584928) can0 03FF1605#0100000000000000
(1788796812.591930) can0 05FF4001#0000000000000000
(1788796812.593929) can0 05FF4000#0000000000000000
(1788796812.594929) can0 04FF3604#0004000300C80100
(1788796812.624931) can0 04FF3604#0004000300C80100
(1788796812.629932) can0 05FF4610#0000D0D9FFFFFFA9
(1788796812.648094) can0 02FF2605#0000060907060002
(1788796812.654933) can0 04FF3604#0005000300C80100
(1788796812.658094) can0 03FF1000#0840112200000001
(1788796812.668934) can0 03FF1001#0000000000000000
(1788796812.673934) can0 05FF4602#0A10101010101010
(1788796812.677933) can0 02FF2604#0000000000000000
(1788796812.679072) can0 03FF1603#0000D05700000000
(1788796812.683934) can0 05FF4603#1010101012101310
(1788796812.684933) can0 04FF3604#0006000300C80100
(1788796812.689935) can0 03FF1605#0100000000000000
(1788796812.693934) can0 05FF4604#1110111013101510
(1788796812.707935) can0 02FF2704#0200000000000000
(1788796812.714935) can0 04FF3604#0002000300C80100
(1788796812.731937) can0 05FF4605#1010000000000000
(1788796812.737937) can0 0260B606#0100000000000000
(1788796812.744937) can0 04FF3604#0006000300C80100
(1788796812.762938) can0 05FF4606#1E1E1D
(1788796812.763116) can0 03FF1000#0840112200000001
(1788796812.767939) can0 02203607#0000000300000000
(1788796812.772938) can0 05FF4607#1E1C1D
(1788796812.773939) can0 03FF1001#0000000000000000
(1788796812.774939) can0 04FF3604#0004000300C80100
(1788796812.782940) can0 05FF4608#0019007C
(1788796812.784078) can0 03FF1603#0000D05700000000
(1788796812.792940) can0 05FF4609#030003CA03CA00
(1788796812.794939) can0 03FF1605#0100000000000000
(1788796812.798940) can0 02181606#0100190001030200
(1788796812.804941) can0 04FF3604#0005000300C80100
(1788796812.827942) can0 02203606#0101000100010000
(1788796812.834942) can0 04FF3604#0005000300C80100
(1788796812.857945) can0 02181608#0500000001000000
(1788796812.858195) can0 03FF1600#142B000104001319
(1788796812.864944) can0 04FF3604#0004000300C80100
(1788796812.868105) can0 03FF1601#6E50000000000000
(1788796812.878945) can0 03FF1602#000005000000157C
(1788796812.887945) can0 02181609#0000000000000000
(1788796812.889130) can0 03FF1604#0000000000000000
(1788796812.894946) can0 04FF3604#0004000300C80100
(1788796812.899946) can0 03FF1000#0840112200000001
(1788796812.910085) can0 03FF1001#0000000000000000
(1788796812.917947) can0 02488600#0000000000000000
(1788796812.920947) can0 05FF4610#0000D0DDFFFFFFA3
(1788796812.921084) can0 03FF1603#0000D05700000000
(1788796812.924946) can0 04FF3604#0004000300C80100
(1788796812.931086) can0 03FF1605#0100000000000000
(1788796812.934948) can0 04FF3602#0000000000000000
(1788796812.941949) can0 03121606#0000000000000000
(1788796812.947948) can0 02294618#
(1788796812.948948) can0 05124618#00000B7500
(1788796812.954949) can0 04FF3604#0006000300C80100
(1788796812.973100) can0 03FF1000#0840112200000001
(1788796812.977950) can0 02F82400#E203000000000000
(1788796812.983950) can0 03FF1001#0000000000000000
(1788796812.984950) can0 04FF3604#0005000300C80100
(1788796812.994091) can0 03FF1603#0000D05700000000
(1788796813.004951) can0 03FF1605#0100000000000000
(1788796813.007951) can0 02FF2602#12C30EE51B0EF0AB
(1788796813.014952) can0 04FF3604#0006000400C80100
(1788796813.044954) can0 04FF3604#0004000300C80100
(1788796813.074956) can0 04FF3604#0006000400C80100
(1788796813.078105) can0 03FF1000#0840112200000001
(1788796813.088970) can0 03FF1001#0000000000000000
(1788796813.099089) can0 03FF1603#0000D05700000000
(1788796813.104957) can0 04FF3604#0006000300C80100
(1788796813.109957) can0 03FF1605#0100000000000000
(1788796813.134959) can0 04FF3604#0005000300C80100
(1788796813.164960) can0 04FF3604#0003000300C80100
(1788796813.183100) can0 03FF1000#0840112200000001
(1788796813.183960) can0 05FF4610#0000D0DDFFFFFFA3
(1788796813.193962) can0 03FF1001#0000000000000000
(1788796813.194961) can0 04FF3604#0003000300C80100
(1788796813.204066) can0 03FF1603#0000D05700000000
(1788796813.214962) can0 03FF1605#0100000000000000
(1788796813.224964) can0 04FF3604#0007000300C80100
(1788796813.254965) can0 04FF3604#0004000300C80100
(1788796813.284967) can0 04FF3604#0004000300C80100
(1788796813.288140) can0 03FF1000#0840112200000001
(1788796813.298968) can0 03FF1001#0000000000000000
(1788796813.309095) can0 03FF1603#0000D05700000000
(1788796813.314968) can0 04FF3604#0004000300C80100
(1788796813.319968) can0 03FF1605#0100000000000000
(1788796813.344969) can0 04FF3604#0003000300C80100
(1788796813.374972) can0 04FF3604#0007000300C80100
(1788796813.393122) can0 03FF1000#0840112200000001
(1788796813.403973) can0 03FF1001#0000000000000000
(1788796813.404972) can0 04FF3604#0003000300C80100
(1788796813.414112) can0 03FF1603#0000D05700000000
(1788796813.424974) can0 03FF1605#0100000000000000
(1788796813.434975) can0 04FF3602#0000000000000000
(1788796813.435974) can0 04FF3604#0006000400C80100
(1788796813.439974) can0 02181606#0100190001030200
(1788796813.458976) can0 05FF4610#0000D0DDFFFFFFA3
(1788796813.464975) can0 04FF3604#0006000300C80100
(1788796813.468976) can0 02203606#0101000100010000
(1788796813.494981) can0 04FF3604#0006000300C80100
(1788796813.498106) can0 03FF1000#0840112200000001
(1788796813.499977) can0 02181608#0500000001000000
(1788796813.508978) can0 03FF1001#0000000000000000
(1788796813.519095) can0 03FF1603#0000D05700000000
(1788796813.524979) can0 04FF3604#0003000300C80100
(1788796813.528979) can0 02181609#0000000000000000
(1788796813.529979) can0 03FF1605#0100000000000000
(1788796813.540085) can0 03121606#0000000000000000
(1788796813.554981) can0 04FF3604#0004000300C80100
(1788796813.558980) can0 02488600#0000000000000000
(1788796813.584983) can0 04FF3604#0005000300C80100
(1788796813.588028) can0 02498601#
(1788796813.603123) can0 03FF1000#0840112200000001
(1788796813.613984) can0 03FF1001#0000000000000000
(1788796813.614984) can0 04FF3604#0004000300C80100
(1788796813.624101) can0 03FF1603#0000D05700000000
(1788796813.634985) can0 03FF1605#0100000000000000
(1788796813.640985) can0 05FF4001#0000000000000000
(1788796813.642985) can0 05FF4000#0000000000000000
(1788796813.644985) can0 04FF3604#0003000300C80100
(1788796813.658987) can0 02FF2605#0000060907060003
(1788796813.674987) can0 04FF3604#0004000300C80100
(1788796813.688992) can0 02FF2604#0000000000000000
(1788796813.704989) can0 04FF3604#0003000300C80100
(1788796813.708115) can0 03FF1000#0840112200000001
(1788796813.718989) can0 02FF2704#0200000000000000
(1788796813.719039) can0 03FF1001#0000000000000000
(1788796813.729094) can0 03FF1603#0000D05700000000
(1788796813.734990) can0 04FF3604#0004000300C80100
(1788796813.739990) can0 03FF1605#0100000000000000
(1788796813.748990) can0 0260B606#0100000000000000
(1788796813.749991) can0 05FF4610#0000D0DCFFFFFFA3
(1788796813.750991) can0 05FF4602#0B10101011101010
(1788796813.760991) can0 05FF4603#11100F1012101310
(1788796813.764992) can0 04FF3604#0004000300C80100
(1788796813.770992) can0 05FF4604#1110111014101510
(1788796813.778993) can0 02203607#0000000300000000
(1788796813.780992) can0 05FF4605#1010000000000000
(1788796813.794993) can0 04FF3604#0004000300C80100
(1788796813.810994) can0 05FF4606#1E1E1D
(1788796813.813144) can0 03FF1000#0840112200000001
(1788796813.820995) can0 05FF4607#1E1D1D
(1788796813.823994) can0 03FF1001#0000000000000000
(1788796813.824994) can0 04FF3604#0004000300C80100
(1788796813.830996) can0 05FF4608#0019007C
(1788796813.834076) can0 03FF1603#0000D05700000000
(1788796813.840995) can0 05FF4609#030003CA03CA00
(1788796813.845000) can0 03FF1605#0100000000000000
(1788796813.854997) can0 04FF3604#0005000300C80100
(1788796813.865998) can0 03FF1600#142B000104001319
(1788796813.876079) can0 03FF1601#6E50000000000000
(1788796813.885000) can0 04FF3604#0003000300C80100
(1788796813.886998) can0 03FF1602#000005000000157C
(1788796813.897110) can0 03FF1604#0000000000000000
(1788796813.915001) can0 04FF3604#0005000300C80100
(1788796813.918198) can0 03FF1000#0840112200000001
(1788796813.929001) can0 03FF1001#0000000000000000
(1788796813.935003) can0 04FF3602#0000000000000000
(1788796813.939117) can0 03FF1603#0000D05700000000
(1788796813.945048) can0 04FF3604#0006000300C80100
(1788796813.950002) can0 03FF1605#0100000000000000
(1788796813.975003) can0 04FF3604#0005000300C80100
(1788796814.005006) can0 04FF3604#0005000300C80100
(1788796814.011006) can0 05FF4610#0000D0DCFFFFFFA3
(1788796814.023122) can0 03FF1000#0840112200000001
(1788796814.034007) can0 03FF1001#0000000000000000
(1788796814.035006) can0 04FF3604#0003000300C80100
(1788796814.044111) can0 03FF1603#0000D05700000000
(1788796814.055008) can0 03FF1605#0100000000000000
(1788796814.065008) can0 04FF3604#0005000400C80100
(1788796814.095009) can0 04FF3604#0004000300C80100
(1788796814.125012) can0 04FF3604#0004000300C80100
(1788796814.128115) can0 03FF1000#0840112200000001
(1788796814.139012) can0 03FF1001#0000000000000000
(1788796814.149116) can0 03FF1603#0000D05700000000
(1788796814.155013) can0 04FF3604#0004000300C80100
(1788796814.160013) can0 03FF1605#0100000000000000
(1788796814.185015) can0 04FF3604#0003000300C80100
(1788796814.199015) can0 02181606#0100190001030200
(1788796814.215016) can0 04FF3604#0006000300C80100
(1788796814.229213) can0 02203606#0101000100010000
(1788796814.233132) can0 03FF1000#0840112200000001
(1788796814.244017) can0 03FF1001#0000000000000000
(1788796814.245017) can0 04FF3604#0004000300C80100
(1788796814.254088) can0 03FF1603#0000D05700000000
(1788796814.259018) can0 02181608#0500000001000000
(1788796814.265018) can0 03FF1605#0100000000000000
(1788796814.274020) can0 05FF4610#0000D0DCFFFFFFA3
(1788796814.275018) can0 04FF3604#0003000300C80100
(1788796814.276019) can0 03121606#0000000000000000
(1788796814.289020) can0 02181609#0000000000000000
(1788796814.305021) can0 04FF3604#0005000300C80100
(1788796814.320021) can0 02488600#0000000000000000
(1788796814.335022) can0 04FF3604#0005000300C80100
(1788796814.338161) can0 03FF1000#0840112200000001
(1788796814.349023) can0 03FF1001#0000000000000000
(1788796814.349077) can0 02498602#
(1788796814.359123) can0 03FF1603#0000D05700000000
(1788796814.365023) can0 04FF3604#0004000300C80100
(1788796814.370024) can0 03FF1605#0100000000000000
(1788796814.395025) can0 04FF3604#0006000300C80100
(1788796814.425027) can0 04FF3604#0005000300C80100
(1788796814.435028) can0 04FF3602#0000000000000000
(1788796814.443179) can0 03FF1000#0840112200000001
(1788796814.454030) can0 03FF1001#0000000000000000
(1788796814.455029) can0 04FF3604#0005000300C80100
(1788796814.464122) can0 03FF1603#0000D05700000000
(1788796814.475030) can0 03FF1605#0100000000000000
(1788796814.485031) can0 04FF3604#0004000300C80100
(1788796814.515035) can0 04FF3604#0006000300C80100
(1788796814.545033) can0 04FF3604#0004000300C80100
(1788796814.548138) can0 03FF1000#0840112200000001
(1788796814.549034) can0 05FF4610#0000D0DCFFFFFFA3
(1788796814.559035) can0 03FF1001#0000000000000000
(1788796814.569128) can0 03FF1603#0000D05700000000
(1788796814.575035) can0 04FF3604#0004000400C80100
(1788796814.580035) can0 03FF1605#0100000000000000
(1788796814.605037) can0 04FF3604#0006000300C80100
(1788796814.635039) can0 04FF3604#0004000300C80100
(1788796814.653144) can0 03FF1000#0840112200000001
(1788796814.664040) can0 03FF1001#0000000000000000
(1788796814.665040) can0 04FF3604#0006000300C80100
(1788796814.670040) can0 02FF2605#0000060907060004
(1788796814.674133) can0 03FF1603#0000D05700000000
(1788796814.685041) can0 03FF1605#0100000000000000
(1788796814.686041) can0 05FF4001#0000000000000000
(1788796814.688041) can0 05FF4000#0000000000000000
(1788796814.695042) can0 04FF3604#0005000300C80100
(1788796814.700041) can0 02FF2604#0000000000000000
(1788796814.725043) can0 04FF3604#0004000400C80100
(1788796814.730044) can0 02FF2704#0200000000000000
(1788796814.755045) can0 04FF3604#0005000300C80100
(1788796814.758137) can0 03FF1000#0840112200000001
(1788796814.760045) can0 0260B606#0100000000000000
(1788796814.769046) can0 03FF1001#0000000000000000
(1788796814.779116) can0 03FF1603#0000D05700000000
(1788796814.785046) can0 04FF3604#0005000300C80100
(1788796814.790047) can0 03FF1605#0100000000000000
(1788796814.790218) can0 02203607#0000000300000000
(1788796814.795047) can0 05FF4602#0B10101011101010
(1788796814.805048) can0 05FF4603#11100F1012101310
(1788796814.815047) can0 04FF3604#0005000300C80100
(1788796814.816047) can0 05FF4604#1110111014101510
(1788796814.825048) can0 05FF4605#1010000000000000
(1788796814.837049) can0 05FF4610#0000D0DCFFFFFFA9
(1788796814.845050) can0 04FF3604#0004000300C80100
(1788796814.855050) can0 05FF4606#1E1E1D
(1788796814.863155) can0 03FF1000#0840112200000001
(1788796814.865050) can0 05FF4607#1E1D1D
(1788796814.874051) can0 03FF1001#0000000000000000
(1788796814.875050) can0 04FF3604#0005000300C80100
(1788796814.875314) can0 05FF4608#0019007C
(1788796814.884097) can0 03FF1603#0000D05700000000
(1788796814.885051) can0 05FF4609#030003CA03CA00
(1788796814.895052) can0 03FF1605#0100000000000000
(1788796814.905053) can0 04FF3604#0006000300C80100
(1788796814.906052) can0 03FF1600#142B000104001319
(1788796814.916053) can0 03FF1601#6E50000000000000
(1788796814.926111) can0 03FF1602#000005000000157C
(1788796814.935055) can0 04FF3602#0000000000000000
(1788796814.936055) can0 04FF3604#0004000300C80100
(1788796814.937054) can0 03FF1604#0000000000000000
(1788796814.960058) can0 02181606#0100190001030200
(1788796814.965056) can0 04FF3604#0006000300C80100
(1788796814.968148) can0 03FF1000#0840112200000001
(1788796814.979057) can0 03FF1001#0000000000000000
(1788796814.989138) can0 03FF1603#0000D05700000000
(1788796814.990057) can0 02203606#0101000100010000
(1788796814.995059) can0 04FF3604#0005000300C80100
(1788796815.000058) can0 03FF1605#0100000000000000
(1788796815.020059) can0 02181608#0500000001000000
(1788796815.025058) can0 04FF3604#0003000300C80100
(1788796815.050060) can0 02181609#0000000000000000
(1788796815.055060) can0 04FF3604#0003000300C80100
(1788796815.073143) can0 03FF1000#0840112200000001
(1788796815.084063) can0 03FF1001#0000000000000000
(1788796815.085061) can0 04FF3604#0004000300C80100
(1788796815.094121) can0 03FF1603#0000D05700000000
(1788796815.098063) can0 05FF4610#0000D0DCFFFFFFA9
(1788796815.100305) can0 02488600#0000000000000000
(1788796815.105063) can0 03FF1605#0100000000000000
(1788796815.115065) can0 04FF3604#0004000300C80100
(1788796815.116063) can0 03121606#0000000000000000
(1788796815.132065) can0 02294500#
(1788796815.133064) can0 05124500#0500
(1788796815.145066) can0 04FF3604#0005000300C80100
(1788796815.175068) can0 04FF3604#0006000300C80100
(1788796815.178148) can0 03FF1000#0840112200000001
(1788796815.189068) can0 03FF1001#0000000000000000
(1788796815.199126) can0 03FF1603#0000D05700000000
(1788796815.205068) can0 04FF3604#0003000300C80100
(1788796815.210069) can0 03FF1605#0100000000000000
(1788796815.235071) can0 04FF3604#0003000300C80100
(1788796815.265072) can0 04FF3604#0004000300C80100
(1788796815.283154) can0 03FF1000#0840112200000001
(1788796815.294074) can0 03FF1001#0000000000000000
(1788796815.295073) can0 04FF3604#0004000300C80100
(1788796815.304127) can0 03FF1603#0000D05700000000
(1788796815.315075) can0 03FF1605#0100000000000000
(1788796815.325075) can0 04FF3604#0004000300C80100
(1788796815.355077) can0 04FF3604#0003000300C80100
(1788796815.373148) can0 05FF4610#0000D0DCFFFFFFA9
(1788796815.385079) can0 04FF3604#0004000300C80100
(1788796815.388171) can0 03FF1000#0840112200000001
(1788796815.399079) can0 03FF1001#0000000000000000
(1788796815.409110) can0 03FF1603#0000D05700000000
(1788796815.415080) can0 04FF3604#0005000300C80100
(1788796815.420080) can0 03FF1605#0100000000000000
(1788796815.435081) can0 04FF3602#0000000000000000
(1788796815.445082) can0 04FF3604#0006000400C80100
(1788796815.475086) can0 04FF3604#0006000400C80100
(1788796815.493165) can0 03FF1000#0840112200000001
(1788796815.504085) can0 03FF1001#0000000000000000
(1788796815.505084) can0 04FF3604#0005000300C80100
(1788796815.514144) can0 03FF1603#0000D05700000000
(1788796815.525086) can0 03FF1605#0100000000000000
(1788796815.535086) can0 04FF3604#0005000400C80100
(1788796815.565088) can0 04FF3604#0002000300C80100
(1788796815.595090) can0 04FF3604#0003000300C80100
(1788796815.598159) can0 03FF1000#0840112200000001
(1788796815.609091) can0 03FF1001#0000000000000000
(1788796815.619144) can0 03FF1603#0000D05700000000
(1788796815.625091) can0 04FF3604#0008000300C80100
(1788796815.630092) can0 03FF1605#0100000000000000
(1788796815.635230) can0 05FF4610#0000D0DCFFFFFFA9
(1788796815.655092) can0 04FF3604#0005000300C80100
(1788796815.680348) can0 02FF2605#0000060907060005
(1788796815.685094) can0 04FF3604#0004000300C80100
(1788796815.703153) can0 03FF1000#0840112200000001
(1788796815.711096) can0 02FF2604#0000000000000000
(1788796815.714096) can0 03FF1001#0000000000000000
(1788796815.715096) can0 04FF3604#0005000300C80100
(1788796815.724131) can0 03FF1603#0000D05700000000
(1788796815.735097) can0 03FF1605#0100000000000000
(1788796815.742097) can0 02FF2704#0200000000000000
(1788796815.745097) can0 04FF3604#0003000300C80100
(1788796815.757098) can0 05FF4001#0000000000000000
(1788796815.759317) can0 05FF4000#0000000000000000
(1788796815.771099) can0 0260B606#0100000000000000
(1788796815.775098) can0 04FF3604#0005000300C80100
(1788796815.801100) can0 02203607#0000000300000000
(1788796815.805100) can0 04FF3604#0004000300C80100
(1788796815.808170) can0 03FF1000#0840112200000001
(1788796815.819102) can0 03FF1001#0000000000000000
(1788796815.829144) can0 03FF1603#0000D05700000000
(1788796815.831103) can0 02181606#0100190001030200
(1788796815.835102) can0 04FF3604#0005000300C80100
(1788796815.839288) can0 05FF4602#0B10101010101010
(1788796815.840102) can0 03FF1605#0100000000000000
(1788796815.849293) can0 05FF4603#11100F1012101310
(1788796815.859302) can0 05FF4604#1110111014101510
(1788796815.861103) can0 02203606#0101000100010000
(1788796815.865104) can0 04FF3604#0005000300C80100
(1788796815.870308) can0 05FF4605#1010000000000000
(1788796815.882105) can0 03FF1600#142B000104001319
(1788796815.891106) can0 02181608#0500000001000000
(1788796815.892140) can0 03FF1601#6E50000000000000
(1788796815.895105) can0 04FF3604#0003000300C80100
(1788796815.901106) can0 05FF4606#1E1E1D
(1788796815.903106) can0 03FF1602#000005000000157C
(1788796815.910303) can0 05FF4607#1E1D1D
(1788796815.913222) can0 03FF1604#0000000000000000
(1788796815.920352) can0 05FF4608#0019007C
(1788796815.921107) can0 02181609#0000000000000000
(1788796815.924106) can0 03FF1000#0840112200000001
(1788796815.925107) can0 04FF3604#0004000300C80100
(1788796815.926107) can0 05FF4610#0000D0DBFFFFFFA3
(1788796815.931107) can0 05FF4609#030003CA03CA00
(1788796815.934165) can0 03FF1001#0000000000000000
(1788796815.935107) can0 04FF3602#0000000000000000
(1788796815.945109) can0 03FF1603#0000D05700000000
(1788796815.951108) can0 02488600#0000000000000000
(1788796815.955108) can0 04FF3604#0003000300C80100
(1788796815.956109) can0 03FF1605#0100000000000000
(1788796815.966111) can0 03121606#0000000000000000
(1788796815.980354) can0 02294501#
(1788796815.981110) can0 05124501#0103
(1788796815.985110) can0 04FF3604#0005000300C80100
(1788796816.015114) can0 04FF3604#0003000300C80100
(1788796816.018193) can0 03FF1000#0840112200000001
(1788796816.029112) can0 03FF1001#0000000000000000
(1788796816.039132) can0 03FF1603#0000D05700000000
(1788796816.045114) can0 04FF3604#0005000400C80100
(1788796816.050115) can0 03FF1605#0100000000000000
(1788796816.075116) can0 04FF3604#0005000300C80100
(1788796816.105117) can0 04FF3604#0005000300C80100
(1788796816.123164) can0 03FF1000#0840112200000001
(1788796816.134119) can0 03FF1001#0000000000000000
(1788796816.135118) can0 04FF3604#0003000300C80100
(1788796816.144160) can0 03FF1603#0000D05700000000
(1788796816.155119) can0 03FF1605#0100000000000000
(1788796816.165120) can0 04FF3604#0002000300C80100
(1788796816.187122) can0 05FF4610#0000D0DBFFFFFFA3
(1788796816.195122) can0 04FF3604#0005000300C80100
(1788796816.225124) can0 04FF3604#0007000300C80100
(1788796816.228169) can0 03FF1000#0840112200000001
(1788796816.239124) can0 03FF1001#0000000000000000
(1788796816.249206) can0 03FF1603#0000D05700000000
(1788796816.255124) can0 04FF3604#0005000300C80100
(1788796816.260125) can0 03FF1605#0100000000000000
(1788796816.285127) can0 04FF3604#0004000300C80100
(1788796816.315129) can0 04FF3604#0005000300C80100
(1788796816.333175) can0 03FF1000#0840112200000001
(1788796816.344130) can0 03FF1001#0000000000000000
(1788796816.345130) can0 04FF3604#0006000300C80100
(1788796816.354153) can0 03FF1603#0000D05700000000
(1788796816.365131) can0 03FF1605#0100000000000000
(1788796816.375132) can0 04FF3604#0004000300C80100
(1788796816.405132) can0 04FF3604#0008000300C80100
(1788796816.435134) can0 04FF3602#0000000000000000
(1788796816.436163) can0 04FF3604#0005000300C80100
(1788796816.438202) can0 03FF1000#0840112200000001
(1788796816.449135) can0 03FF1001#0000000000000000
(1788796816.459136) can0 03FF1603#0000D05700000000
(1788796816.461136) can0 05FF4610#0000D0DBFFFFFFA3
(1788796816.465136) can0 04FF3604#0005000300C80100
(1788796816.470137) can0 03FF1605#0100000000000000
(1788796816.484138) can0 02181606#0100190001030200
(1788796816.495139) can0 04FF3604#0006000300C80100
(1788796816.512139) can0 02203606#0101000100010000
(1788796816.525140) can0 04FF3604#0006000300C80100
(1788796816.542141) can0 02181608#0500000001000000
(1788796816.543198) can0 03FF1000#0840112200000001
(1788796816.554141) can0 03FF1001#0000000000000000
(1788796816.555140) can0 04FF3604#0004000400C80100
(1788796816.564165) can0 03FF1603#0000D05700000000
(1788796816.572142) can0 02181609#0000000000000000
(1788796816.575141) can0 03FF1605#0100000000000000
(1788796816.585143) can0 04FF3604#0004000200C80100
(1788796816.586142) can0 03121606#0000000000000000
(1788796816.601259) can0 02488600#0000000000000000
(1788796816.615145) can0 04FF3604#0006000300C80100
(1788796816.631145) can0 02191500#
(1788796816.645145) can0 04FF3604#0003000300C80100
(1788796816.648180) can0 03FF1000#0840112200000001
(1788796816.659147) can0 03FF1001#0000000000000000
(1788796816.669166) can0 03FF1500#000000C300000000
(1788796816.675148) can0 04FF3604#0004000300C80100
(1788796816.680147) can0 03FF1603#0000D05700000000
(1788796816.690172) can0 03FF1605#0100000000000000
(1788796816.693148) can0 02FF2605#0000060907060006
(1788796816.705148) can0 04FF3604#0003000300C80100
(1788796816.721382) can0 02FF2604#0000000000000000
(1788796816.725150) can0 05FF4610#0000D0DBFFFFFFA3
(1788796816.735150) can0 04FF3604#0006000300C80100
(1788796816.752151) can0 02FF2704#0200000000000000
(1788796816.753186) can0 03FF1000#0840112200000001
(1788796816.764152) can0 03FF1001#0000000000000000
(1788796816.765152) can0 04FF3604#0005000300C80100
(1788796816.774176) can0 03FF1603#0000D05700000000
(1788796816.785153) can0 03FF1605#0100000000000000
(1788796816.795154) can0 04FF3604#0005000300C80100
(1788796816.802154) can0 0260B606#0100000000000000
(1788796816.803154) can0 05FF4001#0000000000000000
(1788796816.805154) can0 05FF4000#0000000000000000
(1788796816.825155) can0 04FF3604#0004000300C80100
(1788796816.832155) can0 02203607#0000000300000000
(1788796816.855158) can0 04FF3604#0005000300C80100
(1788796816.858192) can0 03FF1000#0840112200000001
(1788796816.869157) can0 03FF1001#0000000000000000
(1788796816.879158) can0 03FF1603#0000D05700000000
(1788796816.885158) can0 05FF4602#0B10101010100F10
(1788796816.885213) can0 04FF3604#0004000300C80100
(1788796816.890159) can0 03FF1605#0100000000000000
(1788796816.895159) can0 05FF4603#11100F1012101310
(1788796816.900170) can0 03FF1600#142B000104001319
(1788796816.905159) can0 05FF4604#1110111014101510
(1788796816.911160) can0 03FF1601#6E50000000000000
(1788796816.915159) can0 05FF4605#1010000000000000
(1788796816.915215) can0 04FF3604#0003000300C80100
(1788796816.921160) can0 03FF1602#000005000000157C
(1788796816.932162) can0 03FF1604#0000000000000000
(1788796816.935161) can0 04FF3602#0000000000000000
(1788796816.944372) can0 05FF4606#1E1E1D
(1788796816.945161) can0 04FF3604#0006000400C80100
(1788796816.954370) can0 05FF4607#1E1D1D
(1788796816.963204) can0 03FF1000#0840112200000001
(1788796816.965163) can0 05FF4608#0019007C
(1788796816.974164) can0 03FF1001#0000000000000000
(1788796816.975163) can0 05FF4609#030003CA03CA00
(1788796816.975218) can0 04FF3604#0004000300C80100
(1788796816.984164) can0 03FF1603#0000D05700000000
(1788796816.995166) can0 03FF1605#0100000000000000
(1788796817.005165) can0 04FF3604#0004000300C80100
(1788796817.013166) can0 05FF4610#0000D0DAFFFFFFA3
(1788796817.035167) can0 04FF3604#0004000300C80100
(1788796817.065169) can0 04FF3604#0006000300C80100
(1788796817.068203) can0 03FF1000#0840112200000001
(1788796817.079170) can0 03FF1001#0000000000000000
(1788796817.089193) can0 03FF1603#0000D05700000000
(1788796817.095170) can0 04FF3604#0003000300C80100
(1788796817.100170) can0 03FF1605#0100000000000000
(1788796817.107171) can0 05FF4400#0000000B
(1788796817.125171) can0 04FF3604#0006000300C80100
(1788796817.155172) can0 04FF3604#0008000300C80100
(1788796817.159173) can0 05FF4600#0D0300900303
(1788796817.173193) can0 03FF1000#0840112200000001
(1788796817.184174) can0 03FF1001#0000000000000000
(1788796817.185174) can0 04FF3604#0004000300C80100
(1788796817.194176) can0 03FF1603#0000D05700000000
(1788796817.205176) can0 03FF1605#0100000000000000
(1788796817.208175) can0 05FF4601#007300000000
(1788796817.215177) can0 04FF3604#0004000300C80100
(1788796817.243178) can0 02181606#0100190001030200
(1788796817.245177) can0 04FF3604#0005000300C80100
(1788796817.272180) can0 02203606#0101000100010000
(1788796817.275179) can0 05FF4610#0000D0DAFFFFFFA3
(1788796817.275269) can0 04FF3604#0004000300C80100
(1788796817.278244) can0 03FF1000#0840112200000001
(1788796817.289181) can0 03FF1001#0000000000000000
(1788796817.299181) can0 03FF1603#0000D05700000000
(1788796817.302180) can0 02181608#0500000001000000
(1788796817.305181) can0 04FF3604#0004000300C80100
(1788796817.310182) can0 03FF1605#0100000000000000
(1788796817.320182) can0 03121606#0000000000000000
(1788796817.332182) can0 02181609#0000000000000000
(1788796817.335182) can0 04FF3604#0005000300C80100
(1788796817.362184) can0 02488600#0000000000000000
(1788796817.365184) can0 04FF3604#0004000300C80100
(1788796817.383208) can0 03FF1000#0840112200000001
(1788796817.392186) can0 02191501#
(1788796817.394186) can0 03FF1001#0000000000000000
(1788796817.395185) can0 04FF3604#0003000300C80100
(1788796817.404198) can0 03FF1603#0000D05700000000
(1788796817.415187) can0 03FF1605#0100000000000000
(1788796817.425188) can0 04FF3604#0006000300C80100
(1788796817.425450) can0 03FF1501#0000004A00000000
(1788796817.435188) can0 04FF3602#0000000000000000
(1788796817.455191) can0 04FF3604#0005000300C80100
(1788796817.485191) can0 04FF3604#0003000300C80100
(1788796817.488225) can0 03FF1000#0840112200000001
(1788796817.499191) can0 03FF1001#0000000000000000
(1788796817.509193) can0 03FF1603#0000D05700000000
(1788796817.515193) can0 04FF3604#0003000300C80100
(1788796817.520192) can0 03FF1605#0100000000000000
(1788796817.545194) can0 04FF3604#0005000300C80100
(1788796817.549194) can0 05FF4610#0000D0DAFFFFFFA3
(1788796817.575196) can0 04FF3604#0005000300C80100
(1788796817.593220) can0 03FF1000#0840112200000001
(1788796817.604197) can0 03FF1001#0000000000000000
(1788796817.605196) can0 04FF3604#0006000300C80100
(1788796817.614198) can0 03FF1603#0000D05700000000
(1788796817.625199) can0 03FF1605#0100000000000000
(1788796817.635198) can0 04FF3604#0004000300C80100
(1788796817.665201) can0 04FF3604#0004000300C80100
(1788796817.695202) can0 04FF3604#0003000300C80100
(1788796817.698202) can0 03FF1000#0840112200000001
(1788796817.702422) can0 02FF2605#0000060907060007
(1788796817.709202) can0 03FF1001#0000000000000000
(1788796817.719204) can0 03FF1603#0000D05700000000
(1788796817.725203) can0 04FF3604#0003000300C80100
(1788796817.730204) can0 03FF1605#0100000000000000
(1788796817.733204) can0 02FF2604#0000000000000000
(1788796817.755205) can0 04FF3604#0005000300C80100
(1788796817.763206) can0 02FF2704#0200000000000000
(1788796817.785206) can0 04FF3604#0005000300C80100
(1788796817.793207) can0 0260B606#0100000000000000
(1788796817.803254) can0 03FF1000#0840112200000001
(1788796817.814208) can0 03FF1001#0000000000000000
(1788796817.815208) can0 04FF3604#0003000300C80100
(1788796817.823209) can0 02203607#0000000300000000
(1788796817.824208) can0 03FF1603#0000D05700000000
(1788796817.835209) can0 03FF1605#0100000000000000
(1788796817.840210) can0 05FF4610#0000D0DCFFFFFFA3
(1788796817.845211) can0 04FF3604#0005000300C80100
(1788796817.848210) can0 05FF4001#0000000000000000
(1788796817.850210) can0 05FF4000#0000000000000000
(1788796817.875212) can0 04FF3604#0006000300C80100
(1788796817.898213) can0 03FF1600#142B000104001319
(1788796817.905213) can0 04FF3604#0003000300C80100
(1788796817.908213) can0 03FF1601#6E50000000000000
(1788796817.919213) can0 03FF1602#000005000000157C
(1788796817.929214) can0 03FF1604#0000000000000000
(1788796817.930243) can0 05FF4602#0B10101010101010
(1788796817.935215) can0 04FF3602#0000000000000000
(1788796817.935455) can0 04FF3604#0005000300C80100
(1788796817.940221) can0 03FF1000#0840112200000001
(1788796817.941215) can0 05FF4603#11100F1013101310
(1788796817.950217) can0 03FF1001#0000000000000000
(1788796817.951216) can0 05FF4604#1110111014101510
(1788796817.961218) can0 03FF1603#0000D05700000000
(1788796817.961295) can0 05FF4605#1010000000000000
(1788796817.965217) can0 04FF3604#0003000300C80100
(1788796817.971218) can0 03FF1605#0100000000000000
(1788796817.991218) can0 05FF4606#1E1E1D
(1788796817.995218) can0 04FF3604#0005000300C80100
(1788796818.001361) can0 05FF4607#1E1D1D
(1788796818.011223) can0 05FF4608#0019007C
(1788796818.013243) can0 03FF1000#0840112200000001
(1788796818.021220) can0 05FF4609#030003CA03CA00
(1788796818.024220) can0 03FF1001#0000000000000000
(1788796818.025220) can0 04FF3604#0006000300C80100
(1788796818.034220) can0 03FF1603#0000D05700000000
(1788796818.045221) can0 03FF1605#0100000000000000
(1788796818.055222) can0 04FF3604#0005000300C80100
(1788796818.085223) can0 04FF3604#0003000300C80100
(1788796818.102225) can0 05FF4610#0000D0DCFFFFFFA3
(1788796818.103224) can0 02181606#0000000000030200
(1788796818.108225) can0 03FF1605#0000000000000000
(1788796818.115225) can0 04FF3604#0006000300C80100
(1788796818.145226) can0 04FF3604#0005000300C80100
(1788796818.175228) can0 04FF3604#0005000300C80100
(1788796818.205230) can0 04FF3604#0004000300C80100
(1788796818.207229) can0 02203606#0201000000000000
(1788796818.233231) can0 02181608#0500000001000000
(1788796818.264487) can0 02181609#0000000000000000
(1788796818.275233) can0 1FF8B028#0000000000000000
(1788796818.285234) can0 03FF1000#0840112200000001
(1788796818.293235) can0 02488600#0000000000000000
(1788796818.295303) can0 03FF1605#0000000000000000
(1788796818.306236) can0 03121606#0100000000000000
(1788796818.323237) can0 02213500#
(1788796818.330236) can0 04F93500#000000EB00000000
(1788796818.379320) can0 03FF1000#0840112200000001
(1788796818.484361) can0 03FF1000#0840112200000001
(1788796818.589302) can0 03FF1000#0840112200000001
(1788796818.694302) can0 03FF1000#0840112200000001
(1788796818.734260) can0 02FF2605#0000060907060008
(1788796818.765294) can0 02FF2604#0000000000000000
(1788796818.799332) can0 03FF1000#0840112200000001
(1788796818.834264) can0 02FF2704#0200000000000000
(1788796818.864523) can0 0260B606#0100000000000000
(1788796818.895270) can0 02203607#0000000300000000
(1788796818.904325) can0 03FF1000#0840112200000001
(1788796818.925269) can0 02181606#0000000000030200
(1788796818.956270) can0 02203606#0200000000000000
(1788796818.985272) can0 02181608#0500000001000000
(1788796819.009395) can0 03FF1000#0840112200000001
(1788796819.016277) can0 02181609#0000000000000000
(1788796819.020273) can0 03121606#0100000000000000
(1788796819.046276) can0 02488600#0000000000000000
(1788796819.098366) can0 02213501#
(1788796819.105281) can0 04F93501#0000000400000000
(1788796819.114313) can0 03FF1000#0840112200000001
(1788796819.219319) can0 03FF1000#0840112200000001
(1788796819.227446) can0 02181606#0000000000030200
(1788796819.228284) can0 02203606#0200000000000000
(1788796819.234285) can0 02181606#0000000000030200
(1788796819.234351) can0 02203606#0200000000000000
(1788796819.244285) can0 02181606#0000000000030200
(1788796819.244358) can0 02203606#0200000000000000
(1788796819.324348) can0 03FF1000#0840112200000001
(1788796819.335290) can0 03121606#0100000000000000
(1788796819.429353) can0 03FF1000#0840112200000001
(1788796819.435296) can0 04FF3400#0000000500000000
(1788796819.435443) can0 04FF3603#0300000000000000
(1788796819.440296) can0 03121606#0100000000000000
(1788796819.534398) can0 03FF1000#0840112200000001
(1788796819.545305) can0 03121606#0100000000000000
(1788796819.639347) can0 03FF1000#0840112200000001
(1788796819.744335) can0 03FF1000#0840112200000001
(1788796819.849356) can0 03FF1000#0840112200000001
(1788796819.954362) can0 03FF1000#0840112200000001
(1788796820.059355) can0 03FF1000#0840112200000001
(1788796820.164347) can0 03FF1000#0840112200000001
(1788796820.269342) can0 03FF1000#0840112200000001
(1788796820.374370) can0 03FF1000#0840112200000001
(1788796820.479375) can0 03FF1000#0840112200000001
(1788796820.584373) can0 03FF1000#0840112200000001
(1788796820.689368) can0 03FF1000#0840112200000001
(1788796820.794369) can0 03FF1000#0840112200000001
(1788796820.899388) can0 03FF1000#0840112200000001
(1788796821.004382) can0 03FF1000#0840112200000001
(1788796821.109389) can0 03FF1000#0840112200000001
(1788796821.214395) can0 03FF1000#0840112200000001
(1788796821.319398) can0 03FF1000#0840112200000001
(1788796821.424403) can0 03FF1000#0840112200000001
(1788796821.529412) can0 03FF1000#0840112200000001
(1788796821.634417) can0 03FF1000#0840112200000001
(1788796821.739423) can0 03FF1000#0840112200000001
(1788796821.844440) can0 03FF1000#0840112200000001
(1788796821.949433) can0 03FF1000#0840112200000001
(1788796822.054439) can0 03FF1000#0840112200000001
(1788796822.159444) can0 03FF1000#0840112200000001
(1788796822.264451) can0 03FF1000#0840112200000001
(1788796822.369453) can0 03FF1000#0840112200000001
(1788796822.474458) can0 03FF1000#0840112200000001
(1788796822.579467) can0 03FF1000#0840112200000001
(1788796822.684473) can0 03FF1000#0840112200000001
(1788796822.789477) can0 03FF1000#0840112200000001
(1788796822.894484) can0 03FF1000#0840112200000001
(1788796822.999490) can0 03FF1000#0840112200000001
(1788796823.104496) can0 03FF1000#0840112200000001
(1788796823.209501) can0 03FF1000#0840112200000001
(1788796823.314507) can0 03FF1000#0840112200000001
(1788796823.419510) can0 03FF1000#0840112200000001
(1788796823.524517) can0 03FF1000#0840112200000001
(1788796823.629523) can0 03FF1000#0840112200000001
(1788796823.734531) can0 03FF1000#0840112200000001
(1788796823.839537) can0 03FF1000#0840112200000001
(1788796823.944541) can0 03FF1000#0840112200000001
(1788796824.049546) can0 03FF1000#0840112200000001
(1788796824.154551) can0 03FF1000#0840112200000001
(1788796824.259554) can0 03FF1000#0840112200000001
(1788796824.364561) can0 03FF1000#0840112200000001
(1788796824.469565) can0 03FF1000#0840112200000001
(1788796824.574575) can0 03FF1000#0840112200000001
(1788796824.679578) can0 03FF1000#0840112200000001
(1788796824.784582) can0 03FF1000#0840112200000001
(1788796824.889594) can0 03FF1000#0840112200000001
(1788796824.994597) can0 03FF1000#0840112200000001
(1788796825.099605) can0 03FF1000#0840112200000001
(1788796825.204609) can0 03FF1000#0840112200000001
(1788796825.309610) can0 03FF1000#0840112200000001
(1788796825.414618) can0 03FF1000#0840112200000001
(1788796825.519625) can0 03FF1000#0840112200000001
(1788796825.624630) can0 03FF1000#0840112200000001
(1788796825.729636) can0 03FF1000#0840112200000001
(1788796825.834641) can0 03FF1000#0840112200000001
(1788796825.939649) can0 03FF1000#0840112200000001
(1788796826.044654) can0 03FF1000#0840112200000001
