(1788801010.479222) can0 03FF1000#0840112200000001
(1788801010.584225) can0 03FF1000#0840112200000001
(1788801010.689231) can0 03FF1000#0840112200000001
(1788801010.794256) can0 03FF1000#0840112200000001
(1788801010.899255) can0 03FF1000#0840112200000001
(1788801011.004236) can0 03FF1000#0840112200000001
(1788801011.109230) can0 03FF1000#0840112200000001
(1788801011.214236) can0 03FF1000#0840112200000001
(1788801011.319263) can0 03FF1000#0840112200000001
(1788801011.424269) can0 03FF1000#0840112200000001
(1788801011.529241) can0 03FF1000#0840112200000001
(1788801011.634252) can0 03FF1000#0840112200000001
(1788801011.739250) can0 03FF1000#0840112200000001
(1788801011.844304) can0 03FF1000#0840112200000001
(1788801011.949275) can0 03FF1000#0840112200000001
(1788801012.054251) can0 03FF1000#0840112200000001
(1788801012.159262) can0 03FF1000#0840112200000001
(1788801012.264256) can0 03FF1000#0840112200000001
(1788801012.369309) can0 03FF1000#0840112200000001
(1788801012.474278) can0 03FF1000#0840112200000001
(1788801012.579283) can0 03FF1000#0840112200000001
(1788801012.684269) can0 03FF1000#0840112200000001
(1788801012.789282) can0 03FF1000#0840112200000001
(1788801012.894307) can0 03FF1000#0840112200000001
(1788801012.999296) can0 03FF1000#0840112200000001
(1788801013.104291) can0 03FF1000#0840112200000001
(1788801013.209286) can0 03FF1000#0840112200000001
(1788801013.314284) can0 03FF1000#0840112200000001
(1788801013.419305) can0 03FF1000#0840112200000001
(1788801013.524312) can0 03FF1000#0840112200000001
(1788801013.629292) can0 03FF1000#0840112200000001
(1788801013.734301) can0 03FF1000#0840112200000001
(1788801013.839292) can0 03FF1000#0840112200000001
(1788801013.944310) can0 03FF1000#0840112200000001
(1788801014.049327) can0 03FF1000#0840112200000001
(1788801014.154304) can0 03FF1000#0840112200000001
(1788801014.259305) can0 03FF1000#0840112200000001
(1788801014.364299) can0 03FF1000#0840112200000001
(1788801014.469338) can0 03FF1000#0840112200000001
(1788801014.574339) can0 03FF1000#0840112200000001
(1788801014.679314) can0 03FF1000#0840112200000001
(1788801014.784334) can0 03FF1000#0840112200000001
(1788801014.889315) can0 03FF1000#0840112200000001
(1788801014.994355) can0 03FF1000#0840112200000001
(1788801015.099337) can0 03FF1000#0840112200000001
(1788801015.204401) can0 03FF1000#0840112200000001
(1788801015.309329) can0 03FF1000#0840112200000001
(1788801015.414337) can0 03FF1000#0840112200000001
(1788801015.519360) can0 03FF1000#0840112200000001
(1788801015.624354) can0 03FF1000#0840112200000001
(1788801015.729407) can0 03FF1000#0840112200000001
(1788801015.834343) can0 03FF1000#0840112200000001
(1788801015.939348) can0 03FF1000#0840112200000001
(1788801016.044377) can0 03FF1000#0840112200000001
(1788801016.149371) can0 03FF1000#0840112200000001
(1788801016.254365) can0 03FF1000#0840112200000001
(1788801016.359372) can0 03FF1000#0840112200000001
(1788801016.464376) can0 03FF1000#0840112200000001
(1788801016.569383) can0 03FF1000#0840112200000001
(1788801016.674385) can0 03FF1000#0840112200000001
(1788801016.779390) can0 03FF1000#0840112200000001
(1788801016.884400) can0 03FF1000#0840112200000001
(1788801016.989405) can0 03FF1000#0840112200000001
(1788801017.094409) can0 03FF1000#0840112200000001
(1788801017.199414) can0 03FF1000#0840112200000001
(1788801017.304419) can0 03FF1000#0840112200000001
(1788801017.409426) can0 03FF1000#0840112200000001
(1788801017.514432) can0 03FF1000#0840112200000001
(1788801017.619437) can0 03FF1000#0840112200000001
(1788801017.724440) can0 03FF1000#0840112200000001
(1788801017.829447) can0 03FF1000#0840112200000001
(1788801017.934455) can0 03FF1000#0840112200000001
(1788801018.039461) can0 03FF1000#0840112200000001
(1788801018.144465) can0 03FF1000#0840112200000001
(1788801018.249468) can0 03FF1000#0840112200000001
(1788801018.354475) can0 03FF1000#0840112200000001
(1788801018.459482) can0 03FF1000#0840112200000001
(1788801018.564489) can0 03FF1000#0840112200000001
(1788801018.669493) can0 03FF1000#0840112200000001
(1788801018.774496) can0 03FF1000#0840112200000001
(1788801018.879505) can0 03FF1000#0840112200000001
(1788801018.984513) can0 03FF1000#0840112200000001
(1788801019.089517) can0 03FF1000#0840112200000001
(1788801019.194524) can0 03FF1000#0840112200000001
(1788801019.299527) can0 03FF1000#0840112200000001
(1788801019.398567) can0 04FF3400#000001A900000000
(1788801019.399530) can0 04FF3603#0300000000000000
(1788801019.404529) can0 03FF1000#0840112200000001
(1788801019.509540) can0 03FF1000#0840112200000001
(1788801019.614543) can0 03FF1000#0840112200000001
(1788801019.719547) can0 03FF1000#0840112200000001
(1788801019.824555) can0 03FF1000#0840112200000001
(1788801019.929561) can0 03FF1000#0840112200000001
(1788801020.034568) can0 03FF1000#0840112200000001
(1788801020.139571) can0 03FF1000#0840112200000001
(1788801020.244577) can0 03FF1000#0840112200000001
(1788801020.349582) can0 03FF1000#0840112200000001
(1788801020.454587) can0 03FF1000#0840112200000001
(1788801020.559595) can0 03FF1000#0840112200000001
(1788801020.664599) can0 03FF1000#0840112200000001
(1788801020.769604) can0 03FF1000#0840112200000001
(1788801020.874611) can0 03FF1000#0840112200000001
(1788801020.979616) can0 03FF1000#0840112200000001
(1788801021.084622) can0 03FF1000#0840112200000001
(1788801021.189625) can0 03FF1000#0840112200000001
(1788801021.294633) can0 03FF1000#0840112200000001
(1788801021.399637) can0 03FF1000#0840112200000001
(1788801021.504646) can0 03FF1000#0840112200000001
(1788801021.609653) can0 03FF1000#0840112200000001
(1788801021.714654) can0 03FF1000#0840112200000001
(1788801021.819663) can0 03FF1000#0840112200000001
(1788801021.924667) can0 03FF1000#0840112200000001
(1788801022.029674) can0 03FF1000#0840112200000001
(1788801022.134681) can0 03FF1000#0840112200000001
(1788801022.239683) can0 03FF1000#0840112200000001
(1788801022.344688) can0 03FF1000#0840112200000001
(1788801022.449693) can0 03FF1000#0840112200000001
(1788801022.554703) can0 03FF1000#0840112200000001
(1788801022.659709) can0 03FF1000#0840112200000001
(1788801022.764711) can0 03FF1000#0840112200000001
(1788801022.869717) can0 03FF1000#0840112200000001
(1788801022.974724) can0 03FF1000#0840112200000001
(1788801023.079729) can0 03FF1000#0840112200000001
(1788801023.184737) can0 03FF1000#0840112200000001
(1788801023.289739) can0 03FF1000#0840112200000001
(1788801023.394744) can0 03FF1000#0840112200000001
(1788801023.499753) can0 03FF1000#0840112200000001
(1788801023.604758) can0 03FF1000#0840112200000001
(1788801023.709763) can0 03FF1000#0840112200000001
(1788801023.814769) can0 03FF1000#0840112200000001
(1788801023.919774) can0 03FF1000#0840112200000001
(1788801024.024781) can0 03FF1000#0840112200000001
(1788801024.129786) can0 03FF1000#0840112200000001
(1788801024.234791) can0 03FF1000#0840112200000001
(1788801024.339795) can0 03FF1000#0840112200000001
(1788801024.444800) can0 03FF1000#0840112200000001
(1788801024.549809) can0 03FF1000#0840112200000001
(1788801024.654813) can0 03FF1000#0840112200000001
(1788801024.759820) can0 03FF1000#0840112200000001
(1788801024.864824) can0 03FF1000#0840112200000001
(1788801024.969835) can0 03FF1000#0840112200000001
(1788801025.074837) can0 03FF1000#0840112200000001
(1788801025.179845) can0 03FF1000#0840112200000001
(1788801025.284849) can0 03FF1000#0840112200000001
(1788801025.389852) can0 03FF1000#0840112200000001
(1788801025.494860) can0 03FF1000#0840112200000001
(1788801025.599864) can0 03FF1000#0840112200000001
(1788801025.704867) can0 03FF1000#0840112200000001
(1788801025.809877) can0 03FF1000#0840112200000001
(1788801025.914881) can0 03FF1000#0840112200000001
(1788801026.019888) can0 03FF1000#0840112200000001
(1788801026.124892) can0 03FF1000#0840112200000001
(1788801026.229897) can0 03FF1000#0840112200000001
(1788801026.334904) can0 03FF1000#0840112200000001
(1788801026.439907) can0 03FF1000#0840112200000001
(1788801026.544916) can0 03FF1000#0840112200000001
(1788801026.649920) can0 03FF1000#0840112200000001
(1788801026.754924) can0 03FF1000#0840112200000001
(1788801026.859934) can0 03FF1000#0840112200000001
(1788801026.964935) can0 03FF1000#0840112200000001
(1788801027.069944) can0 03FF1000#0840112200000001
(1788801027.174950) can0 03FF1000#0840112200000001
(1788801027.279955) can0 03FF1000#0840112200000001
(1788801027.384960) can0 03FF1000#0840112200000001
(1788801027.489966) can0 03FF1000#0840112200000001
(1788801027.594971) can0 03FF1000#0840112200000001
(1788801027.699975) can0 03FF1000#0840112200000001
(1788801027.804982) can0 03FF1000#0840112200000001
(1788801027.909989) can0 03FF1000#0840112200000001
(1788801028.014995) can0 03FF1000#0840112200000001
(1788801028.119997) can0 03FF1000#0840112200000001
(1788801028.225004) can0 03FF1000#0840112200000001
(1788801028.330008) can0 03FF1000#0840112200000001
(1788801028.435015) can0 03FF1000#0840112200000001
(1788801028.540022) can0 03FF1000#0840112200000001
(1788801028.645026) can0 03FF1000#0840112200000001
(1788801028.750031) can0 03FF1000#0840112200000001
(1788801028.855039) can0 03FF1000#0840112200000001
(1788801028.960045) can0 03FF1000#0840112200000001
(1788801029.065050) can0 03FF1000#0840112200000001
(1788801029.170055) can0 03FF1000#0840112200000001
(1788801029.275059) can0 03FF1000#0840112200000001
(1788801029.380065) can0 03FF1000#0840112200000001
(1788801029.399066) can0 04FF3400#000001AA00000000
(1788801029.485071) can0 03FF1000#0840112200000001
(1788801029.590076) can0 03FF1000#0840112200000001
(1788801029.695083) can0 03FF1000#0840112200000001
(1788801029.800089) can0 03FF1000#0840112200000001
(1788801029.905094) can0 03FF1000#0840112200000001
(1788801030.010102) can0 03FF1000#0840112200000001
(1788801030.115107) can0 03FF1000#0840112200000001
(1788801030.220111) can0 03FF1000#0840112200000001
(1788801030.325117) can0 03FF1000#0840112200000001
(1788801030.430121) can0 03FF1000#0840112200000001
(1788801030.535132) can0 03FF1000#0840112200000001
(1788801030.640133) can0 03FF1000#0840112200000001
(1788801030.745138) can0 03FF1000#0840112200000001
(1788801030.850145) can0 03FF1000#0840112200000001
(1788801030.955149) can0 03FF1000#0840112200000001
(1788801031.005156) can0 02181606#0100120001030200
(1788801031.064155) can0 03FF1000#0840112200000001
(1788801031.075154) can0 03FF1001#0000000000000000
(1788801031.085158) can0 03FF1603#0000D06800000000
(1788801031.096161) can0 03FF1605#0100000000000000
(1788801031.097376) can0 05FF4610#0000D0AFFFFFFFDA
(1788801031.106156) can0 03121606#0100000000000000
(1788801031.115156) can0 02181606#0100120001030200
(1788801031.169160) can0 03FF1000#0840112200000001
(1788801031.180160) can0 03FF1001#0000000000000000
(1788801031.190163) can0 03FF1603#0000D06800000000
(1788801031.201161) can0 03FF1605#0100000000000000
(1788801031.211161) can0 03121606#0000000000000000
(1788801031.225393) can0 05FF4001#0000000000000000
(1788801031.227405) can0 05FF4000#0000000000000000
(1788801031.274166) can0 03FF1000#0840112200000001
(1788801031.285165) can0 03FF1001#0000000000000000
(1788801031.295168) can0 03FF1603#0000D06800000000
(1788801031.306166) can0 03FF1605#0100000000000000
(1788801031.307369) can0 05FF4602#08100E100E100D10
(1788801031.317375) can0 05FF4603#0E100B100F100F10
(1788801031.327403) can0 05FF4604#0C100E1010101110
(1788801031.337411) can0 05FF4605#0C10000000000000
(1788801031.358401) can0 05FF4610#0000D0AFFFFFFFDA
(1788801031.367194) can0 05FF4606#1E1E1E
(1788801031.377216) can0 05FF4607#1E1D1E
(1788801031.379170) can0 03FF1000#0840112200000001
(1788801031.387259) can0 05FF4608#0019007C
(1788801031.390170) can0 03FF1001#0000000000000000
(1788801031.397379) can0 05FF4609#010003CA03CA00
(1788801031.400171) can0 03FF1603#0000D06800000000
(1788801031.411172) can0 03FF1605#0100000000000000
(1788801031.442174) can0 03FF1600#142B000104001312
(1788801031.453174) can0 03FF1601#6E50000000000000
(1788801031.463176) can0 03FF1602#000005000000157C
(1788801031.474177) can0 03FF1604#0000000000000000
(1788801031.484180) can0 03FF1000#0840112200000001
(1788801031.495180) can0 03FF1001#0000000000000000
(1788801031.505178) can0 03FF1603#0000D06800000000
(1788801031.516179) can0 03FF1605#0100000000000000
(1788801031.547319) can0 05FF4400#00000000
(1788801031.589184) can0 03FF1000#0840112200000001
(1788801031.597391) can0 05FF4600#0D0300900303
(1788801031.600182) can0 03FF1001#0000000000000000
(1788801031.610182) can0 03FF1603#0000D06800000000
(1788801031.620184) can0 05FF4610#0000D0AFFFFFFFDA
(1788801031.621182) can0 03FF1605#0100000000000000
(1788801031.647392) can0 05FF4601#007300000000
(1788801031.694189) can0 03FF1000#0840112200000001
(1788801031.705188) can0 03FF1001#0000000000000000
(1788801031.715189) can0 03FF1603#0000D06800000000
(1788801031.726189) can0 03FF1605#0100000000000000
(1788801031.799196) can0 03FF1000#0840112200000001
(1788801031.810194) can0 03FF1001#0000000000000000
(1788801031.820194) can0 03FF1603#0000D06800000000
(1788801031.831197) can0 03FF1605#0100000000000000
(1788801031.904211) can0 03FF1000#0840112200000001
(1788801031.915201) can0 03FF1001#0000000000000000
(1788801031.920199) can0 05FF4610#0000D0ADFFFFFFC4
(1788801031.925200) can0 03FF1603#0000D06800000000
(1788801031.936200) can0 03FF1605#0100000000000000
(1788801032.009208) can0 03FF1000#0840112200000001
(1788801032.020207) can0 03FF1001#0000000000000000
(1788801032.030207) can0 03FF1603#0000D06800000000
(1788801032.041205) can0 03FF1605#0100000000000000
(1788801032.114212) can0 03FF1000#0840112200000001
(1788801032.125210) can0 03FF1001#0000000000000000
(1788801032.135210) can0 03FF1603#0000D06800000000
(1788801032.136210) can0 02FF2602#300B7C5D0D6C460B
(1788801032.137210) can0 02294609#0000000000000000
(1788801032.138211) can0 05124609#030003CA03CA00
(1788801032.146212) can0 03FF1605#0100000000000000
(1788801032.181214) can0 05FF4610#0000D0ADFFFFFFC4
(1788801032.220217) can0 03FF1000#0840112200000001
(1788801032.230216) can0 03FF1001#0000000000000000
(1788801032.241216) can0 03FF1603#0000D06800000000
(1788801032.251217) can0 03FF1605#0100000000000000
(1788801032.267218) can0 05FF4001#0000000000000000
(1788801032.269217) can0 05FF4000#0000000000000000
(1788801032.325222) can0 03FF1000#0840112200000001
(1788801032.335222) can0 03FF1001#0000000000000000
(1788801032.346222) can0 03FF1400#0000000300000000
(1788801032.349222) can0 05FF4602#08100D100E100D10
(1788801032.356223) can0 03FF1603#0000D06800000000
(1788801032.359222) can0 05FF4603#0E100B100F100F10
(1788801032.367224) can0 03FF1605#0100000000000000
(1788801032.369223) can0 05FF4604#0C100E1010101110
(1788801032.379223) can0 05FF4605#0B10000000000000
(1788801032.408354) can0 05FF4606#1E1E1E
(1788801032.418342) can0 05FF4607#1E1D1E
(1788801032.428412) can0 05FF4608#0019007C
(1788801032.430226) can0 03FF1000#0840112200000001
(1788801032.439226) can0 05FF4609#030003CA03CA00
(1788801032.440226) can0 03FF1001#0000000000000000
(1788801032.443227) can0 05FF4610#0000D0ADFFFFFFC4
(1788801032.451228) can0 03FF1603#0000D06800000000
(1788801032.461228) can0 03FF1605#0100000000000000
(1788801032.472229) can0 03FF1600#142B000104001312
(1788801032.482229) can0 03FF1601#6E50000000000000
(1788801032.493232) can0 03FF1602#000005000000157C
(1788801032.503234) can0 03FF1604#0000000000000000
(1788801032.535233) can0 03FF1000#0840112200000001
(1788801032.545237) can0 03FF1001#0000000000000000
(1788801032.556234) can0 03FF1603#0000D06800000000
(1788801032.566234) can0 03FF1605#0100000000000000
(1788801032.640240) can0 03FF1000#0840112200000001
(1788801032.647239) can0 02FF2602#300B7C5D0D6C460B
(1788801032.647293) can0 02294609#0000000000000000
(1788801032.648238) can0 05124609#030003CA03CA00
(1788801032.650237) can0 03FF1001#0000000000000000
(1788801032.661239) can0 03FF1603#0000D06800000000
(1788801032.671239) can0 03FF1605#0100000000000000
(1788801032.716244) can0 05FF4610#0000D0ADFFFFFFC4
(1788801032.745243) can0 03FF1000#0840112200000001
(1788801032.755244) can0 03FF1001#0000000000000000
(1788801032.757243) can0 02203606#0101000100010000
(1788801032.766244) can0 03FF1603#0000D06800000000
(1788801032.776245) can0 03FF1605#0100000000000000
(1788801032.778470) can0 04FF3604#0003000300000100
(1788801032.804248) can0 02181606#0000000000030200
(1788801032.808246) can0 03FF1605#0000000000000000
(1788801032.808452) can0 04FF3604#0004000300000100
(1788801032.838471) can0 04FF3604#0005000300000100
(1788801032.867249) can0 02203606#0200000000000000
(1788801032.868470) can0 04FF3604#0003000300000100
(1788801032.898253) can0 02181608#0500000001000000
(1788801032.929253) can0 02181609#0000000000000000
(1788801032.975256) can0 1FF8B028#0000000000000000
(1788801032.983256) can0 02488600#0000000000000000
(1788801032.985256) can0 03FF1000#0840112200000001
(1788801032.995259) can0 03FF1605#0000000000000000
(1788801033.006260) can0 03121606#0100000000000000
(1788801033.007257) can0 02294500#
(1788801033.008291) can0 05124500#0500
(1788801033.037433) can0 02FF2605#0000060907070008
(1788801033.069304) can0 02FF2604#0000000000000000
(1788801033.079274) can0 03FF1000#0840112200000001
(1788801033.097450) can0 02FF2704#0200000000000000
(1788801033.128265) can0 0260B606#0100000000000000
(1788801033.158266) can0 02203607#0000000300000000
(1788801033.184267) can0 03FF1000#0840112200000001
(1788801033.189270) can0 02F82400#0000000000000000
(1788801033.219443) can0 02FF2602#C07B6C5D2D5E0467
(1788801033.249270) can0 02181606#0100120001030200
(1788801033.277516) can0 02203606#0100000100010000
(1788801033.288457) can0 04FF3604#0004000300000000
(1788801033.294273) can0 03FF1000#0840112200000001
(1788801033.305274) can0 03FF1001#0000000000000000
(1788801033.308273) can0 02181608#0500000001000000
(1788801033.315274) can0 03FF1603#0000D06800000000
(1788801033.318435) can0 04FF3604#0004000300C80000
(1788801033.326275) can0 03FF1605#0100000000000000
(1788801033.328277) can0 05FF4610#0000D0B0FFFFFFCA
(1788801033.336276) can0 03121606#0100000000000000
(1788801033.340275) can0 02181609#0000000000000000
(1788801033.348438) can0 04FF3604#0005000300C80000
(1788801033.367392) can0 02488600#0000000000000000
(1788801033.378439) can0 04FF3604#0004000300C80000
(1788801033.398454) can0 04FF3602#0000000000000000
(1788801033.399278) can0 02294501#
(1788801033.399333) can0 03FF1000#0840112200000001
(1788801033.400278) can0 05124501#0103
(1788801033.408441) can0 04FF3604#0004000300C80000
(1788801033.410278) can0 03FF1001#0000000000000000
(1788801033.420279) can0 03FF1603#0000D06800000000
(1788801033.429280) can0 02FF2605#0000060907070000
(1788801033.431279) can0 03FF1605#0100000000000000
(1788801033.438443) can0 04FF3604#0004000300C80000
(1788801033.456282) can0 05FF4001#0000000000000000
(1788801033.458281) can0 05FF4000#0000000000000000
(1788801033.458336) can0 02FF2604#0000000000000000
(1788801033.462281) can0 03FF1600#142B000104001312
(1788801033.468467) can0 04FF3604#0004000300C80000
(1788801033.473282) can0 03FF1601#6E50000000000000
(1788801033.483283) can0 03FF1602#000005000000157C
(1788801033.488286) can0 02FF2704#0200000000000000
(1788801033.494284) can0 03FF1604#0000000000000000
(1788801033.498449) can0 04FF3604#0004000300C80000
(1788801033.504283) can0 03FF1000#0840112200000001
(1788801033.515285) can0 03FF1001#0000000000000000
(1788801033.518445) can0 0260B606#0100000000000000
(1788801033.525284) can0 03FF1603#0000D06800000000
(1788801033.528442) can0 04FF3604#0005000400C80000
(1788801033.536286) can0 03FF1605#0100000000000000
(1788801033.538285) can0 05FF4602#08100E100E100D10
(1788801033.548288) can0 05FF4603#0E100C100F100F10
(1788801033.550286) can0 02203607#0000000300000000
(1788801033.558289) can0 05FF4604#0C100E1010101110
(1788801033.558422) can0 04FF3604#0005000300C80000
(1788801033.568287) can0 05FF4605#0C10000000000000
(1788801033.578288) can0 02181606#0100120001030200
(1788801033.588442) can0 04FF3604#0005000300C80000
(1788801033.589288) can0 05FF4610#0000D0B0FFFFFFCA
(1788801033.597439) can0 05FF4606#1E1E1E
(1788801033.607447) can0 05FF4607#1E1D1E
(1788801033.609289) can0 02203606#0101000100010000
(1788801033.609344) can0 03FF1000#0840112200000001
(1788801033.617487) can0 05FF4608#0019007C
(1788801033.618424) can0 04FF3604#0003000300C80100
(1788801033.620289) can0 03FF1001#0000000000000000
(1788801033.628291) can0 05FF4609#030003CA03CA00
(1788801033.630291) can0 03FF1603#0000D06800000000
(1788801033.641292) can0 03FF1605#0100000000000000
(1788801033.648443) can0 04FF3604#0004000300C80100
(1788801033.651291) can0 03121606#0000000000000000
(1788801033.652291) can0 02181608#0500000001000000
(1788801033.678427) can0 04FF3604#0006000300C80100
(1788801033.679293) can0 02181609#0000000000000000
(1788801033.708297) can0 02488600#0000000000000000
(1788801033.708453) can0 04FF3604#0006000300C80100
(1788801033.714295) can0 03FF1000#0840112200000001
(1788801033.725295) can0 03FF1001#0000000000000000
(1788801033.735296) can0 03FF1603#0000D06800000000
(1788801033.738448) can0 04FF3604#0007000300C80100
(1788801033.746297) can0 03FF1605#0100000000000000
(1788801033.768437) can0 04FF3604#0005000400C80100
(1788801033.778299) can0 02191500#
(1788801033.789509) can0 05FF4400#00000001
(1788801033.798300) can0 03FF1500#000000C300000000
(1788801033.799303) can0 04FF3604#0005000300C80100
(1788801033.811301) can0 02FF2605#0000060907070001
(1788801033.819301) can0 03FF1000#0840112200000001
(1788801033.828427) can0 04FF3604#0005000300C80100
(1788801033.830301) can0 03FF1001#0000000000000000
(1788801033.838302) can0 02FF2604#0000000000000000
(1788801033.840301) can0 03FF1603#0000D06800000000
(1788801033.851303) can0 03FF1605#0100000000000000
(1788801033.858430) can0 04FF3604#0005000300C80100
(1788801033.867304) can0 05FF4600#0D0300900303
(1788801033.869303) can0 02FF2704#0200000000000000
(1788801033.888427) can0 04FF3604#0005000300C80100
(1788801033.889304) can0 05FF4610#0000D0ACFFFFFFA9
(1788801033.898456) can0 04FF3602#0000000000000000
(1788801033.917307) can0 05FF4601#007300000000
(1788801033.918429) can0 04FF3604#0004000300C80100
(1788801033.920306) can0 0260B606#0100000000000000
(1788801033.924306) can0 03FF1000#0840112200000001
(1788801033.935307) can0 03FF1001#0000000000000000
(1788801033.945307) can0 03FF1603#0000D06800000000
(1788801033.948423) can0 04FF3604#0003000300C80100
(1788801033.949307) can0 02203607#0000000300000000
(1788801033.956308) can0 03FF1605#0100000000000000
(1788801033.978432) can0 04FF3604#0002000300C80100
(1788801034.008441) can0 04FF3604#0006000300C80100
(1788801034.029314) can0 03FF1000#0840112200000001
(1788801034.038428) can0 04FF3604#0004000300C80100
(1788801034.040314) can0 03FF1001#0000000000000000
(1788801034.050313) can0 03FF1603#0000D06800000000
(1788801034.061315) can0 03FF1605#0100000000000000
(1788801034.068442) can0 04FF3604#0003000300C80100
(1788801034.098446) can0 04FF3604#0003000300C80100
(1788801034.128422) can0 04FF3604#0002000400C80100
(1788801034.134317) can0 03FF1000#0840112200000001
(1788801034.145318) can0 03FF1001#0000000000000000
(1788801034.150319) can0 05FF4610#0000D0ACFFFFFFA9
(1788801034.155318) can0 03FF1603#0000D06800000000
(1788801034.158445) can0 04FF3604#0005000300C80100
(1788801034.166320) can0 03FF1605#0100000000000000
(1788801034.188422) can0 04FF3604#0005000300C80100
(1788801034.218438) can0 04FF3604#0005000300C80100
(1788801034.239324) can0 03FF1000#0840112200000001
(1788801034.248439) can0 04FF3604#0005000300C80100
(1788801034.250323) can0 03FF1001#0000000000000000
(1788801034.260325) can0 03FF1603#0000D06800000000
(1788801034.271324) can0 03FF1605#0100000000000000
(1788801034.278441) can0 04FF3604#0002000300C80100
(1788801034.299327) can0 02181606#0100120001030200
(1788801034.308431) can0 04FF3604#0005000300C80100
(1788801034.328329) can0 02203606#0101000100010000
(1788801034.338433) can0 04FF3604#0006000400C80100
(1788801034.344329) can0 03FF1000#0840112200000001
(1788801034.355330) can0 03FF1001#0000000000000000
(1788801034.358329) can0 02181608#0500000001000000
(1788801034.365329) can0 03FF1603#0000D06800000000
(1788801034.368434) can0 04FF3604#0005000400C80100
(1788801034.376330) can0 03FF1605#0100000000000000
(1788801034.386332) can0 03121606#0000000000000000
(1788801034.390471) can0 02181609#0000000000000000
(1788801034.398442) can0 04FF3602#0000000000000000
(1788801034.399331) can0 04FF3604#0005000300C80100
(1788801034.411333) can0 05FF4610#0000D0ACFFFFFFA9
(1788801034.418332) can0 02488600#0000000000000000
(1788801034.428433) can0 04FF3604#0006000300C80100
(1788801034.448334) can0 02191501#
(1788801034.449334) can0 03FF1000#0840112200000001
(1788801034.458439) can0 04FF3604#0004000300C80100
(1788801034.460334) can0 03FF1001#0000000000000000
(1788801034.470335) can0 03FF1603#0000D06800000000
(1788801034.481336) can0 03FF1605#0100000000000000
(1788801034.488433) can0 04FF3604#0005000300C80100
(1788801034.491339) can0 03FF1501#0000004A00000000
(1788801034.496337) can0 05FF4001#0000000000000000
(1788801034.498340) can0 05FF4000#0000000000000000
(1788801034.502337) can0 03FF1600#142B000104001312
(1788801034.512337) can0 03FF1601#6E50000000000000
(1788801034.518420) can0 04FF3604#0003000300C80100
(1788801034.523338) can0 03FF1602#000005000000157C
(1788801034.533339) can0 03FF1604#0000000000000000
(1788801034.548432) can0 04FF3604#0006000300C80100
(1788801034.554342) can0 03FF1000#0840112200000001
(1788801034.565343) can0 03FF1001#0000000000000000
(1788801034.575341) can0 03FF1603#0000D06800000000
(1788801034.578341) can0 05FF4602#08100D100E100D10
(1788801034.578443) can0 04FF3604#0006000300C80100
(1788801034.586342) can0 03FF1605#0100000000000000
(1788801034.588341) can0 05FF4603#0E100B100F100F10
(1788801034.598345) can0 05FF4604#0C100D1010101110
(1788801034.608344) can0 05FF4605#0B10000000000000
(1788801034.608421) can0 04FF3604#0008000300C80100
(1788801034.637565) can0 05FF4606#1E1E1E
(1788801034.638413) can0 04FF3604#0004000300C80100
(1788801034.647587) can0 05FF4607#1E1D1E
(1788801034.658346) can0 05FF4608#0019007C
(1788801034.659345) can0 03FF1000#0840112200000001
(1788801034.668346) can0 05FF4609#030003CA03CA00
(1788801034.668413) can0 04FF3604#0004000300C80100
(1788801034.670346) can0 03FF1001#0000000000000000
(1788801034.672346) can0 05FF4610#0000D0ACFFFFFFA9
(1788801034.680347) can0 03FF1603#0000D06800000000
(1788801034.691349) can0 03FF1605#0100000000000000
(1788801034.698428) can0 04FF3604#0004000300C80100
(1788801034.728442) can0 04FF3604#0005000300C80100
(1788801034.758433) can0 04FF3604#0004000300C80100
(1788801034.764351) can0 03FF1000#0840112200000001
(1788801034.775352) can0 03FF1001#0000000000000000
(1788801034.785353) can0 03FF1603#0000D06800000000
(1788801034.788428) can0 04FF3604#0005000300C80100
(1788801034.796356) can0 03FF1605#0100000000000000
(1788801034.799357) can0 02FF2605#0000060907070002
(1788801034.818429) can0 04FF3604#0004000300C80100
(1788801034.829359) can0 02FF2604#0000000000000000
(1788801034.848430) can0 04FF3604#0004000300C80100
(1788801034.859358) can0 02FF2704#0200000000000000
(1788801034.869359) can0 03FF1000#0840112200000001
(1788801034.878428) can0 04FF3604#0005000300C80100
(1788801034.880359) can0 03FF1001#0000000000000000
(1788801034.890362) can0 03FF1603#0000D06800000000
(1788801034.891362) can0 0260B606#0100000000000000
(1788801034.898448) can0 04FF3602#0000000000000000
(1788801034.901359) can0 03FF1605#0100000000000000
(1788801034.908431) can0 04FF3604#0006000300C80100
(1788801034.919361) can0 02203607#0000000300000000
(1788801034.938416) can0 04FF3604#0003000300C80100
(1788801034.968434) can0 04FF3604#0009000300C80100
(1788801034.972364) can0 05FF4610#0000D0ABFFFFFF9E
(1788801034.974363) can0 03FF1000#0840112200000001
(1788801034.985365) can0 03FF1001#0000000000000000
(1788801034.995368) can0 03FF1603#0000D06800000000
(1788801034.998449) can0 04FF3604#0003000300C80100
(1788801035.006368) can0 03FF1605#0100000000000000
(1788801035.028419) can0 04FF3604#0005000300C80100
(1788801035.058415) can0 04FF3604#0003000300C80100
(1788801035.069371) can0 02181606#0100120001030200
(1788801035.079371) can0 03FF1000#0840112200000001
(1788801035.088412) can0 04FF3604#0003000300C80100
(1788801035.090373) can0 03FF1001#0000000000000000
(1788801035.099373) can0 02203606#0101000100010000
(1788801035.100370) can0 03FF1603#0000D06800000000
(1788801035.111371) can0 03FF1605#0100000000000000
(1788801035.118419) can0 04FF3604#0004000300C80100
(1788801035.129372) can0 02181608#0500000001000000
(1788801035.148430) can0 04FF3604#0004000300C80100
(1788801035.159374) can0 02181609#0000000000000000
(1788801035.178422) can0 04FF3604#0003000300C80100
(1788801035.184375) can0 03FF1000#0840112200000001
(1788801035.190378) can0 02488600#0000000000000000
(1788801035.195378) can0 03FF1001#0000000000000000
(1788801035.205377) can0 03FF1603#0000D06800000000
(1788801035.208423) can0 04FF3604#0005000300C80100
(1788801035.216378) can0 03FF1605#0100000000000000
(1788801035.219377) can0 02213500#
(1788801035.226377) can0 03121606#0000000000000000
(1788801035.228424) can0 04F93500#000000EB00000000
(1788801035.234378) can0 05FF4610#0000D0ABFFFFFF9E
(1788801035.238430) can0 04FF3604#0004000300C80100
(1788801035.268437) can0 04FF3604#0005000300C80100
(1788801035.289381) can0 03FF1000#0840112200000001
(1788801035.298430) can0 04FF3604#0006000300C80100
(1788801035.300384) can0 03FF1001#0000000000000000
(1788801035.310382) can0 03FF1603#0000D06800000000
(1788801035.321384) can0 03FF1605#0100000000000000
(1788801035.328431) can0 04FF3604#0003000300C80100
(1788801035.358433) can0 04FF3604#0006000300C80100
(1788801035.388433) can0 04FF3604#0005000300C80100
(1788801035.394389) can0 03FF1000#0840112200000001
(1788801035.398435) can0 04FF3602#0000000000000000
(1788801035.405387) can0 03FF1001#0000000000000000
(1788801035.415388) can0 03FF1603#0000D06800000000
(1788801035.418422) can0 04FF3604#0007000300C80100
(1788801035.426388) can0 03FF1605#0100000000000000
(1788801035.448420) can0 04FF3604#0005000300C80100
(1788801035.478391) can0 03FF1600#142B000104001312
(1788801035.479391) can0 04FF3604#0003000300C80100
(1788801035.489395) can0 03FF1601#6E50000000000000
(1788801035.497395) can0 05FF4610#0000D0ABFFFFFF9E
(1788801035.499395) can0 03FF1602#000005000000157C
(1788801035.508430) can0 04FF3604#0004000300C80100
(1788801035.510393) can0 03FF1604#0000000000000000
(1788801035.520394) can0 03FF1000#0840112200000001
(1788801035.531395) can0 03FF1001#0000000000000000
(1788801035.538441) can0 04FF3604#0005000300C80100
(1788801035.539394) can0 05FF4001#0000000000000000
(1788801035.541394) can0 05FF4000#0000000000000000
(1788801035.541589) can0 03FF1603#0000D06800000000
(1788801035.552394) can0 03FF1605#0100000000000000
(1788801035.568431) can0 04FF3604#0005000400C80100
(1788801035.598436) can0 04FF3604#0006000300C80100
(1788801035.604400) can0 03FF1000#0840112200000001
(1788801035.615398) can0 03FF1001#0000000000000000
(1788801035.621399) can0 05FF4602#07100D100E100D10
(1788801035.625399) can0 03FF1603#0000D06800000000
(1788801035.628422) can0 04FF3604#0004000300C80100
(1788801035.631399) can0 05FF4603#0E100B100E100F10
(1788801035.636399) can0 03FF1605#0100000000000000
(1788801035.641399) can0 05FF4604#0C100D1010101110
(1788801035.651400) can0 05FF4605#0C10000000000000
(1788801035.658435) can0 04FF3604#0004000300C80100
(1788801035.681402) can0 05FF4606#1E1E1E
(1788801035.688414) can0 04FF3604#0004000300C80100
(1788801035.703406) can0 05FF4607#1E1D1E
(1788801035.709405) can0 03FF1000#0840112200000001
(1788801035.713404) can0 05FF4608#0019007C
(1788801035.718423) can0 04FF3604#0005000300C80100
(1788801035.720404) can0 03FF1001#0000000000000000
(1788801035.724404) can0 05FF4609#030003CA03CA00
(1788801035.730404) can0 03FF1603#0000D06800000000
(1788801035.741406) can0 03FF1605#0100000000000000
(1788801035.748428) can0 04FF3604#0004000300C80100
(1788801035.771408) can0 05FF4610#0000D0ABFFFFFF9E
(1788801035.778430) can0 04FF3604#0005000300C80100
(1788801035.808424) can0 04FF3604#0003000300C80100
(1788801035.810411) can0 02FF2605#0000060907070003
(1788801035.814411) can0 03FF1000#0840112200000001
(1788801035.825411) can0 03FF1001#0000000000000000
(1788801035.835413) can0 03FF1603#0000D06800000000
(1788801035.838412) can0 04FF3604#0005000300C80100
(1788801035.840410) can0 02FF2604#0000000000000000
(1788801035.846411) can0 03FF1605#0100000000000000
(1788801035.868424) can0 04FF3604#0005000300C80100
(1788801035.870412) can0 02FF2704#0200000000000000
(1788801035.898439) can0 04FF3602#0000000000000000
(1788801035.899416) can0 04FF3604#0005000300C80100
(1788801035.900413) can0 0260B606#0100000000000000
(1788801035.919415) can0 03FF1000#0840112200000001
(1788801035.928426) can0 04FF3604#0004000300C80100
(1788801035.930415) can0 03FF1001#0000000000000000
(1788801035.930471) can0 02203607#0000000300000000
(1788801035.940416) can0 03FF1603#0000D06800000000
(1788801035.951417) can0 03FF1605#0100000000000000
(1788801035.958418) can0 04FF3604#0004000300C80100
(1788801035.960416) can0 02181606#0100120001030200
(1788801035.988418) can0 04FF3604#0004000300C80100
(1788801035.990421) can0 02203606#0101000100010000
(1788801036.018424) can0 04FF3604#0005000300C80100
(1788801036.020422) can0 02181608#0500000001000000
(1788801036.024420) can0 03FF1000#0840112200000001
(1788801036.035420) can0 03FF1001#0000000000000000
(1788801036.045422) can0 03FF1603#0000D06800000000
(1788801036.048421) can0 04FF3604#0005000300C80100
(1788801036.056422) can0 03FF1605#0100000000000000
(1788801036.059422) can0 05FF4610#0000D0ACFFFFFFA3
(1788801036.066422) can0 03121606#0000000000000000
(1788801036.067422) can0 02181609#0000000000000000
(1788801036.078423) can0 04FF3604#0003000300C80100
(1788801036.090428) can0 02488600#0000000000000000
(1788801036.108427) can0 04FF3604#0004000300C80100
(1788801036.120426) can0 02213501#
(1788801036.128426) can0 04F93501#0000000400000000
(1788801036.129426) can0 03FF1000#0840112200000001
(1788801036.138427) can0 04FF3604#0006000300C80100
(1788801036.140426) can0 03FF1001#0000000000000000
(1788801036.150427) can0 03FF1603#0000D06800000000
(1788801036.161428) can0 03FF1605#0100000000000000
(1788801036.168435) can0 04FF3604#0004000300C80100
(1788801036.198432) can0 04FF3604#0003000300C80100
(1788801036.228433) can0 04FF3604#0006000300C80100
(1788801036.234432) can0 03FF1000#0840112200000001
(1788801036.245432) can0 03FF1001#0000000000000000
(1788801036.255432) can0 03FF1603#0000D06800000000
(1788801036.258432) can0 04FF3604#0004000300C80100
(1788801036.266433) can0 03FF1605#0100000000000000
(1788801036.288434) can0 04FF3604#0005000300C80100
(1788801036.318438) can0 04FF3604#0004000300C80100
(1788801036.320439) can0 05FF4610#0000D0ACFFFFFFA3
(1788801036.339440) can0 03FF1000#0840112200000001
(1788801036.348441) can0 04FF3604#0004000400C80100
(1788801036.350438) can0 03FF1001#0000000000000000
(1788801036.360438) can0 03FF1603#0000D06800000000
(1788801036.371439) can0 03FF1605#0100000000000000
(1788801036.378439) can0 04FF3604#0004000300C80100
(1788801036.398454) can0 04FF3602#0000000000000000
(1788801036.408559) can0 04FF3604#0005000300C80100
(1788801036.438443) can0 04FF3604#0006000300C80100
(1788801036.444442) can0 03FF1000#0840112200000001
(1788801036.455443) can0 03FF1001#0000000000000000
(1788801036.465444) can0 03FF1603#0000D06800000000
(1788801036.468443) can0 04FF3604#0006000300C80100
(1788801036.476445) can0 03FF1605#0100000000000000
(1788801036.486445) can0 03FF1600#142B000104001312
(1788801036.497448) can0 03FF1601#6E50000000000000
(1788801036.498448) can0 04FF3604#0004000300C80100
(1788801036.507448) can0 03FF1602#000005000000157C
(1788801036.518450) can0 03FF1604#0000000000000000
(1788801036.528448) can0 04FF3604#0003000300C80100
(1788801036.549449) can0 03FF1000#0840112200000001
(1788801036.558449) can0 04FF3604#0005000300C80100
(1788801036.560449) can0 03FF1001#0000000000000000
(1788801036.570450) can0 03FF1603#0000D06800000000
(1788801036.580461) can0 02181606#0100120001030200
(1788801036.581452) can0 03FF1605#0100000000000000
(1788801036.583451) can0 05FF4001#0000000000000000
(1788801036.584450) can0 05FF4610#0000D0ACFFFFFFA3
(1788801036.585450) can0 05FF4000#0000000000000000
(1788801036.588450) can0 04FF3604#0006000300C80100
(1788801036.610454) can0 02203606#0101000100010000
(1788801036.618455) can0 04FF3604#0003000300C80100
(1788801036.640709) can0 02181608#0500000001000000
(1788801036.648454) can0 04FF3604#0005000300C80100
(1788801036.654455) can0 03FF1000#0840112200000001
(1788801036.665455) can0 03FF1001#0000000000000000
(1788801036.665510) can0 05FF4602#08100E100E100D10
(1788801036.673455) can0 02181609#0000000000000000
(1788801036.675455) can0 03FF1603#0000D06800000000
(1788801036.676455) can0 05FF4603#0E100B100E100F10
(1788801036.678455) can0 04FF3604#0004000300C80100
(1788801036.685455) can0 05FF4604#0C100D1010101110
(1788801036.686455) can0 03FF1605#0100000000000000
(1788801036.696458) can0 03121606#0000000000000000
(1788801036.700574) can0 02488600#0000000000000000
(1788801036.707458) can0 05FF4605#0B10000000000000
(1788801036.708457) can0 04FF3604#0007000300C80100
(1788801036.730690) can0 02294502#
(1788801036.732458) can0 05124502#5250313353333541
(1788801036.738458) can0 05FF4606#1E1E1E
(1788801036.738676) can0 04FF3604#0005000300C80100
(1788801036.748459) can0 05FF4607#1E1D1E
(1788801036.758460) can0 05FF4608#0019007C
(1788801036.759459) can0 03FF1000#0840112200000001
(1788801036.768460) can0 05FF4609#030003CA03CA00
(1788801036.769459) can0 04FF3604#0004000300C80100
(1788801036.770460) can0 03FF1001#0000000000000000
(1788801036.780461) can0 03FF1603#0000D06800000000
(1788801036.791464) can0 03FF1605#0100000000000000
(1788801036.798465) can0 04FF3604#0003000300C80100
(1788801036.820651) can0 02FF2605#0000060907070004
(1788801036.828466) can0 04FF3604#0005000300C80100
(1788801036.850699) can0 02FF2604#0000000000000000
(1788801036.858465) can0 05FF4610#0000D0ACFFFFFFA3
(1788801036.859465) can0 04FF3604#0003000300C80100
(1788801036.864465) can0 03FF1000#0840112200000001
(1788801036.875466) can0 03FF1001#0000000000000000
(1788801036.880720) can0 02FF2704#0200000000000000
(1788801036.885466) can0 03FF1603#0000D06800000000
(1788801036.888466) can0 04FF3604#0006000300C80100
(1788801036.895712) can0 03FF1605#0100000000000000
(1788801036.898469) can0 04FF3602#0000000000000000
(1788801036.911467) can0 0260B606#0100000000000000
(1788801036.918469) can0 04FF3604#0004000300C80100
(1788801036.941470) can0 02203607#0000000300000000
(1788801036.948469) can0 04FF3604#0004000300C80100
(1788801036.969471) can0 03FF1000#0840112200000001
(1788801036.978472) can0 04FF3604#0003000300C80100
(1788801036.979714) can0 03FF1001#0000000000000000
(1788801036.990475) can0 03FF1603#0000D06800000000
(1788801037.000729) can0 03FF1605#0100000000000000
(1788801037.008472) can0 04FF3604#0004000300C80100
(1788801037.038474) can0 04FF3604#0004000300C80100
(1788801037.068475) can0 04FF3604#0005000300C80100
(1788801037.074475) can0 03FF1000#0840112200000001
(1788801037.085475) can0 03FF1001#0000000000000000
(1788801037.095480) can0 03FF1603#0000D06800000000
(1788801037.098477) can0 04FF3604#0003000300C80100
(1788801037.106477) can0 03FF1605#0100000000000000
(1788801037.128480) can0 04FF3604#0002000300C80100
(1788801037.147549) can0 05FF4610#0000D0ABFFFFFF9E
(1788801037.158480) can0 04FF3604#0004000300C80100
(1788801037.179481) can0 03FF1000#0840112200000001
(1788801037.188481) can0 04FF3604#0006000300C80100
(1788801037.189723) can0 03FF1001#0000000000000000
(1788801037.200485) can0 03FF1603#0000D06800000000
(1788801037.210725) can0 03FF1605#0100000000000000
(1788801037.218483) can0 04FF3604#0005000300C80100
(1788801037.248486) can0 04FF3604#0002000300C80100
(1788801037.278487) can0 04FF3604#0004000300C80100
(1788801037.284486) can0 03FF1000#0840112200000001
(1788801037.294732) can0 03FF1001#0000000000000000
(1788801037.305488) can0 03FF1603#0000D06800000000
(1788801037.308487) can0 04FF3604#0005000300C80100
(1788801037.315708) can0 03FF1605#0100000000000000
(1788801037.338491) can0 04FF3604#0004000300C80100
(1788801037.341489) can0 02181606#0100120001030200
(1788801037.368491) can0 04FF3604#0004000300C80100
(1788801037.371490) can0 02203606#0101000100010000
(1788801037.389491) can0 03FF1000#0840112200000001
(1788801037.398494) can0 04FF3602#0000000000000000
(1788801037.399492) can0 04FF3604#0004000300C80100
(1788801037.399721) can0 03FF1001#0000000000000000
(1788801037.403492) can0 02181608#0500000001000000
(1788801037.408493) can0 05FF4610#0000D0ABFFFFFF9E
(1788801037.410493) can0 03FF1603#0000D06800000000
(1788801037.420736) can0 03FF1605#0100000000000000
(1788801037.428494) can0 04FF3604#0004000300C80100
(1788801037.431493) can0 03121606#0000000000000000
(1788801037.432493) can0 02181609#0000000000000000
(1788801037.458496) can0 04FF3604#0004000300C80100
(1788801037.461495) can0 02488600#0000000000000000
(1788801037.488497) can0 04FF3604#0003000300C80100
(1788801037.491501) can0 02294503#
(1788801037.492512) can0 05124503#00150C0900000C62
(1788801037.494498) can0 03FF1000#0840112200000001
(1788801037.504732) can0 03FF1001#0000000000000000
(1788801037.515499) can0 03FF1600#142B000104001312
(1788801037.518498) can0 04FF3604#0005000300C80100
(1788801037.525725) can0 03FF1601#6E50000000000000
(1788801037.536499) can0 03FF1602#000005000000157C
(1788801037.546721) can0 03FF1603#0000D06800000000
(1788801037.548500) can0 04FF3604#0003000300C80100
(1788801037.557501) can0 03FF1604#0000000000000000
(1788801037.567733) can0 03FF1605#0100000000000000
(1788801037.578502) can0 04FF3604#0004000400C80100
(1788801037.599506) can0 03FF1000#0840112200000001
(1788801037.608506) can0 04FF3604#0006000400C80100
(1788801037.609758) can0 03FF1001#0000000000000000
(1788801037.620505) can0 03FF1603#0000D06800000000
(1788801037.625550) can0 05FF4001#0000000000000000
(1788801037.627719) can0 05FF4000#0000000000000000
(1788801037.630736) can0 03FF1605#0100000000000000
(1788801037.638505) can0 04FF3604#0004000300C80100
(1788801037.668508) can0 04FF3604#0006000300C80100
(1788801037.670560) can0 05FF4610#0000D0ABFFFFFF9E
(1788801037.698510) can0 04FF3604#0003000300C80100
(1788801037.704509) can0 03FF1000#0840112200000001
(1788801037.714740) can0 03FF1001#0000000000000000
(1788801037.720544) can0 05FF4602#08100D100E100D10
(1788801037.725510) can0 03FF1603#0000D06800000000
(1788801037.728510) can0 04FF3604#0005000300C80100
(1788801037.730533) can0 05FF4603#0E100B100E100F10
(1788801037.735760) can0 03FF1605#0100000000000000
(1788801037.740557) can0 05FF4604#0C100D1010101110
(1788801037.750581) can0 05FF4605#0B10000000000000
(1788801037.758512) can0 04FF3604#0003000300C80100
(1788801037.780513) can0 05FF4606#1E1E1E
(1788801037.788513) can0 04FF3604#0006000300C80100
(1788801037.790513) can0 05FF4607#1E1D1E
(1788801037.800517) can0 05FF4608#0019007C
(1788801037.809515) can0 03FF1000#0840112200000001
(1788801037.810549) can0 05FF4609#030003CA03CA00
(1788801037.818516) can0 04FF3604#0003000300C80100
(1788801037.819746) can0 03FF1001#0000000000000000
(1788801037.830518) can0 03FF1603#0000D06800000000
(1788801037.831678) can0 02FF2605#0000060907070005
(1788801037.840747) can0 03FF1605#0100000000000000
(1788801037.848517) can0 04FF3604#0005000300C80100
(1788801037.861674) can0 02FF2604#0000000000000000
(1788801037.878519) can0 04FF3604#0004000300C80100
(1788801037.891704) can0 02FF2704#0200000000000000
(1788801037.898520) can0 04FF3602#0000000000000000
(1788801037.908520) can0 04FF3604#0005000400C80100
(1788801037.914519) can0 03FF1000#0840112200000001
(1788801037.923521) can0 0260B606#0100000000000000
(1788801037.924763) can0 03FF1001#0000000000000000
(1788801037.935522) can0 03FF1603#0000D06800000000
(1788801037.938521) can0 04FF3604#0006000300C80100
(1788801037.945741) can0 03FF1605#0100000000000000
(1788801037.952522) can0 02203607#0000000300000000
(1788801037.968523) can0 04FF3604#0003000300C80100
(1788801037.971627) can0 05FF4610#0000D0ABFFFFFFA3
(1788801037.998526) can0 04FF3604#0004000300C80100
(1788801038.019530) can0 03FF1000#0840112200000001
(1788801038.028526) can0 04FF3604#0003000300C80100
(1788801038.029757) can0 03FF1001#0000000000000000
(1788801038.040526) can0 03FF1603#0000D06800000000
(1788801038.050747) can0 03FF1605#0100000000000000
(1788801038.058528) can0 04FF3604#0005000300C80100
(1788801038.088529) can0 04FF3604#0005000400C80100
(1788801038.112533) can0 02181606#0100120001030200
(1788801038.118533) can0 04FF3604#0003000300C80100
(1788801038.124531) can0 03FF1000#0840112200000001
(1788801038.134740) can0 03FF1001#0000000000000000
(1788801038.142532) can0 02203606#0101000100010000
(1788801038.145532) can0 03FF1603#0000D06800000000
(1788801038.148532) can0 04FF3604#0003000300C80100
(1788801038.155788) can0 03FF1605#0100000000000000
(1788801038.166535) can0 03121606#0000000000000000
(1788801038.172533) can0 02181608#0500000001000000
(1788801038.178534) can0 04FF3604#0004000300C80100
(1788801038.202537) can0 02181609#0000000000000000
(1788801038.208536) can0 04FF3604#0003000300C80100
(1788801038.229537) can0 03FF1000#0840112200000001
(1788801038.232536) can0 02488600#0000000000000000
(1788801038.233664) can0 05FF4610#0000D0ABFFFFFFA3
(1788801038.238537) can0 04FF3604#0005000300C80100
(1788801038.239745) can0 03FF1001#0000000000000000
(1788801038.250538) can0 03FF1603#0000D06800000000
(1788801038.260736) can0 03FF1605#0100000000000000
(1788801038.263723) can0 02294504#
(1788801038.264538) can0 05124504#1D
(1788801038.268539) can0 04FF3604#0004000300C80100
(1788801038.298541) can0 04FF3604#0004000300C80100
(1788801038.328543) can0 04FF3604#0006000300C80100
(1788801038.334542) can0 03FF1000#0840112200000001
(1788801038.344751) can0 03FF1001#0000000000000000
(1788801038.355544) can0 03FF1603#0000D06800000000
(1788801038.358543) can0 04FF3604#0004000300C80100
(1788801038.365741) can0 03FF1605#0100000000000000
(1788801038.388545) can0 04FF3604#0005000300C80100
(1788801038.398547) can0 04FF3602#0000000000000000
(1788801038.418547) can0 04FF3604#0006000300C80100
(1788801038.439548) can0 03FF1000#0840112200000001
(1788801038.448549) can0 04FF3604#0003000300C80100
(1788801038.449779) can0 03FF1001#0000000000000000
(1788801038.460549) can0 03FF1603#0000D06800000000
(1788801038.470753) can0 03FF1605#0100000000000000
(1788801038.478550) can0 04FF3604#0003000300C80100
(1788801038.495738) can0 05FF4610#0000D0ABFFFFFFA3
(1788801038.502555) can0 03FF1600#142B000104001312
(1788801038.508552) can0 04FF3604#0004000300C80100
(1788801038.512748) can0 03FF1601#6E50000000000000
(1788801038.523553) can0 03FF1602#000005000000157C
(1788801038.533773) can0 03FF1604#0000000000000000
(1788801038.538553) can0 04FF3604#0003000300C80100
(1788801038.544553) can0 03FF1000#0840112200000001
(1788801038.554774) can0 03FF1001#0000000000000000
(1788801038.565554) can0 03FF1603#0000D06800000000
(1788801038.568554) can0 04FF3604#0004000300C80100
(1788801038.575764) can0 03FF1605#0100000000000000
(1788801038.598559) can0 04FF3604#0004000300C80100
(1788801038.628559) can0 04FF3604#0004000300C80100
(1788801038.649562) can0 03FF1000#0840112200000001
(1788801038.658560) can0 04FF3604#0004000300C80100
(1788801038.659768) can0 03FF1001#0000000000000000
(1788801038.669816) can0 05FF4001#0000000000000000
(1788801038.670560) can0 03FF1603#0000D06800000000
(1788801038.671792) can0 05FF4000#0000000000000000
(1788801038.680769) can0 03FF1605#0100000000000000
(1788801038.688562) can0 04FF3604#0006000300C80100
(1788801038.718565) can0 04FF3604#0008000300C80100
(1788801038.748565) can0 04FF3604#0003000300C80100
(1788801038.754566) can0 03FF1000#0840112200000001
(1788801038.764763) can0 03FF1001#0000000000000000
(1788801038.765565) can0 05FF4602#08100D100E100D10
(1788801038.769787) can0 05FF4610#0000D0ABFFFFFFA3
(1788801038.774785) can0 05FF4603#0E100B100E100F10
(1788801038.775565) can0 03FF1603#0000D06800000000
(1788801038.778566) can0 04FF3604#0003000300C80100
(1788801038.784786) can0 05FF4604#0C100D1010101110
(1788801038.785786) can0 03FF1605#0100000000000000
(1788801038.794778) can0 05FF4605#0B10000000000000
(1788801038.808571) can0 04FF3604#0004000300C80100
(1788801038.824593) can0 05FF4606#1E1E1E
(1788801038.834618) can0 05FF4607#1E1D1E
(1788801038.838569) can0 04FF3604#0006000300C80100
(1788801038.842697) can0 02FF2605#0000060907070006
(1788801038.844639) can0 05FF4608#0019007C
(1788801038.854767) can0 05FF4609#030003CA03CA00
(1788801038.859570) can0 03FF1000#0840112200000001
(1788801038.868571) can0 04FF3604#0006000300C80100
(1788801038.869767) can0 03FF1001#0000000000000000
(1788801038.872709) can0 02FF2604#0000000000000000
(1788801038.880574) can0 03FF1603#0000D06800000000
(1788801038.890811) can0 03FF1605#0100000000000000
(1788801038.898574) can0 04FF3602#0000000000000000
(1788801038.899572) can0 04FF3604#0004000300C80100
(1788801038.902769) can0 02FF2704#0200000000000000
(1788801038.928575) can0 04FF3604#0005000300C80100
(1788801038.932736) can0 0260B606#0100000000000000
(1788801038.958577) can0 04FF3604#0007000400C80100
(1788801038.964576) can0 03FF1000#0840112200000001
(1788801038.965575) can0 02203607#0000000300000000
(1788801038.974762) can0 03FF1001#0000000000000000
(1788801038.985578) can0 03FF1603#0000D06800000000
(1788801038.988577) can0 04FF3604#0003000300C80100
(1788801038.993579) can0 02181606#0100120001030200
(1788801038.995775) can0 03FF1605#0100000000000000
(1788801039.018583) can0 04FF3604#0003000300C80100
(1788801039.023579) can0 02203606#0101000100010000
(1788801039.048581) can0 04FF3604#0004000300C80100
(1788801039.060581) can0 05FF4610#0000D0ABFFFFFFA9
(1788801039.069581) can0 03FF1000#0840112200000001
(1788801039.078582) can0 04FF3604#0004000300C80100
(1788801039.079727) can0 03FF1001#0000000000000000
(1788801039.080582) can0 05FF4600#0D0300900303
(1788801039.083582) can0 02181608#0500000001000000
(1788801039.090582) can0 03FF1603#0000D06800000000
(1788801039.100766) can0 03FF1605#0100000000000000
(1788801039.108584) can0 04FF3604#0007000300C80100
(1788801039.111584) can0 03121606#0000000000000000
(1788801039.113583) can0 02181609#0000000000000000
(1788801039.138585) can0 04FF3604#0006000300C80100
(1788801039.143586) can0 02488600#0000000000000000
(1788801039.168587) can0 04FF3604#0003000300C80100
(1788801039.172668) can0 02191502#
(1788801039.174589) can0 03FF1000#0840112200000001
(1788801039.184773) can0 03FF1001#0000000000000000
(1788801039.195592) can0 03FF1603#0000D06800000000
(1788801039.198588) can0 04FF3604#0004000300C80100
(1788801039.205758) can0 03FF1605#0100000000000000
(1788801039.216589) can0 03FF1502#0100000000000000
(1788801039.228591) can0 04FF3604#0005000300C80100
(1788801039.258592) can0 04FF3604#0005000300C80100
(1788801039.279593) can0 03FF1000#0840112200000001
(1788801039.288593) can0 04FF3604#0006000300C80100
(1788801039.289778) can0 03FF1001#0000000000000000
(1788801039.300595) can0 03FF1603#0000D06800000000
(1788801039.310764) can0 03FF1605#0100000000000000
(1788801039.318595) can0 04FF3604#0004000300C80100
(1788801039.322595) can0 05FF4610#0000D0ABFFFFFFA9
(1788801039.348599) can0 04FF3604#0004000300C80100
(1788801039.378599) can0 04FF3604#0004000300C80100
(1788801039.384598) can0 03FF1000#0840112200000001
(1788801039.394785) can0 03FF1001#0000000000000000
(1788801039.398599) can0 04FF3400#000001AB00000000
(1788801039.399599) can0 04FF3602#0000000000000000
(1788801039.405599) can0 03FF1603#0000D06800000000
(1788801039.408599) can0 04FF3604#0003000300C80100
(1788801039.415809) can0 03FF1605#0100000000000000
(1788801039.438602) can0 04FF3604#0004000300C80100
(1788801039.468603) can0 04FF3604#0005000300C80100
(1788801039.489604) can0 03FF1000#0840112200000001
(1788801039.498608) can0 04FF3604#0004000300C80100
(1788801039.499774) can0 03FF1001#0000000000000000
(1788801039.510609) can0 03FF1603#0000D06800000000
(1788801039.520779) can0 03FF1605#0100000000000000
(1788801039.528607) can0 04FF3604#0003000300C80100
(1788801039.531606) can0 03FF1600#142B000104001312
(1788801039.541757) can0 03FF1601#6E50000000000000
(1788801039.552608) can0 03FF1602#000005000000157C
(1788801039.558608) can0 04FF3604#0004000300C80100
(1788801039.562776) can0 03FF1604#0000000000000000
(1788801039.587610) can0 05FF4610#0000D0ABFFFFFFA9
(1788801039.588609) can0 04FF3604#0003000300C80100
(1788801039.594613) can0 03FF1000#0840112200000001
(1788801039.604780) can0 03FF1001#0000000000000000
(1788801039.615611) can0 03FF1603#0000D06800000000
(1788801039.618611) can0 04FF3604#0006000300C80100
(1788801039.625785) can0 03FF1605#0100000000000000
(1788801039.633611) can0 02181606#0100120001030200
(1788801039.648612) can0 04FF3604#0006000300C80100
(1788801039.663614) can0 02203606#0101000100010000
(1788801039.678615) can0 04FF3604#0004000300C80100
(1788801039.693616) can0 02181608#0500000001000000
(1788801039.699617) can0 03FF1000#0840112200000001
(1788801039.708616) can0 04FF3604#0004000300C80100
(1788801039.709801) can0 03FF1001#0000000000000000
(1788801039.720617) can0 03FF1603#0000D06800000000
(1788801039.723616) can0 02181609#0000000000000000
(1788801039.730618) can0 05FF4001#0000000000000000
(1788801039.730799) can0 03FF1605#0100000000000000
(1788801039.732617) can0 05FF4000#0000000000000000
(1788801039.738618) can0 04FF3604#0004000300C80100
(1788801039.741617) can0 03121606#0000000000000000
(1788801039.753618) can0 02488600#0000000000000000
(1788801039.768620) can0 04FF3604#0005000300C80100
(1788801039.783621) can0 02191503#
(1788801039.798621) can0 04FF3604#0005000300C80100
(1788801039.804625) can0 03FF1000#0840112200000001
(1788801039.812622) can0 05FF4602#08100D100E100D10
(1788801039.814795) can0 03FF1001#0000000000000000
(1788801039.822622) can0 05FF4603#0E100B100E100F10
(1788801039.825622) can0 03FF1503#0100000000000000
(1788801039.828625) can0 04FF3604#0005000300C80100
(1788801039.832623) can0 05FF4604#0C100D1010101110
(1788801039.835761) can0 03FF1603#0000D06800000000
(1788801039.842623) can0 05FF4605#0B10000000000000
(1788801039.846624) can0 03FF1605#0100000000000000
(1788801039.854623) can0 02FF2605#0000060907070007
(1788801039.858624) can0 04FF3604#0005000300C80100
(1788801039.861624) can0 05FF4610#0000D0ABFFFFFFA9
(1788801039.873624) can0 05FF4606#1E1E1E
(1788801039.883625) can0 05FF4607#1E1C1E
(1788801039.883714) can0 02FF2604#0000000000000000
(1788801039.888625) can0 04FF3604#0004000300C80100
(1788801039.893625) can0 05FF4608#0019007C
(1788801039.898628) can0 04FF3602#0000000000000000
(1788801039.909628) can0 03FF1000#0840112200000001
(1788801039.914627) can0 02FF2704#0200000000000000
(1788801039.918627) can0 04FF3604#0003000300C80100
(1788801039.919789) can0 03FF1001#0000000000000000
(1788801039.930628) can0 05FF4609#030003CA03CA00
(1788801039.930682) can0 03FF1603#0000D06800000000
(1788801039.940750) can0 03FF1605#0100000000000000
(1788801039.944628) can0 0260B606#0100000000000000
(1788801039.948628) can0 04FF3604#0005000300C80100
(1788801039.973723) can0 02203607#0000000300000000
(1788801039.978630) can0 04FF3604#0005000400C80100
(1788801040.008636) can0 04FF3604#0003000300C80100
(1788801040.014632) can0 03FF1000#0840112200000001
(1788801040.024806) can0 03FF1001#0000000000000000
(1788801040.035634) can0 03FF1603#0000D06800000000
(1788801040.038633) can0 04FF3604#0005000300C80100
(1788801040.045796) can0 03FF1605#0100000000000000
(1788801040.068635) can0 04FF3604#0005000300C80100
(1788801040.098639) can0 04FF3604#0005000300C80100
(1788801040.119639) can0 03FF1000#0840112200000001
(1788801040.128638) can0 04FF3604#0004000300C80100
(1788801040.129765) can0 03FF1001#0000000000000000
(1788801040.140639) can0 03FF1603#0000D06800000000
(1788801040.149639) can0 05FF4610#0000D0AAFFFFFF9E
(1788801040.150802) can0 03FF1605#0100000000000000
(1788801040.158640) can0 04FF3604#0003000300C80100
(1788801040.188643) can0 04FF3604#0006000300C80100
(1788801040.218644) can0 04FF3604#0004000300C80100
(1788801040.224644) can0 03FF1000#0840112200000001
(1788801040.234795) can0 03FF1001#0000000000000000
(1788801040.245645) can0 03FF1603#0000D06800000000
(1788801040.248645) can0 04FF3604#0005000300C80100
(1788801040.255796) can0 03FF1605#0100000000000000
(1788801040.278647) can0 04FF3604#0004000300C80100
(1788801040.308650) can0 04FF3604#0003000300C80100
(1788801040.329651) can0 03FF1000#0840112200000001
(1788801040.338650) can0 04FF3604#0004000300C80100
(1788801040.339811) can0 03FF1001#0000000000000000
(1788801040.350650) can0 03FF1603#0000D06800000000
(1788801040.360812) can0 03FF1605#0100000000000000
(1788801040.368652) can0 04FF3604#0005000300C80100
(1788801040.394653) can0 02181606#0100120001030200
(1788801040.398653) can0 04FF3602#0000000000000000
(1788801040.399653) can0 04FF3604#0003000300C80100
(1788801040.411654) can0 05FF4610#0000D0AAFFFFFF9E
(1788801040.424656) can0 02203606#0101000100010000
(1788801040.428654) can0 04FF3604#0006000300C80100
(1788801040.434656) can0 03FF1000#0840112200000001
(1788801040.444863) can0 03FF1001#0000000000000000
(1788801040.455677) can0 03FF1603#0000D06800000000
(1788801040.457657) can0 02181608#0500000001000000
(1788801040.458656) can0 04FF3604#0003000300C80100
(1788801040.465807) can0 03FF1605#0100000000000000
(1788801040.476657) can0 03121606#0000000000000000
(1788801040.484723) can0 02181609#0000000000000000
(1788801040.488658) can0 04FF3604#0005000300C80100
(1788801040.514714) can0 02488600#0000000000000000
(1788801040.518659) can0 03FF1600#142B000104001312
(1788801040.518876) can0 04FF3604#0003000300C80100
(1788801040.528799) can0 03FF1601#6E50000000000000
(1788801040.539660) can0 03FF1602#000005000000157C
(1788801040.544661) can0 02191504#
(1788801040.548661) can0 04FF3604#0004000300C80100
(1788801040.549823) can0 03FF1604#0000000000000000
(1788801040.560661) can0 03FF1000#0840112200000001
(1788801040.570807) can0 03FF1001#0000000000000000
(1788801040.578663) can0 04FF3604#0004000300C80100
(1788801040.581663) can0 03FF1603#0000D06800000000
(1788801040.591814) can0 03FF1605#0100000000000000
(1788801040.602664) can0 03FF1504#0000001D00000000
(1788801040.608664) can0 04FF3604#0005000400C80100
(1788801040.638666) can0 04FF3604#0004000300C80100
(1788801040.644666) can0 03FF1000#0840112200000001
(1788801040.654778) can0 03FF1001#0000000000000000
(1788801040.665669) can0 03FF1603#0000D06800000000
(1788801040.668667) can0 04FF3604#0004000300C80100
(1788801040.672668) can0 05FF4610#0000D0AAFFFFFF9E
(1788801040.675802) can0 03FF1605#0100000000000000
(1788801040.698670) can0 04FF3604#0008000300C80100
(1788801040.728671) can0 04FF3604#0006000300C80100
(1788801040.749671) can0 03FF1000#0840112200000001
(1788801040.758673) can0 04FF3604#0004000300C80100
(1788801040.759799) can0 03FF1001#0000000000000000
(1788801040.770673) can0 03FF1603#0000D06800000000
(1788801040.774673) can0 05FF4001#0000000000000000
(1788801040.776673) can0 05FF4000#0000000000000000
(1788801040.780823) can0 03FF1605#0100000000000000
(1788801040.788674) can0 04FF3604#0003000300C80100
(1788801040.818677) can0 04FF3604#0003000300C80100
(1788801040.848681) can0 04FF3604#0006000300C80100
(1788801040.854678) can0 03FF1000#0840112200000001
(1788801040.856677) can0 05FF4602#08100D100E100D10
(1788801040.864677) can0 02FF2605#0000060907070008
(1788801040.865677) can0 03FF1001#0000000000000000
(1788801040.866678) can0 05FF4603#0D100B100E100F10
(1788801040.875678) can0 03FF1603#0000D06800000000
(1788801040.876678) can0 05FF4604#0C100D1010101110
(1788801040.878678) can0 04FF3604#0006000300C80100
(1788801040.885795) can0 03FF1605#0100000000000000
(1788801040.886678) can0 05FF4605#0B10000000000000
(1788801040.894737) can0 02FF2604#0000000000000000
(1788801040.898679) can0 04FF3602#0000000000000000
(1788801040.908680) can0 04FF3604#0004000300C80100
(1788801040.924762) can0 02FF2704#0200000000000000
(1788801040.938682) can0 04FF3604#0004000300C80100
(1788801040.943682) can0 05FF4606#1E1E1E
(1788801040.953682) can0 05FF4607#1E1D1E
(1788801040.954729) can0 0260B606#0100000000000000
(1788801040.959682) can0 03FF1000#0840112200000001
(1788801040.963682) can0 05FF4608#0019007C
(1788801040.968683) can0 04FF3604#0003000300C80100
(1788801040.969810) can0 03FF1001#0000000000000000
(1788801040.973683) can0 05FF4609#030003CA03CA00
(1788801040.974683) can0 05FF4610#0000D0ABFFFFFFA9
(1788801040.980683) can0 03FF1603#0000D06800000000
(1788801040.985683) can0 02203607#0000000300000000
(1788801040.990788) can0 03FF1605#0100000000000000
(1788801040.998689) can0 04FF3604#0005000400C80100
(1788801041.014745) can0 02F82400#0100000000000000
(1788801041.028687) can0 04FF3604#0005000300C80100
(1788801041.044757) can0 02FF2602#94DB509D37E030DB
(1788801041.058689) can0 04FF3604#0005000300C80100
(1788801041.064688) can0 03FF1000#0840112200000001
(1788801041.074840) can0 03FF1001#0000000000000000
(1788801041.085690) can0 03FF1603#0000D06800000000
(1788801041.088689) can0 04FF3604#0006000300C80100
(1788801041.095817) can0 03FF1605#0100000000000000
(1788801041.118691) can0 04FF3604#0005000300C80100
(1788801041.148693) can0 04FF3604#0005000300C80100
(1788801041.154924) can0 02181606#0100120001030200
(1788801041.169696) can0 03FF1000#0840112200000001
(1788801041.178695) can0 04FF3604#0006000300C80100
(1788801041.179799) can0 03FF1001#0000000000000000
(1788801041.185697) can0 02203606#0101000100010000
(1788801041.190697) can0 03FF1603#0000D06800000000
(1788801041.200812) can0 03FF1605#0100000000000000
(1788801041.208696) can0 04FF3604#0005000300C80100
(1788801041.211696) can0 03121606#0000000000000000
(1788801041.215697) can0 02181608#0500000001000000
(1788801041.237699) can0 05FF4610#0000D0ABFFFFFFA9
(1788801041.238698) can0 04FF3604#0004000300C80100
(1788801041.245698) can0 02181609#0000000000000000
(1788801041.268700) can0 04FF3604#0002000300C80100
(1788801041.274700) can0 03FF1000#0840112200000001
(1788801041.275699) can0 02488600#0000000000000000
(1788801041.284823) can0 03FF1001#0000000000000000
(1788801041.295701) can0 03FF1603#0000D06800000000
(1788801041.298701) can0 04FF3604#0008000300C80100
(1788801041.305817) can0 03FF1605#0100000000000000
(1788801041.306701) can0 02213502#
(1788801041.313701) can0 04F93502#0000000000000000
(1788801041.328707) can0 04FF3604#0004000300C80100
(1788801041.358706) can0 04FF3604#0007000300C80100
(1788801041.379706) can0 03FF1000#0840112200000001
(1788801041.388706) can0 04FF3604#0003000300C80100
(1788801041.389833) can0 03FF1001#0000000000000000
(1788801041.398706) can0 04FF3602#0000000000000000
(1788801041.400706) can0 03FF1603#0000D06800000000
(1788801041.410823) can0 03FF1605#0100000000000000
(1788801041.418708) can0 04FF3604#0008000300C80100
(1788801041.448710) can0 04FF3604#0003000300C80100
(1788801041.478711) can0 04FF3604#0005000300C80100
(1788801041.484711) can0 03FF1000#0840112200000001
(1788801041.494827) can0 03FF1001#0000000000000000
(1788801041.500716) can0 05FF4610#0000D0ABFFFFFFA9
(1788801041.505713) can0 03FF1603#0000D06800000000
(1788801041.508713) can0 04FF3604#0008000300C80100
(1788801041.515828) can0 03FF1605#0100000000000000
(1788801041.526714) can0 03FF1600#142B000104001312
(1788801041.536814) can0 03FF1601#6E50000000000000
(1788801041.538714) can0 04FF3604#0003000300C80100
(1788801041.547715) can0 03FF1602#000005000000157C
(1788801041.557808) can0 03FF1604#0000000000000000
(1788801041.568716) can0 04FF3604#0005000300C80100
(1788801041.589717) can0 03FF1000#0840112200000001
(1788801041.598717) can0 04FF3604#0003000300C80100
(1788801041.599821) can0 03FF1001#0000000000000000
(1788801041.610718) can0 03FF1603#0000D06800000000
(1788801041.620835) can0 03FF1605#0100000000000000
(1788801041.628718) can0 04FF3604#0005000300C80100
(1788801041.658721) can0 04FF3604#0005000300C80100
(1788801041.688725) can0 04FF3604#0006000300C80100
(1788801041.694723) can0 03FF1000#0840112200000001
(1788801041.704804) can0 03FF1001#0000000000000000
(1788801041.715724) can0 03FF1603#0000D06800000000
(1788801041.718723) can0 04FF3604#0005000300C80100
(1788801041.725828) can0 03FF1605#0100000000000000
(1788801041.748726) can0 04FF3604#0004000300C80100
(1788801041.773727) can0 05FF4610#0000D0ABFFFFFFA9
(1788801041.778727) can0 04FF3604#0005000300C80100
(1788801041.799728) can0 03FF1000#0840112200000001
(1788801041.808730) can0 04FF3604#0005000300C80100
(1788801041.809832) can0 03FF1001#0000000000000000
(1788801041.818729) can0 05FF4001#0000000000000000
(1788801041.820729) can0 03FF1603#0000D06800000000
(1788801041.820911) can0 05FF4000#0000000000000000
(1788801041.830837) can0 03FF1605#0100000000000000
(1788801041.838731) can0 04FF3604#0005000400C80100
(1788801041.868732) can0 04FF3604#0006000300C80100
(1788801041.875732) can0 02FF2605#0000060907070009
(1788801041.898733) can0 04FF3602#0000000000000000
(1788801041.898961) can0 04FF3604#0005000300C80100
(1788801041.900733) can0 05FF4602#08100D100E100D10
(1788801041.904733) can0 03FF1000#0840112200000001
(1788801041.905779) can0 02FF2604#0000000000000000
(1788801041.910733) can0 05FF4603#0E100B100E100F10
(1788801041.914826) can0 03FF1001#0000000000000000
(1788801041.925735) can0 03FF1603#0000D06800000000
(1788801041.928735) can0 04FF3604#0004000300C80100
(1788801041.935846) can0 03FF1605#0100000000000000
(1788801041.936735) can0 02FF2704#0200000000000000
(1788801041.947736) can0 05FF4604#0C100D1010101110
(1788801041.957740) can0 05FF4605#0B10000000000000
(1788801041.958736) can0 04FF3604#0005000300C80100
(1788801041.965742) can0 0260B606#0100000000000000
(1788801041.988739) can0 04FF3604#0006000300C80100
(1788801041.988908) can0 05FF4606#1E1E1E
(1788801041.995768) can0 02203607#0000000300000000
(1788801041.998742) can0 05FF4607#1E1D1E
(1788801042.008740) can0 05FF4608#0019007C
(1788801042.009743) can0 03FF1000#0840112200000001
(1788801042.018740) can0 04FF3604#0005000400C80100
(1788801042.018888) can0 05FF4609#030003CA03CA00
(1788801042.019843) can0 03FF1001#0000000000000000
(1788801042.025914) can0 02181606#0100120001030200
(1788801042.030740) can0 03FF1603#0000D06800000000
(1788801042.040811) can0 03FF1605#0100000000000000
(1788801042.048742) can0 04FF3604#0005000300C80100
(1788801042.055823) can0 02203606#0101000100010000
(1788801042.062742) can0 05FF4610#0000D0ABFFFFFFA9
(1788801042.078743) can0 04FF3604#0004000300C80100
(1788801042.105814) can0 02181608#0500000001000000
(1788801042.108744) can0 04FF3604#0004000300C80100
(1788801042.114745) can0 03FF1000#0840112200000001
(1788801042.124827) can0 03FF1001#0000000000000000
(1788801042.135746) can0 03FF1603#0000D06800000000
(1788801042.135881) can0 02181609#0000000000000000
(1788801042.138746) can0 04FF3604#0003000300C80100
(1788801042.145839) can0 03FF1605#0100000000000000
(1788801042.156747) can0 03121606#0000000000000000
(1788801042.165921) can0 02488600#0000000000000000
(1788801042.168749) can0 04FF3604#0005000300C80100
(1788801042.198749) can0 04FF3604#0006000300C80100
(1788801042.198804) can0 02213503#
(1788801042.208750) can0 04F93503#0000000000000000
(1788801042.219752) can0 03FF1000#0840112200000001
(1788801042.228752) can0 04FF3604#0005000300C80100
(1788801042.229832) can0 03FF1001#0000000000000000
(1788801042.240751) can0 03FF1603#0000D06800000000
(1788801042.250892) can0 03FF1605#0100000000000000
(1788801042.258752) can0 04FF3604#0005000300C80100
(1788801042.288754) can0 04FF3604#0005000300C80100
(1788801042.318756) can0 04FF3604#0003000300C80100
(1788801042.324756) can0 03FF1000#0840112200000001
(1788801042.325756) can0 05FF4610#0000D0ABFFFFFFA9
(1788801042.334852) can0 03FF1001#0000000000000000
(1788801042.345758) can0 03FF1603#0000D06800000000
(1788801042.348757) can0 04FF3604#0005000300C80100
(1788801042.355839) can0 03FF1605#0100000000000000
(1788801042.366758) can0 03FF1400#0000000400000000
(1788801042.378759) can0 04FF3604#0005000300C80100
(1788801042.398759) can0 04FF3602#0000000000000000
(1788801042.408761) can0 04FF3604#0005000300C80100
(1788801042.429761) can0 03FF1000#0840112200000001
(1788801042.438762) can0 04FF3604#0003000300C80100
(1788801042.439850) can0 03FF1001#0000000000000000
(1788801042.450763) can0 03FF1603#0000D06800000000
(1788801042.460832) can0 03FF1605#0100000000000000
(1788801042.468764) can0 04FF3604#0005000300C80100
(1788801042.498769) can0 04FF3604#0005000300C80100
(1788801042.528768) can0 04FF3604#0006000300C80100
(1788801042.534768) can0 03FF1000#0840112200000001
(1788801042.544849) can0 03FF1001#0000000000000000
(1788801042.555769) can0 03FF1600#142B000104001312
(1788801042.558768) can0 04FF3604#0004000300C80100
(1788801042.565851) can0 03FF1601#6E50000000000000
(1788801042.576770) can0 03FF1602#000005000000157C
(1788801042.586834) can0 03FF1603#0000D06800000000
(1788801042.588770) can0 04FF3604#0006000300C80100
(1788801042.589782) can0 05FF4610#0000D0ABFFFFFFA9
(1788801042.597770) can0 03FF1604#0000000000000000
(1788801042.607825) can0 03FF1605#0100000000000000
(1788801042.618771) can0 04FF3604#0004000300C80100
(1788801042.639773) can0 03FF1000#0840112200000001
(1788801042.648774) can0 04FF3604#0005000300C80100
(1788801042.649831) can0 03FF1001#0000000000000000
(1788801042.660773) can0 03FF1603#0000D06800000000
(1788801042.670856) can0 03FF1605#0100000000000000
(1788801042.676776) can0 02181606#0100120001030200
(1788801042.678775) can0 04FF3604#0004000300C80100
(1788801042.706778) can0 02203606#0101000100010000
(1788801042.708776) can0 04FF3604#0001000300C80100
(1788801042.736778) can0 02181608#0500000001000000
(1788801042.738778) can0 04FF3604#0006000300C80100
(1788801042.744778) can0 03FF1000#0840112200000001
(1788801042.754861) can0 03FF1001#0000000000000000
(1788801042.765779) can0 03FF1603#0000D06800000000
(1788801042.766779) can0 02181609#0000000000000000
(1788801042.768779) can0 04FF3604#0004000300C80100
(1788801042.775862) can0 03FF1605#0100000000000000
(1788801042.786781) can0 03121606#0000000000000000
(1788801042.796781) can0 02488600#0000000000000000
(1788801042.798781) can0 04FF3604#0004000300C80100
(1788801042.828787) can0 04FF3604#0004000300C80100
(1788801042.828849) can0 02213504#
(1788801042.838784) can0 04F93504#0000000000000000
(1788801042.849785) can0 03FF1000#0840112200000001
(1788801042.858785) can0 04FF3604#0006000300C80100
(1788801042.859865) can0 03FF1001#0000000000000000
(1788801042.862854) can0 05FF4610#0000D0ABFFFFFFA9
(1788801042.864889) can0 05FF4001#0000000000000000
(1788801042.866912) can0 05FF4000#0000000000000000
(1788801042.870785) can0 03FF1603#0000D06800000000
(1788801042.880861) can0 03FF1605#0100000000000000
(1788801042.886878) can0 02FF2605#0000060907070000
(1788801042.888786) can0 04FF3604#0004000300C80100
(1788801042.898786) can0 04FF3602#0000000000000000
(1788801042.916787) can0 02FF2604#0000000000000000
(1788801042.918787) can0 04FF3604#0002000300C80100
(1788801042.946790) can0 02FF2704#0200000000000000
(1788801042.948789) can0 04FF3604#0005000300C80100
(1788801042.954790) can0 03FF1000#0840112200000001
(1788801042.964859) can0 03FF1001#0000000000000000
(1788801042.974883) can0 05FF4602#08100D100E100D10
(1788801042.975790) can0 03FF1603#0000D06800000000
(1788801042.976790) can0 0260B606#0100000000000000
(1788801042.978791) can0 04FF3604#0005000300C80100
(1788801042.984891) can0 05FF4603#0E100B100E100F10
(1788801042.985845) can0 03FF1605#0100000000000000
(1788801042.994896) can0 05FF4604#0C100D1010101110
(1788801043.004922) can0 05FF4605#0B10000000000000
(1788801043.006792) can0 02203607#0000000300000000
(1788801043.008793) can0 04FF3604#0003000300C80100
(1788801043.035795) can0 05FF4606#1E1E1E
(1788801043.038794) can0 04FF3604#0005000300C80100
(1788801043.045795) can0 05FF4607#1E1D1E
(1788801043.055795) can0 05FF4608#0019007C
(1788801043.059795) can0 03FF1000#0840112200000001
(1788801043.065900) can0 05FF4609#030003CA03CA00
(1788801043.068795) can0 04FF3604#0004000400C80100
(1788801043.069860) can0 03FF1001#0000000000000000
(1788801043.080797) can0 03FF1603#0000D06800000000
(1788801043.090847) can0 03FF1605#0100000000000000
(1788801043.098799) can0 04FF3604#0004000300C80100
(1788801043.128799) can0 04FF3604#0007000300C80100
(1788801043.153975) can0 05FF4610#0000D0ABFFFFFFA3
(1788801043.158800) can0 04FF3604#0004000300C80100
(1788801043.164801) can0 03FF1000#0840112200000001
(1788801043.174855) can0 03FF1001#0000000000000000
(1788801043.185804) can0 03FF1603#0000D06800000000
(1788801043.188802) can0 04FF3604#0005000300C80100
(1788801043.195860) can0 03FF1605#0100000000000000
(1788801043.218805) can0 04FF3604#0003000300C80100
(1788801043.248806) can0 04FF3604#0006000300C80100
(1788801043.269807) can0 03FF1000#0840112200000001
(1788801043.278806) can0 04FF3604#0005000400C80100
(1788801043.279841) can0 03FF1001#0000000000000000
(1788801043.290807) can0 03FF1603#0000D06800000000
(1788801043.300866) can0 03FF1605#0100000000000000
(1788801043.308809) can0 04FF3604#0005000300C80100
(1788801043.338814) can0 04FF3604#0004000300C80100
(1788801043.368812) can0 04FF3604#0003000300C80100
(1788801043.374813) can0 03FF1000#0840112200000001
(1788801043.384859) can0 03FF1001#0000000000000000
(1788801043.395814) can0 03FF1603#0000D06800000000
(1788801043.398813) can0 04FF3602#0000000000000000
(1788801043.398972) can0 04FF3604#0004000300C80100
(1788801043.405860) can0 03FF1605#0100000000000000
(1788801043.415069) can0 05FF4610#0000D0ABFFFFFFA3
(1788801043.428815) can0 04FF3604#0005000300C80100
(1788801043.458817) can0 04FF3604#0005000300C80100
(1788801043.479818) can0 03FF1000#0840112200000001
(1788801043.488818) can0 04FF3604#0004000300C80100
(1788801043.489875) can0 03FF1001#0000000000000000
(1788801043.500823) can0 03FF1603#0000D06800000000
(1788801043.510890) can0 03FF1605#0100000000000000
(1788801043.518820) can0 04FF3604#0006000300C80100
(1788801043.542821) can0 03FF1600#142B000104001312
(1788801043.548821) can0 04FF3604#0003000300C80100
(1788801043.552852) can0 03FF1601#6E50000000000000
(1788801043.563823) can0 03FF1602#000005000000157C
(1788801043.573879) can0 03FF1604#0000000000000000
(1788801043.578823) can0 04FF3604#0003000300C80100
(1788801043.584834) can0 03FF1000#0840112200000001
(1788801043.594866) can0 03FF1001#0000000000000000
(1788801043.605825) can0 03FF1603#0000D06800000000
(1788801043.608825) can0 04FF3604#0005000300C80100
(1788801043.615882) can0 03FF1605#0100000000000000
(1788801043.637827) can0 02181606#0100120001030200
(1788801043.638826) can0 04FF3604#0004000300C80100
(1788801043.667827) can0 02203606#0101000100010000
(1788801043.668828) can0 04FF3604#0006000300C80100
(1788801043.678829) can0 05FF4610#0000D0ABFFFFFFA3
(1788801043.689831) can0 03FF1000#0840112200000001
(1788801043.697830) can0 02181608#0500000001000000
(1788801043.698829) can0 04FF3604#0004000300C80100
(1788801043.699859) can0 03FF1001#0000000000000000
(1788801043.710830) can0 03FF1603#0000D06800000000
(1788801043.720877) can0 03FF1605#0100000000000000
(1788801043.727831) can0 02181609#0000000000000000
(1788801043.728831) can0 04FF3604#0004000300C80100
(1788801043.731831) can0 03121606#0000000000000000
(1788801043.758833) can0 04FF3604#0003000300C80100
(1788801043.777834) can0 02488600#0000000000000000
(1788801043.788835) can0 04FF3604#0006000300C80100
(1788801043.794834) can0 03FF1000#0840112200000001
(1788801043.804905) can0 03FF1001#0000000000000000
(1788801043.807835) can0 02213600#
(1788801043.815836) can0 03FF1603#0000D06800000000
(1788801043.818836) can0 04FF3604#0004000300C80100
(1788801043.825883) can0 03FF1605#0100000000000000
(1788801043.848842) can0 04FF3604#0004000300C80100
(1788801043.878841) can0 04FF3604#0003000300C80100
(1788801043.897841) can0 02FF2605#0000060907070001
(1788801043.898840) can0 04FF3602#0000000000000000
(1788801043.899840) can0 03FF1000#0840112200000001
(1788801043.908841) can0 04FF3604#0004000400C80100
(1788801043.909875) can0 03FF1001#0000000000000000
(1788801043.910840) can0 05FF4001#0000000000000000
(1788801043.912841) can0 05FF4000#0000000000000000
(1788801043.920841) can0 03FF1603#0000D06800000000
(1788801043.929935) can0 02FF2604#0000000000000000
(1788801043.930876) can0 03FF1605#0100000000000000
(1788801043.938842) can0 04FF3604#0005000300C80100
(1788801043.957844) can0 02FF2704#0200000000000000
(1788801043.968845) can0 04FF3604#0005000300C80100
(1788801043.978845) can0 05FF4610#0000D0ABFFFFFF9E
(1788801043.987845) can0 0260B606#0100000000000000
(1788801043.998849) can0 04FF3604#0006000300C80100
(1788801044.004846) can0 03FF1000#0840112200000001
(1788801044.014894) can0 03FF1001#0000000000000000
(1788801044.017846) can0 02203607#0000000300000000
(1788801044.020846) can0 05FF4602#08100D100E100D10
(1788801044.025847) can0 03FF1603#0000D06800000000
(1788801044.028847) can0 04FF3604#0005000300C80100
(1788801044.030847) can0 05FF4603#0E100B100E100F10
(1788801044.035901) can0 03FF1605#0100000000000000
(1788801044.040847) can0 05FF4604#0C100D1010101110
(1788801044.050849) can0 05FF4605#0B10000000000000
(1788801044.058848) can0 04FF3604#0003000300C80100
(1788801044.080851) can0 05FF4606#1E1E1E
(1788801044.088851) can0 04FF3604#0006000300C80100
(1788801044.090105) can0 05FF4607#1E1D1E
(1788801044.100851) can0 05FF4608#0019007C
(1788801044.109852) can0 03FF1000#0840112200000001
(1788801044.110851) can0 05FF4609#030003CA03CA00
(1788801044.118852) can0 04FF3604#0005000300C80100
(1788801044.119886) can0 03FF1001#0000000000000000
(1788801044.130853) can0 03FF1603#0000D06800000000
(1788801044.140899) can0 03FF1605#0100000000000000
(1788801044.148853) can0 04FF3604#0005000300C80100
(1788801044.178857) can0 04FF3604#0005000300C80100
(1788801044.208859) can0 04FF3604#0004000300C80100
(1788801044.214858) can0 03FF1000#0840112200000001
(1788801044.224915) can0 03FF1001#0000000000000000
(1788801044.235859) can0 03FF1603#0000D06800000000
(1788801044.238859) can0 04FF3604#0006000300C80100
(1788801044.240859) can0 05FF4610#0000D0ABFFFFFF9E
(1788801044.245893) can0 03FF1605#0100000000000000
(1788801044.251859) can0 05FF4400#00000002
(1788801044.268861) can0 04FF3604#0004000300C80100
(1788801044.298867) can0 04FF3604#0004000300C80100
(1788801044.302862) can0 05FF4600#0D0300900303
(1788801044.319863) can0 03FF1000#0840112200000001
(1788801044.328867) can0 04FF3604#0004000300C80100
(1788801044.329903) can0 03FF1001#0000000000000000
(1788801044.340864) can0 03FF1603#0000D06800000000
(1788801044.350914) can0 03FF1605#0100000000000000
(1788801044.351865) can0 05FF4601#007300000000
(1788801044.358865) can0 04FF3604#0004000300C80100
(1788801044.388866) can0 04FF3604#0004000300C80100
(1788801044.398867) can0 04FF3602#0000000000000000
(1788801044.418869) can0 04FF3604#0005000300C80100
(1788801044.424868) can0 03FF1000#0840112200000001
(1788801044.434903) can0 03FF1001#0000000000000000
(1788801044.445869) can0 03FF1603#0000D06800000000
(1788801044.448869) can0 04FF3604#0003000300C80100
(1788801044.455894) can0 03FF1605#0100000000000000
(1788801044.478876) can0 04FF3604#0005000300C80100
(1788801044.501877) can0 05FF4610#0000D0ABFFFFFF9E
(1788801044.502062) can0 02181606#0000000000030200
(1788801044.508873) can0 04FF3604#0006000400C80100
(1788801044.508951) can0 03FF1605#0000000000000000
(1788801044.538875) can0 04FF3604#0004000300C80100
(1788801044.568879) can0 04FF3604#0006000300C80100
(1788801044.573877) can0 02203606#0201000000000000
(1788801044.603017) can0 02181608#0500000001000000
(1788801044.628880) can0 02181609#0000000000000000
(1788801044.658881) can0 02488600#0000000000000000
(1788801044.675884) can0 1FF8B028#0000000000000000
(1788801044.685883) can0 03FF1000#0840112200000001
(1788801044.688953) can0 02213601#
(1788801044.695983) can0 03FF1605#0000000000000000
(1788801044.706884) can0 03121606#0100000000000000
(1788801044.780005) can0 03FF1000#0840112200000001
(1788801044.884991) can0 03FF1000#0840112200000001
(1788801044.908896) can0 02FF2605#0000060907070002
(1788801044.943897) can0 02FF2604#0000000000000000
(1788801044.968898) can0 02FF2704#0200000000000000
(1788801044.989992) can0 03FF1000#0840112200000001
(1788801044.998899) can0 0260B606#0100000000000000
(1788801045.028905) can0 02203607#0000000300000000
(1788801045.095010) can0 03FF1000#0840112200000001
(1788801045.200014) can0 03FF1000#0840112200000001
(1788801045.259015) can0 02181606#0000000000030200
(1788801045.289916) can0 02203606#0200000000000000
(1788801045.305008) can0 03FF1000#0840112200000001
(1788801045.315917) can0 03121606#0100000000000000
(1788801045.319916) can0 02181608#0500000001000000
(1788801045.351071) can0 02181609#0000000000000000
(1788801045.379921) can0 02488600#0000000000000000
(1788801045.409997) can0 03FF1000#0840112200000001
(1788801045.414026) can0 02294611#
(1788801045.414921) can0 05124611#0061368C000034F0
(1788801045.515000) can0 03FF1000#0840112200000001
(1788801045.590933) can0 02181606#0000000000030200
(1788801045.591143) can0 02203606#0200000000000000
(1788801045.599931) can0 02181606#0000000000030200
(1788801045.599998) can0 02203606#0200000000000000
(1788801045.609187) can0 02181606#0000000000030200
(1788801045.609932) can0 02203606#0200000000000000
(1788801045.620026) can0 03FF1000#0840112200000001
(1788801045.630933) can0 03121606#0100000000000000
(1788801045.725019) can0 03FF1000#0840112200000001
(1788801045.735939) can0 03121606#0100000000000000
(1788801045.830019) can0 03FF1000#0840112200000001
(1788801045.840946) can0 03121606#0100000000000000
(1788801045.935001) can0 03FF1000#0840112200000001
(1788801046.040060) can0 03FF1000#0840112200000001
(1788801046.145020) can0 03FF1000#0840112200000001
(1788801046.250026) can0 03FF1000#0840112200000001
(1788801046.355038) can0 03FF1000#0840112200000001
(1788801046.459997) can0 03FF1000#0840112200000001
(1788801046.565069) can0 03FF1000#0840112200000001
(1788801046.670026) can0 03FF1000#0840112200000001
(1788801046.775041) can0 03FF1000#0840112200000001
(1788801046.880051) can0 03FF1000#0840112200000001
(1788801046.985041) can0 03FF1000#0840112200000001
(1788801047.090086) can0 03FF1000#0840112200000001
(1788801047.195054) can0 03FF1000#0840112200000001
(1788801047.300054) can0 03FF1000#0840112200000001
(1788801047.405056) can0 03FF1000#0840112200000001
(1788801047.510049) can0 03FF1000#0840112200000001
(1788801047.615041) can0 03FF1000#0840112200000001
(1788801047.720047) can0 03FF1000#0840112200000001
(1788801047.825076) can0 03FF1000#0840112200000001
(1788801047.930074) can0 03FF1000#0840112200000001
(1788801048.035065) can0 03FF1000#0840112200000001
(1788801048.140068) can0 03FF1000#0840112200000001
(1788801048.245075) can0 03FF1000#0840112200000001
(1788801048.350095) can0 03FF1000#0840112200000001
(1788801048.455088) can0 03FF1000#0840112200000001
(1788801048.560094) can0 03FF1000#0840112200000001
(1788801048.665096) can0 03FF1000#0840112200000001
(1788801048.770103) can0 03FF1000#0840112200000001
(1788801048.875134) can0 03FF1000#0840112200000001
(1788801048.980116) can0 03FF1000#0840112200000001
(1788801049.085122) can0 03FF1000#0840112200000001
(1788801049.190130) can0 03FF1000#0840112200000001
(1788801049.295132) can0 03FF1000#0840112200000001
(1788801049.398325) can0 04FF3400#000001AC00000000
(1788801049.400137) can0 03FF1000#0840112200000001
(1788801049.505145) can0 03FF1000#0840112200000001
(1788801049.610150) can0 03FF1000#0840112200000001
(1788801049.715154) can0 03FF1000#0840112200000001
(1788801049.820161) can0 03FF1000#0840112200000001
(1788801049.925168) can0 03FF1000#0840112200000001
(1788801050.030175) can0 03FF1000#0840112200000001
(1788801050.135179) can0 03FF1000#0840112200000001
(1788801050.240184) can0 03FF1000#0840112200000001
(1788801050.345188) can0 03FF1000#0840112200000001
(1788801050.450195) can0 03FF1000#0840112200000001
(1788801050.555203) can0 03FF1000#0840112200000001
(1788801050.660207) can0 03FF1000#0840112200000001
(1788801050.765213) can0 03FF1000#0840112200000001
(1788801050.870218) can0 03FF1000#0840112200000001
(1788801050.975221) can0 03FF1000#0840112200000001
(1788801051.080232) can0 03FF1000#0840112200000001
(1788801051.185235) can0 03FF1000#0840112200000001
(1788801051.290240) can0 03FF1000#0840112200000001
(1788801051.395244) can0 03FF1000#0840112200000001
(1788801051.500251) can0 03FF1000#0840112200000001
(1788801051.605259) can0 03FF1000#0840112200000001
(1788801051.710263) can0 03FF1000#0840112200000001
(1788801051.815269) can0 03FF1000#0840112200000001
(1788801051.920274) can0 03FF1000#0840112200000001
(1788801052.025281) can0 03FF1000#0840112200000001
(1788801052.130286) can0 03FF1000#0840112200000001
(1788801052.235289) can0 03FF1000#0840112200000001
(1788801052.340294) can0 03FF1000#0840112200000001
(1788801052.445303) can0 03FF1000#0840112200000001
(1788801052.550309) can0 03FF1000#0840112200000001
(1788801052.655315) can0 03FF1000#0840112200000001
(1788801052.760318) can0 03FF1000#0840112200000001
(1788801052.865326) can0 03FF1000#0840112200000001
(1788801052.970329) can0 03FF1000#0840112200000001
(1788801053.075337) can0 03FF1000#0840112200000001
(1788801053.077589) can0 02181606#0100120001030200
(1788801053.184596) can0 03FF1000#0840112200000001
(1788801053.187339) can0 02181606#0100120001030200
(1788801053.195339) can0 03FF1001#0000000000000000
(1788801053.205546) can0 03FF1603#0000D06800000000
(1788801053.216341) can0 03FF1605#0100000000000000
(1788801053.218339) can0 05FF4610#0000D0AEFFFFFFCF
(1788801053.226561) can0 03121606#0100000000000000
(1788801053.290345) can0 03FF1000#0840112200000001
(1788801053.297343) can0 02181606#0100120001030200
(1788801053.300344) can0 03FF1001#0000000000000000
(1788801053.310554) can0 03FF1603#0000D06800000000
(1788801053.321346) can0 03FF1605#0100000000000000
(1788801053.331566) can0 03121606#0000000000000000
(1788801053.346347) can0 05FF4001#0000000000000000
(1788801053.348346) can0 05FF4000#0000000000000000
(1788801053.395349) can0 03FF1000#0840112200000001
(1788801053.405350) can0 03FF1001#0000000000000000
(1788801053.415577) can0 03FF1603#0000D06800000000
(1788801053.426351) can0 03FF1605#0100000000000000
(1788801053.428350) can0 05FF4602#08100E100E100D10
(1788801053.436571) can0 03121606#0000000000000000
(1788801053.438351) can0 05FF4603#0E100B100F100F10
(1788801053.448353) can0 05FF4604#0C100D1010101110
(1788801053.458353) can0 05FF4605#0C10000000000000
(1788801053.479354) can0 05FF4610#0000D0AEFFFFFFCF
(1788801053.488354) can0 05FF4606#1E1E1E
(1788801053.498355) can0 05FF4607#1E1D1E
(1788801053.499597) can0 03FF1000#0840112200000001
(1788801053.508355) can0 05FF4608#0019007C
(1788801053.510359) can0 03FF1001#0000000000000000
(1788801053.518356) can0 05FF4609#010003CA03CA00
(1788801053.520587) can0 03FF1603#0000D06800000000
(1788801053.531357) can0 03FF1605#0100000000000000
(1788801053.604604) can0 03FF1000#0840112200000001
(1788801053.615366) can0 03FF1001#0000000000000000
(1788801053.625583) can0 03FF1603#0000D06800000000
(1788801053.636362) can0 03FF1605#0100000000000000
(1788801053.670364) can0 05FF4400#00000003
(1788801053.709599) can0 03FF1000#0840112200000001
(1788801053.720367) can0 03FF1001#0000000000000000
(1788801053.731367) can0 03FF1603#0000D06800000000
(1788801053.732366) can0 05FF4600#0D0300900303
(1788801053.741367) can0 03FF1605#0100000000000000
(1788801053.751588) can0 03FF1600#142B000104001312
(1788801053.754368) can0 05FF4610#0000D0AEFFFFFFCF
(1788801053.762368) can0 03FF1601#6E50000000000000
(1788801053.772578) can0 03FF1602#000005000000157C
(1788801053.782370) can0 05FF4601#007300000000
(1788801053.783369) can0 03FF1604#0000000000000000
(1788801053.814625) can0 03FF1000#0840112200000001
(1788801053.825373) can0 03FF1001#0000000000000000
(1788801053.835583) can0 03FF1603#0000D06800000000
(1788801053.846374) can0 03FF1605#0100000000000000
(1788801053.919617) can0 03FF1000#0840112200000001
(1788801053.930378) can0 03FF1001#0000000000000000
(1788801053.940598) can0 03FF1603#0000D06800000000
(1788801053.951378) can0 03FF1605#0100000000000000
(1788801054.017386) can0 05FF4610#0000D0AEFFFFFFCF
(1788801054.024615) can0 03FF1000#0840112200000001
(1788801054.035384) can0 03FF1001#0000000000000000
(1788801054.045592) can0 03FF1603#0000D06800000000
(1788801054.056385) can0 03FF1605#0100000000000000
(1788801054.129611) can0 03FF1000#0840112200000001
(1788801054.140391) can0 03FF1001#0000000000000000
(1788801054.150586) can0 03FF1603#0000D06800000000
(1788801054.161391) can0 03FF1605#0100000000000000
(1788801054.234618) can0 03FF1000#0840112200000001
(1788801054.245395) can0 03FF1001#0000000000000000
(1788801054.255580) can0 03FF1603#0000D06800000000
(1788801054.266396) can0 03FF1605#0100000000000000
(1788801054.307526) can0 05FF4610#0000D0ADFFFFFFBF
(1788801054.318400) can0 02FF2602#CAB3AE350F4BED77
(1788801054.318545) can0 02294609#0000000000000000
(1788801054.320398) can0 05124609#030003CA03CA00
(1788801054.339631) can0 03FF1000#0840112200000001
(1788801054.350401) can0 03FF1001#0000000000000000
(1788801054.360597) can0 03FF1603#0000D06800000000
(1788801054.371402) can0 03FF1605#0100000000000000
(1788801054.394403) can0 05FF4001#0000000000000000
(1788801054.395587) can0 05FF4000#0000000000000000
(1788801054.444615) can0 03FF1000#0840112200000001
(1788801054.455406) can0 03FF1001#0000000000000000
(1788801054.465591) can0 03FF1603#0000D06800000000
(1788801054.475592) can0 05FF4602#08100E100E100D10
(1788801054.476406) can0 03FF1605#0100000000000000
(1788801054.485611) can0 05FF4603#0E100B100F100F10
(1788801054.495628) can0 05FF4604#0C100D1010101110
(1788801054.505664) can0 05FF4605#0B10000000000000
(1788801054.535460) can0 05FF4606#1E1E1E
(1788801054.545453) can0 05FF4607#1E1D1E
(1788801054.549619) can0 03FF1000#0840112200000001
(1788801054.555538) can0 05FF4608#0019007C
(1788801054.560411) can0 03FF1001#0000000000000000
(1788801054.565666) can0 05FF4609#030003CA03CA00
(1788801054.570412) can0 05FF4610#0000D0ADFFFFFFBF
(1788801054.570617) can0 03FF1603#0000D06800000000
(1788801054.581413) can0 03FF1605#0100000000000000
(1788801054.654613) can0 03FF1000#0840112200000001
(1788801054.665419) can0 03FF1001#0000000000000000
(1788801054.675616) can0 03FF1603#0000D06800000000
(1788801054.686418) can0 03FF1605#0100000000000000
(1788801054.749424) can0 03FF1600#142B000104001312
(1788801054.759677) can0 03FF1601#6E50000000000000
(1788801054.770422) can0 03FF1602#000005000000157C
(1788801054.780609) can0 03FF1604#0000000000000000
(1788801054.791423) can0 03FF1000#0840112200000001
(1788801054.801621) can0 03FF1001#0000000000000000
(1788801054.812428) can0 03FF1603#0000D06800000000
(1788801054.822627) can0 03FF1605#0100000000000000
(1788801054.828456) can0 02FF2602#CAB3AE350F4BED77
(1788801054.829425) can0 02294609#0000000000000000
(1788801054.830509) can0 05124609#030003CA03CA00
(1788801054.844427) can0 05FF4610#0000D0ADFFFFFFBF
(1788801054.864643) can0 03FF1000#0840112200000001
(1788801054.875429) can0 03FF1001#0000000000000000
(1788801054.885613) can0 03FF1603#0000D06800000000
(1788801054.896429) can0 03FF1605#0100000000000000
(1788801054.938457) can0 02203606#0101000100010000
(1788801054.948433) can0 04FF3604#0004000300000100
(1788801054.949431) can0 02181606#0000000000030200
(1788801054.959432) can0 03FF1605#0000000000000000
(1788801054.978435) can0 04FF3604#0004000300000100
(1788801055.008438) can0 04FF3604#0006000300000100
(1788801055.015440) can0 02203606#0200000000000000
(1788801055.038604) can0 02181608#0500000001000000
(1788801055.091445) can0 02181609#0000000000000000
(1788801055.120448) can0 02488600#0000000000000000
(1788801055.126446) can0 1FF8B028#0000000000000000
(1788801055.136445) can0 03FF1000#0840112200000001
(1788801055.147444) can0 03FF1605#0000000000000000
(1788801055.150595) can0 02294500#
(1788801055.152444) can0 05124500#0500
(1788801055.157444) can0 03121606#0100000000000000
(1788801055.200561) can0 02FF2605#0000060907070000
(1788801055.231453) can0 03FF1000#0840112200000001
(1788801055.231501) can0 02FF2604#0000000000000000
(1788801055.259555) can0 02FF2704#0200000000000000
(1788801055.290541) can0 0260B606#0100000000000000
(1788801055.321455) can0 02203607#0000000300000000
(1788801055.335711) can0 03FF1000#0840112200000001
(1788801055.351458) can0 02F82400#0200000000000000
(1788801055.379608) can0 02FF2602#0D931D0D12756BA3
(1788801055.409459) can0 02181606#0100120001030200
(1788801055.440567) can0 02203606#0100000100010000
(1788801055.456463) can0 03FF1000#0840112200000001
(1788801055.458461) can0 04FF3604#0003000300000000
(1788801055.466635) can0 03FF1001#0000000000000000
(1788801055.470461) can0 02181608#0500000001000000
(1788801055.477462) can0 03FF1603#0000D06800000000
(1788801055.487643) can0 03FF1605#0100000000000000
(1788801055.488463) can0 04FF3604#0003000300C80000
(1788801055.490463) can0 05FF4610#0000D0AEFFFFFFCA
(1788801055.498463) can0 03121606#0100000000000000
(1788801055.501463) can0 02181609#0000000000000000
(1788801055.518467) can0 04FF3604#0003000300C80000
(1788801055.531468) can0 02488600#0000000000000000
(1788801055.548469) can0 04FF3604#0003000300C80000
(1788801055.560467) can0 02294501#
(1788801055.561466) can0 03FF1000#0840112200000001
(1788801055.561533) can0 05124501#0103
(1788801055.571628) can0 03FF1001#0000000000000000
(1788801055.578468) can0 04FF3604#0004000300C80000
(1788801055.582467) can0 03FF1603#0000D06800000000
(1788801055.590468) can0 02FF2605#0000060907070002
(1788801055.592652) can0 03FF1605#0100000000000000
(1788801055.608469) can0 04FF3604#0003000300C80000
(1788801055.618472) can0 05FF4001#0000000000000000
(1788801055.619668) can0 02FF2604#0000000000000000
(1788801055.620469) can0 05FF4000#0000000000000000
(1788801055.638471) can0 04FF3604#0004000300C80000
(1788801055.649471) can0 02FF2704#0200000000000000
(1788801055.666472) can0 03FF1000#0840112200000001
(1788801055.668474) can0 04FF3604#0003000300C80000
(1788801055.676619) can0 03FF1001#0000000000000000
(1788801055.680476) can0 0260B606#0100000000000000
(1788801055.687474) can0 03FF1603#0000D06800000000
(1788801055.697648) can0 03FF1605#0100000000000000
(1788801055.698473) can0 04FF3604#0004000300C80000
(1788801055.711475) can0 02203607#0000000300000000
(1788801055.712477) can0 05FF4602#08100E100E100D10
(1788801055.722477) can0 05FF4603#0E100B100F100F10
(1788801055.728475) can0 04FF3604#0003000300C80000
(1788801055.732475) can0 05FF4604#0C100D1010101110
(1788801055.740476) can0 02181606#0100120001030200
(1788801055.742476) can0 05FF4605#0C10000000000000
(1788801055.758477) can0 04FF3604#0003000300C80000
(1788801055.760651) can0 03FF1600#142B000104001312
(1788801055.763478) can0 05FF4610#0000D0AEFFFFFFCA
(1788801055.769477) can0 02203606#0101000100010000
(1788801055.771477) can0 03FF1601#6E50000000000000
(1788801055.772477) can0 05FF4606#1E1E1E
(1788801055.781628) can0 03FF1602#000005000000157C
(1788801055.782477) can0 05FF4607#1E1D1E
(1788801055.788478) can0 04FF3604#0004000300C80100
(1788801055.792478) can0 03FF1604#0000000000000000
(1788801055.792580) can0 05FF4608#0019007C
(1788801055.800479) can0 02181608#0500000001000000
(1788801055.802479) can0 05FF4609#030003CA03CA00
(1788801055.803479) can0 03FF1000#0840112200000001
(1788801055.813483) can0 03FF1001#0000000000000000
(1788801055.818483) can0 04FF3604#0005000300C80100
(1788801055.823633) can0 03FF1603#0000D06800000000
(1788801055.831577) can0 02181609#0000000000000000
(1788801055.834483) can0 03FF1605#0100000000000000
(1788801055.844690) can0 03121606#0000000000000000
(1788801055.848481) can0 04FF3604#0004000300C80100
(1788801055.862484) can0 02488600#0000000000000000
(1788801055.876483) can0 03FF1000#0840112200000001
(1788801055.878483) can0 04FF3604#0004000300C80100
(1788801055.886642) can0 03FF1001#0000000000000000
(1788801055.890518) can0 02191500#
(1788801055.897484) can0 03FF1603#0000D06800000000
(1788801055.898485) can0 04FF3602#0000000000000000
(1788801055.907636) can0 03FF1605#0100000000000000
(1788801055.908485) can0 04FF3604#0004000300C80100
(1788801055.918488) can0 03FF1500#000000C300000000
(1788801055.938490) can0 04FF3604#0004000300C80100
(1788801055.953487) can0 05FF4400#00000004
(1788801055.968488) can0 04FF3604#0006000300C80100
(1788801055.971488) can0 02FF2605#0000060907070003
(1788801055.981489) can0 03FF1000#0840112200000001
(1788801055.991635) can0 03FF1001#0000000000000000
(1788801055.998489) can0 04FF3604#0005000300C80100
(1788801056.001513) can0 02FF2604#0000000000000000
(1788801056.002489) can0 03FF1603#0000D06800000000
(1788801056.003547) can0 05FF4600#0D0300900303
(1788801056.012620) can0 03FF1605#0100000000000000
(1788801056.025598) can0 05FF4610#0000D0AEFFFFFFCA
(1788801056.028494) can0 04FF3604#0005000300C80100
(1788801056.031492) can0 02FF2704#0200000000000000
(1788801056.053563) can0 05FF4601#007300000000
(1788801056.058493) can0 04FF3604#0003000300C80100
(1788801056.060492) can0 0260B606#0100000000000000
(1788801056.086495) can0 03FF1000#0840112200000001
(1788801056.088494) can0 04FF3604#0006000300C80100
(1788801056.096645) can0 03FF1001#0000000000000000
(1788801056.107496) can0 03FF1603#0000D06800000000
(1788801056.110495) can0 02203607#0000000300000000
(1788801056.117649) can0 03FF1605#0100000000000000
(1788801056.118498) can0 04FF3604#0003000300C80100
(1788801056.148497) can0 04FF3604#0003000300C80100
(1788801056.178502) can0 04FF3604#0006000300C80100
(1788801056.191501) can0 03FF1000#0840112200000001
(1788801056.201664) can0 03FF1001#0000000000000000
(1788801056.208502) can0 04FF3604#0007000300C80100
(1788801056.212504) can0 03FF1603#0000D06800000000
(1788801056.222643) can0 03FF1605#0100000000000000
(1788801056.238504) can0 04FF3604#0004000300C80100
(1788801056.268505) can0 04FF3604#0003000300C80100
(1788801056.296506) can0 03FF1000#0840112200000001
(1788801056.298506) can0 04FF3604#0006000300C80100
(1788801056.306657) can0 03FF1001#0000000000000000
(1788801056.316759) can0 05FF4610#0000D0AAFFFFFFB9
(1788801056.317509) can0 03FF1603#0000D06800000000
(1788801056.327670) can0 03FF1605#0100000000000000
(1788801056.328507) can0 04FF3604#0005000300C80100
(1788801056.358511) can0 04FF3604#0005000300C80100
(1788801056.388512) can0 04FF3604#0003000300C80100
(1788801056.398511) can0 04FF3602#0000000000000000
(1788801056.401511) can0 03FF1000#0840112200000001
(1788801056.411662) can0 03FF1001#0000000000000000
(1788801056.418515) can0 04FF3604#0003000300C80100
(1788801056.422515) can0 03FF1603#0000D06800000000
(1788801056.432653) can0 03FF1605#0100000000000000
(1788801056.448514) can0 04FF3604#0004000300C80100
(1788801056.478515) can0 04FF3604#0004000300C80100
(1788801056.480515) can0 02181606#0100120001030200
(1788801056.506518) can0 03FF1000#0840112200000001
(1788801056.508517) can0 04FF3604#0005000300C80100
(1788801056.510517) can0 02203606#0101000100010000
(1788801056.516659) can0 03FF1001#0000000000000000
(1788801056.527521) can0 03FF1603#0000D06800000000
(1788801056.537636) can0 03FF1605#0100000000000000
(1788801056.538518) can0 04FF3604#0005000300C80100
(1788801056.540518) can0 02181608#0500000001000000
(1788801056.548519) can0 03121606#0000000000000000
(1788801056.568520) can0 04FF3604#0003000300C80100
(1788801056.570520) can0 02181609#0000000000000000
(1788801056.579521) can0 05FF4610#0000D0AAFFFFFFB9
(1788801056.598522) can0 04FF3604#0006000300C80100
(1788801056.601521) can0 02488600#0000000000000000
(1788801056.611523) can0 03FF1000#0840112200000001
(1788801056.621722) can0 03FF1001#0000000000000000
(1788801056.628526) can0 04FF3604#0003000300C80100
(1788801056.630523) can0 02191501#
(1788801056.632523) can0 03FF1603#0000D06800000000
(1788801056.642675) can0 03FF1605#0100000000000000
(1788801056.653525) can0 03FF1501#0000004A00000000
(1788801056.658525) can0 04FF3604#0008000300C80100
(1788801056.666526) can0 05FF4001#0000000000000000
(1788801056.668525) can0 05FF4000#0000000000000000
(1788801056.688527) can0 04FF3604#0004000400C80100
(1788801056.716532) can0 03FF1000#0840112200000001
(1788801056.718531) can0 04FF3604#0005000300C80100
(1788801056.726645) can0 03FF1001#0000000000000000
(1788801056.737529) can0 03FF1603#0000D06800000000
(1788801056.747669) can0 03FF1605#0100000000000000
(1788801056.748530) can0 04FF3604#0006000300C80100
(1788801056.760531) can0 05FF4602#08100D100D100C10
(1788801056.768682) can0 03FF1600#142B000104001312
(1788801056.770530) can0 05FF4603#0E100B100F100F10
(1788801056.778531) can0 04FF3604#0005000300C80100
(1788801056.779531) can0 03FF1601#6E50000000000000
(1788801056.780531) can0 05FF4604#0C100D1010101110
(1788801056.789643) can0 03FF1602#000005000000157C
(1788801056.790532) can0 05FF4605#0B10000000000000
(1788801056.800532) can0 03FF1604#0000000000000000
(1788801056.808535) can0 04FF3604#0005000300C80100
(1788801056.820536) can0 05FF4606#1E1E1E
(1788801056.821536) can0 03FF1000#0840112200000001
(1788801056.830537) can0 05FF4607#1E1D1E
(1788801056.831675) can0 03FF1001#0000000000000000
(1788801056.838536) can0 04FF3604#0004000300C80100
(1788801056.840535) can0 05FF4608#0019007C
(1788801056.842535) can0 03FF1603#0000D06800000000
(1788801056.850535) can0 05FF4609#030003CA03CA00
(1788801056.852658) can0 03FF1605#0100000000000000
(1788801056.854536) can0 05FF4610#0000D0AAFFFFFFB9
(1788801056.868536) can0 04FF3604#0005000300C80100
(1788801056.898538) can0 04FF3602#0000000000000000
(1788801056.899537) can0 04FF3604#0007000300C80100
(1788801056.926541) can0 03FF1000#0840112200000001
(1788801056.928542) can0 04FF3604#0005000300C80100
(1788801056.936657) can0 03FF1001#0000000000000000
(1788801056.947540) can0 03FF1603#0000D06800000000
(1788801056.957657) can0 03FF1605#0100000000000000
(1788801056.958541) can0 04FF3604#0005000300C80100
(1788801056.980543) can0 02FF2605#0000060907070004
(1788801056.988543) can0 04FF3604#0003000300C80100
(1788801057.011545) can0 02FF2604#0000000000000000
(1788801057.018547) can0 04FF3604#0007000300C80100
(1788801057.031547) can0 03FF1000#0840112200000001
(1788801057.040583) can0 02FF2704#0200000000000000
(1788801057.041673) can0 03FF1001#0000000000000000
(1788801057.048545) can0 04FF3604#0005000300C80100
(1788801057.052546) can0 03FF1603#0000D06800000000
(1788801057.062646) can0 03FF1605#0100000000000000
(1788801057.078548) can0 04FF3604#0003000300C80100
(1788801057.090548) can0 0260B606#0100000000000000
(1788801057.108549) can0 04FF3604#0006000300C80100
(1788801057.120617) can0 02203607#0000000300000000
(1788801057.136554) can0 03FF1000#0840112200000001
(1788801057.138551) can0 04FF3604#0004000300C80100
(1788801057.143551) can0 05FF4610#0000D0AAFFFFFF98
(1788801057.146666) can0 03FF1001#0000000000000000
(1788801057.157552) can0 03FF1603#0000D06800000000
(1788801057.167668) can0 03FF1605#0100000000000000
(1788801057.168552) can0 04FF3604#0005000300C80100
(1788801057.198555) can0 04FF3604#0003000300C80100
(1788801057.228559) can0 04FF3604#0004000300C80100
(1788801057.240675) can0 02181606#0100120001030200
(1788801057.241556) can0 03FF1000#0840112200000001
(1788801057.251655) can0 03FF1001#0000000000000000
(1788801057.258557) can0 04FF3604#0005000300C80100
(1788801057.262557) can0 03FF1603#0000D06800000000
(1788801057.270743) can0 02203606#0101000100010000
(1788801057.272673) can0 03FF1605#0100000000000000
(1788801057.288559) can0 04FF3604#0006000300C80100
(1788801057.300768) can0 02181608#0500000001000000
(1788801057.318562) can0 04FF3604#0003000300C80100
(1788801057.330768) can0 02181609#0000000000000000
(1788801057.346565) can0 03FF1000#0840112200000001
(1788801057.348562) can0 04FF3604#0004000300C80100
(1788801057.356678) can0 03FF1001#0000000000000000
(1788801057.361563) can0 02488600#0000000000000000
(1788801057.367564) can0 03FF1603#0000D06800000000
(1788801057.377668) can0 03FF1605#0100000000000000
(1788801057.378563) can0 04FF3604#0004000300C80100
(1788801057.388565) can0 03121606#0000000000000000
(1788801057.390610) can0 02213500#
(1788801057.398565) can0 04F93500#000000EB00000000
(1788801057.399565) can0 04FF3602#0000000000000000
(1788801057.404565) can0 05FF4610#0000D0AAFFFFFF98
(1788801057.408565) can0 04FF3604#0004000300C80100
(1788801057.438570) can0 04FF3604#0006000300C80100
(1788801057.451570) can0 03FF1000#0840112200000001
(1788801057.461679) can0 03FF1001#0000000000000000
(1788801057.468569) can0 04FF3604#0004000300C80100
(1788801057.472568) can0 03FF1603#0000D06800000000
(1788801057.482662) can0 03FF1605#0100000000000000
(1788801057.498570) can0 04FF3604#0004000300C80100
(1788801057.528574) can0 04FF3604#0005000300C80100
(1788801057.556576) can0 03FF1000#0840112200000001
(1788801057.558574) can0 04FF3604#0003000300C80100
(1788801057.566673) can0 03FF1001#0000000000000000
(1788801057.577574) can0 03FF1603#0000D06800000000
(1788801057.587656) can0 03FF1605#0100000000000000
(1788801057.588575) can0 04FF3604#0006000300C80100
(1788801057.618579) can0 04FF3604#0005000300C80100
(1788801057.648581) can0 04FF3604#0004000300C80100
(1788801057.661579) can0 03FF1000#0840112200000001
(1788801057.665579) can0 05FF4610#0000D0AAFFFFFF98
(1788801057.671684) can0 03FF1001#0000000000000000
(1788801057.678580) can0 04FF3604#0004000300C80100
(1788801057.682580) can0 03FF1603#0000D06800000000
(1788801057.692685) can0 03FF1605#0100000000000000
(1788801057.708582) can0 04FF3604#0004000300C80100
(1788801057.719585) can0 05FF4001#0000000000000000
(1788801057.721585) can0 05FF4000#0000000000000000
(1788801057.738583) can0 04FF3604#0005000300C80100
(1788801057.766585) can0 03FF1000#0840112200000001
(1788801057.768585) can0 04FF3604#0004000300C80100
(1788801057.776701) can0 03FF1001#0000000000000000
(1788801057.787586) can0 03FF1603#0000D06800000000
(1788801057.797678) can0 03FF1605#0100000000000000
(1788801057.798586) can0 04FF3604#0006000300C80100
(1788801057.801585) can0 05FF4602#08100D100E100D10
(1788801057.808589) can0 03FF1600#142B000104001312
(1788801057.811589) can0 05FF4603#0D100B100E100F10
(1788801057.818694) can0 03FF1601#6E50000000000000
(1788801057.821590) can0 05FF4604#0C100D1010101110
(1788801057.828588) can0 04FF3604#0004000300C80100
(1788801057.829587) can0 03FF1602#000005000000157C
(1788801057.831590) can0 05FF4605#0B10000000000000
(1788801057.839695) can0 03FF1604#0000000000000000
(1788801057.858590) can0 04FF3604#0003000300C80100
(1788801057.861589) can0 05FF4606#1E1E1E
(1788801057.871591) can0 03FF1000#0840112200000001
(1788801057.871656) can0 05FF4607#1E1D1E
(1788801057.881590) can0 05FF4608#0019007C
(1788801057.882590) can0 03FF1001#0000000000000000
(1788801057.888591) can0 04FF3604#0004000400C80100
(1788801057.891591) can0 05FF4609#030003CA03CA00
(1788801057.892591) can0 03FF1603#0000D06800000000
(1788801057.898592) can0 04FF3602#0000000000000000
(1788801057.902696) can0 03FF1605#0100000000000000
(1788801057.918595) can0 04FF3604#0004000300C80100
(1788801057.938597) can0 05FF4610#0000D0AAFFFFFF98
(1788801057.948595) can0 04FF3604#0005000300C80100
(1788801057.976596) can0 03FF1000#0840112200000001
(1788801057.978595) can0 04FF3604#0005000300C80100
(1788801057.986689) can0 03FF1001#0000000000000000
(1788801057.991596) can0 02FF2605#0000060907070005
(1788801057.997596) can0 03FF1603#0000D06800000000
(1788801058.007690) can0 03FF1605#0100000000000000
(1788801058.008597) can0 04FF3604#0004000300C80100
(1788801058.021601) can0 02FF2604#0000000000000000
(1788801058.038602) can0 04FF3604#0004000300C80100
(1788801058.051602) can0 02FF2704#0200000000000000
(1788801058.068601) can0 04FF3604#0003000300C80100
(1788801058.081601) can0 03FF1000#0840112200000001
(1788801058.091695) can0 03FF1001#0000000000000000
(1788801058.098603) can0 04FF3604#0005000300C80100
(1788801058.101602) can0 0260B606#0100000000000000
(1788801058.102602) can0 03FF1603#0000D06800000000
(1788801058.112673) can0 03FF1605#0100000000000000
(1788801058.128607) can0 04FF3604#0005000300C80100
(1788801058.131640) can0 02203607#0000000300000000
(1788801058.158606) can0 04FF3604#0004000300C80100
(1788801058.161640) can0 02181606#0100120001030200
(1788801058.186608) can0 03FF1000#0840112200000001
(1788801058.188607) can0 04FF3604#0005000300C80100
(1788801058.191688) can0 02203606#0101000100010000
(1788801058.196711) can0 03FF1001#0000000000000000
(1788801058.207608) can0 03FF1603#0000D06800000000
(1788801058.217692) can0 03FF1605#0100000000000000
(1788801058.218612) can0 04FF3604#0005000300C80100
(1788801058.221745) can0 02181608#0500000001000000
(1788801058.226668) can0 05FF4610#0000D0A8FFFFFFA3
(1788801058.228609) can0 03121606#0000000000000000
(1788801058.248611) can0 04FF3604#0002000300C80100
(1788801058.251703) can0 02181609#0000000000000000
(1788801058.278612) can0 04FF3604#0004000300C80100
(1788801058.281785) can0 02488600#0000000000000000
(1788801058.291613) can0 03FF1000#0840112200000001
(1788801058.301671) can0 03FF1001#0000000000000000
(1788801058.308613) can0 04FF3604#0006000300C80100
(1788801058.311613) can0 02213501#
(1788801058.312613) can0 03FF1603#0000D06800000000
(1788801058.318616) can0 04F93501#0000000400000000
(1788801058.322709) can0 03FF1605#0100000000000000
(1788801058.338617) can0 04FF3604#0005000300C80100
(1788801058.368620) can0 04FF3604#0005000400C80100
(1788801058.396619) can0 03FF1000#0840112200000001
(1788801058.398618) can0 04FF3602#0000000000000000
(1788801058.398858) can0 04FF3604#0005000300C80100
(1788801058.406699) can0 03FF1001#0000000000000000
(1788801058.417621) can0 03FF1603#0000D06800000000
(1788801058.427749) can0 03FF1605#0100000000000000
(1788801058.428619) can0 04FF3604#0005000300C80100
(1788801058.458621) can0 04FF3604#0005000300C80100
(1788801058.488624) can0 04FF3604#0005000300C80100
(1788801058.488817) can0 05FF4610#0000D0A8FFFFFFA3
(1788801058.501624) can0 03FF1000#0840112200000001
(1788801058.511690) can0 03FF1001#0000000000000000
(1788801058.518628) can0 04FF3604#0005000300C80100
(1788801058.522627) can0 03FF1603#0000D06800000000
(1788801058.532697) can0 03FF1605#0100000000000000
(1788801058.548629) can0 04FF3604#0003000300C80100
(1788801058.578628) can0 04FF3604#0006000300C80100
(1788801058.606629) can0 03FF1000#0840112200000001
(1788801058.608629) can0 04FF3604#0005000300C80100
(1788801058.616702) can0 03FF1001#0000000000000000
(1788801058.627634) can0 03FF1603#0000D06800000000
(1788801058.637673) can0 03FF1605#0100000000000000
(1788801058.638631) can0 04FF3604#0006000300C80100
(1788801058.668634) can0 04FF3604#0005000300C80100
(1788801058.698635) can0 04FF3604#0005000300C80100
(1788801058.711635) can0 03FF1000#0840112200000001
(1788801058.721707) can0 03FF1001#0000000000000000
(1788801058.728639) can0 04FF3604#0005000300C80100
(1788801058.732636) can0 03FF1603#0000D06800000000
(1788801058.742706) can0 03FF1605#0100000000000000
(1788801058.758638) can0 04FF3604#0005000300C80100
(1788801058.762637) can0 05FF4001#0000000000000000
(1788801058.763638) can0 05FF4610#0000D0A8FFFFFFA3
(1788801058.763693) can0 02181606#0100120001030200
(1788801058.764637) can0 05FF4000#0000000000000000
(1788801058.784708) can0 03FF1600#142B000104001312
(1788801058.788640) can0 04FF3604#0006000300C80100
(1788801058.792639) can0 02203606#0101000100010000
(1788801058.795639) can0 03FF1601#6E50000000000000
(1788801058.805701) can0 03FF1602#000005000000157C
(1788801058.816644) can0 03FF1604#0000000000000000
(1788801058.818643) can0 04FF3604#0003000300C80100
(1788801058.822641) can0 02181608#0500000001000000
(1788801058.826676) can0 03FF1000#0840112200000001
(1788801058.837644) can0 03FF1001#0000000000000000
(1788801058.844645) can0 05FF4602#07100D100D100D10
(1788801058.847696) can0 03FF1603#0000D06800000000
(1788801058.848642) can0 04FF3604#0006000400C80100
(1788801058.852656) can0 02181609#0000000000000000
(1788801058.854642) can0 05FF4603#0D100B100E100F10
(1788801058.858641) can0 03FF1605#0100000000000000
(1788801058.864641) can0 05FF4604#0C100D1010101110
(1788801058.868688) can0 03121606#0000000000000000
(1788801058.874643) can0 05FF4605#0B10000000000000
(1788801058.878642) can0 04FF3604#0005000300C80100
(1788801058.882643) can0 02488600#0000000000000000
(1788801058.898644) can0 04FF3602#0000000000000000
(1788801058.903817) can0 05FF4606#1E1E1E
(1788801058.908643) can0 04FF3604#0004000300C80100
(1788801058.912645) can0 02294502#
(1788801058.913644) can0 05124502#5250313353333541
(1788801058.913837) can0 05FF4607#1E1D1E
(1788801058.921648) can0 03FF1000#0840112200000001
(1788801058.923865) can0 05FF4608#0019007C
(1788801058.931714) can0 03FF1001#0000000000000000
(1788801058.934645) can0 05FF4609#030003CA03CA00
(1788801058.938645) can0 04FF3604#0005000300C80100
(1788801058.942645) can0 03FF1603#0000D06800000000
(1788801058.952704) can0 03FF1605#0100000000000000
(1788801058.968648) can0 04FF3604#0006000300C80100
(1788801058.998650) can0 04FF3604#0004000300C80100
(1788801059.002649) can0 02FF2605#0000060907070006
(1788801059.024653) can0 05FF4610#0000D0A8FFFFFFA3
(1788801059.026650) can0 03FF1000#0840112200000001
(1788801059.028650) can0 04FF3604#0005000300C80100
(1788801059.032650) can0 02FF2604#0000000000000000
(1788801059.036719) can0 03FF1001#0000000000000000
(1788801059.047652) can0 03FF1603#0000D06800000000
(1788801059.057705) can0 03FF1605#0100000000000000
(1788801059.058651) can0 04FF3604#0003000300C80100
(1788801059.084907) can0 02FF2704#0200000000000000
(1788801059.088653) can0 04FF3604#0005000300C80100
(1788801059.112659) can0 0260B606#0100000000000000
(1788801059.118658) can0 04FF3604#0004000300C80100
(1788801059.131657) can0 03FF1000#0840112200000001
(1788801059.141714) can0 03FF1001#0000000000000000
(1788801059.143656) can0 02203607#0000000300000000
(1788801059.148656) can0 04FF3604#0003000300C80100
(1788801059.152657) can0 03FF1603#0000D06800000000
(1788801059.162692) can0 03FF1605#0100000000000000
(1788801059.178659) can0 04FF3604#0004000300C80100
(1788801059.208660) can0 04FF3604#0006000300C80100
(1788801059.236663) can0 03FF1000#0840112200000001
(1788801059.238662) can0 04FF3604#0004000300C80100
(1788801059.246716) can0 03FF1001#0000000000000000
(1788801059.257663) can0 03FF1603#0000D06800000000
(1788801059.267710) can0 03FF1605#0100000000000000
(1788801059.268663) can0 04FF3604#0004000300C80100
(1788801059.298665) can0 04FF3604#0004000300C80100
(1788801059.312666) can0 05FF4610#0000D0ABFFFFFFA3
(1788801059.328669) can0 04FF3604#0005000300C80100
(1788801059.341670) can0 03FF1000#0840112200000001
(1788801059.351698) can0 03FF1001#0000000000000000
(1788801059.358668) can0 04FF3604#0006000300C80100
(1788801059.362669) can0 03FF1603#0000D06800000000
(1788801059.372715) can0 03FF1605#0100000000000000
(1788801059.388670) can0 04FF3604#0005000300C80100
(1788801059.398670) can0 04FF3400#000001AD00000000
(1788801059.398841) can0 04FF3602#0000000000000000
(1788801059.418673) can0 04FF3604#0002000300C80100
(1788801059.446673) can0 03FF1000#0840112200000001
(1788801059.448673) can0 04FF3604#0003000300C80100
(1788801059.456755) can0 03FF1001#0000000000000000
(1788801059.467674) can0 03FF1603#0000D06800000000
(1788801059.477716) can0 03FF1605#0100000000000000
(1788801059.478674) can0 04FF3604#0005000300C80100
(1788801059.508677) can0 04FF3604#0005000300C80100
(1788801059.523678) can0 02181606#0100120001030200
(1788801059.538678) can0 04FF3604#0003000300C80100
(1788801059.551679) can0 03FF1000#0840112200000001
(1788801059.553678) can0 02203606#0101000100010000
(1788801059.561725) can0 03FF1001#0000000000000000
(1788801059.568679) can0 04FF3604#0006000300C80100
(1788801059.572679) can0 03FF1603#0000D06800000000
(1788801059.573679) can0 05FF4610#0000D0ABFFFFFFA3
(1788801059.582715) can0 03FF1605#0100000000000000
(1788801059.583680) can0 02181608#0500000001000000
(1788801059.593681) can0 03121606#0000000000000000
(1788801059.598681) can0 04FF3604#0006000300C80100
(1788801059.613681) can0 02181609#0000000000000000
(1788801059.628685) can0 04FF3604#0006000300C80100
(1788801059.643684) can0 02488600#0000000000000000
(1788801059.656684) can0 03FF1000#0840112200000001
(1788801059.658684) can0 04FF3604#0002000300C80100
(1788801059.666719) can0 03FF1001#0000000000000000
(1788801059.673685) can0 02294503#
(1788801059.674684) can0 05124503#00150C0900000C62
(1788801059.677685) can0 03FF1603#0000D06800000000
(1788801059.687715) can0 03FF1605#0100000000000000
(1788801059.688685) can0 04FF3604#0005000300C80100
(1788801059.718688) can0 04FF3604#0003000300C80100
(1788801059.748689) can0 04FF3604#0006000300C80100
(1788801059.761692) can0 03FF1000#0840112200000001
(1788801059.771726) can0 03FF1001#0000000000000000
(1788801059.778691) can0 04FF3604#0004000300C80100
(1788801059.782690) can0 03FF1603#0000D06800000000
(1788801059.792749) can0 03FF1605#0100000000000000
(1788801059.802693) can0 05FF4001#0000000000000000
(1788801059.803691) can0 03FF1600#142B000104001312
(1788801059.804692) can0 05FF4000#0000000000000000
(1788801059.808697) can0 04FF3604#0005000400C80100
(1788801059.813716) can0 03FF1601#6E50000000000000
(1788801059.824697) can0 03FF1602#000005000000157C
(1788801059.834707) can0 03FF1604#0000000000000000
(1788801059.838694) can0 04FF3604#0004000300C80100
(1788801059.846695) can0 05FF4610#0000D0ABFFFFFFA3
(1788801059.866695) can0 03FF1000#0840112200000001
(1788801059.868695) can0 04FF3604#0006000400C80100
(1788801059.876719) can0 03FF1001#0000000000000000
(1788801059.884696) can0 05FF4602#08100D100E100D10
(1788801059.887696) can0 03FF1603#0000D06800000000
(1788801059.894697) can0 05FF4603#0E100B100E100F10
(1788801059.897726) can0 03FF1605#0100000000000000
(1788801059.898697) can0 04FF3602#0000000000000000
(1788801059.898914) can0 04FF3604#0006000300C80100
(1788801059.905697) can0 05FF4604#0C100D1010101110
(1788801059.915698) can0 05FF4605#0B10000000000000
(1788801059.928701) can0 04FF3604#0005000400C80100
(1788801059.945701) can0 05FF4606#1E1E1E
(1788801059.955700) can0 05FF4607#1E1D1E
(1788801059.958700) can0 04FF3604#0004000300C80100
(1788801059.965700) can0 05FF4608#0019007C
(1788801059.971701) can0 03FF1000#0840112200000001
(1788801059.975701) can0 05FF4609#030003CA03CA00
(1788801059.981742) can0 03FF1001#0000000000000000
(1788801059.988701) can0 04FF3604#0004000300C80100
(1788801059.992702) can0 03FF1603#0000D06800000000
(1788801060.002726) can0 03FF1605#0100000000000000
(1788801060.013703) can0 02FF2605#0000060907070007
(1788801060.018707) can0 04FF3604#0004000300C80100
(1788801060.043937) can0 02FF2604#0000000000000000
(1788801060.048704) can0 04FF3604#0004000300C80100
(1788801060.076707) can0 03FF1000#0840112200000001
(1788801060.078706) can0 04FF3604#0005000300C80100
(1788801060.086731) can0 03FF1001#0000000000000000
(1788801060.094835) can0 02FF2704#0200000000000000
(1788801060.097707) can0 03FF1603#0000D06800000000
(1788801060.107732) can0 03FF1605#0100000000000000
(1788801060.108708) can0 04FF3604#0007000300C80100
(1788801060.108879) can0 05FF4610#0000D0ABFFFFFFA3
(1788801060.123712) can0 0260B606#0100000000000000
(1788801060.138710) can0 04FF3604#0003000300C80100
(1788801060.153711) can0 02203607#0000000300000000
(1788801060.168711) can0 04FF3604#0005000300C80100
(1788801060.181712) can0 03FF1000#0840112200000001
(1788801060.191736) can0 03FF1001#0000000000000000
(1788801060.198714) can0 04FF3604#0005000300C80100
(1788801060.202713) can0 03FF1603#0000D06800000000
(1788801060.212721) can0 03FF1605#0100000000000000
(1788801060.228717) can0 04FF3604#0006000300C80100
(1788801060.258717) can0 04FF3604#0006000300C80100
(1788801060.283720) can0 02181606#0100120001030200
(1788801060.286718) can0 03FF1000#0840112200000001
(1788801060.288717) can0 04FF3604#0005000300C80100
(1788801060.296741) can0 03FF1001#0000000000000000
(1788801060.307719) can0 03FF1603#0000D06800000000
(1788801060.313719) can0 02203606#0101000100010000
(1788801060.317747) can0 03FF1605#0100000000000000
(1788801060.318719) can0 04FF3604#0004000300C80100
(1788801060.343756) can0 02181608#0500000001000000
(1788801060.348721) can0 04FF3604#0004000300C80100
(1788801060.374723) can0 02181609#0000000000000000
(1788801060.378722) can0 04FF3604#0004000300C80100
(1788801060.391724) can0 03FF1000#0840112200000001
(1788801060.397724) can0 05FF4610#0000D0ABFFFFFFA3
(1788801060.398723) can0 04FF3602#0000000000000000
(1788801060.401723) can0 03FF1001#0000000000000000
(1788801060.403909) can0 02488600#0000000000000000
(1788801060.408724) can0 04FF3604#0005000400C80100
(1788801060.412724) can0 03FF1603#0000D06800000000
(1788801060.422737) can0 03FF1605#0100000000000000
(1788801060.433726) can0 03121606#0000000000000000
(1788801060.433775) can0 02294504#
(1788801060.434725) can0 05124504#1D
(1788801060.438726) can0 04FF3604#0005000300C80100
(1788801060.468728) can0 04FF3604#0005000300C80100
(1788801060.496730) can0 03FF1000#0840112200000001
(1788801060.498728) can0 04FF3604#0004000300C80100
(1788801060.506730) can0 03FF1001#0000000000000000
(1788801060.517730) can0 03FF1603#0000D06800000000
(1788801060.527746) can0 03FF1605#0100000000000000
(1788801060.528730) can0 04FF3604#0003000300C80100
(1788801060.558733) can0 04FF3604#0002000300C80100
(1788801060.588735) can0 04FF3604#0007000400C80100
(1788801060.601735) can0 03FF1000#0840112200000001
(1788801060.611758) can0 03FF1001#0000000000000000
(1788801060.618739) can0 04FF3604#0004000300C80100
(1788801060.622736) can0 03FF1603#0000D06800000000
(1788801060.632744) can0 03FF1605#0100000000000000
(1788801060.648739) can0 04FF3604#0004000300C80100
(1788801060.658761) can0 05FF4610#0000D0ABFFFFFFA3
(1788801060.678739) can0 04FF3604#0005000300C80100
(1788801060.706741) can0 03FF1000#0840112200000001
(1788801060.708740) can0 04FF3604#0003000300C80100
(1788801060.716740) can0 03FF1001#0000000000000000
(1788801060.727743) can0 03FF1603#0000D06800000000
(1788801060.737742) can0 03FF1605#0100000000000000
(1788801060.738741) can0 04FF3604#0006000300C80100
(1788801060.768743) can0 04FF3604#0004000300C80100
(1788801060.798748) can0 04FF3604#0004000300C80100
(1788801060.800746) can0 03FF1600#142B000104001312
(1788801060.811750) can0 03FF1601#6E50000000000000
(1788801060.821752) can0 03FF1602#000005000000157C
(1788801060.828747) can0 04FF3604#0005000300C80100
(1788801060.832749) can0 03FF1604#0000000000000000
(1788801060.842748) can0 03FF1000#0840112200000001
(1788801060.844875) can0 05FF4001#0000000000000000
(1788801060.847747) can0 05FF4000#0000000000000000
(1788801060.853749) can0 03FF1001#0000000000000000
(1788801060.858748) can0 04FF3604#0004000300C80100
(1788801060.863760) can0 03FF1603#0000D06800000000
(1788801060.874750) can0 03FF1605#0100000000000000
(1788801060.888750) can0 04FF3604#0005000300C80100
(1788801060.898751) can0 04FF3602#0000000000000000
(1788801060.916752) can0 03FF1000#0840112200000001
(1788801060.918754) can0 04FF3604#0005000300C80100
(1788801060.926753) can0 03FF1001#0000000000000000
(1788801060.927752) can0 05FF4602#08100D100E100D10
(1788801060.931891) can0 05FF4610#0000D0ABFFFFFFA3
(1788801060.937753) can0 05FF4603#0E100B100E100F10
(1788801060.937819) can0 03FF1603#0000D06800000000
(1788801060.947754) can0 05FF4604#0C100D1010101110
(1788801060.947819) can0 03FF1605#0100000000000000
(1788801060.948753) can0 04FF3604#0004000300C80100
(1788801060.957762) can0 05FF4605#0B10000000000000
(1788801060.978756) can0 04FF3604#0005000300C80100
(1788801060.986883) can0 05FF4606#1E1E1E
(1788801060.997756) can0 05FF4607#1E1D1E
(1788801061.006942) can0 05FF4608#0019007C
(1788801061.008756) can0 04FF3604#0003000300C80100
(1788801061.017758) can0 05FF4609#030003CA03CA00
(1788801061.021761) can0 03FF1000#0840112200000001
(1788801061.024757) can0 02FF2605#0000060907070008
(1788801061.031757) can0 03FF1001#0000000000000000
(1788801061.038758) can0 04FF3604#0003000300C80100
(1788801061.042758) can0 03FF1603#0000D06800000000
(1788801061.052759) can0 03FF1605#0100000000000000
(1788801061.054758) can0 02FF2604#0000000000000000
(1788801061.068759) can0 04FF3604#0006000300C80100
(1788801061.098763) can0 04FF3604#0004000300C80100
(1788801061.105762) can0 02FF2704#0200000000000000
(1788801061.126766) can0 03FF1000#0840112200000001
(1788801061.128763) can0 04FF3604#0003000300C80100
(1788801061.134763) can0 0260B606#0100000000000000
(1788801061.136763) can0 03FF1001#0000000000000000
(1788801061.147763) can0 03FF1603#0000D06800000000
(1788801061.157765) can0 03FF1605#0100000000000000
(1788801061.158764) can0 04FF3604#0004000300C80100
(1788801061.164764) can0 02203607#0000000300000000
(1788801061.188766) can0 04FF3604#0003000300C80100
(1788801061.194766) can0 02181606#0100120001030200
(1788801061.218769) can0 04FF3604#0002000300C80100
(1788801061.220768) can0 05FF4610#0000D0ABFFFFFFA3
(1788801061.224768) can0 02203606#0101000100010000
(1788801061.231769) can0 03FF1000#0840112200000001
(1788801061.239984) can0 05FF4600#0D0300900303
(1788801061.241769) can0 03FF1001#0000000000000000
(1788801061.248769) can0 04FF3604#0004000300C80100
(1788801061.252769) can0 03FF1603#0000D06800000000
(1788801061.254769) can0 02181608#0500000001000000
(1788801061.262770) can0 03FF1605#0100000000000000
(1788801061.273771) can0 03121606#0000000000000000
(1788801061.278773) can0 04FF3604#0004000300C80100
(1788801061.284771) can0 02181609#0000000000000000
(1788801061.308774) can0 04FF3604#0004000300C80100
(1788801061.314773) can0 02488600#0000000000000000
(1788801061.336779) can0 03FF1000#0840112200000001
(1788801061.338774) can0 04FF3604#0002000300C80100
(1788801061.345775) can0 02191502#
(1788801061.346774) can0 03FF1001#0000000000000000
(1788801061.357775) can0 03FF1603#0000D06800000000
(1788801061.367776) can0 03FF1605#0100000000000000
(1788801061.368775) can0 04FF3604#0004000300C80100
(1788801061.378776) can0 03FF1502#0100000000000000
(1788801061.398777) can0 04FF3602#0000000000000000
(1788801061.398832) can0 04FF3604#0005000300C80100
(1788801061.428780) can0 04FF3604#0007000300C80100
(1788801061.441780) can0 03FF1000#0840112200000001
(1788801061.451781) can0 03FF1001#0000000000000000
(1788801061.458780) can0 04FF3604#0003000300C80100
(1788801061.462780) can0 03FF1603#0000D06800000000
(1788801061.472781) can0 03FF1605#0100000000000000
(1788801061.483782) can0 05FF4610#0000D0ABFFFFFFA3
(1788801061.488782) can0 04FF3604#0005000300C80100
(1788801061.518784) can0 04FF3604#0003000300C80100
(1788801061.546789) can0 03FF1000#0840112200000001
(1788801061.548785) can0 04FF3604#0004000300C80100
(1788801061.556787) can0 03FF1001#0000000000000000
(1788801061.567786) can0 03FF1603#0000D06800000000
(1788801061.577787) can0 03FF1605#0100000000000000
(1788801061.578787) can0 04FF3604#0005000300C80100
(1788801061.608789) can0 04FF3604#0007000300C80100
(1788801061.638793) can0 04FF3604#0003000300C80100
(1788801061.651791) can0 03FF1000#0840112200000001
(1788801061.661792) can0 03FF1001#0000000000000000
(1788801061.668792) can0 04FF3604#0003000300C80100
(1788801061.672792) can0 03FF1603#0000D06800000000
(1788801061.682793) can0 03FF1605#0100000000000000
(1788801061.698793) can0 04FF3604#0005000300C80100
(1788801061.728797) can0 04FF3604#0004000300C80100
(1788801061.756798) can0 03FF1000#0840112200000001
(1788801061.756851) can0 05FF4610#0000D0ABFFFFFFA3
(1788801061.758796) can0 04FF3604#0003000400C80100
(1788801061.766797) can0 03FF1001#0000000000000000
(1788801061.777798) can0 03FF1603#0000D06800000000
(1788801061.787824) can0 03FF1605#0100000000000000
(1788801061.788798) can0 04FF3604#0005000300C80100
(1788801061.805804) can0 02181606#0100120001030200
(1788801061.808800) can0 03FF1600#142B000104001312
(1788801061.818803) can0 04FF3604#0004000300C80100
(1788801061.819799) can0 03FF1601#6E50000000000000
(1788801061.829801) can0 03FF1602#000005000000157C
(1788801061.835802) can0 02203606#0101000100010000
(1788801061.840801) can0 03FF1604#0000000000000000
(1788801061.848802) can0 04FF3604#0004000300C80100
(1788801061.861807) can0 03FF1000#0840112200000001
(1788801061.865803) can0 02181608#0500000001000000
(1788801061.871802) can0 03FF1001#0000000000000000
(1788801061.878803) can0 04FF3604#0004000300C80100
(1788801061.882803) can0 03FF1603#0000D06800000000
(1788801061.888803) can0 05FF4001#0000000000000000
(1788801061.890803) can0 05FF4000#0000000000000000
(1788801061.892803) can0 03FF1605#0100000000000000
(1788801061.895804) can0 02181609#0000000000000000
(1788801061.898804) can0 04FF3602#0000000000000000
(1788801061.903804) can0 03121606#0000000000000000
(1788801061.908804) can0 04FF3604#0003000300C80100
(1788801061.925808) can0 02488600#0000000000000000
(1788801061.938806) can0 04FF3604#0004000300C80100
(1788801061.954992) can0 02191503#
(1788801061.966808) can0 03FF1000#0840112200000001
(1788801061.968808) can0 04FF3604#0004000300C80100
(1788801061.970808) can0 05FF4602#08100D100E100D10
(1788801061.976808) can0 03FF1001#0000000000000000
(1788801061.980808) can0 05FF4603#0E100B100E100F10
(1788801061.987809) can0 03FF1503#0100000000000000
(1788801061.990809) can0 05FF4604#0C100D1010101110
(1788801061.997809) can0 03FF1603#0000D06800000000
(1788801061.998809) can0 04FF3604#0006000300C80100
(1788801062.000809) can0 05FF4605#0B10000000000000
(1788801062.008810) can0 03FF1605#0100000000000000
(1788801062.018811) can0 05FF4610#0000D0ABFFFFFFA3
(1788801062.028815) can0 04FF3604#0005000300C80100
(1788801062.030811) can0 05FF4606#1E1E1E
(1788801062.035811) can0 02FF2605#0000060907070009
(1788801062.040811) can0 05FF4607#1E1D1E
(1788801062.050812) can0 05FF4608#0019007C
(1788801062.058813) can0 04FF3604#0006000300C80100
(1788801062.060812) can0 05FF4609#030003CA03CA00
(1788801062.065813) can0 02FF2604#0000000000000000
(1788801062.071813) can0 03FF1000#0840112200000001
(1788801062.081814) can0 03FF1001#0000000000000000
(1788801062.088814) can0 04FF3604#0004000300C80100
(1788801062.092814) can0 03FF1603#0000D06800000000
(1788801062.102816) can0 03FF1605#0100000000000000
(1788801062.105960) can0 02FF2704#0200000000000000
(1788801062.118819) can0 04FF3604#0005000300C80100
(1788801062.135818) can0 0260B606#0100000000000000
(1788801062.148817) can0 04FF3604#0002000300C80100
(1788801062.165819) can0 02203607#0000000300000000
(1788801062.176820) can0 03FF1000#0840112200000001
(1788801062.178819) can0 04FF3604#0005000300C80100
(1788801062.186819) can0 03FF1001#0000000000000000
(1788801062.197820) can0 03FF1603#0000D06800000000
(1788801062.207821) can0 03FF1605#0100000000000000
(1788801062.208820) can0 04FF3604#0004000300C80100
(1788801062.238825) can0 04FF3604#0004000300C80100
(1788801062.268825) can0 04FF3604#0005000300C80100
(1788801062.281825) can0 03FF1000#0840112200000001
(1788801062.291827) can0 03FF1001#0000000000000000
(1788801062.298827) can0 04FF3604#0003000300C80100
(1788801062.302825) can0 03FF1603#0000D06800000000
(1788801062.308827) can0 05FF4610#0000D0AAFFFFFFA3
(1788801062.312826) can0 03FF1605#0100000000000000
(1788801062.328828) can0 04FF3604#0004000300C80100
(1788801062.354830) can0 03FF1400#0000000500000000
(1788801062.358828) can0 04FF3604#0006000400C80100
(1788801062.386831) can0 03FF1000#0840112200000001
(1788801062.388830) can0 04FF3604#0006000300C80100
(1788801062.396831) can0 03FF1001#0000000000000000
(1788801062.398830) can0 04FF3602#0000000000000000
(1788801062.407831) can0 03FF1603#0000D06800000000
(1788801062.417832) can0 03FF1605#0100000000000000
(1788801062.418831) can0 04FF3604#0006000300C80100
(1788801062.448835) can0 04FF3604#0006000300C80100
(1788801062.478836) can0 04FF3604#0002000300C80100
(1788801062.491835) can0 03FF1000#0840112200000001
(1788801062.501836) can0 03FF1001#0000000000000000
(1788801062.508836) can0 04FF3604#0004000300C80100
(1788801062.512836) can0 03FF1603#0000D06800000000
(1788801062.522842) can0 03FF1605#0100000000000000
(1788801062.538839) can0 04FF3604#0008000300C80100
(1788801062.566840) can0 02181606#0100120001030200
(1788801062.568840) can0 04FF3604#0004000300C80100
(1788801062.569840) can0 05FF4610#0000D0AAFFFFFFA3
(1788801062.595959) can0 02203606#0101000100010000
(1788801062.596841) can0 03FF1000#0840112200000001
(1788801062.598841) can0 04FF3604#0004000300C80100
(1788801062.606842) can0 03FF1001#0000000000000000
(1788801062.617843) can0 03FF1603#0000D06800000000
(1788801062.625984) can0 02181608#0500000001000000
(1788801062.627843) can0 03FF1605#0100000000000000
(1788801062.628842) can0 04FF3604#0005000300C80100
(1788801062.638844) can0 03121606#0000000000000000
(1788801062.656030) can0 02181609#0000000000000000
(1788801062.658844) can0 04FF3604#0006000300C80100
(1788801062.686019) can0 02488600#0000000000000000
(1788801062.688847) can0 04FF3604#0004000300C80100
(1788801062.701850) can0 03FF1000#0840112200000001
(1788801062.711849) can0 03FF1001#0000000000000000
(1788801062.718850) can0 04FF3604#0004000300C80100
(1788801062.722852) can0 03FF1603#0000D06800000000
(1788801062.732852) can0 03FF1605#0100000000000000
(1788801062.748850) can0 04FF3604#0005000300C80100
(1788801062.778853) can0 04FF3604#0006000300C80100
(1788801062.806857) can0 03FF1000#0840112200000001
(1788801062.808858) can0 04FF3604#0006000300C80100
(1788801062.816868) can0 03FF1001#0000000000000000
(1788801062.827859) can0 03FF1603#0000D06800000000
(1788801062.837858) can0 03FF1605#0100000000000000
(1788801062.838858) can0 04FF3604#0003000300C80100
(1788801062.842856) can0 05FF4610#0000D0AAFFFFFFA3
(1788801062.848856) can0 03FF1600#142B000104001312
(1788801062.858857) can0 03FF1601#6E50000000000000
(1788801062.868859) can0 04FF3604#0005000300C80100
(1788801062.869857) can0 03FF1602#000005000000157C
(1788801062.879858) can0 03FF1604#0000000000000000
(1788801062.898860) can0 04FF3602#0000000000000000
(1788801062.898915) can0 04FF3604#0006000300C80100
(1788801062.911860) can0 03FF1000#0840112200000001
(1788801062.915987) can0 02191504#
(1788801062.921863) can0 03FF1001#0000000000000000
(1788801062.928863) can0 04FF3604#0006000300C80100
(1788801062.930861) can0 05FF4001#0000000000000000
(1788801062.932861) can0 03FF1603#0000D06800000000
(1788801062.932911) can0 05FF4000#0000000000000000
(1788801062.942861) can0 03FF1605#0100000000000000
(1788801062.953862) can0 03FF1504#0000001D00000000
(1788801062.958862) can0 04FF3604#0005000300C80100
(1788801062.976863) can0 02F82400#0300000000000000
(1788801062.988865) can0 04FF3604#0003000300C80100
(1788801063.006865) can0 02FF2602#94FBC0DD3AA34E87
(1788801063.012865) can0 05FF4602#08100D100E100D10
(1788801063.016865) can0 03FF1000#0840112200000001
(1788801063.018866) can0 04FF3604#0004000300C80100
(1788801063.022869) can0 05FF4603#0D100B100E100F10
(1788801063.026868) can0 03FF1001#0000000000000000
(1788801063.032866) can0 05FF4604#0C100D1010101110
(1788801063.037867) can0 03FF1603#0000D06800000000
(1788801063.042866) can0 05FF4605#0B10000000000000
(1788801063.046867) can0 02FF2605#0000060907070100
(1788801063.047867) can0 03FF1605#0100000000000000
(1788801063.048867) can0 04FF3604#0004000300C80100
(1788801063.073869) can0 05FF4606#1E1E1E
(1788801063.078868) can0 04FF3604#0003000300C80100
(1788801063.083869) can0 05FF4607#1E1D1E
(1788801063.093872) can0 05FF4608#0019007C
(1788801063.103872) can0 05FF4609#030003CA03CA00
(1788801063.104870) can0 05FF4610#0000D0AAFFFFFFA3
(1788801063.106870) can0 02FF2604#0000000000000000
(1788801063.108870) can0 04FF3604#0004000300C80100
(1788801063.121873) can0 03FF1000#0840112200000001
(1788801063.131875) can0 03FF1001#0000000000000000
(1788801063.136872) can0 02FF2704#0200000000000000
(1788801063.138872) can0 04FF3604#0004000300C80100
(1788801063.142872) can0 03FF1603#0000D06800000000
(1788801063.152872) can0 03FF1605#0100000000000000
(1788801063.166874) can0 0260B606#0100000000000000
(1788801063.168873) can0 04FF3604#0004000300C80100
(1788801063.196875) can0 02203607#0000000300000000
(1788801063.198875) can0 04FF3604#0004000300C80100
(1788801063.226880) can0 03FF1000#0840112200000001
(1788801063.228880) can0 04FF3604#0004000300C80100
(1788801063.236878) can0 03FF1001#0000000000000000
(1788801063.247878) can0 03FF1603#0000D06800000000
(1788801063.257879) can0 03FF1605#0100000000000000
(1788801063.258878) can0 04FF3604#0003000300C80100
(1788801063.288881) can0 04FF3604#0004000300C80100
(1788801063.318882) can0 04FF3604#0005000300C80100
(1788801063.326886) can0 02181606#0000000000030200
(1788801063.331886) can0 03FF1000#0840112200000001
(1788801063.331964) can0 03FF1605#0000000000000000
(1788801063.348883) can0 04FF3604#0004000300C80100
(1788801063.378884) can0 04FF3604#0004000300C80100
(1788801063.398887) can0 04FF3602#0000000000000000
(1788801063.402886) can0 02203606#0201000000000000
(1788801063.429890) can0 02181608#0500000001000000
(1788801063.456891) can0 02181609#0000000000000000
(1788801063.488892) can0 02488600#0000000000000000
(1788801063.498892) can0 03FF1001#0000000000000000
(1788801063.508891) can0 03FF1603#0000D06800000000
(1788801063.518962) can0 03FF1605#0100000000000000
(1788801063.519892) can0 02213502#
(1788801063.520953) can0 05FF4610#0000D0ABFFFFFFA3
(1788801063.528897) can0 04F93502#0000000000000000
(1788801063.529895) can0 1FF8B028#0000000000000000
(1788801063.539893) can0 03FF1000#0840112200000001
(1788801063.550895) can0 03FF1605#0000000000000000
(1788801063.560914) can0 03121606#0100000000000000
(1788801063.602896) can0 03FF1000#0840112200000001
(1788801063.707927) can0 03FF1000#0840112200000001
(1788801063.812922) can0 03FF1000#0840112200000001
(1788801063.917917) can0 03FF1000#0840112200000001
(1788801064.022958) can0 03FF1000#0840112200000001
(1788801064.082928) can0 02FF2605#0000060907070101
(1788801064.109928) can0 02FF2604#0000000000000000
(1788801064.127946) can0 03FF1000#0840112200000001
(1788801064.137929) can0 02FF2704#0200000000000000
(1788801064.167928) can0 0260B606#0100000000000000
(1788801064.197929) can0 02203607#0000000300000000
(1788801064.229032) can0 02181606#0000000000030200
(1788801064.232944) can0 03FF1000#0840112200000001
(1788801064.258083) can0 02203606#0200000000000000
(1788801064.289934) can0 02181608#0500000001000000
(1788801064.318179) can0 02181609#0000000000000000
(1788801064.337940) can0 03FF1000#0840112200000001
(1788801064.348940) can0 03121606#0100000000000000
(1788801064.350099) can0 02488600#0000000000000000
(1788801064.377939) can0 02213503#
(1788801064.388194) can0 04F93503#0000000000000000
(1788801064.417941) can0 02181606#0000000000030200
(1788801064.418942) can0 02203606#0200000000000000
(1788801064.427944) can0 02181606#0000000000030200
(1788801064.428944) can0 02203606#0200000000000000
(1788801064.437943) can0 02181606#0000000000030200
(1788801064.438941) can0 02203606#0200000000000000
(1788801064.442942) can0 03FF1000#0840112200000001
(1788801064.453943) can0 03121606#0100000000000000
(1788801064.547975) can0 03FF1000#0840112200000001
(1788801064.558951) can0 03121606#0100000000000000
(1788801064.652957) can0 03FF1000#0840112200000001
(1788801064.663956) can0 03121606#0100000000000000
(1788801064.757961) can0 03FF1000#0840112200000001
(1788801064.862967) can0 03FF1000#0840112200000001
(1788801064.967972) can0 03FF1000#0840112200000001
(1788801065.072981) can0 03FF1000#0840112200000001
(1788801065.177986) can0 03FF1000#0840112200000001
(1788801065.282990) can0 03FF1000#0840112200000001
(1788801065.387996) can0 03FF1000#0840112200000001
(1788801065.493002) can0 03FF1000#0840112200000001
(1788801065.598010) can0 03FF1000#0840112200000001
(1788801065.703013) can0 03FF1000#0840112200000001
(1788801065.808019) can0 03FF1000#0840112200000001
(1788801065.913024) can0 03FF1000#0840112200000001
(1788801066.018029) can0 03FF1000#0840112200000001
(1788801066.123037) can0 03FF1000#0840112200000001
(1788801066.228041) can0 03FF1000#0840112200000001
(1788801066.333045) can0 03FF1000#0840112200000001
(1788801066.438057) can0 03FF1000#0840112200000001
(1788801066.543062) can0 03FF1000#0840112200000001
(1788801066.648068) can0 03FF1000#0840112200000001
(1788801066.753071) can0 03FF1000#0840112200000001
(1788801066.858077) can0 03FF1000#0840112200000001
(1788801066.963080) can0 03FF1000#0840112200000001
(1788801067.068087) can0 03FF1000#0840112200000001
(1788801067.173095) can0 03FF1000#0840112200000001
(1788801067.278099) can0 03FF1000#0840112200000001
(1788801067.383103) can0 03FF1000#0840112200000001
(1788801067.488107) can0 03FF1000#0840112200000001
(1788801067.593115) can0 03FF1000#0840112200000001
(1788801067.698120) can0 03FF1000#0840112200000001
(1788801067.803125) can0 03FF1000#0840112200000001
(1788801067.908131) can0 03FF1000#0840112200000001
(1788801068.013137) can0 03FF1000#0840112200000001
(1788801068.118143) can0 03FF1000#0840112200000001
(1788801068.223149) can0 03FF1000#0840112200000001
(1788801068.328153) can0 03FF1000#0840112200000001
(1788801068.433158) can0 03FF1000#0840112200000001
(1788801068.538165) can0 03FF1000#0840112200000001
(1788801068.643170) can0 03FF1000#0840112200000001
(1788801068.748175) can0 03FF1000#0840112200000001
(1788801068.853182) can0 03FF1000#0840112200000001
(1788801068.958187) can0 03FF1000#0840112200000001
(1788801069.063194) can0 03FF1000#0840112200000001
(1788801069.168199) can0 03FF1000#0840112200000001
(1788801069.273206) can0 03FF1000#0840112200000001
(1788801069.378209) can0 03FF1000#0840112200000001
(1788801069.398211) can0 04FF3400#000001AE00000000
(1788801069.483215) can0 03FF1000#0840112200000001
(1788801069.588222) can0 03FF1000#0840112200000001
(1788801069.693228) can0 03FF1000#0840112200000001
(1788801069.798233) can0 03FF1000#0840112200000001
(1788801069.903238) can0 03FF1000#0840112200000001
(1788801070.008242) can0 03FF1000#0840112200000001
(1788801070.113250) can0 03FF1000#0840112200000001
(1788801070.218255) can0 03FF1000#0840112200000001
(1788801070.323261) can0 03FF1000#0840112200000001
(1788801070.428265) can0 03FF1000#0840112200000001
(1788801070.533272) can0 03FF1000#0840112200000001
(1788801070.638278) can0 03FF1000#0840112200000001
(1788801070.743284) can0 03FF1000#0840112200000001
(1788801070.848289) can0 03FF1000#0840112200000001
(1788801070.953295) can0 03FF1000#0840112200000001
(1788801071.014297) can0 02181606#0100120001030200
(1788801071.062493) can0 03FF1000#0840112200000001
(1788801071.073301) can0 03FF1001#0000000000000000
(1788801071.083471) can0 03FF1603#0000D06800000000
(1788801071.094301) can0 03FF1605#0100000000000000
(1788801071.096324) can0 05FF4610#0000D0AEFFFFFFDA
(1788801071.104484) can0 03121606#0100000000000000
(1788801071.124302) can0 02181606#0100120001030200
(1788801071.167525) can0 03FF1000#0840112200000001
(1788801071.178305) can0 03FF1001#0000000000000000
(1788801071.188453) can0 03FF1603#0000D06800000000
(1788801071.199303) can0 03FF1605#0100000000000000
(1788801071.209477) can0 03121606#0000000000000000
(1788801071.224386) can0 05FF4001#0000000000000000
(1788801071.226400) can0 05FF4000#0000000000000000
(1788801071.272507) can0 03FF1000#0840112200000001
(1788801071.283311) can0 03FF1001#0000000000000000
(1788801071.293484) can0 03FF1603#0000D06800000000
(1788801071.304310) can0 03FF1605#0100000000000000
(1788801071.334418) can0 05FF4602#08100E100E100D10
(1788801071.344430) can0 05FF4603#0E100B100F100F10
(1788801071.354412) can0 05FF4604#0C100D1010101110
(1788801071.364440) can0 05FF4605#0C10000000000000
(1788801071.377510) can0 03FF1000#0840112200000001
(1788801071.385464) can0 05FF4610#0000D0AEFFFFFFCF
(1788801071.388314) can0 03FF1001#0000000000000000
(1788801071.394315) can0 05FF4606#1E1E1E
(1788801071.398476) can0 03FF1603#0000D06800000000
(1788801071.404314) can0 05FF4607#1E1D1E
(1788801071.409314) can0 03FF1605#0100000000000000
(1788801071.414339) can0 05FF4608#0019007C
(1788801071.424432) can0 05FF4609#010003CA03CA00
(1788801071.482495) can0 03FF1000#0840112200000001
(1788801071.493323) can0 03FF1001#0000000000000000
(1788801071.503483) can0 03FF1603#0000D06800000000
(1788801071.514321) can0 03FF1605#0100000000000000
(1788801071.575421) can0 05FF4400#00000005
(1788801071.587508) can0 03FF1000#0840112200000001
(1788801071.598326) can0 03FF1001#0000000000000000
(1788801071.608489) can0 03FF1603#0000D06800000000
(1788801071.619327) can0 03FF1605#0100000000000000
(1788801071.625511) can0 05FF4600#0D0300900303
(1788801071.635329) can0 02191602#0000000000000000
(1788801071.648331) can0 05FF4610#0000D0AEFFFFFFCF
(1788801071.675526) can0 05FF4601#007300000000
(1788801071.692500) can0 03FF1000#0840112200000001
(1788801071.703331) can0 03FF1001#0000000000000000
(1788801071.713528) can0 03FF1603#0000D06800000000
(1788801071.724332) can0 03FF1605#0100000000000000
(1788801071.797518) can0 03FF1000#0840112200000001
(1788801071.808342) can0 03FF1001#0000000000000000
(1788801071.818491) can0 03FF1603#0000D06800000000
(1788801071.829341) can0 03FF1605#0100000000000000
(1788801071.881493) can0 03FF1600#142B000104001312
(1788801071.892344) can0 03FF1601#6E50000000000000
(1788801071.902527) can0 03FF1602#000005000000157C
(1788801071.913342) can0 03FF1604#0000000000000000
(1788801071.923343) can0 05FF4610#0000D0AEFFFFFFCF
(1788801071.923491) can0 03FF1000#0840112200000001
(1788801071.934345) can0 03FF1001#0000000000000000
(1788801071.944484) can0 03FF1603#0000D06800000000
(1788801071.955344) can0 03FF1605#0100000000000000
(1788801072.007509) can0 03FF1000#0840112200000001
(1788801072.018348) can0 03FF1001#0000000000000000
(1788801072.028498) can0 03FF1603#0000D06800000000
(1788801072.039352) can0 03FF1605#0100000000000000
(1788801072.112517) can0 03FF1000#0840112200000001
(1788801072.123355) can0 03FF1001#0000000000000000
(1788801072.133506) can0 03FF1603#0000D06800000000
(1788801072.144357) can0 03FF1605#0100000000000000
(1788801072.184358) can0 05FF4610#0000D0AEFFFFFFCF
(1788801072.217521) can0 03FF1000#0840112200000001
(1788801072.228359) can0 03FF1001#0000000000000000
(1788801072.238484) can0 03FF1603#0000D06800000000
(1788801072.249363) can0 03FF1605#0100000000000000
(1788801072.296363) can0 05FF4001#0000000000000000
(1788801072.298362) can0 05FF4000#0000000000000000
(1788801072.322529) can0 03FF1000#0840112200000001
(1788801072.333367) can0 03FF1001#0000000000000000
(1788801072.343483) can0 03FF1603#0000D06800000000
(1788801072.354366) can0 03FF1605#0100000000000000
(1788801072.364500) can0 03FF1400#0000000600000000
(1788801072.378367) can0 05FF4602#08100E100E100D10
(1788801072.388367) can0 05FF4603#0E100B100F100F10
(1788801072.398368) can0 05FF4604#0C100D1010101110
(1788801072.408369) can0 05FF4605#0C10000000000000
(1788801072.427533) can0 03FF1000#0840112200000001
(1788801072.438372) can0 05FF4606#1E1E1E
(1788801072.438423) can0 03FF1001#0000000000000000
(1788801072.448371) can0 05FF4607#1E1D1E
(1788801072.448495) can0 03FF1603#0000D06800000000
(1788801072.458372) can0 05FF4608#0019007C
(1788801072.459371) can0 03FF1605#0100000000000000
(1788801072.468371) can0 05FF4609#010003CA03CA00
(1788801072.472372) can0 05FF4610#0000D0AEFFFFFFCA
(1788801072.532517) can0 03FF1000#0840112200000001
(1788801072.543378) can0 03FF1001#0000000000000000
(1788801072.553502) can0 03FF1603#0000D06800000000
(1788801072.564377) can0 03FF1605#0100000000000000
(1788801072.637534) can0 03FF1000#0840112200000001
(1788801072.648385) can0 03FF1001#0000000000000000
(1788801072.656382) can0 02FF2602#2D93357D349B57FB
(1788801072.656540) can0 02294609#0000000000000000
(1788801072.658381) can0 05124609#030003CA03CA00
(1788801072.658517) can0 03FF1603#0000D06800000000
(1788801072.669382) can0 03FF1605#0100000000000000
(1788801072.742586) can0 03FF1000#0840112200000001
(1788801072.747389) can0 05FF4610#0000D0AEFFFFFFCA
(1788801072.753387) can0 03FF1001#0000000000000000
(1788801072.763500) can0 03FF1603#0000D06800000000
(1788801072.774388) can0 03FF1605#0100000000000000
(1788801072.847557) can0 03FF1000#0840112200000001
(1788801072.858397) can0 03FF1001#0000000000000000
(1788801072.868510) can0 03FF1603#0000D06800000000
(1788801072.879394) can0 03FF1605#0100000000000000
(1788801072.889545) can0 03FF1600#142B000104001312
(1788801072.900395) can0 03FF1601#6E50000000000000
(1788801072.910472) can0 03FF1602#000005000000157C
(1788801072.921396) can0 03FF1604#0000000000000000
(1788801072.952539) can0 03FF1000#0840112200000001
(1788801072.963401) can0 03FF1001#0000000000000000
(1788801072.973522) can0 03FF1603#0000D06800000000
(1788801072.984400) can0 03FF1605#0100000000000000
(1788801073.009401) can0 05FF4610#0000D0AEFFFFFFCA
(1788801073.057546) can0 03FF1000#0840112200000001
(1788801073.068406) can0 03FF1001#0000000000000000
(1788801073.078521) can0 03FF1603#0000D06800000000
(1788801073.089406) can0 03FF1605#0100000000000000
(1788801073.162541) can0 03FF1000#0840112200000001
(1788801073.166442) can0 02FF2602#A45BF8ED3E4964E7
(1788801073.167409) can0 02294609#0000000000000000
(1788801073.168409) can0 05124609#030003CA03CA00
(1788801073.173409) can0 03FF1001#0000000000000000
(1788801073.183509) can0 03FF1603#0000D06800000000
(1788801073.194411) can0 03FF1605#0100000000000000
(1788801073.267545) can0 03FF1000#0840112200000001
(1788801073.271417) can0 05FF4610#0000D0AEFFFFFFCA
(1788801073.276449) can0 02203606#0101000100010000
(1788801073.278415) can0 03FF1001#0000000000000000
(1788801073.288513) can0 03FF1603#0000D06800000000
(1788801073.299415) can0 03FF1605#0100000000000000
(1788801073.308415) can0 04FF3604#0005000300000100
(1788801073.324417) can0 02181606#0000000000030200
(1788801073.331421) can0 03FF1605#0000000000000000
(1788801073.338422) can0 04FF3604#0004000300000100
(1788801073.346630) can0 02203606#0200000000000000
(1788801073.378571) can0 02181608#0500000001000000
(1788801073.407424) can0 02181609#0000000000000000
(1788801073.438426) can0 02488600#0000000000000000
(1788801073.488430) can0 02294500#
(1788801073.489426) can0 05124500#0500
(1788801073.497484) can0 1FF8B028#0000000000000000
(1788801073.507620) can0 03FF1000#0840112200000001
(1788801073.518428) can0 03FF1605#0000000000000000
(1788801073.518702) can0 02FF2605#0000060907070108
(1788801073.528626) can0 03121606#0100000000000000
(1788801073.549509) can0 02FF2604#0000000000000000
(1788801073.578434) can0 02FF2704#0200000000000000
(1788801073.602433) can0 03FF1000#0840112200000001
(1788801073.608444) can0 0260B606#0100000000000000
(1788801073.638436) can0 02203607#0000000300000000
(1788801073.668588) can0 02181606#0100120001030200
(1788801073.697439) can0 02203606#0100000100010000
(1788801073.711682) can0 03FF1000#0840112200000001
(1788801073.722439) can0 03FF1001#0000000000000000
(1788801073.728439) can0 04FF3604#0003000300C80000
(1788801073.729438) can0 02181608#0500000001000000
(1788801073.732534) can0 03FF1603#0000D06800000000
(1788801073.743442) can0 03FF1605#0100000000000000
(1788801073.745556) can0 05FF4610#0000D0B0FFFFFFCA
(1788801073.753522) can0 03121606#0100000000000000
(1788801073.758441) can0 04FF3604#0004000300C80000
(1788801073.758692) can0 02181609#0000000000000000
(1788801073.788443) can0 04FF3604#0002000300C80000
(1788801073.789442) can0 02488600#0000000000000000
(1788801073.816552) can0 03FF1000#0840112200000001
(1788801073.818446) can0 04FF3604#0003000300C80000
(1788801073.818673) can0 02294501#
(1788801073.819443) can0 05124501#0103
(1788801073.827445) can0 03FF1001#0000000000000000
(1788801073.837535) can0 03FF1603#0000D06800000000
(1788801073.848447) can0 02FF2605#0000060907070101
(1788801073.848512) can0 03FF1605#0100000000000000
(1788801073.874609) can0 05FF4001#0000000000000000
(1788801073.876597) can0 05FF4000#0000000000000000
(1788801073.878447) can0 02FF2604#0000000000000000
(1788801073.878594) can0 04FF3604#0004000300C80000
(1788801073.898451) can0 04FF3602#0000000000000000
(1788801073.900549) can0 03FF1600#142B000104001312
(1788801073.908449) can0 04FF3604#0004000300C80000
(1788801073.909657) can0 02FF2704#0200000000000000
(1788801073.911448) can0 03FF1601#6E50000000000000
(1788801073.921549) can0 03FF1602#000005000000157C
(1788801073.932453) can0 03FF1604#0000000000000000
(1788801073.938453) can0 04FF3604#0005000300C80000
(1788801073.939450) can0 0260B606#0100000000000000
(1788801073.942520) can0 03FF1000#0840112200000001
(1788801073.953451) can0 03FF1001#0000000000000000
(1788801073.957590) can0 05FF4602#08100E100E100D10
(1788801073.963553) can0 03FF1603#0000D06800000000
(1788801073.967586) can0 05FF4603#0E100B100F100F10
(1788801073.968453) can0 04FF3604#0003000300C80000
(1788801073.969452) can0 02203607#0000000300000000
(1788801073.974452) can0 03FF1605#0100000000000000
(1788801073.977598) can0 05FF4604#0C100E1011101110
(1788801073.987649) can0 05FF4605#0C10000000000000
(1788801073.997673) can0 02F82400#0400000000000000
(1788801073.998453) can0 04FF3604#0004000300C80000
(1788801074.008628) can0 05FF4610#0000D0B0FFFFFFCA
(1788801074.017455) can0 05FF4606#1E1E1E
(1788801074.026583) can0 03FF1000#0840112200000001
(1788801074.027535) can0 02FF2602#A45BF8ED3E4964E7
(1788801074.028454) can0 05FF4607#1E1D1E
(1788801074.028510) can0 04FF3604#0004000300C80000
(1788801074.037459) can0 03FF1001#0000000000000000
(1788801074.037508) can0 05FF4608#0019007C
(1788801074.047521) can0 03FF1603#0000D06800000000
(1788801074.048456) can0 05FF4609#030003CA03CA00
(1788801074.058457) can0 03FF1605#0100000000000000
(1788801074.058639) can0 04FF3604#0003000300C80000
(1788801074.088458) can0 04FF3604#0004000300C80000
(1788801074.088686) can0 02181606#0100120001030200
(1788801074.118460) can0 04FF3604#0003000300C80000
(1788801074.119529) can0 02203606#0101000100010000
(1788801074.131571) can0 03FF1000#0840112200000001
(1788801074.142464) can0 03FF1001#0000000000000000
(1788801074.148464) can0 04FF3604#0003000300C80100
(1788801074.149461) can0 02181608#0500000001000000
(1788801074.152561) can0 03FF1603#0000D06800000000
(1788801074.163462) can0 03FF1605#0100000000000000
(1788801074.173532) can0 03121606#0000000000000000
(1788801074.178463) can0 04FF3604#0006000400C80100
(1788801074.179717) can0 02181609#0000000000000000
(1788801074.198568) can0 05FF4400#00000006
(1788801074.208465) can0 04FF3604#0004000300C80100
(1788801074.209464) can0 02488600#0000000000000000
(1788801074.236568) can0 03FF1000#0840112200000001
(1788801074.238469) can0 04FF3604#0003000300C80100
(1788801074.238516) can0 02191500#
(1788801074.247466) can0 03FF1001#0000000000000000
(1788801074.248681) can0 05FF4600#0D0300900303
(1788801074.257549) can0 03FF1603#0000D06800000000
(1788801074.268468) can0 03FF1605#0100000000000000
(1788801074.268650) can0 04FF3604#0004000300C80100
(1788801074.270723) can0 05FF4610#0000D0B0FFFFFFCA
(1788801074.278538) can0 03FF1500#000000C300000000
(1788801074.298469) can0 04FF3604#0004000300C80100
(1788801074.308470) can0 02FF2605#0000060907070102
(1788801074.326663) can0 05FF4601#007300000000
(1788801074.328470) can0 04FF3604#0003000300C80100
(1788801074.338475) can0 02FF2604#0000000000000000
(1788801074.341567) can0 03FF1000#0840112200000001
(1788801074.352473) can0 03FF1001#0000000000000000
(1788801074.358472) can0 04FF3604#0004000300C80100
(1788801074.362553) can0 03FF1603#0000D06800000000
(1788801074.369473) can0 02FF2704#0200000000000000
(1788801074.373473) can0 03FF1605#0100000000000000
(1788801074.388475) can0 04FF3604#0005000300C80100
(1788801074.397581) can0 0260B606#0100000000000000
(1788801074.398475) can0 04FF3602#0000000000000000
(1788801074.418476) can0 04FF3604#0003000300C80100
(1788801074.428477) can0 02203607#0000000300000000
(1788801074.446562) can0 03FF1000#0840112200000001
(1788801074.448480) can0 04FF3604#0005000300C80100
(1788801074.457479) can0 03FF1001#0000000000000000
(1788801074.467548) can0 03FF1603#0000D06800000000
(1788801074.478480) can0 03FF1605#0100000000000000
(1788801074.478614) can0 04FF3604#0003000300C80100
(1788801074.508482) can0 04FF3604#0007000300C80100
(1788801074.538486) can0 04FF3604#0003000300C80100
(1788801074.551566) can0 03FF1000#0840112200000001
(1788801074.562484) can0 05FF4610#0000D0ACFFFFFFB9
(1788801074.562572) can0 03FF1001#0000000000000000
(1788801074.568483) can0 04FF3604#0005000300C80100
(1788801074.572527) can0 03FF1603#0000D06800000000
(1788801074.583483) can0 03FF1605#0100000000000000
(1788801074.598486) can0 04FF3604#0006000300C80100
(1788801074.628488) can0 04FF3604#0003000300C80100
(1788801074.656653) can0 03FF1000#0840112200000001
(1788801074.658491) can0 04FF3604#0006000300C80100
(1788801074.667490) can0 03FF1001#0000000000000000
(1788801074.677535) can0 03FF1603#0000D06800000000
(1788801074.688492) can0 03FF1605#0100000000000000
(1788801074.688649) can0 04FF3604#0005000300C80100
(1788801074.718493) can0 04FF3604#0006000300C80100
(1788801074.748496) can0 04FF3604#0006000300C80100
(1788801074.761577) can0 03FF1000#0840112200000001
(1788801074.772495) can0 03FF1001#0000000000000000
(1788801074.778495) can0 04FF3604#0004000300C80100
(1788801074.782553) can0 03FF1603#0000D06800000000
(1788801074.793496) can0 03FF1605#0100000000000000
(1788801074.808499) can0 04FF3604#0005000300C80100
(1788801074.818500) can0 02181606#0100120001030200
(1788801074.838501) can0 04FF3604#0004000300C80100
(1788801074.840501) can0 05FF4610#0000D0ACFFFFFFB9
(1788801074.850498) can0 02203606#0101000100010000
(1788801074.866565) can0 03FF1000#0840112200000001
(1788801074.868500) can0 04FF3604#0004000300C80100
(1788801074.877500) can0 03FF1001#0000000000000000
(1788801074.879500) can0 02181608#0500000001000000
(1788801074.887543) can0 03FF1603#0000D06800000000
(1788801074.898502) can0 03FF1605#0100000000000000
(1788801074.898662) can0 04FF3602#0000000000000000
(1788801074.899506) can0 04FF3604#0006000300C80100
(1788801074.908506) can0 02181609#0000000000000000
(1788801074.908745) can0 03121606#0000000000000000
(1788801074.919503) can0 03FF1600#142B000104001312
(1788801074.925505) can0 05FF4001#0000000000000000
(1788801074.927504) can0 05FF4000#0000000000000000
(1788801074.928502) can0 04FF3604#0003000300C80100
(1788801074.929548) can0 03FF1601#6E50000000000000
(1788801074.938505) can0 02488600#0000000000000000
(1788801074.940505) can0 03FF1602#000005000000157C
(1788801074.950564) can0 03FF1604#0000000000000000
(1788801074.958506) can0 04FF3604#0004000300C80100
(1788801074.970505) can0 02191501#
(1788801074.971573) can0 03FF1000#0840112200000001
(1788801074.982508) can0 03FF1001#0000000000000000
(1788801074.988508) can0 04FF3604#0003000300C80100
(1788801074.992552) can0 03FF1603#0000D06800000000
(1788801075.003509) can0 03FF1605#0100000000000000
(1788801075.007508) can0 05FF4602#08100D100E100D10
(1788801075.013553) can0 03FF1501#0000004A00000000
(1788801075.017507) can0 05FF4603#0E100B100E100F10
(1788801075.018507) can0 04FF3604#0003000300C80100
(1788801075.027510) can0 05FF4604#0C100E100F101110
(1788801075.037512) can0 05FF4605#0C10000000000000
(1788801075.048511) can0 04FF3604#0005000300C80100
(1788801075.067513) can0 05FF4606#1E1E1E
(1788801075.076570) can0 03FF1000#0840112200000001
(1788801075.077513) can0 05FF4607#1E1D1E
(1788801075.078510) can0 04FF3604#0006000300C80100
(1788801075.087512) can0 05FF4608#0019007C
(1788801075.087578) can0 03FF1001#0000000000000000
(1788801075.097514) can0 05FF4609#030003CA03CA00
(1788801075.097581) can0 03FF1603#0000D06800000000
(1788801075.101515) can0 05FF4610#0000D0ACFFFFFFB9
(1788801075.108514) can0 03FF1605#0100000000000000
(1788801075.108659) can0 04FF3604#0003000300C80100
(1788801075.138517) can0 04FF3604#0006000400C80100
(1788801075.168518) can0 04FF3604#0003000300C80100
(1788801075.181623) can0 03FF1000#0840112200000001
(1788801075.192520) can0 03FF1001#0000000000000000
(1788801075.198517) can0 04FF3604#0004000300C80100
(1788801075.202537) can0 03FF1603#0000D06800000000
(1788801075.213520) can0 03FF1605#0100000000000000
(1788801075.228520) can0 04FF3604#0007000300C80100
(1788801075.258523) can0 04FF3604#0005000300C80100
(1788801075.286590) can0 03FF1000#0840112200000001
(1788801075.288524) can0 04FF3604#0005000300C80100
(1788801075.297522) can0 03FF1001#0000000000000000
(1788801075.307583) can0 03FF1603#0000D06800000000
(1788801075.318525) can0 03FF1605#0100000000000000
(1788801075.318648) can0 02FF2605#0000060907070103
(1788801075.348527) can0 04FF3604#0007000300C80100
(1788801075.350535) can0 02FF2604#0000000000000000
(1788801075.378530) can0 04FF3604#0005000300C80100
(1788801075.378690) can0 02FF2704#0200000000000000
(1788801075.391529) can0 05FF4610#0000D0AAFFFFFF9E
(1788801075.391734) can0 03FF1000#0840112200000001
(1788801075.398529) can0 04FF3602#0000000000000000
(1788801075.402534) can0 03FF1001#0000000000000000
(1788801075.408533) can0 04FF3604#0005000300C80100
(1788801075.408807) can0 0260B606#0100000000000000
(1788801075.412576) can0 03FF1603#0000D06800000000
(1788801075.423530) can0 03FF1605#0100000000000000
(1788801075.438534) can0 04FF3604#0003000300C80100
(1788801075.438669) can0 02203607#0000000300000000
(1788801075.468535) can0 04FF3604#0004000300C80100
(1788801075.496595) can0 03FF1000#0840112200000001
(1788801075.498536) can0 04FF3604#0002000300C80100
(1788801075.507537) can0 03FF1001#0000000000000000
(1788801075.517568) can0 03FF1603#0000D06800000000
(1788801075.528538) can0 03FF1605#0100000000000000
(1788801075.528651) can0 04FF3604#0003000300C80100
(1788801075.558540) can0 04FF3604#0004000300C80100
(1788801075.578690) can0 02181606#0100120001030200
(1788801075.588542) can0 04FF3604#0003000300C80100
(1788801075.601585) can0 03FF1000#0840112200000001
(1788801075.609646) can0 02203606#0101000100010000
(1788801075.612542) can0 03FF1001#0000000000000000
(1788801075.618541) can0 04FF3604#0005000300C80100
(1788801075.622564) can0 03FF1603#0000D06800000000
(1788801075.633544) can0 03FF1605#0100000000000000
(1788801075.638782) can0 02181608#0500000001000000
(1788801075.643564) can0 03121606#0000000000000000
(1788801075.648542) can0 04FF3604#0004000300C80100
(1788801075.652545) can0 05FF4610#0000D0AAFFFFFF9E
(1788801075.668778) can0 02181609#0000000000000000
(1788801075.678546) can0 04FF3604#0004000300C80100
(1788801075.699547) can0 02488600#0000000000000000
(1788801075.706617) can0 03FF1000#0840112200000001
(1788801075.708547) can0 04FF3604#0004000300C80100
(1788801075.717547) can0 03FF1001#0000000000000000
(1788801075.727548) can0 03FF1603#0000D06800000000
(1788801075.728601) can0 02213500#
(1788801075.738549) can0 03FF1605#0100000000000000
(1788801075.738662) can0 04F93500#000000EB00000000
(1788801075.739546) can0 04FF3604#0006000300C80100
(1788801075.768551) can0 04FF3604#0005000300C80100
(1788801075.798553) can0 04FF3604#0005000300C80100
(1788801075.811612) can0 03FF1000#0840112200000001
(1788801075.822554) can0 03FF1001#0000000000000000
(1788801075.828554) can0 04FF3604#0003000300C80100
(1788801075.832589) can0 03FF1603#0000D06800000000
(1788801075.843555) can0 03FF1605#0100000000000000
(1788801075.858555) can0 04FF3604#0002000400C80100
(1788801075.888558) can0 04FF3604#0004000300C80100
(1788801075.898559) can0 04FF3602#0000000000000000
(1788801075.916618) can0 03FF1000#0840112200000001
(1788801075.918559) can0 04FF3604#0004000300C80100
(1788801075.927557) can0 03FF1001#0000000000000000
(1788801075.927658) can0 05FF4610#0000D0AAFFFFFF9E
(1788801075.937571) can0 03FF1600#142B000104001312
(1788801075.948561) can0 03FF1601#6E50000000000000
(1788801075.948644) can0 04FF3604#0003000300C80100
(1788801075.958619) can0 03FF1602#000005000000157C
(1788801075.969561) can0 03FF1603#0000D06800000000
(1788801075.969672) can0 05FF4001#0000000000000000
(1788801075.971559) can0 05FF4000#0000000000000000
(1788801075.978562) can0 04FF3604#0005000300C80100
(1788801075.979596) can0 03FF1604#0000000000000000
(1788801075.990561) can0 03FF1605#0100000000000000
(1788801076.008563) can0 04FF3604#0006000300C80100
(1788801076.021611) can0 03FF1000#0840112200000001
(1788801076.032564) can0 03FF1001#0000000000000000
(1788801076.038566) can0 04FF3604#0004000300C80100
(1788801076.042584) can0 03FF1603#0000D06800000000
(1788801076.051563) can0 05FF4602#08100D100E100D10
(1788801076.053566) can0 03FF1605#0100000000000000
(1788801076.061567) can0 05FF4603#0D100B100E100F10
(1788801076.068565) can0 04FF3604#0003000300C80100
(1788801076.071564) can0 05FF4604#0C100D1010101110
(1788801076.081567) can0 05FF4605#0B10000000000000
(1788801076.098569) can0 04FF3604#0005000300C80100
(1788801076.112569) can0 05FF4606#1E1E1E
(1788801076.122570) can0 05FF4607#1E1D1E
(1788801076.126590) can0 03FF1000#0840112200000001
(1788801076.128567) can0 04FF3604#0006000300C80100
(1788801076.132570) can0 05FF4608#0019007C
(1788801076.137570) can0 03FF1001#0000000000000000
(1788801076.142572) can0 05FF4609#030003CA03CA00
(1788801076.147580) can0 03FF1603#0000D06800000000
(1788801076.158571) can0 03FF1605#0100000000000000
(1788801076.158698) can0 04FF3604#0006000200C80100
(1788801076.188574) can0 04FF3604#0004000300C80100
(1788801076.190574) can0 05FF4610#0000D0AAFFFFFF9E
(1788801076.218575) can0 04FF3604#0004000300C80100
(1788801076.231633) can0 03FF1000#0840112200000001
(1788801076.242576) can0 03FF1001#0000000000000000
(1788801076.248576) can0 04FF3604#0004000300C80100
(1788801076.252574) can0 03FF1603#0000D06800000000
(1788801076.263577) can0 03FF1605#0100000000000000
(1788801076.278578) can0 04FF3604#0003000300C80100
(1788801076.308579) can0 04FF3604#0003000300C80100
(1788801076.330580) can0 02FF2605#0000060907070104
(1788801076.336617) can0 03FF1000#0840112200000001
(1788801076.338581) can0 04FF3604#0005000400C80100
(1788801076.347582) can0 03FF1001#0000000000000000
(1788801076.357594) can0 03FF1603#0000D06800000000
(1788801076.359582) can0 02FF2604#0000000000000000
(1788801076.368581) can0 03FF1605#0100000000000000
(1788801076.389746) can0 02FF2704#0200000000000000
(1788801076.398585) can0 04FF3602#0000000000000000
(1788801076.398720) can0 04FF3604#0005000300C80100
(1788801076.419588) can0 0260B606#0100000000000000
(1788801076.428582) can0 04FF3604#0006000300C80100
(1788801076.441602) can0 03FF1000#0840112200000001
(1788801076.449584) can0 02203607#0000000300000000
(1788801076.452583) can0 03FF1001#0000000000000000
(1788801076.458585) can0 04FF3604#0004000300C80100
(1788801076.462595) can0 03FF1603#0000D06800000000
(1788801076.473585) can0 03FF1605#0100000000000000
(1788801076.479631) can0 02181606#0100120001030200
(1788801076.481586) can0 05FF4610#0000D0ABFFFFFF9E
(1788801076.488586) can0 04FF3604#0005000300C80100
(1788801076.509622) can0 02203606#0101000100010000
(1788801076.518587) can0 04FF3604#0004000300C80100
(1788801076.541593) can0 02181608#0500000001000000
(1788801076.546619) can0 03FF1000#0840112200000001
(1788801076.548588) can0 04FF3604#0003000300C80100
(1788801076.557592) can0 03FF1001#0000000000000000
(1788801076.567602) can0 03FF1603#0000D06800000000
(1788801076.569728) can0 02181609#0000000000000000
(1788801076.578590) can0 03FF1605#0100000000000000
(1788801076.578679) can0 04FF3604#0005000300C80100
(1788801076.588593) can0 03121606#0000000000000000
(1788801076.599678) can0 02488600#0000000000000000
(1788801076.608592) can0 04FF3604#0005000300C80100
(1788801076.629593) can0 02213501#
(1788801076.638594) can0 04F93501#0000000400000000
(1788801076.638667) can0 04FF3604#0005000300C80100
(1788801076.651617) can0 03FF1000#0840112200000001
(1788801076.662596) can0 03FF1001#0000000000000000
(1788801076.668595) can0 04FF3604#0005000300C80100
(1788801076.672595) can0 03FF1603#0000D06800000000
(1788801076.683597) can0 03FF1605#0100000000000000
(1788801076.698597) can0 04FF3604#0004000300C80100
(1788801076.728600) can0 04FF3604#0004000300C80100
(1788801076.755619) can0 05FF4610#0000D0ABFFFFFF9E
(1788801076.756647) can0 03FF1000#0840112200000001
(1788801076.758600) can0 04FF3604#0004000300C80100
(1788801076.767600) can0 03FF1001#0000000000000000
(1788801076.777600) can0 03FF1603#0000D06800000000
(1788801076.788602) can0 04FF3604#0004000300C80100
(1788801076.788668) can0 03FF1605#0100000000000000
(1788801076.818609) can0 04FF3604#0004000300C80100
(1788801076.848609) can0 04FF3604#0007000300C80100
(1788801076.861630) can0 03FF1000#0840112200000001
(1788801076.872606) can0 03FF1001#0000000000000000
(1788801076.878606) can0 04FF3604#0004000300C80100
(1788801076.882614) can0 03FF1603#0000D06800000000
(1788801076.893608) can0 03FF1605#0100000000000000
(1788801076.898607) can0 04FF3602#0000000000000000
(1788801076.908613) can0 04FF3604#0008000400C80100
(1788801076.924609) can0 03FF1600#142B000104001312
(1788801076.935611) can0 03FF1601#6E50000000000000
(1788801076.938609) can0 04FF3604#0003000300C80100
(1788801076.945609) can0 03FF1602#000005000000157C
(1788801076.956611) can0 03FF1604#0000000000000000
(1788801076.966615) can0 03FF1000#0840112200000001
(1788801076.968611) can0 04FF3604#0007000300C80100
(1788801076.977612) can0 03FF1001#0000000000000000
(1788801076.987654) can0 03FF1603#0000D06800000000
(1788801076.998613) can0 04FF3604#0005000300C80100
(1788801076.998690) can0 03FF1605#0100000000000000
(1788801077.015695) can0 05FF4001#0000000000000000
(1788801077.016667) can0 05FF4610#0000D0ABFFFFFF9E
(1788801077.017717) can0 05FF4000#0000000000000000
(1788801077.028614) can0 04FF3604#0004000300C80100
(1788801077.058621) can0 04FF3604#0004000300C80100
(1788801077.071633) can0 03FF1000#0840112200000001
(1788801077.082618) can0 03FF1001#0000000000000000
(1788801077.088620) can0 04FF3604#0003000300C80100
(1788801077.092618) can0 03FF1603#0000D06800000000
(1788801077.098683) can0 05FF4602#08100D100E100D10
(1788801077.100617) can0 02181606#0100120001030200
(1788801077.103618) can0 03FF1605#0100000000000000
(1788801077.108689) can0 05FF4603#0D100B100E100F10
(1788801077.118619) can0 04FF3604#0007000300C80100
(1788801077.118709) can0 05FF4604#0C100D1010101110
(1788801077.128712) can0 05FF4605#0C10000000000000
(1788801077.130619) can0 02203606#0101000100010000
(1788801077.148622) can0 04FF3604#0003000300C80100
(1788801077.158622) can0 05FF4606#1E1E1E
(1788801077.160620) can0 02181608#0500000001000000
(1788801077.168622) can0 05FF4607#1E1D1E
(1788801077.176629) can0 03FF1000#0840112200000001
(1788801077.178622) can0 04FF3604#0005000400C80100
(1788801077.178677) can0 05FF4608#0019007C
(1788801077.187623) can0 03FF1001#0000000000000000
(1788801077.188675) can0 05FF4609#030003CA03CA00
(1788801077.190622) can0 02181609#0000000000000000
(1788801077.197623) can0 03FF1603#0000D06800000000
(1788801077.208625) can0 04FF3604#0005000300C80100
(1788801077.208690) can0 03FF1605#0100000000000000
(1788801077.218625) can0 03121606#0000000000000000
(1788801077.220624) can0 02488600#0000000000000000
(1788801077.238626) can0 04FF3604#0003000300C80100
(1788801077.250737) can0 02294502#
(1788801077.251706) can0 05124502#5250313353333541
(1788801077.268628) can0 04FF3604#0005000400C80100
(1788801077.279755) can0 05FF4610#0000D0ABFFFFFF9E
(1788801077.281645) can0 03FF1000#0840112200000001
(1788801077.292630) can0 03FF1001#0000000000000000
(1788801077.298629) can0 04FF3604#0005000300C80100
(1788801077.302628) can0 03FF1603#0000D06800000000
(1788801077.313630) can0 03FF1605#0100000000000000
(1788801077.328630) can0 04FF3604#0004000400C80100
(1788801077.340632) can0 02FF2605#0000060907070105
(1788801077.358633) can0 04FF3604#0005000300C80100
(1788801077.370634) can0 02FF2604#0000000000000000
(1788801077.386634) can0 03FF1000#0840112200000001
(1788801077.388633) can0 04FF3604#0003000300C80100
(1788801077.397634) can0 03FF1001#0000000000000000
(1788801077.398633) can0 04FF3602#0000000000000000
(1788801077.400638) can0 02FF2704#0200000000000000
(1788801077.407636) can0 03FF1603#0000D06800000000
(1788801077.418636) can0 04FF3604#0007000300C80100
(1788801077.418701) can0 03FF1605#0100000000000000
(1788801077.431637) can0 0260B606#0100000000000000
(1788801077.448640) can0 04FF3604#0005000300C80100
(1788801077.460638) can0 02203607#0000000300000000
(1788801077.478639) can0 04FF3604#0004000300C80100
(1788801077.491640) can0 03FF1000#0840112200000001
(1788801077.502639) can0 03FF1001#0000000000000000
(1788801077.508639) can0 04FF3604#0005000300C80100
(1788801077.512640) can0 03FF1603#0000D06800000000
(1788801077.523641) can0 03FF1605#0100000000000000
(1788801077.538642) can0 04FF3604#0005000300C80100
(1788801077.568644) can0 04FF3604#0003000300C80100
(1788801077.568871) can0 05FF4610#0000D0AAFFFFFF9E
(1788801077.596646) can0 03FF1000#0840112200000001
(1788801077.598649) can0 04FF3604#0004000300C80100
(1788801077.607648) can0 03FF1001#0000000000000000
(1788801077.617649) can0 03FF1603#0000D06800000000
(1788801077.628650) can0 04FF3604#0004000400C80100
(1788801077.628698) can0 03FF1605#0100000000000000
(1788801077.658652) can0 04FF3604#0005000300C80100
(1788801077.688655) can0 04FF3604#0003000300C80100
(1788801077.701655) can0 03FF1000#0840112200000001
(1788801077.712655) can0 03FF1001#0000000000000000
(1788801077.718656) can0 04FF3604#0006000300C80100
(1788801077.722652) can0 03FF1603#0000D06800000000
(1788801077.733653) can0 03FF1605#0100000000000000
(1788801077.748657) can0 04FF3604#0006000300C80100
(1788801077.778659) can0 04FF3604#0005000300C80100
(1788801077.806661) can0 03FF1000#0840112200000001
(1788801077.808660) can0 04FF3604#0006000300C80100
(1788801077.817660) can0 03FF1001#0000000000000000
(1788801077.827661) can0 03FF1603#0000D06800000000
(1788801077.838662) can0 04FF3604#0005000400C80100
(1788801077.838729) can0 03FF1605#0100000000000000
(1788801077.843659) can0 05FF4610#0000D0AAFFFFFF9E
(1788801077.861663) can0 02181606#0100120001030200
(1788801077.868664) can0 04FF3604#0005000300C80100
(1788801077.891665) can0 02203606#0101000100010000
(1788801077.898665) can0 04FF3602#0000000000000000
(1788801077.898712) can0 04FF3604#0005000300C80100
(1788801077.911667) can0 03FF1000#0840112200000001
(1788801077.921668) can0 02181608#0500000001000000
(1788801077.922663) can0 03FF1001#0000000000000000
(1788801077.928664) can0 04FF3604#0005000300C80100
(1788801077.932663) can0 03FF1603#0000D06800000000
(1788801077.943667) can0 03FF1605#0100000000000000
(1788801077.951668) can0 02181609#0000000000000000
(1788801077.953665) can0 03121606#0000000000000000
(1788801077.958666) can0 04FF3604#0003000300C80100
(1788801077.964668) can0 03FF1600#142B000104001312
(1788801077.974670) can0 03FF1601#6E50000000000000
(1788801077.981666) can0 02488600#0000000000000000
(1788801077.985666) can0 03FF1602#000005000000157C
(1788801077.988669) can0 04FF3604#0005000300C80100
(1788801077.995671) can0 03FF1604#0000000000000000
(1788801078.010784) can0 02294503#
(1788801078.012670) can0 05124503#00150C0900000C62
(1788801078.016670) can0 03FF1000#0840112200000001
(1788801078.018668) can0 04FF3604#0005000300C80100
(1788801078.027670) can0 03FF1001#0000000000000000
(1788801078.037672) can0 03FF1603#0000D06800000000
(1788801078.048672) can0 04FF3604#0003000300C80100
(1788801078.048720) can0 03FF1605#0100000000000000
(1788801078.061673) can0 05FF4001#0000000000000000
(1788801078.063673) can0 05FF4000#0000000000000000
(1788801078.078673) can0 04FF3604#0005000300C80100
(1788801078.105676) can0 05FF4610#0000D0AAFFFFFF9E
(1788801078.108676) can0 04FF3604#0005000300C80100
(1788801078.121676) can0 03FF1000#0840112200000001
(1788801078.132678) can0 03FF1001#0000000000000000
(1788801078.138677) can0 04FF3604#0003000300C80100
(1788801078.142677) can0 03FF1603#0000D06800000000
(1788801078.143675) can0 05FF4602#08100D100E100D10
(1788801078.153677) can0 05FF4603#0E100B100E100E10
(1788801078.153732) can0 03FF1605#0100000000000000
(1788801078.164679) can0 05FF4604#0C100D1010101110
(1788801078.168675) can0 04FF3604#0003000300C80100
(1788801078.175675) can0 05FF4605#0B10000000000000
(1788801078.198679) can0 04FF3604#0004000300C80100
(1788801078.204903) can0 05FF4606#1E1E1E
(1788801078.214910) can0 05FF4607#1E1D1E
(1788801078.225679) can0 05FF4608#0019007C
(1788801078.226677) can0 03FF1000#0840112200000001
(1788801078.228678) can0 04FF3604#0005000300C80100
(1788801078.235679) can0 05FF4609#030003CA03CA00
(1788801078.237680) can0 03FF1001#0000000000000000
(1788801078.247679) can0 03FF1603#0000D06800000000
(1788801078.258680) can0 04FF3604#0004000400C80100
(1788801078.258747) can0 03FF1605#0100000000000000
(1788801078.288682) can0 04FF3604#0005000300C80100
(1788801078.318685) can0 04FF3604#0004000300C80100
(1788801078.331684) can0 03FF1000#0840112200000001
(1788801078.342687) can0 03FF1001#0000000000000000
(1788801078.348685) can0 04FF3604#0004000300C80100
(1788801078.351684) can0 02FF2605#0000060907070106
(1788801078.352684) can0 03FF1603#0000D06800000000
(1788801078.363686) can0 03FF1605#0100000000000000
(1788801078.378690) can0 04FF3604#0004000300C80100
(1788801078.381686) can0 02FF2604#0000000000000000
(1788801078.396689) can0 05FF4610#0000D0A7FFFFFFA3
(1788801078.398687) can0 04FF3602#0000000000000000
(1788801078.408688) can0 04FF3604#0003000300C80100
(1788801078.411691) can0 02FF2704#0200000000000000
(1788801078.436694) can0 03FF1000#0840112200000001
(1788801078.438690) can0 04FF3604#0005000400C80100
(1788801078.441689) can0 0260B606#0100000000000000
(1788801078.447690) can0 03FF1001#0000000000000000
(1788801078.457692) can0 03FF1603#0000D06800000000
(1788801078.468693) can0 04FF3604#0004000300C80100
(1788801078.468746) can0 03FF1605#0100000000000000
(1788801078.471691) can0 02203607#0000000300000000
(1788801078.498694) can0 04FF3604#0003000300C80100
(1788801078.528696) can0 04FF3604#0005000300C80100
(1788801078.541696) can0 03FF1000#0840112200000001
(1788801078.552696) can0 03FF1001#0000000000000000
(1788801078.558696) can0 04FF3604#0003000300C80100
(1788801078.562696) can0 03FF1603#0000D06800000000
(1788801078.573698) can0 03FF1605#0100000000000000
(1788801078.588698) can0 04FF3604#0005000300C80100
(1788801078.618700) can0 04FF3604#0004000300C80100
(1788801078.621745) can0 02181606#0100120001030200
(1788801078.646702) can0 03FF1000#0840112200000001
(1788801078.648700) can0 04FF3604#0006000300C80100
(1788801078.651753) can0 02203606#0101000100010000
(1788801078.657701) can0 03FF1001#0000000000000000
(1788801078.657756) can0 05FF4610#0000D0A7FFFFFFA3
(1788801078.667703) can0 03FF1603#0000D06800000000
(1788801078.678703) can0 04FF3604#0005000400C80100
(1788801078.678758) can0 03FF1605#0100000000000000
(1788801078.681806) can0 02181608#0500000001000000
(1788801078.688702) can0 03121606#0000000000000000
(1788801078.708706) can0 04FF3604#0004000300C80100
(1788801078.711796) can0 02181609#0000000000000000
(1788801078.738707) can0 04FF3604#0004000300C80100
(1788801078.741857) can0 02488600#0000000000000000
(1788801078.751706) can0 03FF1000#0840112200000001
(1788801078.762707) can0 03FF1001#0000000000000000
(1788801078.768708) can0 04FF3604#0006000300C80100
(1788801078.771707) can0 02294504#
(1788801078.772707) can0 05124504#1D
(1788801078.772763) can0 03FF1603#0000D06800000000
(1788801078.783708) can0 03FF1605#0100000000000000
(1788801078.798710) can0 04FF3604#0004000300C80100
(1788801078.828712) can0 04FF3604#0004000300C80100
(1788801078.856714) can0 03FF1000#0840112200000001
(1788801078.858712) can0 04FF3604#0004000400C80100
(1788801078.867713) can0 03FF1001#0000000000000000
(1788801078.877713) can0 03FF1603#0000D06800000000
(1788801078.888715) can0 04FF3604#0002000300C80100
(1788801078.888768) can0 03FF1605#0100000000000000
(1788801078.898716) can0 04FF3602#0000000000000000
(1788801078.918716) can0 04FF3604#0005000300C80100
(1788801078.930720) can0 05FF4610#0000D0A7FFFFFFA3
(1788801078.940718) can0 03FF1600#142B000104001312
(1788801078.948717) can0 04FF3604#0003000300C80100
(1788801078.951717) can0 03FF1601#6E50000000000000
(1788801078.961718) can0 03FF1602#000005000000157C
(1788801078.972719) can0 03FF1604#0000000000000000
(1788801078.978719) can0 04FF3604#0004000300C80100
(1788801078.982718) can0 03FF1000#0840112200000001
(1788801078.993720) can0 03FF1001#0000000000000000
(1788801079.003721) can0 03FF1603#0000D06800000000
(1788801079.008720) can0 04FF3604#0004000300C80100
(1788801079.014721) can0 03FF1605#0100000000000000
(1788801079.038722) can0 04FF3604#0008000300C80100
(1788801079.066727) can0 03FF1000#0840112200000001
(1788801079.068727) can0 04FF3604#0003000300C80100
(1788801079.077725) can0 03FF1001#0000000000000000
(1788801079.087725) can0 03FF1603#0000D06800000000
(1788801079.098730) can0 04FF3604#0003000300C80100
(1788801079.098795) can0 03FF1605#0100000000000000
(1788801079.105725) can0 05FF4001#0000000000000000
(1788801079.107725) can0 05FF4000#0000000000000000
(1788801079.128730) can0 04FF3604#0004000300C80100
(1788801079.158731) can0 04FF3604#0005000300C80100
(1788801079.171732) can0 03FF1000#0840112200000001
(1788801079.182733) can0 03FF1001#0000000000000000
(1788801079.188730) can0 04FF3604#0006000300C80100
(1788801079.188796) can0 05FF4602#08100D100D100D10
(1788801079.192733) can0 03FF1603#0000D06800000000
(1788801079.193742) can0 05FF4610#0000D0A7FFFFFFA3
(1788801079.198731) can0 05FF4603#0D100B100E100E10
(1788801079.203731) can0 03FF1605#0100000000000000
(1788801079.208730) can0 05FF4604#0B100D1010101110
(1788801079.218733) can0 04FF3604#0008000300C80100
(1788801079.218797) can0 05FF4605#0B10000000000000
(1788801079.248734) can0 04FF3604#0004000300C80100
(1788801079.248783) can0 05FF4606#1E1E1E
(1788801079.258733) can0 05FF4607#1E1D1E
(1788801079.268735) can0 05FF4608#0019007C
(1788801079.276735) can0 03FF1000#0840112200000001
(1788801079.278734) can0 04FF3604#0006000300C80100
(1788801079.278789) can0 05FF4609#030003CA03CA00
(1788801079.287735) can0 03FF1001#0000000000000000
(1788801079.297736) can0 03FF1603#0000D06800000000
(1788801079.308736) can0 04FF3604#0004000300C80100
(1788801079.308803) can0 03FF1605#0100000000000000
(1788801079.338739) can0 04FF3604#0003000300C80100
(1788801079.362740) can0 02FF2605#0000060907070107
(1788801079.368740) can0 04FF3604#0004000300C80100
(1788801079.381741) can0 03FF1000#0840112200000001
(1788801079.392742) can0 03FF1001#0000000000000000
(1788801079.392795) can0 02FF2604#0000000000000000
(1788801079.398741) can0 04FF3400#000001AF00000000
(1788801079.398807) can0 04FF3602#0000000000000000
(1788801079.399741) can0 04FF3603#0100000000000000
(1788801079.402741) can0 03FF1603#0000D06800000000
(1788801079.403740) can0 04FF3604#0005000300C80100
(1788801079.413742) can0 03FF1605#0100000000000000
(1788801079.422744) can0 02FF2704#0200000000000000
(1788801079.428747) can0 04FF3604#0003000300C80100
(1788801079.452747) can0 0260B606#0100000000000000
(1788801079.458744) can0 04FF3604#0005000300C80100
(1788801079.482747) can0 02203607#0000000300000000
(1788801079.483745) can0 05FF4610#0000D0A9FFFFFFAE
(1788801079.486745) can0 03FF1000#0840112200000001
(1788801079.488745) can0 04FF3604#0005000300C80100
(1788801079.497747) can0 03FF1001#0000000000000000
(1788801079.502746) can0 05FF4600#0D0300900303
(1788801079.507746) can0 03FF1603#0000D06800000000
(1788801079.512746) can0 02181606#0100120001030200
(1788801079.518748) can0 04FF3604#0005000300C80100
(1788801079.518802) can0 03FF1605#0100000000000000
(1788801079.542749) can0 02203606#0101000100010000
(1788801079.548750) can0 04FF3604#0004000300C80100
(1788801079.572751) can0 02181608#0500000001000000
(1788801079.578751) can0 04FF3604#0006000300C80100
(1788801079.591751) can0 03FF1000#0840112200000001
(1788801079.602753) can0 03FF1001#0000000000000000
(1788801079.602806) can0 02181609#0000000000000000
(1788801079.608752) can0 04FF3604#0006000300C80100
(1788801079.612752) can0 03FF1603#0000D06800000000
(1788801079.623754) can0 03FF1605#0100000000000000
(1788801079.632753) can0 02488600#0000000000000000
(1788801079.633753) can0 03121606#0000000000000000
(1788801079.638753) can0 04FF3604#0005000300C80100
(1788801079.662756) can0 02191502#
(1788801079.668756) can0 04FF3604#0005000300C80100
(1788801079.675756) can0 03FF1502#0100000000000000
(1788801079.696758) can0 03FF1000#0840112200000001
(1788801079.698756) can0 04FF3604#0006000300C80100
(1788801079.707758) can0 03FF1001#0000000000000000
(1788801079.717758) can0 03FF1603#0000D06800000000
(1788801079.728760) can0 04FF3604#0006000300C80100
(1788801079.728814) can0 03FF1605#0100000000000000
(1788801079.756797) can0 05FF4610#0000D0A9FFFFFFAE
(1788801079.758760) can0 04FF3604#0004000300C80100
(1788801079.788763) can0 04FF3604#0006000300C80100
(1788801079.801764) can0 03FF1000#0840112200000001
(1788801079.812763) can0 03FF1001#0000000000000000
(1788801079.818763) can0 04FF3604#0005000300C80100
(1788801079.822765) can0 03FF1603#0000D06800000000
(1788801079.833765) can0 03FF1605#0100000000000000
(1788801079.848768) can0 04FF3604#0006000300C80100
(1788801079.878767) can0 04FF3604#0003000300C80100
(1788801079.898767) can0 04FF3602#0000000000000000
(1788801079.906768) can0 03FF1000#0840112200000001
(1788801079.908767) can0 04FF3604#0004000300C80100
(1788801079.917769) can0 03FF1001#0000000000000000
(1788801079.927769) can0 03FF1603#0000D06800000000
(1788801079.938772) can0 04FF3604#0004000300C80100
(1788801079.938826) can0 03FF1605#0100000000000000
(1788801079.948770) can0 03FF1600#142B000104001312
(1788801079.959772) can0 03FF1601#6E50000000000000
(1788801079.968772) can0 04FF3604#0006000300C80100
(1788801079.969771) can0 03FF1602#000005000000157C
(1788801079.980771) can0 03FF1604#0000000000000000
(1788801079.998773) can0 04FF3604#0003000300C80100
(1788801080.011774) can0 03FF1000#0840112200000001
(1788801080.018971) can0 05FF4610#0000D0A9FFFFFFAE
(1788801080.022774) can0 03FF1001#0000000000000000
(1788801080.028774) can0 04FF3604#0003000300C80100
(1788801080.032774) can0 03FF1603#0000D06800000000
(1788801080.043775) can0 03FF1605#0100000000000000
(1788801080.058777) can0 04FF3604#0007000300C80100
(1788801080.088778) can0 04FF3604#0004000300C80100
(1788801080.116780) can0 03FF1000#0840112200000001
(1788801080.118779) can0 04FF3604#0004000300C80100
(1788801080.127779) can0 03FF1001#0000000000000000
(1788801080.137781) can0 03FF1603#0000D06800000000
(1788801080.143780) can0 02181606#0100120001030200
(1788801080.148781) can0 04FF3604#0004000300C80100
(1788801080.148835) can0 03FF1605#0100000000000000
(1788801080.151781) can0 05FF4001#0000000000000000
(1788801080.153781) can0 05FF4000#0000000000000000
(1788801080.173782) can0 02203606#0101000100010000
(1788801080.178782) can0 04FF3604#0006000300C80100
(1788801080.203784) can0 02181608#0500000001000000
(1788801080.208784) can0 04FF3604#0005000300C80100
(1788801080.221784) can0 03FF1000#0840112200000001
(1788801080.232786) can0 03FF1001#0000000000000000
(1788801080.233785) can0 02181609#0000000000000000
(1788801080.234050) can0 05FF4602#08100D100E100D10
(1788801080.238786) can0 04FF3604#0005000300C80100
(1788801080.242785) can0 03FF1603#0000D06800000000
(1788801080.244786) can0 05FF4603#0D100B100E100E10
(1788801080.253787) can0 03FF1605#0100000000000000
(1788801080.254786) can0 05FF4604#0C100D1010101110
(1788801080.263787) can0 02488600#0000000000000000
(1788801080.264015) can0 03121606#0000000000000000
(1788801080.264787) can0 05FF4605#0B10000000000000
(1788801080.268787) can0 04FF3604#0008000300C80100
(1788801080.282789) can0 05FF4610#0000D0A9FFFFFFAE
(1788801080.293912) can0 05FF4606#1E1E1E
(1788801080.295788) can0 02191503#
(1788801080.298789) can0 04FF3604#0006000400C80100
(1788801080.303916) can0 05FF4607#1E1D1E
(1788801080.313982) can0 05FF4608#0019007C
(1788801080.316789) can0 03FF1503#0100000000000000
(1788801080.324790) can0 05FF4609#030003CA03CA00
(1788801080.326790) can0 03FF1000#0840112200000001
(1788801080.328790) can0 04FF3604#0005000300C80100
(1788801080.337792) can0 03FF1001#0000000000000000
(1788801080.347791) can0 03FF1603#0000D06800000000
(1788801080.358792) can0 04FF3604#0005000300C80100
(1788801080.358854) can0 03FF1605#0100000000000000
(1788801080.373793) can0 02FF2605#0000060907070108
(1788801080.388794) can0 04FF3604#0005000300C80100
(1788801080.398794) can0 04FF3602#0000000000000000
(1788801080.403794) can0 02FF2604#0000000000000000
(1788801080.418050) can0 04FF3604#0003000300C80100
(1788801080.431797) can0 03FF1000#0840112200000001
(1788801080.434798) can0 02FF2704#0200000000000000
(1788801080.442798) can0 03FF1001#0000000000000000
(1788801080.448797) can0 04FF3604#0003000300C80100
(1788801080.452797) can0 03FF1603#0000D06800000000
(1788801080.463798) can0 03FF1605#0100000000000000
(1788801080.463852) can0 0260B606#0100000000000000
(1788801080.478800) can0 04FF3604#0005000300C80100
(1788801080.493800) can0 02203607#0000000300000000
(1788801080.508049) can0 04FF3604#0005000400C80100
(1788801080.536802) can0 03FF1000#0840112200000001
(1788801080.538056) can0 04FF3604#0004000300C80100
(1788801080.547804) can0 03FF1001#0000000000000000
(1788801080.557803) can0 03FF1603#0000D06800000000
(1788801080.568058) can0 04FF3604#0006000300C80100
(1788801080.568803) can0 03FF1605#0100000000000000
(1788801080.571803) can0 05FF4610#0000D0A8FFFFFFA3
(1788801080.598055) can0 04FF3604#0003000300C80100
(1788801080.628061) can0 04FF3604#0002000300C80100
(1788801080.641807) can0 03FF1000#0840112200000001
(1788801080.652808) can0 03FF1001#0000000000000000
(1788801080.658809) can0 04FF3604#0006000300C80100
(1788801080.662808) can0 03FF1603#0000D06800000000
(1788801080.673809) can0 03FF1605#0100000000000000
(1788801080.688065) can0 04FF3604#0006000300C80100
(1788801080.718043) can0 04FF3604#0003000300C80100
(1788801080.746814) can0 03FF1000#0840112200000001
(1788801080.748055) can0 04FF3604#0004000300C80100
(1788801080.757814) can0 03FF1001#0000000000000000
(1788801080.767815) can0 03FF1603#0000D06800000000
(1788801080.778057) can0 04FF3604#0003000300C80100
(1788801080.778814) can0 03FF1605#0100000000000000
(1788801080.808061) can0 04FF3604#0004000400C80100
(1788801080.838046) can0 04FF3604#0003000300C80100
(1788801080.844818) can0 05FF4610#0000D0A8FFFFFFA3
(1788801080.851818) can0 03FF1000#0840112200000001
(1788801080.862820) can0 03FF1001#0000000000000000
(1788801080.868082) can0 04FF3604#0004000400C80100
(1788801080.872820) can0 03FF1603#0000D06800000000
(1788801080.883820) can0 03FF1605#0100000000000000
(1788801080.898064) can0 04FF3602#0000000000000000
(1788801080.898821) can0 04FF3604#0005000300C80100
(1788801080.903983) can0 02181606#0100120001030200
(1788801080.928054) can0 04FF3604#0005000300C80100
(1788801080.936824) can0 02203606#0101000100010000
(1788801080.956826) can0 03FF1000#0840112200000001
(1788801080.958057) can0 04FF3604#0005000300C80100
(1788801080.964825) can0 02181608#0500000001000000
(1788801080.967824) can0 03FF1001#0000000000000000
(1788801080.977826) can0 03FF1600#142B000104001312
(1788801080.988080) can0 04FF3604#0004000300C80100
(1788801080.988825) can0 03FF1601#6E50000000000000
(1788801080.994827) can0 02181609#0000000000000000
(1788801080.998826) can0 03FF1602#000005000000157C
(1788801081.009827) can0 03FF1603#0000D06800000000
(1788801081.018059) can0 04FF3604#0005000300C80100
(1788801081.019827) can0 03FF1604#0000000000000000
(1788801081.024827) can0 02488600#0000000000000000
(1788801081.030828) can0 03FF1605#0100000000000000
(1788801081.040828) can0 03121606#0000000000000000
(1788801081.048049) can0 04FF3604#0006000300C80100
(1788801081.053829) can0 02191504#
(1788801081.061829) can0 03FF1000#0840112200000001
(1788801081.072831) can0 03FF1001#0000000000000000
(1788801081.078050) can0 04FF3604#0002000300C80100
(1788801081.082831) can0 03FF1603#0000D06800000000
(1788801081.093832) can0 03FF1605#0100000000000000
(1788801081.103831) can0 03FF1504#0000001D00000000
(1788801081.106832) can0 05FF4610#0000D0A8FFFFFFA3
(1788801081.108058) can0 04FF3604#0006000300C80100
(1788801081.138077) can0 04FF3604#0005000300C80100
(1788801081.166836) can0 03FF1000#0840112200000001
(1788801081.168043) can0 04FF3604#0005000300C80100
(1788801081.177836) can0 03FF1001#0000000000000000
(1788801081.187837) can0 03FF1603#0000D06800000000
(1788801081.194837) can0 05FF4001#0000000000000000
(1788801081.196837) can0 05FF4000#0000000000000000
(1788801081.198052) can0 04FF3604#0006000400C80100
(1788801081.198837) can0 03FF1605#0100000000000000
(1788801081.228047) can0 04FF3604#0003000300C80100
(1788801081.258056) can0 04FF3604#0006000300C80100
(1788801081.271847) can0 03FF1000#0840112200000001
(1788801081.277842) can0 05FF4602#08100D100E100C10
(1788801081.282841) can0 03FF1001#0000000000000000
(1788801081.287842) can0 05FF4603#0D100B100E100E10
(1788801081.288117) can0 04FF3604#0003000300C80100
(1788801081.292842) can0 03FF1603#0000D06800000000
(1788801081.297843) can0 05FF4604#0C100D1010101110
(1788801081.303845) can0 03FF1605#0100000000000000
(1788801081.307844) can0 05FF4605#0B10000000000000
(1788801081.318054) can0 04FF3604#0003000300C80100
(1788801081.337849) can0 05FF4606#1E1E1E
(1788801081.347849) can0 05FF4607#1E1D1E
(1788801081.348047) can0 04FF3604#0004000300C80100
(1788801081.376849) can0 03FF1000#0840112200000001
(1788801081.378067) can0 04FF3604#0003000300C80100
(1788801081.384849) can0 05FF4608#0019007C
(1788801081.387849) can0 03FF1001#0000000000000000
(1788801081.394850) can0 05FF4609#030003CA03CA00
(1788801081.395849) can0 05FF4610#0000D0AAFFFFFF9E
(1788801081.397849) can0 03FF1603#0000D06800000000
(1788801081.398849) can0 04FF3602#0000000000000000
(1788801081.408046) can0 04FF3604#0003000300C80100
(1788801081.408849) can0 03FF1605#0100000000000000
(1788801081.438049) can0 04FF3604#0004000300C80100
(1788801081.444854) can0 02FF2605#0000060907070109
(1788801081.468085) can0 04FF3604#0006000300C80100
(1788801081.474854) can0 02FF2604#0000000000000000
(1788801081.481855) can0 03FF1000#0840112200000001
(1788801081.492855) can0 03FF1001#0000000000000000
(1788801081.498075) can0 04FF3604#0004000300C80100
(1788801081.502855) can0 03FF1603#0000D06800000000
(1788801081.504855) can0 02FF2704#0200000000000000
(1788801081.513856) can0 03FF1605#0100000000000000
(1788801081.528053) can0 04FF3604#0004000300C80100
(1788801081.534857) can0 0260B606#0100000000000000
(1788801081.558055) can0 04FF3604#0005000300C80100
(1788801081.564858) can0 02203607#0000000300000000
(1788801081.586860) can0 03FF1000#0840112200000001
(1788801081.588067) can0 04FF3604#0006000300C80100
(1788801081.597860) can0 03FF1001#0000000000000000
(1788801081.607860) can0 03FF1603#0000D06800000000
(1788801081.618046) can0 04FF3604#0005000300C80100
(1788801081.618861) can0 03FF1605#0100000000000000
(1788801081.648059) can0 04FF3604#0003000300C80100
(1788801081.658864) can0 05FF4610#0000D0AAFFFFFF9E
(1788801081.664863) can0 02181606#0000000000030200
(1788801081.670899) can0 03FF1605#0000000000000000
(1788801081.678062) can0 04FF3604#0004000300C80100
(1788801081.708040) can0 04FF3604#0004000300C80100
(1788801081.738065) can0 04FF3604#0005000300C80100
(1788801081.766043) can0 02203606#0201000000000000
(1788801081.768065) can0 04FF3604#0006000300C80100
(1788801081.795872) can0 02181608#0500000001000000
(1788801081.826874) can0 02181609#0000000000000000
(1788801081.837876) can0 1FF8B028#0000000000000000
(1788801081.847876) can0 03FF1000#0840112200000001
(1788801081.855874) can0 02488600#0000000000000000
(1788801081.858874) can0 03FF1605#0000000000000000
(1788801081.868875) can0 03121606#0100000000000000
(1788801081.886876) can0 02213502#
(1788801081.893045) can0 04F93502#0000000000000000
(1788801081.942878) can0 03FF1000#0840112200000001
(1788801082.047887) can0 03FF1000#0840112200000001
(1788801082.152890) can0 03FF1000#0840112200000001
(1788801082.257896) can0 03FF1000#0840112200000001
(1788801082.362904) can0 03FF1000#0840112200000001
(1788801082.426907) can0 02181606#0000000000030200
(1788801082.456907) can0 02203606#0200000000000000
(1788801082.467908) can0 03FF1000#0840112200000001
(1788801082.477907) can0 03121606#0100000000000000
(1788801082.485908) can0 02181608#0500000001000000
(1788801082.517909) can0 02181609#0000000000000000
(1788801082.546911) can0 02488600#0000000000000000
(1788801082.572912) can0 03FF1000#0840112200000001
(1788801082.617915) can0 02213503#
(1788801082.628043) can0 04F93503#0000000000000000
(1788801082.646916) can0 02FF2605#0000060907070100
(1788801082.676987) can0 02FF2604#0000000000000000
(1788801082.677918) can0 03FF1000#0840112200000001
(1788801082.729117) can0 02FF2704#0200000000000000
(1788801082.747952) can0 02181606#0000000000030200
(1788801082.748922) can0 02203606#0200000000000000
(1788801082.755922) can0 02181606#0000000000030200
(1788801082.756921) can0 02203606#0200000000000000
(1788801082.765923) can0 02181606#0000000000030200
(1788801082.766922) can0 02203606#0200000000000000
(1788801082.782924) can0 03FF1000#0840112200000001
(1788801082.792925) can0 03121606#0100000000000000
(1788801082.887932) can0 03FF1000#0840112200000001
(1788801082.897933) can0 03121606#0100000000000000
(1788801082.992936) can0 03FF1000#0840112200000001
(1788801083.002938) can0 03121606#0100000000000000
(1788801083.097944) can0 03FF1000#0840112200000001
(1788801083.202949) can0 03FF1000#0840112200000001
(1788801083.307953) can0 03FF1000#0840112200000001
(1788801083.412960) can0 03FF1000#0840112200000001
(1788801083.517966) can0 03FF1000#0840112200000001
(1788801083.622972) can0 03FF1000#0840112200000001
(1788801083.727976) can0 03FF1000#0840112200000001
(1788801083.832981) can0 03FF1000#0840112200000001
(1788801083.937989) can0 03FF1000#0840112200000001
(1788801084.042994) can0 03FF1000#0840112200000001
(1788801084.147999) can0 03FF1000#0840112200000001
(1788801084.253003) can0 03FF1000#0840112200000001
(1788801084.358011) can0 03FF1000#0840112200000001
(1788801084.463016) can0 03FF1000#0840112200000001
(1788801084.568021) can0 03FF1000#0840112200000001
(1788801084.673027) can0 03FF1000#0840112200000001
(1788801084.778033) can0 03FF1000#0840112200000001
(1788801084.883041) can0 03FF1000#0840112200000001
(1788801084.988045) can0 03FF1000#0840112200000001
(1788801085.093047) can0 03FF1000#0840112200000001
(1788801085.198055) can0 03FF1000#0840112200000001
(1788801085.303061) can0 03FF1000#0840112200000001
(1788801085.408068) can0 03FF1000#0840112200000001
(1788801085.513073) can0 03FF1000#0840112200000001
(1788801085.618077) can0 03FF1000#0840112200000001
(1788801085.723084) can0 03FF1000#0840112200000001
(1788801085.828087) can0 03FF1000#0840112200000001
(1788801085.933095) can0 03FF1000#0840112200000001
(1788801086.038106) can0 03FF1000#0840112200000001
(1788801086.143108) can0 03FF1000#0840112200000001
(1788801086.248114) can0 03FF1000#0840112200000001
(1788801086.353118) can0 03FF1000#0840112200000001
(1788801086.458124) can0 03FF1000#0840112200000001
