(1788787642.155218) can0 03FF1000#0840112200000001
(1788787642.260213) can0 03FF1000#0840112200000001
(1788787642.365218) can0 03FF1000#0840112200000001
(1788787642.470222) can0 03FF1000#0840112200000001
(1788787642.575227) can0 03FF1000#0840112200000001
(1788787642.680233) can0 03FF1000#0840112200000001
(1788787642.785241) can0 03FF1000#0840112200000001
(1788787642.890245) can0 03FF1000#0840112200000001
(1788787642.995249) can0 03FF1000#0840112200000001
(1788787643.100254) can0 03FF1000#0840112200000001
(1788787643.205261) can0 03FF1000#0840112200000001
(1788787643.310266) can0 03FF1000#0840112200000001
(1788787643.415271) can0 03FF1000#0840112200000001
(1788787643.520276) can0 03FF1000#0840112200000001
(1788787643.625282) can0 03FF1000#0840112200000001
(1788787643.730288) can0 03FF1000#0840112200000001
(1788787643.835295) can0 03FF1000#0840112200000001
(1788787643.940300) can0 03FF1000#0840112200000001
(1788787644.045307) can0 03FF1000#0840112200000001
(1788787644.150312) can0 03FF1000#0840112200000001
(1788787644.255317) can0 03FF1000#0840112200000001
(1788787644.360323) can0 03FF1000#0840112200000001
(1788787644.465327) can0 03FF1000#0840112200000001
(1788787644.570334) can0 03FF1000#0840112200000001
(1788787644.675340) can0 03FF1000#0840112200000001
(1788787644.780344) can0 03FF1000#0840112200000001
(1788787644.885352) can0 03FF1000#0840112200000001
(1788787644.990357) can0 03FF1000#0840112200000001
(1788787645.095366) can0 03FF1000#0840112200000001
(1788787645.200369) can0 03FF1000#0840112200000001
(1788787645.305373) can0 03FF1000#0840112200000001
(1788787645.410380) can0 03FF1000#0840112200000001
(1788787645.515384) can0 03FF1000#0840112200000001
(1788787645.620389) can0 03FF1000#0840112200000001
(1788787645.725395) can0 03FF1000#0840112200000001
(1788787645.830401) can0 03FF1000#0840112200000001
(1788787645.935407) can0 03FF1000#0840112200000001
(1788787646.040413) can0 03FF1000#0840112200000001
(1788787646.145418) can0 03FF1000#0840112200000001
(1788787646.250423) can0 03FF1000#0840112200000001
(1788787646.355428) can0 03FF1000#0840112200000001
(1788787646.460437) can0 03FF1000#0840112200000001
(1788787646.565441) can0 03FF1000#0840112200000001
(1788787646.670446) can0 03FF1000#0840112200000001
(1788787646.775450) can0 03FF1000#0840112200000001
(1788787646.880457) can0 03FF1000#0840112200000001
(1788787646.985465) can0 03FF1000#0840112200000001
(1788787647.090472) can0 03FF1000#0840112200000001
(1788787647.195478) can0 03FF1000#0840112200000001
(1788787647.300481) can0 03FF1000#0840112200000001
(1788787647.404741) can0 03FF1000#0840112200000001
(1788787647.510496) can0 03FF1000#0840112200000001
(1788787647.615499) can0 03FF1000#0840112200000001
(1788787647.655502) can0 04FF3400#0000056D00000000
(1788787647.720504) can0 03FF1000#0840112200000001
(1788787647.824766) can0 03FF1000#0840112200000001
(1788787647.929765) can0 03FF1000#0840112200000001
(1788787648.034767) can0 03FF1000#0840112200000001
(1788787648.140526) can0 03FF1000#0840112200000001
(1788787648.244788) can0 03FF1000#0840112200000001
(1788787648.349769) can0 03FF1000#0840112200000001
(1788787648.454774) can0 03FF1000#0840112200000001
(1788787648.559806) can0 03FF1000#0840112200000001
(1788787648.664811) can0 03FF1000#0840112200000001
(1788787648.769788) can0 03FF1000#0840112200000001
(1788787648.874776) can0 03FF1000#0840112200000001
(1788787648.979781) can0 03FF1000#0840112200000001
(1788787649.084800) can0 03FF1000#0840112200000001
(1788787649.189811) can0 03FF1000#0840112200000001
(1788787649.294808) can0 03FF1000#0840112200000001
(1788787649.399802) can0 03FF1000#0840112200000001
(1788787649.504807) can0 03FF1000#0840112200000001
(1788787649.609793) can0 03FF1000#0840112200000001
(1788787649.714821) can0 03FF1000#0840112200000001
(1788787649.819817) can0 03FF1000#0840112200000001
(1788787649.924807) can0 03FF1000#0840112200000001
(1788787650.029808) can0 03FF1000#0840112200000001
(1788787650.134833) can0 03FF1000#0840112200000001
(1788787650.239837) can0 03FF1000#0840112200000001
(1788787650.344841) can0 03FF1000#0840112200000001
(1788787650.449866) can0 03FF1000#0840112200000001
(1788787650.554830) can0 03FF1000#0840112200000001
(1788787650.659827) can0 03FF1000#0840112200000001
(1788787650.764842) can0 03FF1000#0840112200000001
(1788787650.869847) can0 03FF1000#0840112200000001
(1788787650.974887) can0 03FF1000#0840112200000001
(1788787651.079834) can0 03FF1000#0840112200000001
(1788787651.184836) can0 03FF1000#0840112200000001
(1788787651.289854) can0 03FF1000#0840112200000001
(1788787651.394863) can0 03FF1000#0840112200000001
(1788787651.499857) can0 03FF1000#0840112200000001
(1788787651.604840) can0 03FF1000#0840112200000001
(1788787651.709845) can0 03FF1000#0840112200000001
(1788787651.814878) can0 03FF1000#0840112200000001
(1788787651.919868) can0 03FF1000#0840112200000001
(1788787652.024865) can0 03FF1000#0840112200000001
(1788787652.129856) can0 03FF1000#0840112200000001
(1788787652.234854) can0 03FF1000#0840112200000001
(1788787652.339879) can0 03FF1000#0840112200000001
(1788787652.444886) can0 03FF1000#0840112200000001
(1788787652.549862) can0 03FF1000#0840112200000001
(1788787652.654875) can0 03FF1000#0840112200000001
(1788787652.759882) can0 03FF1000#0840112200000001
(1788787652.864885) can0 03FF1000#0840112200000001
(1788787652.969897) can0 03FF1000#0840112200000001
(1788787653.074894) can0 03FF1000#0840112200000001
(1788787653.179891) can0 03FF1000#0840112200000001
(1788787653.284934) can0 03FF1000#0840112200000001
(1788787653.389901) can0 03FF1000#0840112200000001
(1788787653.494906) can0 03FF1000#0840112200000001
(1788787653.599879) can0 03FF1000#0840112200000001
(1788787653.704896) can0 03FF1000#0840112200000001
(1788787653.809946) can0 03FF1000#0840112200000001
(1788787653.914918) can0 03FF1000#0840112200000001
(1788787654.019923) can0 03FF1000#0840112200000001
(1788787654.124893) can0 03FF1000#0840112200000001
(1788787654.229907) can0 03FF1000#0840112200000001
(1788787654.334954) can0 03FF1000#0840112200000001
(1788787654.439921) can0 03FF1000#0840112200000001
(1788787654.544927) can0 03FF1000#0840112200000001
(1788787654.649921) can0 03FF1000#0840112200000001
(1788787654.754918) can0 03FF1000#0840112200000001
(1788787654.859926) can0 03FF1000#0840112200000001
(1788787654.964940) can0 03FF1000#0840112200000001
(1788787655.069940) can0 03FF1000#0840112200000001
(1788787655.174941) can0 03FF1000#0840112200000001
(1788787655.279933) can0 03FF1000#0840112200000001
(1788787655.384943) can0 03FF1000#0840112200000001
(1788787655.489964) can0 03FF1000#0840112200000001
(1788787655.594960) can0 03FF1000#0840112200000001
(1788787655.699945) can0 03FF1000#0840112200000001
(1788787655.804940) can0 03FF1000#0840112200000001
(1788787655.909947) can0 03FF1000#0840112200000001
(1788787656.014962) can0 03FF1000#0840112200000001
(1788787656.119965) can0 03FF1000#0840112200000001
(1788787656.224964) can0 03FF1000#0840112200000001
(1788787656.329969) can0 03FF1000#0840112200000001
(1788787656.434977) can0 03FF1000#0840112200000001
(1788787656.539978) can0 03FF1000#0840112200000001
(1788787656.645007) can0 03FF1000#0840112200000001
(1788787656.749991) can0 03FF1000#0840112200000001
(1788787656.854996) can0 03FF1000#0840112200000001
(1788787656.960003) can0 03FF1000#0840112200000001
(1788787657.065006) can0 03FF1000#0840112200000001
(1788787657.170028) can0 03FF1000#0840112200000001
(1788787657.275020) can0 03FF1000#0840112200000001
(1788787657.380025) can0 03FF1000#0840112200000001
(1788787657.485031) can0 03FF1000#0840112200000001
(1788787657.590035) can0 03FF1000#0840112200000001
(1788787657.655039) can0 04FF3400#0000056E00000000
(1788787657.695041) can0 03FF1000#0840112200000001
(1788787657.800048) can0 03FF1000#0840112200000001
(1788787657.905052) can0 03FF1000#0840112200000001
(1788787658.010060) can0 03FF1000#0840112200000001
(1788787658.115063) can0 03FF1000#0840112200000001
(1788787658.220069) can0 03FF1000#0840112200000001
(1788787658.325074) can0 03FF1000#0840112200000001
(1788787658.430081) can0 03FF1000#0840112200000001
(1788787658.535088) can0 03FF1000#0840112200000001
(1788787658.640091) can0 03FF1000#0840112200000001
(1788787658.745098) can0 03FF1000#0840112200000001
(1788787658.850103) can0 03FF1000#0840112200000001
(1788787658.955110) can0 03FF1000#0840112200000001
(1788787659.060117) can0 03FF1000#0840112200000001
(1788787659.165123) can0 03FF1000#0840112200000001
(1788787659.270126) can0 03FF1000#0840112200000001
(1788787659.375132) can0 03FF1000#0840112200000001
(1788787659.480137) can0 03FF1000#0840112200000001
(1788787659.585144) can0 03FF1000#0840112200000001
(1788787659.690149) can0 03FF1000#0840112200000001
(1788787659.795153) can0 03FF1000#0840112200000001
(1788787659.900159) can0 03FF1000#0840112200000001
(1788787660.005165) can0 03FF1000#0840112200000001
(1788787660.110172) can0 03FF1000#0840112200000001
(1788787660.215178) can0 03FF1000#0840112200000001
(1788787660.320182) can0 03FF1000#0840112200000001
(1788787660.425188) can0 03FF1000#0840112200000001
(1788787660.530194) can0 03FF1000#0840112200000001
(1788787660.635200) can0 03FF1000#0840112200000001
(1788787660.740205) can0 03FF1000#0840112200000001
(1788787660.845210) can0 03FF1000#0840112200000001
(1788787660.950216) can0 03FF1000#0840112200000001
(1788787661.055221) can0 03FF1000#0840112200000001
(1788787661.160228) can0 03FF1000#0840112200000001
(1788787661.265233) can0 03FF1000#0840112200000001
(1788787661.370239) can0 03FF1000#0840112200000001
(1788787661.475244) can0 03FF1000#0840112200000001
(1788787661.580249) can0 03FF1000#0840112200000001
(1788787661.685258) can0 03FF1000#0840112200000001
(1788787661.790261) can0 03FF1000#0840112200000001
(1788787661.895266) can0 03FF1000#0840112200000001
(1788787662.000273) can0 03FF1000#0840112200000001
(1788787662.105277) can0 03FF1000#0840112200000001
(1788787662.210286) can0 03FF1000#0840112200000001
(1788787662.315290) can0 03FF1000#0840112200000001
(1788787662.420295) can0 03FF1000#0840112200000001
(1788787662.525302) can0 03FF1000#0840112200000001
(1788787662.630305) can0 03FF1000#0840112200000001
(1788787662.735314) can0 03FF1000#0840112200000001
(1788787662.840317) can0 03FF1000#0840112200000001
(1788787662.945322) can0 03FF1000#0840112200000001
(1788787663.050330) can0 03FF1000#0840112200000001
(1788787663.155337) can0 03FF1000#0840112200000001
(1788787663.260343) can0 03FF1000#0840112200000001
(1788787663.365345) can0 03FF1000#0840112200000001
(1788787663.470352) can0 03FF1000#0840112200000001
(1788787663.575358) can0 03FF1000#0840112200000001
(1788787663.680364) can0 03FF1000#0840112200000001
(1788787663.785370) can0 03FF1000#0840112200000001
(1788787663.890374) can0 03FF1000#0840112200000001
(1788787663.995380) can0 03FF1000#0840112200000001
(1788787664.100384) can0 03FF1000#0840112200000001
(1788787664.205391) can0 03FF1000#0840112200000001
(1788787664.310399) can0 03FF1000#0840112200000001
(1788787664.415401) can0 03FF1000#0840112200000001
(1788787664.520407) can0 03FF1000#0840112200000001
(1788787664.625413) can0 03FF1000#0840112200000001
(1788787664.730420) can0 03FF1000#0840112200000001
(1788787664.835429) can0 03FF1000#0840112200000001
(1788787664.940430) can0 03FF1000#0840112200000001
(1788787665.045436) can0 03FF1000#0840112200000001
(1788787665.150442) can0 03FF1000#0840112200000001
(1788787665.255448) can0 03FF1000#0840112200000001
(1788787665.360455) can0 03FF1000#0840112200000001
(1788787665.465458) can0 03FF1000#0840112200000001
(1788787665.570463) can0 03FF1000#0840112200000001
(1788787665.675470) can0 03FF1000#0840112200000001
(1788787665.780476) can0 03FF1000#0840112200000001
(1788787665.885483) can0 03FF1000#0840112200000001
(1788787665.990487) can0 03FF1000#0840112200000001
(1788787666.095494) can0 03FF1000#0840112200000001
(1788787666.200501) can0 03FF1000#0840112200000001
(1788787666.305507) can0 03FF1000#0840112200000001
(1788787666.410516) can0 03FF1000#0840112200000001
(1788787666.515519) can0 03FF1000#0840112200000001
(1788787666.620534) can0 03FF1000#0840112200000001
(1788787666.725528) can0 03FF1000#0840112200000001
(1788787666.830536) can0 03FF1000#0840112200000001
(1788787666.935539) can0 03FF1000#0840112200000001
(1788787667.040544) can0 03FF1000#0840112200000001
(1788787667.145547) can0 03FF1000#0840112200000001
(1788787667.250553) can0 03FF1000#0840112200000001
(1788787667.355561) can0 03FF1000#0840112200000001
(1788787667.460566) can0 03FF1000#0840112200000001
(1788787667.565569) can0 03FF1000#0840112200000001
(1788787667.654610) can0 04FF3400#0000056F00000000
(1788787667.655572) can0 04FF3603#0300000000000000
(1788787667.670574) can0 03FF1000#0840112200000001
(1788787667.775580) can0 03FF1000#0840112200000001
(1788787667.880589) can0 03FF1000#0840112200000001
(1788787667.985595) can0 03FF1000#0840112200000001
(1788787668.090598) can0 03FF1000#0840112200000001
(1788787668.195604) can0 03FF1000#0840112200000001
(1788787668.300613) can0 03FF1000#0840112200000001
(1788787668.405616) can0 03FF1000#0840112200000001
(1788787668.510623) can0 03FF1000#0840112200000001
(1788787668.615629) can0 03FF1000#0840112200000001
(1788787668.720634) can0 03FF1000#0840112200000001
(1788787668.825639) can0 03FF1000#0840112200000001
(1788787668.930645) can0 03FF1000#0840112200000001
(1788787669.035651) can0 03FF1000#0840112200000001
(1788787669.140659) can0 03FF1000#0840112200000001
(1788787669.245663) can0 03FF1000#0840112200000001
(1788787669.350668) can0 03FF1000#0840112200000001
(1788787669.455673) can0 03FF1000#0840112200000001
(1788787669.560679) can0 03FF1000#0840112200000001
(1788787669.665685) can0 03FF1000#0840112200000001
(1788787669.770689) can0 03FF1000#0840112200000001
(1788787669.875696) can0 03FF1000#0840112200000001
(1788787669.980700) can0 03FF1000#0840112200000001
(1788787670.085708) can0 03FF1000#0840112200000001
(1788787670.190713) can0 03FF1000#0840112200000001
(1788787670.295718) can0 03FF1000#0840112200000001
(1788787670.400724) can0 03FF1000#0840112200000001
(1788787670.505728) can0 03FF1000#0840112200000001
(1788787670.610737) can0 03FF1000#0840112200000001
(1788787670.715741) can0 03FF1000#0840112200000001
(1788787670.820747) can0 03FF1000#0840112200000001
(1788787670.925751) can0 03FF1000#0840112200000001
(1788787671.030757) can0 03FF1000#0840112200000001
(1788787671.135764) can0 03FF1000#0840112200000001
(1788787671.240770) can0 03FF1000#0840112200000001
(1788787671.345776) can0 03FF1000#0840112200000001
(1788787671.450783) can0 03FF1000#0840112200000001
(1788787671.555785) can0 03FF1000#0840112200000001
(1788787671.660791) can0 03FF1000#0840112200000001
(1788787671.765797) can0 03FF1000#0840112200000001
(1788787671.870803) can0 03FF1000#0840112200000001
(1788787671.975808) can0 03FF1000#0840112200000001
(1788787672.080814) can0 03FF1000#0840112200000001
(1788787672.185833) can0 03FF1000#0840112200000001
(1788787672.290835) can0 03FF1000#0840112200000001
(1788787672.395833) can0 03FF1000#0840112200000001
(1788787672.500836) can0 03FF1000#0840112200000001
(1788787672.605842) can0 03FF1000#0840112200000001
(1788787672.710848) can0 03FF1000#0840112200000001
(1788787672.815852) can0 03FF1000#0840112200000001
(1788787672.920860) can0 03FF1000#0840112200000001
(1788787673.025863) can0 03FF1000#0840112200000001
(1788787673.130868) can0 03FF1000#0840112200000001
(1788787673.235875) can0 03FF1000#0840112200000001
(1788787673.340881) can0 03FF1000#0840112200000001
(1788787673.445885) can0 03FF1000#0840112200000001
(1788787673.550890) can0 03FF1000#0840112200000001
(1788787673.655896) can0 03FF1000#0840112200000001
(1788787673.760903) can0 03FF1000#0840112200000001
(1788787673.865908) can0 03FF1000#0840112200000001
(1788787673.970912) can0 03FF1000#0840112200000001
(1788787674.075920) can0 03FF1000#0840112200000001
(1788787674.180924) can0 03FF1000#0840112200000001
(1788787674.285933) can0 03FF1000#0840112200000001
(1788787674.390936) can0 03FF1000#0840112200000001
(1788787674.495940) can0 03FF1000#0840112200000001
(1788787674.600946) can0 03FF1000#0840112200000001
(1788787674.705954) can0 03FF1000#0840112200000001
(1788787674.810960) can0 03FF1000#0840112200000001
(1788787674.915964) can0 03FF1000#0840112200000001
(1788787675.020969) can0 03FF1000#0840112200000001
(1788787675.125975) can0 03FF1000#0840112200000001
(1788787675.230980) can0 03FF1000#0840112200000001
(1788787675.335991) can0 03FF1000#0840112200000001
(1788787675.440993) can0 03FF1000#0840112200000001
(1788787675.545999) can0 03FF1000#0840112200000001
(1788787675.651003) can0 03FF1000#0840112200000001
(1788787675.756013) can0 03FF1000#0840112200000001
(1788787675.861018) can0 03FF1000#0840112200000001
(1788787675.966021) can0 03FF1000#0840112200000001
(1788787676.071026) can0 03FF1000#0840112200000001
(1788787676.176031) can0 03FF1000#0840112200000001
(1788787676.281039) can0 03FF1000#0840112200000001
(1788787676.386046) can0 03FF1000#0840112200000001
(1788787676.491049) can0 03FF1000#0840112200000001
(1788787676.596054) can0 03FF1000#0840112200000001
(1788787676.701062) can0 03FF1000#0840112200000001
(1788787676.806070) can0 03FF1000#0840112200000001
(1788787676.911074) can0 03FF1000#0840112200000001
(1788787677.016078) can0 03FF1000#0840112200000001
(1788787677.121083) can0 03FF1000#0840112200000001
(1788787677.226091) can0 03FF1000#0840112200000001
(1788787677.331096) can0 03FF1000#0840112200000001
(1788787677.436101) can0 03FF1000#0840112200000001
(1788787677.541108) can0 03FF1000#0840112200000001
(1788787677.646114) can0 03FF1000#0840112200000001
(1788787677.655110) can0 04FF3400#0000057000000000
(1788787677.751121) can0 03FF1000#0840112200000001
(1788787677.856124) can0 03FF1000#0840112200000001
(1788787677.961132) can0 03FF1000#0840112200000001
(1788787678.066138) can0 03FF1000#0840112200000001
(1788787678.171142) can0 03FF1000#0840112200000001
(1788787678.276150) can0 03FF1000#0840112200000001
(1788787678.381153) can0 03FF1000#0840112200000001
(1788787678.486159) can0 03FF1000#0840112200000001
(1788787678.591163) can0 03FF1000#0840112200000001
(1788787678.696168) can0 03FF1000#0840112200000001
(1788787678.801174) can0 03FF1000#0840112200000001
(1788787678.906181) can0 03FF1000#0840112200000001
(1788787679.010441) can0 03FF1000#0840112200000001
(1788787679.116191) can0 03FF1000#0840112200000001
(1788787679.220450) can0 03FF1000#0840112200000001
(1788787679.326201) can0 03FF1000#0840112200000001
(1788787679.431210) can0 03FF1000#0840112200000001
(1788787679.535468) can0 03FF1000#0840112200000001
(1788787679.641222) can0 03FF1000#0840112200000001
(1788787679.745480) can0 03FF1000#0840112200000001
(1788787679.850488) can0 03FF1000#0840112200000001
(1788787679.955483) can0 03FF1000#0840112200000001
(1788787680.060463) can0 03FF1000#0840112200000001
(1788787680.165462) can0 03FF1000#0840112200000001
(1788787680.270497) can0 03FF1000#0840112200000001
(1788787680.375489) can0 03FF1000#0840112200000001
(1788787680.480495) can0 03FF1000#0840112200000001
(1788787680.585480) can0 03FF1000#0840112200000001
(1788787680.690473) can0 03FF1000#0840112200000001
(1788787680.795503) can0 03FF1000#0840112200000001
(1788787680.900509) can0 03FF1000#0840112200000001
(1788787681.005509) can0 03FF1000#0840112200000001
(1788787681.110497) can0 03FF1000#0840112200000001
(1788787681.215479) can0 03FF1000#0840112200000001
(1788787681.320497) can0 03FF1000#0840112200000001
(1788787681.425508) can0 03FF1000#0840112200000001
(1788787681.530519) can0 03FF1000#0840112200000001
(1788787681.635491) can0 03FF1000#0840112200000001
(1788787681.740507) can0 03FF1000#0840112200000001
(1788787681.845513) can0 03FF1000#0840112200000001
(1788787681.950565) can0 03FF1000#0840112200000001
(1788787682.055539) can0 03FF1000#0840112200000001
(1788787682.160521) can0 03FF1000#0840112200000001
(1788787682.265510) can0 03FF1000#0840112200000001
(1788787682.370505) can0 03FF1000#0840112200000001
(1788787682.475571) can0 03FF1000#0840112200000001
(1788787682.580543) can0 03FF1000#0840112200000001
(1788787682.685517) can0 03FF1000#0840112200000001
(1788787682.790518) can0 03FF1000#0840112200000001
(1788787682.895536) can0 03FF1000#0840112200000001
(1788787683.000576) can0 03FF1000#0840112200000001
(1788787683.105558) can0 03FF1000#0840112200000001
(1788787683.210544) can0 03FF1000#0840112200000001
(1788787683.315546) can0 03FF1000#0840112200000001
(1788787683.420552) can0 03FF1000#0840112200000001
(1788787683.525551) can0 03FF1000#0840112200000001
(1788787683.630575) can0 03FF1000#0840112200000001
(1788787683.735559) can0 03FF1000#0840112200000001
(1788787683.840539) can0 03FF1000#0840112200000001
(1788787683.945540) can0 03FF1000#0840112200000001
(1788787684.050572) can0 03FF1000#0840112200000001
(1788787684.155564) can0 03FF1000#0840112200000001
(1788787684.260563) can0 03FF1000#0840112200000001
(1788787684.365553) can0 03FF1000#0840112200000001
(1788787684.470561) can0 03FF1000#0840112200000001
(1788787684.575577) can0 03FF1000#0840112200000001
(1788787684.680593) can0 03FF1000#0840112200000001
(1788787684.785573) can0 03FF1000#0840112200000001
(1788787684.890573) can0 03FF1000#0840112200000001
(1788787684.995577) can0 03FF1000#0840112200000001
(1788787685.100594) can0 03FF1000#0840112200000001
(1788787685.205596) can0 03FF1000#0840112200000001
(1788787685.310643) can0 03FF1000#0840112200000001
(1788787685.415589) can0 03FF1000#0840112200000001
(1788787685.520584) can0 03FF1000#0840112200000001
(1788787685.625600) can0 03FF1000#0840112200000001
(1788787685.730608) can0 03FF1000#0840112200000001
(1788787685.835648) can0 03FF1000#0840112200000001
(1788787685.940596) can0 03FF1000#0840112200000001
(1788787686.045599) can0 03FF1000#0840112200000001
(1788787686.150627) can0 03FF1000#0840112200000001
(1788787686.255633) can0 03FF1000#0840112200000001
(1788787686.360620) can0 03FF1000#0840112200000001
(1788787686.465598) can0 03FF1000#0840112200000001
(1788787686.570615) can0 03FF1000#0840112200000001
(1788787686.675631) can0 03FF1000#0840112200000001
(1788787686.780626) can0 03FF1000#0840112200000001
(1788787686.885636) can0 03FF1000#0840112200000001
(1788787686.990615) can0 03FF1000#0840112200000001
(1788787687.095619) can0 03FF1000#0840112200000001
(1788787687.200645) can0 03FF1000#0840112200000001
(1788787687.305643) can0 03FF1000#0840112200000001
(1788787687.410651) can0 03FF1000#0840112200000001
(1788787687.515643) can0 03FF1000#0840112200000001
(1788787687.620648) can0 03FF1000#0840112200000001
(1788787687.654648) can0 04FF3400#0000057100000000
(1788787687.725655) can0 03FF1000#0840112200000001
(1788787687.830661) can0 03FF1000#0840112200000001
(1788787687.935668) can0 03FF1000#0840112200000001
(1788787688.040670) can0 03FF1000#0840112200000001
(1788787688.145698) can0 03FF1000#0840112200000001
(1788787688.250683) can0 03FF1000#0840112200000001
(1788787688.355687) can0 03FF1000#0840112200000001
(1788787688.460697) can0 03FF1000#0840112200000001
(1788787688.565697) can0 03FF1000#0840112200000001
(1788787688.670703) can0 03FF1000#0840112200000001
(1788787688.775711) can0 03FF1000#0840112200000001
(1788787688.880718) can0 03FF1000#0840112200000001
(1788787688.985724) can0 03FF1000#0840112200000001
(1788787689.090727) can0 03FF1000#0840112200000001
(1788787689.195731) can0 03FF1000#0840112200000001
(1788787689.300737) can0 03FF1000#0840112200000001
(1788787689.405743) can0 03FF1000#0840112200000001
(1788787689.510750) can0 03FF1000#0840112200000001
(1788787689.558751) can0 02181606#0100190001030200
(1788787689.620753) can0 03FF1000#0840112200000001
(1788787689.630753) can0 03FF1001#0000000000000000
(1788787689.641754) can0 03FF1603#0000D10E00000000
(1788787689.651757) can0 03FF1605#0100000000000000
(1788787689.653824) can0 05FF4610#0000D157FFFFFFDA
(1788787689.662754) can0 03121606#0100000000000000
(1788787689.668755) can0 02181606#0100190001030200
(1788787689.725763) can0 03FF1000#0840112200000001
(1788787689.735762) can0 03FF1001#0000000000000000
(1788787689.746762) can0 03FF1603#0000D10E00000000
(1788787689.756763) can0 03FF1605#0100000000000000
(1788787689.767761) can0 03121606#0000000000000000
(1788787689.793855) can0 05FF4001#0000000000000000
(1788787689.795854) can0 05FF4000#0000000000000000
(1788787689.830768) can0 03FF1000#0840112200000001
(1788787689.840767) can0 03FF1001#0000000000000000
(1788787689.851768) can0 03FF1603#0000D10E00000000
(1788787689.861767) can0 03FF1605#0100000000000000
(1788787689.872766) can0 03FF1600#142B000104001319
(1788787689.875824) can0 05FF4602#1210181018101710
(1788787689.882767) can0 03FF1601#6E50000000000000
(1788787689.885836) can0 05FF4603#18101B101D101D10
(1788787689.893767) can0 03FF1602#00000500000015E0
(1788787689.895831) can0 05FF4604#1C101C101E101F10
(1788787689.903768) can0 03FF1604#0000000000000000
(1788787689.905860) can0 05FF4605#1C10000000000000
(1788787689.927878) can0 05FF4610#0000D157FFFFFFDA
(1788787689.935774) can0 03FF1000#0840112200000001
(1788787689.936772) can0 05FF4606#1D1D1C
(1788787689.945770) can0 03FF1001#0000000000000000
(1788787689.946770) can0 05FF4607#1D1B1C
(1788787689.956771) can0 03FF1603#0000D10E00000000
(1788787689.956825) can0 05FF4608#0019007C
(1788787689.966772) can0 03FF1605#0100000000000000
(1788787689.967771) can0 05FF4609#010003D403CA00
(1788787690.040778) can0 03FF1000#0840112200000001
(1788787690.050778) can0 03FF1001#0000000000000000
(1788787690.061777) can0 03FF1603#0000D10E00000000
(1788787690.071777) can0 03FF1605#0100000000000000
(1788787690.116781) can0 05FF4400#00000000
(1788787690.145783) can0 03FF1000#0840112200000001
(1788787690.155784) can0 03FF1001#0000000000000000
(1788787690.166782) can0 03FF1603#0000D10E00000000
(1788787690.176783) can0 03FF1605#0100000000000000
(1788787690.193854) can0 05FF4600#0D0300900303
(1788787690.215927) can0 05FF4610#0000D155FFFFFFBF
(1788787690.243859) can0 05FF4601#007300000000
(1788787690.250790) can0 03FF1000#0840112200000001
(1788787690.260790) can0 03FF1001#0000000000000000
(1788787690.271788) can0 03FF1603#0000D10E00000000
(1788787690.281788) can0 03FF1605#0100000000000000
(1788787690.355796) can0 03FF1000#0840112200000001
(1788787690.365796) can0 03FF1001#0000000000000000
(1788787690.376793) can0 03FF1603#0000D10E00000000
(1788787690.386794) can0 03FF1605#0100000000000000
(1788787690.460801) can0 03FF1000#0840112200000001
(1788787690.470803) can0 03FF1001#0000000000000000
(1788787690.476964) can0 05FF4610#0000D155FFFFFFBF
(1788787690.481800) can0 03FF1603#0000D10E00000000
(1788787690.491800) can0 03FF1605#0100000000000000
(1788787690.565807) can0 03FF1000#0840112200000001
(1788787690.575806) can0 03FF1001#0000000000000000
(1788787690.586806) can0 03FF1603#0000D10E00000000
(1788787690.596805) can0 03FF1605#0100000000000000
(1788787690.670811) can0 03FF1000#0840112200000001
(1788787690.680813) can0 03FF1001#0000000000000000
(1788787690.691811) can0 03FF1603#0000D10E00000000
(1788787690.691865) can0 02FF2602#84FB808D3389FD03
(1788787690.692810) can0 02294609#0000000000000000
(1788787690.693810) can0 05124609#030003D403CA00
(1788787690.701814) can0 03FF1605#0100000000000000
(1788787690.749974) can0 05FF4610#0000D155FFFFFFBF
(1788787690.775817) can0 03FF1000#0840112200000001
(1788787690.785816) can0 03FF1001#0000000000000000
(1788787690.796816) can0 03FF1603#0000D10E00000000
(1788787690.806817) can0 03FF1605#0100000000000000
(1788787690.835019) can0 05FF4001#0000000000000000
(1788787690.837018) can0 05FF4000#0000000000000000
(1788787690.859822) can0 03FF1600#142B000104001319
(1788787690.869821) can0 03FF1601#6E50000000000000
(1788787690.880821) can0 03FF1602#000005000000157C
(1788787690.890821) can0 03FF1604#0000000000000000
(1788787690.901822) can0 03FF1000#0840112200000001
(1788787690.911822) can0 03FF1001#0000000000000000
(1788787690.916984) can0 05FF4602#1210181017101710
(1788787690.922822) can0 03FF1603#0000D10E00000000
(1788787690.926996) can0 05FF4603#18101B101D101D10
(1788787690.932823) can0 03FF1605#0100000000000000
(1788787690.936976) can0 05FF4604#1C101C101E101F10
(1788787690.947011) can0 05FF4605#1B10000000000000
(1788787690.976826) can0 05FF4606#1D1D1C
(1788787690.985830) can0 03FF1000#0840112200000001
(1788787690.986829) can0 05FF4607#1D1C1C
(1788787690.995828) can0 03FF1001#0000000000000000
(1788787690.996861) can0 05FF4608#0019007C
(1788787691.006827) can0 03FF1603#0000D10E00000000
(1788787691.006964) can0 05FF4609#030003D403CA00
(1788787691.011012) can0 05FF4610#0000D155FFFFFFBF
(1788787691.016827) can0 03FF1605#0100000000000000
(1788787691.090834) can0 03FF1000#0840112200000001
(1788787691.100835) can0 03FF1001#0000000000000000
(1788787691.111088) can0 03FF1603#0000D10E00000000
(1788787691.121834) can0 03FF1605#0100000000000000
(1788787691.195840) can0 03FF1000#0840112200000001
(1788787691.200875) can0 02FF2602#703B14BD0E3F323F
(1788787691.201841) can0 02294609#0000000000000000
(1788787691.202840) can0 05124609#030003D403CA00
(1788787691.205838) can0 03FF1001#0000000000000000
(1788787691.216838) can0 03FF1603#0000D10E00000000
(1788787691.226839) can0 03FF1605#0100000000000000
(1788787691.299846) can0 05FF4610#0000D158FFFFFFCA
(1788787691.300846) can0 03FF1000#0840112200000001
(1788787691.309972) can0 02203606#0101000100010000
(1788787691.310843) can0 03FF1001#0000000000000000
(1788787691.321852) can0 03FF1603#0000D10E00000000
(1788787691.324843) can0 04FF3604#0004000300000100
(1788787691.331844) can0 03FF1605#0100000000000000
(1788787691.354846) can0 04FF3604#0004000300000100
(1788787691.357848) can0 02181606#0000000000030200
(1788787691.363846) can0 03FF1605#0000000000000000
(1788787691.365846) can0 13B76400#01
(1788787691.383998) can0 02203606#0200000000000000
(1788787691.384847) can0 04FF3604#0004000300000100
(1788787691.410087) can0 02181608#0500000001000000
(1788787691.440106) can0 02181609#0000000000000000
(1788787691.470854) can0 02488600#0000000000000000
(1788787691.519866) can0 02294500#
(1788787691.520860) can0 05124500#0500
(1788787691.529998) can0 1FF8B028#0000000000000000
(1788787691.540859) can0 03FF1000#0840112200000001
(1788787691.550859) can0 02FF2605#0000060907030809
(1788787691.550918) can0 03FF1605#0000000000000000
(1788787691.561857) can0 03121606#0100000000000000
(1788787691.580858) can0 02FF2604#0000000000000000
(1788787691.610860) can0 02FF2704#0200000000000000
(1788787691.634861) can0 03FF1000#0840112200000001
(1788787691.640059) can0 13B76400#01
(1788787691.640863) can0 0260B606#0100000000000000
(1788787691.670864) can0 02203607#0000000300000000
(1788787691.700867) can0 02F82400#CB03000000000000
(1788787691.730870) can0 02FF2602#BC9B580D3D991B83
(1788787691.739869) can0 03FF1000#0840112200000001
(1788787691.760870) can0 02181606#0100190001030200
(1788787691.790873) can0 02203606#0100000100010000
(1788787691.804870) can0 04FF3604#0003000300000000
(1788787691.820874) can0 02181608#0500000001000000
(1788787691.834875) can0 04FF3604#0004000300000000
(1788787691.849876) can0 03FF1000#0840112200000001
(1788787691.850875) can0 02181609#0000000000000000
(1788787691.860117) can0 03FF1001#0000000000000000
(1788787691.864873) can0 04FF3604#0003000300C80000
(1788787691.870874) can0 03FF1603#0000D10E00000000
(1788787691.880875) can0 02488600#0000000000000000
(1788787691.881874) can0 03FF1605#0100000000000000
(1788787691.883874) can0 05FF4610#0000D158FFFFFFCA
(1788787691.891875) can0 03121606#0100000000000000
(1788787691.894875) can0 04FF3604#0003000300C80000
(1788787691.902095) can0 03FF1600#142B000104001319
(1788787691.911060) can0 02294501#
(1788787691.911906) can0 05124501#0103
(1788787691.912875) can0 03FF1601#6E50000000000000
(1788787691.920877) can0 13B76400#01
(1788787691.923119) can0 03FF1602#000005000000157C
(1788787691.924876) can0 04FF3604#0003000300C80000
(1788787691.933876) can0 03FF1604#0000000000000000
(1788787691.940879) can0 02FF2605#0000060907030801
(1788787691.954880) can0 04FF3604#0003000300C80000
(1788787691.954986) can0 03FF1000#0840112200000001
(1788787691.965133) can0 03FF1001#0000000000000000
(1788787691.975879) can0 03FF1603#0000D10E00000000
(1788787691.984879) can0 04FF3604#0004000300C80000
(1788787691.986129) can0 03FF1605#0100000000000000
(1788787692.011881) can0 05FF4001#0000000000000000
(1788787692.013881) can0 05FF4000#0000000000000000
(1788787692.014881) can0 04FF3604#0004000300C80000
(1788787692.025882) can0 02FF2604#0000000000000000
(1788787692.044889) can0 04FF3604#0003000300C80000
(1788787692.050887) can0 02FF2704#0200000000000000
(1788787692.059883) can0 03FF1000#0840112200000001
(1788787692.070134) can0 03FF1001#0000000000000000
(1788787692.074884) can0 04FF3604#0004000300C80000
(1788787692.080885) can0 03FF1603#0000D10E00000000
(1788787692.091129) can0 03FF1605#0100000000000000
(1788787692.093135) can0 05FF4602#1210181018101710
(1788787692.103129) can0 05FF4603#18101B101D101D10
(1788787692.104886) can0 04FF3604#0002000300C80000
(1788787692.107886) can0 0260B606#0100000000000000
(1788787692.113887) can0 05FF4604#1C101C101F101F10
(1788787692.123888) can0 05FF4605#1C10000000000000
(1788787692.131888) can0 02203607#0000000300000000
(1788787692.134887) can0 04FF3604#0005000300C80000
(1788787692.144892) can0 05FF4610#0000D158FFFFFFCA
(1788787692.152973) can0 05FF4606#1D1D1C
(1788787692.154889) can0 04FF3602#0000000000000000
(1788787692.162132) can0 02181606#0100190001030200
(1788787692.162954) can0 05FF4607#1D1B1C
(1788787692.164889) can0 04FF3604#0003000300C80000
(1788787692.165106) can0 03FF1000#0840112200000001
(1788787692.175133) can0 03FF1001#0000000000000000
(1788787692.185891) can0 03FF1603#0000D10E00000000
(1788787692.192890) can0 02203606#0101000100010000
(1788787692.194891) can0 04FF3604#0005000300C80000
(1788787692.196122) can0 03FF1605#0100000000000000
(1788787692.200037) can0 05FF4608#0019007C
(1788787692.202896) can0 13B76400#01
(1788787692.211894) can0 05FF4609#030003D403CA00
(1788787692.223009) can0 02181608#0500000001000000
(1788787692.224892) can0 04FF3604#0004000300C80100
(1788787692.252151) can0 02181609#0000000000000000
(1788787692.254896) can0 04FF3604#0005000300C80100
(1788787692.269895) can0 03FF1000#0840112200000001
(1788787692.280138) can0 03FF1001#0000000000000000
(1788787692.281091) can0 02488600#0000000000000000
(1788787692.284895) can0 04FF3604#0004000300C80100
(1788787692.290896) can0 03FF1603#0000D10E00000000
(1788787692.301135) can0 03FF1605#0100000000000000
(1788787692.311898) can0 03121606#0000000000000000
(1788787692.314897) can0 04FF3604#0005000300C80100
(1788787692.344899) can0 04FF3604#0006000300C80100
(1788787692.353900) can0 02191500#
(1788787692.361085) can0 05FF4400#00000001
(1788787692.374901) can0 04FF3604#0006000300C80100
(1788787692.374978) can0 03FF1000#0840112200000001
(1788787692.382900) can0 02FF2605#0000060907030802
(1788787692.385120) can0 03FF1001#0000000000000000
(1788787692.395902) can0 03FF1500#000000C300000000
(1788787692.404902) can0 04FF3604#0006000300C80100
(1788787692.406133) can0 03FF1603#0000D10E00000000
(1788787692.411157) can0 05FF4600#0D0300900303
(1788787692.412902) can0 02FF2604#0000000000000000
(1788787692.416902) can0 03FF1605#0100000000000000
(1788787692.433904) can0 05FF4610#0000D156FFFFFFC4
(1788787692.434903) can0 04FF3604#0005000300C80100
(1788787692.442907) can0 02FF2704#0200000000000000
(1788787692.461909) can0 05FF4601#007300000000
(1788787692.464905) can0 04FF3604#0006000300C80100
(1788787692.479906) can0 03FF1000#0840112200000001
(1788787692.490150) can0 03FF1001#0000000000000000
(1788787692.494907) can0 04FF3604#0004000300C80100
(1788787692.497907) can0 0260B606#0100000000000000
(1788787692.500907) can0 03FF1603#0000D10E00000000
(1788787692.503907) can0 13B76400#01
(1788787692.511147) can0 03FF1605#0100000000000000
(1788787692.521909) can0 02203607#0000000300000000
(1788787692.524908) can0 04FF3604#0006000300C80100
(1788787692.554913) can0 04FF3604#0006000300C80100
(1788787692.584918) can0 04FF3604#0005000300C80100
(1788787692.584981) can0 03FF1000#0840112200000001
(1788787692.595156) can0 03FF1001#0000000000000000
(1788787692.605913) can0 03FF1603#0000D10E00000000
(1788787692.614914) can0 04FF3604#0004000300C80100
(1788787692.616144) can0 03FF1605#0100000000000000
(1788787692.644918) can0 04FF3604#0006000300C80100
(1788787692.654919) can0 04FF3602#0000000000000000
(1788787692.674918) can0 04FF3604#0004000300C80100
(1788787692.689918) can0 03FF1000#0840112200000001
(1788787692.694918) can0 05FF4610#0000D156FFFFFFC4
(1788787692.700149) can0 03FF1001#0000000000000000
(1788787692.704922) can0 04FF3604#0006000300C80100
(1788787692.710921) can0 03FF1603#0000D10E00000000
(1788787692.721127) can0 03FF1605#0100000000000000
(1788787692.734920) can0 04FF3604#0004000300C80100
(1788787692.764925) can0 04FF3604#0005000300C80100
(1788787692.782925) can0 13B76400#01
(1788787692.794924) can0 04FF3604#0005000300C80100
(1788787692.794989) can0 03FF1000#0840112200000001
(1788787692.805924) can0 03FF1001#0000000000000000
(1788787692.815927) can0 03FF1603#0000D10E00000000
(1788787692.824927) can0 04FF3604#0004000300C80100
(1788787692.826156) can0 03FF1605#0100000000000000
(1788787692.854929) can0 04FF3604#0005000300C80100
(1788787692.872930) can0 02181606#0100190001030200
(1788787692.878928) can0 03FF1600#142B000104001319
(1788787692.884928) can0 04FF3604#0003000300C80100
(1788787692.889131) can0 03FF1601#6E50000000000000
(1788787692.899929) can0 03FF1602#000005000000157C
(1788787692.903928) can0 02203606#0101000100010000
(1788787692.910148) can0 03FF1604#0000000000000000
(1788787692.914929) can0 04FF3604#0003000300C80100
(1788787692.920929) can0 03FF1000#0840112200000001
(1788787692.931162) can0 03FF1001#0000000000000000
(1788787692.933930) can0 02181608#0500000001000000
(1788787692.941933) can0 03FF1603#0000D10E00000000
(1788787692.944934) can0 04FF3604#0006000300C80100
(1788787692.952141) can0 03FF1605#0100000000000000
(1788787692.962933) can0 03121606#0000000000000000
(1788787692.963932) can0 02181609#0000000000000000
(1788787692.968932) can0 05FF4610#0000D156FFFFFFC4
(1788787692.974933) can0 04FF3604#0006000300C80100
(1788787692.992934) can0 02488600#0000000000000000
(1788787693.004935) can0 04FF3604#0003000300C80100
(1788787693.005002) can0 03FF1000#0840112200000001
(1788787693.015155) can0 03FF1001#0000000000000000
(1788787693.022947) can0 02191501#
(1788787693.025935) can0 03FF1603#0000D10E00000000
(1788787693.034936) can0 04FF3604#0004000300C80100
(1788787693.036155) can0 03FF1605#0100000000000000
(1788787693.046939) can0 03FF1501#0000004A00000000
(1788787693.053941) can0 05FF4001#0000000000000000
(1788787693.055937) can0 05FF4000#0000000000000000
(1788787693.064944) can0 04FF3604#0008000300C80100
(1788787693.088965) can0 13B76400#01
(1788787693.094944) can0 04FF3604#0004000300C80100
(1788787693.109943) can0 03FF1000#0840112200000001
(1788787693.120161) can0 03FF1001#0000000000000000
(1788787693.124941) can0 04FF3604#0006000300C80100
(1788787693.130941) can0 03FF1603#0000D10E00000000
(1788787693.135941) can0 05FF4602#1210181017101710
(1788787693.141154) can0 03FF1605#0100000000000000
(1788787693.145945) can0 05FF4603#18101B101D101D10
(1788787693.154943) can0 04FF3602#0000000000000000
(1788787693.154998) can0 04FF3604#0007000300C80100
(1788787693.155942) can0 05FF4604#1C101C101E101F10
(1788787693.165944) can0 05FF4605#1C10000000000000
(1788787693.184944) can0 04FF3604#0006000300C80100
(1788787693.214949) can0 04FF3604#0006000300C80100
(1788787693.214999) can0 03FF1000#0840112200000001
(1788787693.223178) can0 05FF4606#1D1D1C
(1788787693.225166) can0 03FF1001#0000000000000000
(1788787693.233179) can0 05FF4607#1D1B1C
(1788787693.235947) can0 03FF1603#0000D10E00000000
(1788787693.243950) can0 05FF4608#0019007C
(1788787693.244950) can0 04FF3604#0005000300C80100
(1788787693.246158) can0 03FF1605#0100000000000000
(1788787693.253951) can0 05FF4609#030003D403CA00
(1788787693.257948) can0 05FF4610#0000D151FFFFFF9E
(1788787693.274949) can0 04FF3604#0003000300C80100
(1788787693.304951) can0 04FF3604#0003000300C80100
(1788787693.319952) can0 03FF1000#0840112200000001
(1788787693.330149) can0 03FF1001#0000000000000000
(1788787693.334952) can0 04FF3604#0005000400C80100
(1788787693.340955) can0 03FF1603#0000D10E00000000
(1788787693.351175) can0 03FF1605#0100000000000000
(1788787693.362954) can0 13B76400#01
(1788787693.364953) can0 04FF3604#0004000300C80100
(1788787693.381989) can0 02FF2605#0000060907030803
(1788787693.394956) can0 04FF3604#0006000300C80100
(1788787693.412049) can0 02FF2604#0000000000000000
(1788787693.424958) can0 04FF3604#0006000300C80100
(1788787693.425013) can0 03FF1000#0840112200000001
(1788787693.435155) can0 03FF1001#0000000000000000
(1788787693.442099) can0 02FF2704#0200000000000000
(1788787693.445961) can0 03FF1603#0000D10E00000000
(1788787693.454960) can0 04FF3604#0005000300C80100
(1788787693.456178) can0 03FF1605#0100000000000000
(1788787693.472064) can0 0260B606#0100000000000000
(1788787693.484961) can0 04FF3604#0004000300C80100
(1788787693.502135) can0 02203607#0000000300000000
(1788787693.514961) can0 04FF3604#0006000300C80100
(1788787693.518962) can0 05FF4610#0000D151FFFFFF9E
(1788787693.529963) can0 03FF1000#0840112200000001
(1788787693.540174) can0 03FF1001#0000000000000000
(1788787693.544966) can0 04FF3604#0003000300C80100
(1788787693.550965) can0 03FF1603#0000D10E00000000
(1788787693.561172) can0 03FF1605#0100000000000000
(1788787693.574971) can0 04FF3604#0005000300C80100
(1788787693.604969) can0 04FF3604#0005000300C80100
(1788787693.632969) can0 02181606#0100190001030200
(1788787693.634968) can0 04FF3604#0006000300C80100
(1788787693.635024) can0 03FF1000#0840112200000001
(1788787693.642064) can0 13B76400#01
(1788787693.645168) can0 03FF1001#0000000000000000
(1788787693.654969) can0 04FF3602#0000000000000000
(1788787693.655969) can0 03FF1603#0000D10E00000000
(1788787693.662970) can0 02203606#0101000100010000
(1788787693.664970) can0 04FF3604#0005000300C80100
(1788787693.666178) can0 03FF1605#0100000000000000
(1788787693.692971) can0 02181608#0500000001000000
(1788787693.694971) can0 04FF3604#0006000300C80100
(1788787693.722977) can0 02181609#0000000000000000
(1788787693.724976) can0 04FF3604#0004000300C80100
(1788787693.739977) can0 03FF1000#0840112200000001
(1788787693.750161) can0 03FF1001#0000000000000000
(1788787693.752977) can0 02488600#0000000000000000
(1788787693.754975) can0 04FF3604#0003000300C80100
(1788787693.760975) can0 03FF1603#0000D10E00000000
(1788787693.771149) can0 03FF1605#0100000000000000
(1788787693.781976) can0 03121606#0000000000000000
(1788787693.782169) can0 02213500#
(1788787693.784976) can0 04FF3604#0003000300C80100
(1788787693.789976) can0 04F93500#000000EB00000000
(1788787693.791977) can0 05FF4610#0000D151FFFFFF9E
(1788787693.814981) can0 04FF3604#0003000300C80100
(1788787693.844982) can0 04FF3604#0002000300C80100
(1788787693.845049) can0 03FF1000#0840112200000001
(1788787693.855166) can0 03FF1001#0000000000000000
(1788787693.865982) can0 03FF1603#0000D10E00000000
(1788787693.874981) can0 04FF3604#0007000300C80100
(1788787693.876177) can0 03FF1605#0100000000000000
(1788787693.886981) can0 03FF1600#142B000104001319
(1788787693.897156) can0 03FF1601#6E50000000000000
(1788787693.904983) can0 04FF3604#0004000300C80100
(1788787693.907983) can0 03FF1602#000005000000157C
(1788787693.918191) can0 03FF1604#0000000000000000
(1788787693.922983) can0 13B76400#01
(1788787693.934984) can0 04FF3604#0006000300C80100
(1788787693.949988) can0 03FF1000#0840112200000001
(1788787693.960162) can0 03FF1001#0000000000000000
(1788787693.964986) can0 04FF3604#0005000300C80100
(1788787693.970987) can0 03FF1603#0000D10E00000000
(1788787693.981184) can0 03FF1605#0100000000000000
(1788787693.994988) can0 04FF3604#0003000300C80100
(1788787694.024990) can0 04FF3604#0005000400C80100
(1788787694.053994) can0 05FF4610#0000D151FFFFFF9E
(1788787694.054994) can0 04FF3604#0003000300C80100
(1788787694.055047) can0 03FF1000#0840112200000001
(1788787694.065172) can0 03FF1001#0000000000000000
(1788787694.075998) can0 03FF1603#0000D10E00000000
(1788787694.084996) can0 04FF3604#0002000300C80100
(1788787694.086178) can0 03FF1605#0100000000000000
(1788787694.095993) can0 05FF4001#0000000000000000
(1788787694.097993) can0 05FF4000#0000000000000000
(1788787694.114994) can0 04FF3604#0004000300C80100
(1788787694.144999) can0 04FF3604#0005000300C80100
(1788787694.154999) can0 04FF3602#0000000000000000
(1788787694.159996) can0 03FF1000#0840112200000001
(1788787694.170194) can0 03FF1001#0000000000000000
(1788787694.174997) can0 04FF3604#0005000300C80100
(1788787694.177997) can0 05FF4602#1210171017101710
(1788787694.180997) can0 03FF1603#0000D10E00000000
(1788787694.187998) can0 05FF4603#18101A101D101D10
(1788787694.191183) can0 03FF1605#0100000000000000
(1788787694.202999) can0 13B76400#01
(1788787694.205003) can0 04FF3604#0005000300C80100
(1788787694.226003) can0 05FF4604#1C101C101E101F10
(1788787694.235001) can0 04FF3604#0004000300C80100
(1788787694.236000) can0 05FF4605#1B10000000000000
(1788787694.265005) can0 04FF3604#0005000300C80100
(1788787694.265055) can0 03FF1000#0840112200000001
(1788787694.266002) can0 05FF4606#1D1D1C
(1788787694.275194) can0 03FF1001#0000000000000000
(1788787694.276002) can0 05FF4607#1D1C1C
(1788787694.286004) can0 03FF1603#0000D10E00000000
(1788787694.286127) can0 05FF4608#0019007C
(1788787694.295004) can0 04FF3604#0004000300C80100
(1788787694.296003) can0 05FF4609#030003D403CA00
(1788787694.296278) can0 03FF1605#0100000000000000
(1788787694.325006) can0 04FF3604#0006000300C80100
(1788787694.343009) can0 05FF4610#0000D154FFFFFFA3
(1788787694.355009) can0 04FF3604#0004000400C80100
(1788787694.370009) can0 03FF1000#0840112200000001
(1788787694.380194) can0 03FF1001#0000000000000000
(1788787694.385008) can0 04FF3604#0005000300C80100
(1788787694.391010) can0 03FF1603#0000D10E00000000
(1788787694.393043) can0 02181606#0100190001030200
(1788787694.401184) can0 03FF1605#0100000000000000
(1788787694.415010) can0 04FF3604#0005000300C80100
(1788787694.423034) can0 02203606#0101000100010000
(1788787694.445014) can0 04FF3604#0004000300C80100
(1788787694.453131) can0 02181608#0500000001000000
(1788787694.475014) can0 04FF3604#0006000300C80100
(1788787694.475068) can0 03FF1000#0840112200000001
(1788787694.483014) can0 13B76400#01
(1788787694.484013) can0 02181609#0000000000000000
(1788787694.485171) can0 03FF1001#0000000000000000
(1788787694.496015) can0 03FF1603#0000D10E00000000
(1788787694.505015) can0 04FF3604#0005000300C80100
(1788787694.506188) can0 03FF1605#0100000000000000
(1788787694.513172) can0 02488600#0000000000000000
(1788787694.517015) can0 03121606#0000000000000000
(1788787694.535017) can0 04FF3604#0005000300C80100
(1788787694.543019) can0 02213501#
(1788787694.550021) can0 04F93501#0000000400000000
(1788787694.565018) can0 04FF3604#0003000300C80100
(1788787694.574019) can0 02FF2605#0000060907030804
(1788787694.580025) can0 03FF1000#0840112200000001
(1788787694.590191) can0 03FF1001#0000000000000000
(1788787694.595020) can0 04FF3604#0004000300C80100
(1788787694.601020) can0 03FF1603#0000D10E00000000
(1788787694.603263) can0 02FF2604#0000000000000000
(1788787694.604020) can0 05FF4610#0000D154FFFFFFA3
(1788787694.611251) can0 03FF1605#0100000000000000
(1788787694.625022) can0 04FF3604#0003000300C80100
(1788787694.634022) can0 02FF2704#0200000000000000
(1788787694.655027) can0 04FF3602#0000000000000000
(1788787694.655076) can0 04FF3604#0005000300C80100
(1788787694.664025) can0 0260B606#0100000000000000
(1788787694.685025) can0 04FF3604#0004000300C80100
(1788787694.685079) can0 03FF1000#0840112200000001
(1788787694.694026) can0 02203607#0000000300000000
(1788787694.695194) can0 03FF1001#0000000000000000
(1788787694.706029) can0 03FF1603#0000D10E00000000
(1788787694.715029) can0 04FF3604#0005000300C80100
(1788787694.716177) can0 03FF1605#0100000000000000
(1788787694.745030) can0 04FF3604#0005000300C80100
(1788787694.763113) can0 13B76400#01
(1788787694.775034) can0 04FF3604#0004000300C80100
(1788787694.790031) can0 03FF1000#0840112200000001
(1788787694.800204) can0 03FF1001#0000000000000000
(1788787694.805031) can0 04FF3604#0003000300C80100
(1788787694.811035) can0 03FF1603#0000D10E00000000
(1788787694.821173) can0 03FF1605#0100000000000000
(1788787694.835033) can0 04FF3604#0005000300C80100
(1788787694.865038) can0 04FF3604#0005000300C80100
(1788787694.877038) can0 05FF4610#0000D154FFFFFFA3
(1788787694.895036) can0 04FF3604#0003000300C80100
(1788787694.895090) can0 03FF1000#0840112200000001
(1788787694.905198) can0 03FF1001#0000000000000000
(1788787694.916036) can0 03FF1600#142B000104001319
(1788787694.925037) can0 04FF3604#0008000300C80100
(1788787694.926188) can0 03FF1601#6E50000000000000
(1788787694.937038) can0 03FF1602#000005000000157C
(1788787694.947192) can0 03FF1603#0000D10E00000000
(1788787694.955043) can0 04FF3604#0004000300C80100
(1788787694.958039) can0 03FF1604#0000000000000000
(1788787694.968173) can0 03FF1605#0100000000000000
(1788787694.985041) can0 04FF3604#0004000300C80100
(1788787695.000042) can0 03FF1000#0840112200000001
(1788787695.010181) can0 03FF1001#0000000000000000
(1788787695.015042) can0 04FF3604#0006000300C80100
(1788787695.021043) can0 03FF1603#0000D10E00000000
(1788787695.031206) can0 03FF1605#0100000000000000
(1788787695.045046) can0 04FF3604#0006000300C80100
(1788787695.045109) can0 13B76400#01
(1788787695.075046) can0 04FF3604#0005000300C80100
(1788787695.105053) can0 04FF3604#0004000300C80100
(1788787695.105101) can0 03FF1000#0840112200000001
(1788787695.115195) can0 03FF1001#0000000000000000
(1788787695.126048) can0 03FF1603#0000D10E00000000
(1788787695.135049) can0 04FF3604#0005000300C80100
(1788787695.136199) can0 03FF1605#0100000000000000
(1788787695.138095) can0 05FF4001#0000000000000000
(1788787695.139072) can0 05FF4610#0000D154FFFFFFA3
(1788787695.141052) can0 05FF4000#0000000000000000
(1788787695.155052) can0 04FF3602#0000000000000000
(1788787695.156049) can0 02181606#0100190001030200
(1788787695.165051) can0 04FF3604#0005000400C80100
(1788787695.184052) can0 02203606#0101000100010000
(1788787695.195051) can0 04FF3604#0004000300C80100
(1788787695.210057) can0 03FF1000#0840112200000001
(1788787695.214055) can0 02181608#0500000001000000
(1788787695.220203) can0 03FF1001#0000000000000000
(1788787695.225053) can0 04FF3604#0005000300C80100
(1788787695.231054) can0 03FF1603#0000D10E00000000
(1788787695.241196) can0 03FF1605#0100000000000000
(1788787695.244057) can0 02181609#0000000000000000
(1788787695.247092) can0 05FF4602#1210171017101710
(1788787695.252057) can0 03121606#0000000000000000
(1788787695.255055) can0 04FF3604#0004000300C80100
(1788787695.257078) can0 05FF4603#18101B101D101D10
(1788787695.267114) can0 05FF4604#1C101C101E101F10
(1788787695.274057) can0 02488600#0000000000000000
(1788787695.277125) can0 05FF4605#1A10000000000000
(1788787695.285057) can0 04FF3604#0003000300C80100
(1788787695.304058) can0 02294502#
(1788787695.305081) can0 05124502#5250313353333541
(1788787695.307058) can0 05FF4606#1D1D1C
(1788787695.315059) can0 04FF3604#0007000300C80100
(1788787695.315124) can0 03FF1000#0840112200000001
(1788787695.317058) can0 05FF4607#1D1C1C
(1788787695.325210) can0 03FF1001#0000000000000000
(1788787695.326059) can0 13B76400#01
(1788787695.327059) can0 05FF4608#0019007C
(1788787695.336060) can0 03FF1603#0000D10E00000000
(1788787695.337106) can0 05FF4609#030003D403CA00
(1788787695.345063) can0 04FF3604#0005000300C80100
(1788787695.346178) can0 03FF1605#0100000000000000
(1788787695.375063) can0 04FF3604#0002000300C80100
(1788787695.404064) can0 02FF2605#0000060907030805
(1788787695.405063) can0 04FF3604#0005000400C80100
(1788787695.420064) can0 03FF1000#0840112200000001
(1788787695.428176) can0 05FF4610#0000D153FFFFFFA3
(1788787695.430203) can0 03FF1001#0000000000000000
(1788787695.434319) can0 02FF2604#0000000000000000
(1788787695.435064) can0 04FF3604#0004000300C80100
(1788787695.441068) can0 03FF1603#0000D10E00000000
(1788787695.451208) can0 03FF1605#0100000000000000
(1788787695.464068) can0 02FF2704#0200000000000000
(1788787695.465066) can0 04FF3604#0005000300C80100
(1788787695.494068) can0 0260B606#0100000000000000
(1788787695.495068) can0 04FF3604#0006000300C80100
(1788787695.524070) can0 02203607#0000000300000000
(1788787695.525069) can0 04FF3604#0005000300C80100
(1788787695.525235) can0 03FF1000#0840112200000001
(1788787695.535186) can0 03FF1001#0000000000000000
(1788787695.546073) can0 03FF1603#0000D10E00000000
(1788787695.555075) can0 04FF3604#0003000300C80100
(1788787695.556205) can0 03FF1605#0100000000000000
(1788787695.585074) can0 04FF3604#0006000300C80100
(1788787695.604079) can0 13B76400#01
(1788787695.615078) can0 04FF3604#0005000300C80100
(1788787695.630078) can0 03FF1000#0840112200000001
(1788787695.640250) can0 03FF1001#0000000000000000
(1788787695.645078) can0 04FF3604#0005000300C80100
(1788787695.651079) can0 03FF1603#0000D10E00000000
(1788787695.655077) can0 04FF3602#0000000000000000
(1788787695.661204) can0 03FF1605#0100000000000000
(1788787695.675078) can0 04FF3604#0003000300C80100
(1788787695.689310) can0 05FF4610#0000D153FFFFFFA3
(1788787695.705079) can0 04FF3604#0004000300C80100
(1788787695.735085) can0 04FF3604#0005000300C80100
(1788787695.735135) can0 03FF1000#0840112200000001
(1788787695.745223) can0 03FF1001#0000000000000000
(1788787695.756084) can0 03FF1603#0000D10E00000000
(1788787695.765086) can0 04FF3604#0005000300C80100
(1788787695.766210) can0 03FF1605#0100000000000000
(1788787695.795084) can0 04FF3604#0002000300C80100
(1788787695.825089) can0 04FF3604#0005000300C80100
(1788787695.840090) can0 03FF1000#0840112200000001
(1788787695.850218) can0 03FF1001#0000000000000000
(1788787695.855090) can0 04FF3604#0006000300C80100
(1788787695.861088) can0 03FF1603#0000D10E00000000
(1788787695.871192) can0 03FF1605#0100000000000000
(1788787695.885090) can0 04FF3604#0003000300C80100
(1788787695.885144) can0 13B76400#01
(1788787695.903090) can0 03FF1600#142B000104001319
(1788787695.913195) can0 03FF1601#6E50000000000000
(1788787695.915090) can0 04FF3604#0006000300C80100
(1788787695.915145) can0 02181606#0100190001030200
(1788787695.924091) can0 03FF1602#000005000000157C
(1788787695.934231) can0 03FF1604#0000000000000000
(1788787695.945095) can0 04FF3604#0004000300C80100
(1788787695.945162) can0 02203606#0101000100010000
(1788787695.946092) can0 03FF1000#0840112200000001
(1788787695.955221) can0 03FF1001#0000000000000000
(1788787695.963094) can0 05FF4610#0000D153FFFFFFA3
(1788787695.966093) can0 03FF1603#0000D10E00000000
(1788787695.975094) can0 04FF3604#0005000300C80100
(1788787695.975160) can0 02181608#0500000001000000
(1788787695.976232) can0 03FF1605#0100000000000000
(1788787695.987094) can0 03121606#0000000000000000
(1788787696.005096) can0 04FF3604#0005000300C80100
(1788787696.005151) can0 02181609#0000000000000000
(1788787696.035098) can0 04FF3604#0005000300C80100
(1788787696.035163) can0 02488600#0000000000000000
(1788787696.050101) can0 03FF1000#0840112200000001
(1788787696.060206) can0 03FF1001#0000000000000000
(1788787696.065099) can0 04FF3604#0005000300C80100
(1788787696.071099) can0 03FF1603#0000D10E00000000
(1788787696.081227) can0 03FF1605#0100000000000000
(1788787696.085308) can0 02294503#
(1788787696.087106) can0 05124503#00150C0900000C62
(1788787696.094358) can0 04FF3604#0004000300C80100
(1788787696.124352) can0 04FF3604#0005000300C80100
(1788787696.155106) can0 04FF3602#0000000000000000
(1788787696.155157) can0 03FF1000#0840112200000001
(1788787696.165105) can0 13B76400#01
(1788787696.165247) can0 03FF1001#0000000000000000
(1788787696.176105) can0 03FF1603#0000D10E00000000
(1788787696.181105) can0 05FF4001#0000000000000000
(1788787696.183104) can0 05FF4000#0000000000000000
(1788787696.184359) can0 04FF3604#0005000300C80100
(1788787696.186244) can0 03FF1605#0100000000000000
(1788787696.214364) can0 04FF3604#0006000400C80100
(1788787696.244367) can0 04FF3604#0007000300C80100
(1788787696.252112) can0 05FF4610#0000D154FFFFFFA3
(1788787696.260112) can0 03FF1000#0840112200000001
(1788787696.270238) can0 03FF1001#0000000000000000
(1788787696.274365) can0 04FF3604#0005000300C80100
(1788787696.281110) can0 03FF1603#0000D10E00000000
(1788787696.291111) can0 05FF4602#1210171017101710
(1788787696.291293) can0 03FF1605#0100000000000000
(1788787696.301111) can0 05FF4603#18101B101D101D10
(1788787696.304354) can0 04FF3604#0004000300C80100
(1788787696.311217) can0 05FF4604#1C101C101E101F10
(1788787696.321113) can0 05FF4605#1B10000000000000
(1788787696.334368) can0 04FF3604#0004000300C80100
(1788787696.352117) can0 05FF4606#1D1D1C
(1788787696.362117) can0 05FF4607#1D1B1C
(1788787696.364358) can0 04FF3604#0004000300C80100
(1788787696.365114) can0 03FF1000#0840112200000001
(1788787696.372116) can0 05FF4608#0019007C
(1788787696.375231) can0 03FF1001#0000000000000000
(1788787696.382115) can0 05FF4609#030003D403CA00
(1788787696.386116) can0 03FF1603#0000D10E00000000
(1788787696.394348) can0 04FF3604#0005000300C80100
(1788787696.396209) can0 03FF1605#0100000000000000
(1788787696.415118) can0 02FF2605#0000060907030806
(1788787696.424349) can0 04FF3604#0004000300C80100
(1788787696.445122) can0 13B76400#01
(1788787696.445328) can0 02FF2604#0000000000000000
(1788787696.454352) can0 04FF3604#0003000300C80100
(1788787696.470121) can0 03FF1000#0840112200000001
(1788787696.475120) can0 02FF2704#0200000000000000
(1788787696.480236) can0 03FF1001#0000000000000000
(1788787696.484352) can0 04FF3604#0004000300C80100
(1788787696.491122) can0 03FF1603#0000D10E00000000
(1788787696.501238) can0 03FF1605#0100000000000000
(1788787696.507122) can0 0260B606#0100000000000000
(1788787696.514354) can0 04FF3604#0007000300C80100
(1788787696.515123) can0 05FF4610#0000D154FFFFFFA3
(1788787696.535124) can0 02203607#0000000300000000
(1788787696.544347) can0 04FF3604#0003000300C80100
(1788787696.574359) can0 04FF3604#0007000300C80100
(1788787696.575126) can0 03FF1000#0840112200000001
(1788787696.585204) can0 03FF1001#0000000000000000
(1788787696.596127) can0 03FF1603#0000D10E00000000
(1788787696.604353) can0 04FF3604#0004000300C80100
(1788787696.606247) can0 03FF1605#0100000000000000
(1788787696.634373) can0 04FF3604#0003000300C80100
(1788787696.654364) can0 04FF3602#0000000000000000
(1788787696.664365) can0 04FF3604#0005000300C80100
(1788787696.675213) can0 02181606#0100190001030200
(1788787696.680132) can0 03FF1000#0840112200000001
(1788787696.690237) can0 03FF1001#0000000000000000
(1788787696.694352) can0 04FF3604#0007000300C80100
(1788787696.701133) can0 03FF1603#0000D10E00000000
(1788787696.711237) can0 03FF1605#0100000000000000
(1788787696.724346) can0 04FF3604#0004000300C80100
(1788787696.754348) can0 04FF3604#0005000300C80100
(1788787696.775313) can0 02203606#0101000100010000
(1788787696.784357) can0 04FF3604#0006000300C80100
(1788787696.785137) can0 03FF1000#0840112200000001
(1788787696.785261) can0 13B76400#01
(1788787696.789138) can0 05FF4610#0000D154FFFFFFA3
(1788787696.795238) can0 03FF1001#0000000000000000
(1788787696.806138) can0 02181608#0500000001000000
(1788787696.806193) can0 03FF1603#0000D10E00000000
(1788787696.814362) can0 04FF3604#0006000300C80100
(1788787696.816238) can0 03FF1605#0100000000000000
(1788787696.827140) can0 03121606#0000000000000000
(1788787696.836140) can0 02181609#0000000000000000
(1788787696.844352) can0 04FF3604#0004000300C80100
(1788787696.865397) can0 02488600#0000000000000000
(1788787696.874362) can0 04FF3604#0006000300C80100
(1788787696.890143) can0 03FF1000#0840112200000001
(1788787696.895154) can0 02294504#
(1788787696.897142) can0 05124504#1D
(1788787696.900235) can0 03FF1001#0000000000000000
(1788787696.904340) can0 04FF3604#0003000300C80100
(1788787696.911144) can0 03FF1603#0000D10E00000000
(1788787696.921221) can0 03FF1605#0100000000000000
(1788787696.932145) can0 03FF1600#142B000104001319
(1788787696.934353) can0 04FF3604#0005000300C80100
(1788787696.942215) can0 03FF1601#6E50000000000000
(1788787696.953148) can0 03FF1602#000005000000157C
(1788787696.963251) can0 03FF1604#0000000000000000
(1788787696.964355) can0 04FF3604#0005000300C80100
(1788787696.994368) can0 04FF3604#0006000300C80100
(1788787696.995148) can0 03FF1000#0840112200000001
(1788787697.005241) can0 03FF1001#0000000000000000
(1788787697.016150) can0 03FF1603#0000D10E00000000
(1788787697.024342) can0 04FF3604#0003000300C80100
(1788787697.026242) can0 03FF1605#0100000000000000
(1788787697.050153) can0 05FF4610#0000D154FFFFFFA3
(1788787697.054371) can0 04FF3604#0004000300C80100
(1788787697.084361) can0 04FF3604#0006000300C80100
(1788787697.100160) can0 03FF1000#0840112200000001
(1788787697.110226) can0 03FF1001#0000000000000000
(1788787697.114351) can0 04FF3604#0003000300C80100
(1788787697.121156) can0 03FF1603#0000D10E00000000
(1788787697.131248) can0 03FF1605#0100000000000000
(1788787697.144356) can0 04FF3604#0006000300C80100
(1788787697.154365) can0 04FF3602#0000000000000000
(1788787697.163158) can0 03FF1400#0000000400000000
(1788787697.174366) can0 04FF3604#0005000300C80100
(1788787697.204345) can0 04FF3604#0005000300C80100
(1788787697.205159) can0 03FF1000#0840112200000001
(1788787697.215256) can0 03FF1001#0000000000000000
(1788787697.225161) can0 05FF4001#0000000000000000
(1788787697.226160) can0 03FF1603#0000D10E00000000
(1788787697.227160) can0 05FF4000#0000000000000000
(1788787697.234353) can0 04FF3604#0007000300C80100
(1788787697.236241) can0 03FF1605#0100000000000000
(1788787697.264387) can0 04FF3604#0006000300C80100
(1788787697.294351) can0 04FF3604#0005000300C80100
(1788787697.310166) can0 03FF1000#0840112200000001
(1788787697.320248) can0 03FF1001#0000000000000000
(1788787697.324350) can0 04FF3604#0003000300C80100
(1788787697.331167) can0 03FF1603#0000D10E00000000
(1788787697.334167) can0 05FF4602#1110171017101710
(1788787697.339167) can0 05FF4610#0000D14FFFFFFFA9
(1788787697.341236) can0 03FF1605#0100000000000000
(1788787697.344169) can0 05FF4603#18101A101C101D10
(1788787697.354168) can0 05FF4604#1B101C101E101F10
(1788787697.355167) can0 04FF3604#0005000300C80100
(1788787697.364167) can0 05FF4605#1A10000000000000
(1788787697.384367) can0 04FF3604#0005000300C80100
(1788787697.395169) can0 05FF4606#1D1D1C
(1788787697.405170) can0 05FF4607#1D1B1C
(1788787697.414345) can0 04FF3604#0003000300C80100
(1788787697.415171) can0 03FF1000#0840112200000001
(1788787697.415353) can0 05FF4608#0019007C
(1788787697.425172) can0 05FF4609#030003D403CA00
(1788787697.426171) can0 03FF1001#0000000000000000
(1788787697.426226) can0 02FF2605#0000060907030807
(1788787697.436171) can0 03FF1603#0000D10E00000000
(1788787697.444348) can0 04FF3604#0005000300C80100
(1788787697.446230) can0 03FF1605#0100000000000000
(1788787697.458254) can0 02FF2604#0000000000000000
(1788787697.474355) can0 04FF3604#0003000300C80100
(1788787697.486175) can0 02FF2704#0200000000000000
(1788787697.504360) can0 04FF3604#0005000300C80100
(1788787697.516176) can0 0260B606#0100000000000000
(1788787697.520176) can0 03FF1000#0840112200000001
(1788787697.530258) can0 03FF1001#0000000000000000
(1788787697.534350) can0 04FF3604#0006000300C80100
(1788787697.541177) can0 03FF1603#0000D10E00000000
(1788787697.546179) can0 02203607#0000000300000000
(1788787697.551259) can0 03FF1605#0100000000000000
(1788787697.564341) can0 04FF3604#0004000300C80100
(1788787697.576180) can0 02181606#0100190001030200
(1788787697.594350) can0 04FF3604#0005000300C80100
(1788787697.603181) can0 05FF4610#0000D14FFFFFFFA9
(1788787697.606201) can0 02203606#0101000100010000
(1788787697.623184) can0 05FF4600#0D0300900303
(1788787697.624356) can0 04FF3604#0006000300C80100
(1788787697.625182) can0 03FF1000#0840112200000001
(1788787697.635252) can0 03FF1001#0000000000000000
(1788787697.636206) can0 02181608#0500000001000000
(1788787697.646187) can0 03FF1603#0000D10E00000000
(1788787697.654358) can0 04FF3400#0000057200000000
(1788787697.655184) can0 04FF3602#0000000000000000
(1788787697.656184) can0 04FF3604#0004000300C80100
(1788787697.656257) can0 03FF1605#0100000000000000
(1788787697.666220) can0 02181609#0000000000000000
(1788787697.667184) can0 03121606#0000000000000000
(1788787697.684347) can0 04FF3604#0005000300C80100
(1788787697.697186) can0 02488600#0000000000000000
(1788787697.714353) can0 04FF3604#0005000300C80100
(1788787697.726201) can0 02191502#
(1788787697.730188) can0 03FF1000#0840112200000001
(1788787697.740264) can0 03FF1001#0000000000000000
(1788787697.744354) can0 04FF3604#0004000300C80100
(1788787697.751192) can0 03FF1603#0000D10E00000000
(1788787697.761271) can0 03FF1605#0100000000000000
(1788787697.772191) can0 03FF1502#0100000000000000
(1788787697.774363) can0 04FF3604#0005000300C80100
(1788787697.804354) can0 04FF3604#0005000300C80100
(1788787697.834358) can0 04FF3604#0004000300C80100
(1788787697.835193) can0 03FF1000#0840112200000001
(1788787697.845266) can0 03FF1001#0000000000000000
(1788787697.856195) can0 03FF1603#0000D10E00000000
(1788787697.864346) can0 04FF3604#0003000300C80100
(1788787697.866259) can0 03FF1605#0100000000000000
(1788787697.879196) can0 05FF4610#0000D14FFFFFFFA9
(1788787697.894347) can0 04FF3604#0005000300C80100
(1788787697.919198) can0 03FF1600#142B000104001319
(1788787697.924320) can0 04FF3604#0003000300C80100
(1788787697.929221) can0 03FF1601#6E50000000000000
(1788787697.940199) can0 03FF1602#000005000000157C
(1788787697.950282) can0 03FF1604#0000000000000000
(1788787697.954338) can0 04FF3604#0005000400C80100
(1788787697.961200) can0 03FF1000#0840112200000001
(1788787697.971293) can0 03FF1001#0000000000000000
(1788787697.982201) can0 03FF1603#0000D10E00000000
(1788787697.984358) can0 04FF3604#0005000300C80100
(1788787697.992259) can0 03FF1605#0100000000000000
(1788787698.014344) can0 04FF3604#0005000400C80100
(1788787698.044348) can0 04FF3604#0005000300C80100
(1788787698.045205) can0 03FF1000#0840112200000001
(1788787698.055269) can0 03FF1001#0000000000000000
(1788787698.066207) can0 03FF1603#0000D10E00000000
(1788787698.074334) can0 04FF3604#0005000300C80100
(1788787698.076265) can0 03FF1605#0100000000000000
(1788787698.104347) can0 04FF3604#0005000300C80100
(1788787698.134343) can0 04FF3604#0005000300C80100
(1788787698.141341) can0 05FF4610#0000D14FFFFFFFA9
(1788787698.150214) can0 03FF1000#0840112200000001
(1788787698.154352) can0 04FF3602#0000000000000000
(1788787698.160246) can0 03FF1001#0000000000000000
(1788787698.164327) can0 04FF3604#0004000300C80100
(1788787698.171212) can0 03FF1603#0000D10E00000000
(1788787698.181271) can0 03FF1605#0100000000000000
(1788787698.194341) can0 04FF3604#0004000300C80100
(1788787698.197213) can0 02181606#0100190001030200
(1788787698.224357) can0 04FF3604#0005000300C80100
(1788787698.227217) can0 02203606#0101000100010000
(1788787698.254335) can0 04FF3604#0003000300C80100
(1788787698.255219) can0 03FF1000#0840112200000001
(1788787698.257216) can0 02181608#0500000001000000
(1788787698.265251) can0 03FF1001#0000000000000000
(1788787698.276218) can0 03FF1603#0000D10E00000000
(1788787698.284334) can0 04FF3604#0003000300C80100
(1788787698.286271) can0 03FF1605#0100000000000000
(1788787698.287218) can0 02181609#0000000000000000
(1788787698.297219) can0 03121606#0000000000000000
(1788787698.300242) can0 05FF4001#0000000000000000
(1788787698.302265) can0 05FF4000#0000000000000000
(1788787698.314323) can0 04FF3604#0003000300C80100
(1788787698.317219) can0 02488600#0000000000000000
(1788787698.344352) can0 04FF3604#0005000300C80100
(1788787698.347224) can0 02191503#
(1788787698.360222) can0 03FF1000#0840112200000001
(1788787698.370281) can0 03FF1001#0000000000000000
(1788787698.374350) can0 04FF3604#0006000300C80100
(1788787698.381223) can0 03FF1503#0100000000000000
(1788787698.383246) can0 05FF4602#1210171017101710
(1788787698.391258) can0 03FF1603#0000D10E00000000
(1788787698.393258) can0 05FF4603#18101A101D101D10
(1788787698.402224) can0 03FF1605#0100000000000000
(1788787698.403282) can0 05FF4604#1B101C101E101F10
(1788787698.404340) can0 04FF3604#0004000400C80100
(1788787698.413283) can0 05FF4605#1B10000000000000
(1788787698.431430) can0 05FF4610#0000D152FFFFFF9E
(1788787698.434365) can0 04FF3604#0005000300C80100
(1788787698.437226) can0 02FF2605#0000060907030808
(1788787698.443227) can0 05FF4606#1D1D1C
(1788787698.453230) can0 05FF4607#1D1B1C
(1788787698.463230) can0 05FF4608#0019007C
(1788787698.464366) can0 04FF3604#0006000300C80100
(1788787698.465227) can0 03FF1000#0840112200000001
(1788787698.467227) can0 02FF2604#0000000000000000
(1788787698.473251) can0 05FF4609#030003D403CA00
(1788787698.475274) can0 03FF1001#0000000000000000
(1788787698.486229) can0 03FF1603#0000D10E00000000
(1788787698.494328) can0 04FF3604#0004000300C80100
(1788787698.496252) can0 03FF1605#0100000000000000
(1788787698.497229) can0 02FF2704#0200000000000000
(1788787698.524359) can0 04FF3604#0005000300C80100
(1788787698.527231) can0 0260B606#0100000000000000
(1788787698.554340) can0 04FF3604#0006000300C80100
(1788787698.557235) can0 02203607#0000000300000000
(1788787698.570235) can0 03FF1000#0840112200000001
(1788787698.580281) can0 03FF1001#0000000000000000
(1788787698.584338) can0 04FF3604#0005000300C80100
(1788787698.591234) can0 03FF1603#0000D10E00000000
(1788787698.601281) can0 03FF1605#0100000000000000
(1788787698.614335) can0 04FF3604#0005000300C80100
(1788787698.644334) can0 04FF3604#0004000300C80100
(1788787698.654381) can0 04FF3602#0000000000000000
(1788787698.674345) can0 04FF3604#0004000300C80100
(1788787698.675239) can0 03FF1000#0840112200000001
(1788787698.685275) can0 03FF1001#0000000000000000
(1788787698.693368) can0 05FF4610#0000D152FFFFFF9E
(1788787698.696240) can0 03FF1603#0000D10E00000000
(1788787698.704344) can0 04FF3604#0005000400C80100
(1788787698.706287) can0 03FF1605#0100000000000000
(1788787698.734326) can0 04FF3604#0003000300C80100
(1788787698.764340) can0 04FF3604#0004000300C80100
(1788787698.780248) can0 03FF1000#0840112200000001
(1788787698.790257) can0 03FF1001#0000000000000000
(1788787698.794326) can0 04FF3604#0003000300C80100
(1788787698.801246) can0 03FF1603#0000D10E00000000
(1788787698.811291) can0 03FF1605#0100000000000000
(1788787698.824330) can0 04FF3604#0004000300C80100
(1788787698.854344) can0 04FF3604#0004000300C80100
(1788787698.884334) can0 04FF3604#0003000300C80100
(1788787698.885250) can0 03FF1000#0840112200000001
(1788787698.895286) can0 03FF1001#0000000000000000
(1788787698.906252) can0 03FF1603#0000D10E00000000
(1788787698.914356) can0 04FF3604#0003000300C80100
(1788787698.916282) can0 03FF1605#0100000000000000
(1788787698.927252) can0 03FF1600#142B000104001319
(1788787698.937277) can0 03FF1601#6E50000000000000
(1788787698.944334) can0 04FF3604#0003000300C80100
(1788787698.948256) can0 03FF1602#000005000000157C
(1788787698.957454) can0 02181606#0100190001030200
(1788787698.958289) can0 03FF1604#0000000000000000
(1788787698.968474) can0 05FF4610#0000D152FFFFFF9E
(1788787698.974325) can0 04FF3604#0003000300C80100
(1788787698.987464) can0 02203606#0101000100010000
(1788787698.990255) can0 03FF1000#0840112200000001
(1788787699.000349) can0 03FF1001#0000000000000000
(1788787699.004309) can0 04FF3604#0003000300C80100
(1788787699.011257) can0 03FF1603#0000D10E00000000
(1788787699.018258) can0 02181608#0500000001000000
(1788787699.021257) can0 03FF1605#0100000000000000
(1788787699.032258) can0 03121606#0000000000000000
(1788787699.034339) can0 04FF3604#0004000400C80100
(1788787699.048261) can0 02181609#0000000000000000
(1788787699.064354) can0 04FF3604#0005000300C80100
(1788787699.094336) can0 04FF3604#0005000300C80100
(1788787699.095266) can0 03FF1000#0840112200000001
(1788787699.098262) can0 02488600#0000000000000000
(1788787699.105297) can0 03FF1001#0000000000000000
(1788787699.116262) can0 03FF1603#0000D10E00000000
(1788787699.124340) can0 04FF3604#0005000300C80100
(1788787699.126312) can0 03FF1605#0100000000000000
(1788787699.127405) can0 02191504#
(1788787699.147287) can0 03FF1504#0000001D00000000
(1788787699.154350) can0 04FF3602#0000000000000000
(1788787699.155265) can0 04FF3604#0003000300C80100
(1788787699.184347) can0 04FF3604#0003000300C80100
(1788787699.200267) can0 03FF1000#0840112200000001
(1788787699.210290) can0 03FF1001#0000000000000000
(1788787699.214341) can0 04FF3604#0004000300C80100
(1788787699.221271) can0 03FF1603#0000D10E00000000
(1788787699.231270) can0 05FF4610#0000D152FFFFFF9E
(1788787699.231325) can0 03FF1605#0100000000000000
(1788787699.244338) can0 04FF3604#0004000300C80100
(1788787699.274344) can0 04FF3604#0005000300C80100
(1788787699.304329) can0 04FF3604#0004000300C80100
(1788787699.305273) can0 03FF1000#0840112200000001
(1788787699.315274) can0 03FF1001#0000000000000000
(1788787699.326273) can0 03FF1603#0000D10E00000000
(1788787699.334333) can0 04FF3604#0005000300C80100
(1788787699.336297) can0 03FF1605#0100000000000000
(1788787699.346278) can0 05FF4001#0000000000000000
(1788787699.348277) can0 05FF4000#0000000000000000
(1788787699.364342) can0 04FF3604#0005000300C80100
(1788787699.394324) can0 04FF3604#0007000300C80100
(1788787699.410279) can0 03FF1000#0840112200000001
(1788787699.420309) can0 03FF1001#0000000000000000
(1788787699.424325) can0 04FF3604#0004000300C80100
(1788787699.429279) can0 05FF4602#1210171017101710
(1788787699.431280) can0 03FF1603#0000D10E00000000
(1788787699.438280) can0 02F82400#CC03000000000000
(1788787699.439279) can0 05FF4603#18101B101D101D10
(1788787699.441303) can0 03FF1605#0100000000000000
(1788787699.449283) can0 05FF4604#1B101C101E101F10
(1788787699.454325) can0 04FF3604#0004000300C80100
(1788787699.459281) can0 05FF4605#1A10000000000000
(1788787699.468281) can0 02FF2602#BED302F512284BCF
(1788787699.484329) can0 04FF3604#0005000300C80100
(1788787699.488428) can0 05FF4606#1D1D1C
(1788787699.498284) can0 02FF2605#0000060907030809
(1788787699.498442) can0 05FF4607#1D1B1C
(1788787699.508492) can0 05FF4608#0019007C
(1788787699.514330) can0 04FF3604#0004000300C80100
(1788787699.515284) can0 03FF1000#0840112200000001
(1788787699.519284) can0 05FF4609#030003D403CA00
(1788787699.520284) can0 05FF4610#0000D152FFFFFFA3
(1788787699.525291) can0 03FF1001#0000000000000000
(1788787699.528284) can0 02FF2604#0000000000000000
(1788787699.536286) can0 03FF1603#0000D10E00000000
(1788787699.544320) can0 04FF3604#0004000300C80100
(1788787699.546288) can0 03FF1605#0100000000000000
(1788787699.558302) can0 02FF2704#0200000000000000
(1788787699.574323) can0 04FF3604#0004000300C80100
(1788787699.590289) can0 0260B606#0100000000000000
(1788787699.604324) can0 04FF3604#0003000300C80100
(1788787699.618289) can0 02203607#0000000300000000
(1788787699.620294) can0 03FF1000#0840112200000001
(1788787699.630316) can0 03FF1001#0000000000000000
(1788787699.634324) can0 04FF3604#0005000300C80100
(1788787699.641294) can0 03FF1603#0000D10E00000000
(1788787699.651307) can0 03FF1605#0100000000000000
(1788787699.654352) can0 04FF3602#0000000000000000
(1788787699.664322) can0 04FF3604#0007000400C80100
(1788787699.694329) can0 04FF3604#0006000300C80100
(1788787699.718299) can0 02181606#0100190001030200
(1788787699.724332) can0 04FF3604#0004000300C80100
(1788787699.725295) can0 03FF1000#0840112200000001
(1788787699.735296) can0 03FF1001#0000000000000000
(1788787699.746300) can0 03FF1603#0000D10E00000000
(1788787699.748298) can0 02203606#0101000100010000
(1788787699.754329) can0 04FF3604#0004000300C80100
(1788787699.756297) can0 03FF1605#0100000000000000
(1788787699.778299) can0 02181608#0500000001000000
(1788787699.784333) can0 04FF3604#0005000300C80100
(1788787699.793300) can0 05FF4610#0000D152FFFFFFA3
(1788787699.808300) can0 02181609#0000000000000000
(1788787699.814326) can0 04FF3604#0005000300C80100
(1788787699.830304) can0 03FF1000#0840112200000001
(1788787699.838394) can0 02488600#0000000000000000
(1788787699.840313) can0 03FF1001#0000000000000000
(1788787699.844336) can0 04FF3604#0004000300C80100
(1788787699.851305) can0 03FF1603#0000D10E00000000
(1788787699.861324) can0 03FF1605#0100000000000000
(1788787699.868304) can0 02213502#
(1788787699.872303) can0 03121606#0000000000000000
(1788787699.874337) can0 04F93502#0000000000000000
(1788787699.875303) can0 04FF3604#0006000300C80100
(1788787699.904340) can0 04FF3604#0004000400C80100
(1788787699.934331) can0 04FF3604#0004000300C80100
(1788787699.935306) can0 03FF1000#0840112200000001
(1788787699.945307) can0 03FF1001#0000000000000000
(1788787699.956311) can0 03FF1600#142B000104001319
(1788787699.964346) can0 04FF3604#0005000300C80100
(1788787699.966308) can0 03FF1601#6E50000000000000
(1788787699.977308) can0 03FF1602#000005000000157C
(1788787699.987309) can0 03FF1603#0000D10E00000000
(1788787699.994321) can0 04FF3604#0004000300C80100
(1788787699.998310) can0 03FF1604#0000000000000000
(1788787700.008311) can0 03FF1605#0100000000000000
(1788787700.024323) can0 04FF3604#0005000300C80100
(1788787700.040312) can0 03FF1000#0840112200000001
(1788787700.050315) can0 03FF1001#0000000000000000
(1788787700.054327) can0 04FF3604#0003000300C80100
(1788787700.059313) can0 05FF4610#0000D152FFFFFFA3
(1788787700.061313) can0 03FF1603#0000D10E00000000
(1788787700.071313) can0 03FF1605#0100000000000000
(1788787700.084314) can0 04FF3604#0003000300C80100
(1788787700.114317) can0 04FF3604#0003000300C80100
(1788787700.144330) can0 04FF3604#0005000300C80100
(1788787700.145323) can0 03FF1000#0840112200000001
(1788787700.154329) can0 04FF3602#0000000000000000
(1788787700.155323) can0 03FF1001#0000000000000000
(1788787700.166322) can0 03FF1603#0000D10E00000000
(1788787700.174331) can0 04FF3604#0005000300C80100
(1788787700.176319) can0 03FF1605#0100000000000000
(1788787700.204323) can0 04FF3604#0004000300C80100
(1788787700.234328) can0 04FF3604#0004000300C80100
(1788787700.250327) can0 03FF1000#0840112200000001
(1788787700.260327) can0 03FF1001#0000000000000000
(1788787700.264324) can0 04FF3604#0005000300C80100
(1788787700.271325) can0 03FF1603#0000D10E00000000
(1788787700.281325) can0 03FF1605#0100000000000000
(1788787700.294326) can0 04FF3604#0003000300C80100
(1788787700.324328) can0 04FF3604#0004000300C80100
(1788787700.351332) can0 05FF4610#0000D152FFFFFFA3
(1788787700.354332) can0 04FF3604#0003000300C80100
(1788787700.355329) can0 03FF1000#0840112200000001
(1788787700.365331) can0 03FF1001#0000000000000000
(1788787700.376330) can0 03FF1603#0000D10E00000000
(1788787700.384331) can0 04FF3604#0004000300C80100
(1788787700.386331) can0 03FF1605#0100000000000000
(1788787700.396345) can0 05FF4001#0000000000000000
(1788787700.398332) can0 05FF4000#0000000000000000
(1788787700.414333) can0 04FF3604#0006000300C80100
(1788787700.444334) can0 04FF3604#0004000300C80100
(1788787700.459338) can0 02FF2605#0000060907030800
(1788787700.460334) can0 03FF1000#0840112200000001
(1788787700.470335) can0 03FF1001#0000000000000000
(1788787700.474334) can0 04FF3604#0004000300C80100
(1788787700.479335) can0 05FF4602#1210171017101710
(1788787700.481335) can0 03FF1603#0000D10E00000000
(1788787700.489336) can0 05FF4603#18101A101D101D10
(1788787700.489548) can0 02FF2604#0000000000000000
(1788787700.491335) can0 03FF1605#0100000000000000
(1788787700.499336) can0 05FF4604#1B101C101E101F10
(1788787700.504336) can0 04FF3604#0004000300C80100
(1788787700.509337) can0 05FF4605#1B10000000000000
(1788787700.519339) can0 02FF2704#0200000000000000
(1788787700.534338) can0 04FF3604#0006000300C80100
(1788787700.539338) can0 05FF4606#1D1D1C
(1788787700.549341) can0 05FF4607#1D1C1C
(1788787700.549405) can0 0260B606#0100000000000000
(1788787700.559340) can0 05FF4608#0019007C
(1788787700.564339) can0 04FF3604#0004000300C80100
(1788787700.565339) can0 03FF1000#0840112200000001
(1788787700.570340) can0 05FF4609#030003D403CA00
(1788787700.575340) can0 03FF1001#0000000000000000
(1788787700.579340) can0 02203607#0000000300000000
(1788787700.586341) can0 03FF1603#0000D10E00000000
(1788787700.594342) can0 04FF3604#0002000300C80100
(1788787700.596341) can0 03FF1605#0100000000000000
(1788787700.609342) can0 02181606#0100190001030200
(1788787700.614343) can0 05FF4610#0000D152FFFFFFA3
(1788787700.624343) can0 04FF3604#0004000300C80100
(1788787700.639344) can0 02203606#0101000100010000
(1788787700.654345) can0 04FF3602#0000000000000000
(1788787700.655350) can0 04FF3604#0005000300C80100
(1788787700.669348) can0 02181608#0500000001000000
(1788787700.670346) can0 03FF1000#0840112200000001
(1788787700.680347) can0 03FF1001#0000000000000000
(1788787700.684346) can0 04FF3604#0005000300C80100
(1788787700.691347) can0 03FF1603#0000D10E00000000
(1788787700.699348) can0 02181609#0000000000000000
(1788787700.701347) can0 03FF1605#0100000000000000
(1788787700.712348) can0 03121606#0000000000000000
(1788787700.714352) can0 04FF3604#0005000300C80100
(1788787700.729349) can0 02488600#0000000000000000
(1788787700.744350) can0 04FF3604#0006000300C80100
(1788787700.759354) can0 02213503#
(1788787700.769351) can0 04F93503#0000000000000000
(1788787700.774351) can0 04FF3604#0005000300C80100
(1788787700.775351) can0 03FF1000#0840112200000001
(1788787700.785352) can0 03FF1001#0000000000000000
(1788787700.796352) can0 03FF1603#0000D10E00000000
(1788787700.804352) can0 04FF3604#0005000300C80100
(1788787700.806387) can0 03FF1605#0100000000000000
(1788787700.834358) can0 04FF3604#0005000300C80100
(1788787700.864359) can0 04FF3604#0004000300C80100
(1788787700.880357) can0 03FF1000#0840112200000001
(1788787700.888358) can0 05FF4610#0000D152FFFFFFA3
(1788787700.890357) can0 03FF1001#0000000000000000
(1788787700.894357) can0 04FF3604#0004000300C80100
(1788787700.901358) can0 03FF1603#0000D10E00000000
(1788787700.911359) can0 03FF1605#0100000000000000
(1788787700.924359) can0 04FF3604#0004000300C80100
(1788787700.943360) can0 03FF1600#142B000104001319
(1788787700.953362) can0 03FF1601#6E50000000000000
(1788787700.954360) can0 04FF3604#0006000300C80100
(1788787700.964362) can0 03FF1602#000005000000157C
(1788787700.974362) can0 03FF1604#0000000000000000
(1788787700.984362) can0 04FF3604#0004000300C80100
(1788787700.985362) can0 03FF1000#0840112200000001
(1788787700.995364) can0 03FF1001#0000000000000000
(1788787701.006364) can0 03FF1603#0000D10E00000000
(1788787701.014364) can0 04FF3604#0004000300C80100
(1788787701.016364) can0 03FF1605#0100000000000000
(1788787701.044366) can0 04FF3604#0004000300C80100
(1788787701.074369) can0 04FF3604#0005000300C80100
(1788787701.090368) can0 03FF1000#0840112200000001
(1788787701.100368) can0 03FF1001#0000000000000000
(1788787701.104368) can0 04FF3604#0006000300C80100
(1788787701.111370) can0 03FF1603#0000D10E00000000
(1788787701.121370) can0 03FF1605#0100000000000000
(1788787701.134371) can0 04FF3604#0005000300C80100
(1788787701.150372) can0 05FF4610#0000D152FFFFFFA3
(1788787701.154371) can0 04FF3602#0000000000000000
(1788787701.164379) can0 04FF3604#0006000300C80100
(1788787701.194376) can0 04FF3604#0004000300C80100
(1788787701.195374) can0 03FF1000#0840112200000001
(1788787701.205374) can0 03FF1001#0000000000000000
(1788787701.216378) can0 03FF1603#0000D10E00000000
(1788787701.224375) can0 04FF3604#0004000300C80100
(1788787701.226375) can0 03FF1605#0100000000000000
(1788787701.240377) can0 02181606#0100190001030200
(1788787701.254381) can0 04FF3604#0003000300C80100
(1788787701.270384) can0 02203606#0101000100010000
(1788787701.284379) can0 04FF3604#0005000300C80100
(1788787701.300381) can0 02181608#0500000001000000
(1788787701.300445) can0 03FF1000#0840112200000001
(1788787701.310379) can0 03FF1001#0000000000000000
(1788787701.314380) can0 04FF3604#0003000300C80100
(1788787701.321380) can0 03FF1603#0000D10E00000000
(1788787701.330381) can0 02181609#0000000000000000
(1788787701.331381) can0 03FF1605#0100000000000000
(1788787701.342382) can0 03121606#0000000000000000
(1788787701.344381) can0 04FF3604#0004000300C80100
(1788787701.360384) can0 02488600#0000000000000000
(1788787701.374384) can0 04FF3604#0003000300C80100
(1788787701.389542) can0 02213504#
(1788787701.399385) can0 04F93504#0000000000000000
(1788787701.404386) can0 04FF3604#0007000300C80100
(1788787701.405385) can0 03FF1000#0840112200000001
(1788787701.415386) can0 03FF1001#0000000000000000
(1788787701.426387) can0 03FF1603#0000D10E00000000
(1788787701.434387) can0 04FF3604#0006000300C80100
(1788787701.436386) can0 03FF1605#0100000000000000
(1788787701.440387) can0 05FF4610#0000D150FFFFFFA3
(1788787701.442479) can0 05FF4001#0000000000000000
(1788787701.444387) can0 05FF4000#0000000000000000
(1788787701.464390) can0 04FF3604#0002000300C80100
(1788787701.470388) can0 02FF2605#0000060907030801
(1788787701.494392) can0 04FF3604#0004000300C80100
(1788787701.500390) can0 02FF2604#0000000000000000
(1788787701.510391) can0 03FF1000#0840112200000001
(1788787701.520392) can0 03FF1001#0000000000000000
(1788787701.524391) can0 04FF3604#0004000300C80100
(1788787701.525391) can0 05FF4602#1110171017101710
(1788787701.530391) can0 02FF2704#0200000000000000
(1788787701.531391) can0 03FF1603#0000D10E00000000
(1788787701.534391) can0 05FF4603#18101A101D101D10
(1788787701.541393) can0 03FF1605#0100000000000000
(1788787701.544393) can0 05FF4604#1B101C101E101F10
(1788787701.554395) can0 04FF3604#0005000300C80100
(1788787701.555393) can0 05FF4605#1A10000000000000
(1788787701.560393) can0 0260B606#0100000000000000
(1788787701.584394) can0 04FF3604#0006000300C80100
(1788787701.585394) can0 05FF4606#1D1D1C
(1788787701.590395) can0 02203607#0000000300000000
(1788787701.595395) can0 05FF4607#1D1B1C
(1788787701.605396) can0 05FF4608#0019007C
(1788787701.614396) can0 04FF3604#0004000300C80100
(1788787701.615396) can0 03FF1000#0840112200000001
(1788787701.615451) can0 05FF4609#030003D403CA00
(1788787701.625397) can0 03FF1001#0000000000000000
(1788787701.636397) can0 03FF1603#0000D10E00000000
(1788787701.644398) can0 04FF3604#0004000300C80100
(1788787701.646398) can0 03FF1605#0100000000000000
(1788787701.654399) can0 04FF3602#0000000000000000
(1788787701.674406) can0 04FF3604#0003000300C80100
(1788787701.702578) can0 05FF4610#0000D150FFFFFFA3
(1788787701.704401) can0 04FF3604#0004000300C80100
(1788787701.720407) can0 03FF1000#0840112200000001
(1788787701.730403) can0 03FF1001#0000000000000000
(1788787701.734403) can0 04FF3604#0004000300C80100
(1788787701.741403) can0 03FF1603#0000D10E00000000
(1788787701.751407) can0 03FF1605#0100000000000000
(1788787701.764405) can0 04FF3604#0005000300C80100
(1788787701.794406) can0 04FF3604#0006000300C80100
(1788787701.824411) can0 04FF3604#0006000300C80100
(1788787701.825407) can0 03FF1000#0840112200000001
(1788787701.835408) can0 03FF1001#0000000000000000
(1788787701.846409) can0 03FF1603#0000D10E00000000
(1788787701.854413) can0 04FF3604#0003000300C80100
(1788787701.856409) can0 03FF1605#0100000000000000
(1788787701.884410) can0 04FF3604#0004000300C80100
(1788787701.914413) can0 04FF3604#0005000300C80100
(1788787701.930413) can0 03FF1000#0840112200000001
(1788787701.940413) can0 03FF1001#0000000000000000
(1788787701.944414) can0 04FF3604#0003000300C80100
(1788787701.951415) can0 03FF1603#0000D10E00000000
(1788787701.961415) can0 03FF1605#0100000000000000
(1788787701.972416) can0 03FF1600#142B000104001319
(1788787701.974415) can0 04FF3604#0004000300C80100
(1788787701.977496) can0 05FF4610#0000D150FFFFFFA3
(1788787701.982416) can0 03FF1601#6E50000000000000
(1788787701.993416) can0 03FF1602#000005000000157C
(1788787702.003418) can0 02181606#0100190001030200
(1788787702.003472) can0 03FF1604#0000000000000000
(1788787702.004417) can0 04FF3604#0007000300C80100
(1788787702.030462) can0 02203606#0101000100010000
(1788787702.034419) can0 04FF3604#0002000300C80100
(1788787702.035419) can0 03FF1000#0840112200000001
(1788787702.045420) can0 03FF1001#0000000000000000
(1788787702.056422) can0 03FF1603#0000D10E00000000
(1788787702.060501) can0 02181608#0500000001000000
(1788787702.064420) can0 04FF3604#0006000400C80100
(1788787702.066420) can0 03FF1605#0100000000000000
(1788787702.077421) can0 03121606#0000000000000000
(1788787702.094423) can0 04FF3604#0003000300C80100
(1788787702.110585) can0 02181609#0000000000000000
(1788787702.124423) can0 04FF3604#0006000300C80100
(1788787702.140425) can0 03FF1000#0840112200000001
(1788787702.140619) can0 02488600#0000000000000000
(1788787702.150426) can0 03FF1001#0000000000000000
(1788787702.154425) can0 04FF3602#0000000000000000
(1788787702.155431) can0 04FF3604#0005000300C80100
(1788787702.161427) can0 03FF1603#0000D10E00000000
(1788787702.170428) can0 02213600#
(1788787702.171426) can0 03FF1605#0100000000000000
(1788787702.184428) can0 04FF3604#0005000300C80100
(1788787702.214432) can0 04FF3604#0004000300C80100
(1788787702.243433) can0 05FF4610#0000D150FFFFFFA3
(1788787702.244430) can0 04FF3604#0005000300C80100
(1788787702.245429) can0 03FF1000#0840112200000001
(1788787702.255434) can0 03FF1001#0000000000000000
(1788787702.266432) can0 03FF1603#0000D10E00000000
(1788787702.274432) can0 04FF3604#0004000300C80100
(1788787702.276431) can0 03FF1605#0100000000000000
(1788787702.304434) can0 04FF3604#0005000400C80100
(1788787702.334435) can0 04FF3604#0004000300C80100
(1788787702.350436) can0 03FF1000#0840112200000001
(1788787702.360436) can0 03FF1001#0000000000000000
(1788787702.364436) can0 04FF3604#0007000400C80100
(1788787702.371438) can0 03FF1603#0000D10E00000000
(1788787702.381438) can0 03FF1605#0100000000000000
(1788787702.394439) can0 04FF3604#0006000300C80100
(1788787702.424440) can0 04FF3604#0004000300C80100
(1788787702.454444) can0 04FF3604#0006000300C80100
(1788787702.455441) can0 03FF1000#0840112200000001
(1788787702.465442) can0 03FF1001#0000000000000000
(1788787702.476443) can0 03FF1603#0000D10E00000000
(1788787702.481442) can0 02FF2605#0000060907030802
(1788787702.484443) can0 04FF3604#0005000300C80100
(1788787702.486443) can0 03FF1605#0100000000000000
(1788787702.489651) can0 05FF4001#0000000000000000
(1788787702.491674) can0 05FF4000#0000000000000000
(1788787702.511444) can0 02FF2604#0000000000000000
(1788787702.514444) can0 04FF3604#0003000300C80100
(1788787702.530642) can0 05FF4610#0000D151FFFFFFA9
(1788787702.544446) can0 02FF2704#0200000000000000
(1788787702.544501) can0 04FF3604#0004000300C80100
(1788787702.560448) can0 03FF1000#0840112200000001
(1788787702.570448) can0 03FF1001#0000000000000000
(1788787702.571447) can0 0260B606#0100000000000000
(1788787702.571641) can0 05FF4602#1110171017101710
(1788787702.574448) can0 04FF3604#0004000300C80100
(1788787702.581448) can0 03FF1603#0000D10E00000000
(1788787702.581653) can0 05FF4603#18101A101D101D10
(1788787702.591449) can0 03FF1605#0100000000000000
(1788787702.593448) can0 05FF4604#1B101C101E101F10
(1788787702.601449) can0 02203607#0000000300000000
(1788787702.603449) can0 05FF4605#1B10000000000000
(1788787702.604448) can0 04FF3604#0006000300C80100
(1788787702.632649) can0 05FF4606#1D1D1C
(1788787702.634457) can0 04FF3604#0003000300C80100
(1788787702.642660) can0 05FF4607#1D1B1C
(1788787702.652707) can0 05FF4608#0019007C
(1788787702.654452) can0 04FF3602#0000000000000000
(1788787702.663458) can0 05FF4609#030003D403CA00
(1788787702.664452) can0 04FF3604#0005000300C80100
(1788787702.665453) can0 03FF1000#0840112200000001
(1788787702.675455) can0 03FF1001#0000000000000000
(1788787702.686454) can0 03FF1603#0000D10E00000000
(1788787702.694455) can0 04FF3604#0004000300C80100
(1788787702.696454) can0 03FF1605#0100000000000000
(1788787702.724460) can0 04FF3604#0004000300C80100
(1788787702.754462) can0 04FF3604#0003000300C80100
(1788787702.770460) can0 03FF1000#0840112200000001
(1788787702.780459) can0 03FF1001#0000000000000000
(1788787702.784458) can0 04FF3604#0003000300C80100
(1788787702.791459) can0 03FF1603#0000D10E00000000
(1788787702.801460) can0 03FF1605#0100000000000000
(1788787702.805460) can0 05FF4610#0000D151FFFFFFA9
(1788787702.814465) can0 04FF3604#0004000300C80100
(1788787702.815611) can0 05FF4400#00000002
(1788787702.823542) can0 13B76400#01
(1788787702.824460) can0 02181606#0100190001030200
(1788787702.844462) can0 04FF3604#0005000300C80100
(1788787702.851465) can0 02203606#0101000100010000
(1788787702.867719) can0 05FF4600#0D0300900303
(1788787702.874464) can0 04FF3604#0003000300C80100
(1788787702.875463) can0 03FF1000#0840112200000001
(1788787702.881464) can0 02181608#0500000001000000
(1788787702.885464) can0 03FF1001#0000000000000000
(1788787702.896465) can0 03FF1603#0000D10E00000000
(1788787702.904466) can0 04FF3604#0005000300C80100
(1788787702.906465) can0 03FF1605#0100000000000000
(1788787702.913465) can0 02181609#0000000000000000
(1788787702.917466) can0 03121606#0000000000000000
(1788787702.917724) can0 05FF4601#007300000000
(1788787702.934468) can0 04FF3604#0006000300C80100
(1788787702.941467) can0 02488600#0000000000000000
(1788787702.959470) can0 03FF1600#142B000104001319
(1788787702.964468) can0 04FF3604#0004000300C80100
(1788787702.969468) can0 03FF1601#6E50000000000000
(1788787702.971468) can0 02213601#
(1788787702.980470) can0 03FF1602#000005000000157C
(1788787702.990470) can0 03FF1604#0000000000000000
(1788787702.994470) can0 04FF3604#0005000300C80100
(1788787703.001470) can0 03FF1000#0840112200000001
(1788787703.011471) can0 03FF1001#0000000000000000
(1788787703.022472) can0 03FF1603#0000D10E00000000
(1788787703.024471) can0 04FF3604#0005000400C80100
(1788787703.032473) can0 03FF1605#0100000000000000
(1788787703.054474) can0 04FF3604#0004000300C80100
(1788787703.069475) can0 05FF4610#0000D151FFFFFFA9
(1788787703.084475) can0 04FF3604#0005000300C80100
(1788787703.085475) can0 03FF1000#0840112200000001
(1788787703.095475) can0 03FF1001#0000000000000000
(1788787703.102598) can0 13B76400#01
(1788787703.106476) can0 03FF1603#0000D10E00000000
(1788787703.114476) can0 04FF3604#0005000300C80100
(1788787703.116476) can0 03FF1605#0100000000000000
(1788787703.144478) can0 04FF3604#0004000300C80100
(1788787703.154480) can0 04FF3602#0000000000000000
(1788787703.174482) can0 04FF3604#0005000300C80100
(1788787703.190482) can0 03FF1000#0840112200000001
(1788787703.200481) can0 03FF1001#0000000000000000
(1788787703.204481) can0 04FF3604#0004000300C80100
(1788787703.211482) can0 03FF1603#0000D10E00000000
(1788787703.221486) can0 03FF1605#0100000000000000
(1788787703.234485) can0 04FF3604#0005000400C80100
(1788787703.264489) can0 04FF3604#0006000400C80100
(1788787703.294486) can0 04FF3604#0005000300C80100
(1788787703.295486) can0 03FF1000#0840112200000001
(1788787703.305487) can0 03FF1001#0000000000000000
(1788787703.316487) can0 03FF1603#0000D10E00000000
(1788787703.324488) can0 04FF3604#0006000300C80100
(1788787703.326488) can0 03FF1605#0100000000000000
(1788787703.354491) can0 04FF3604#0004000300C80100
(1788787703.359490) can0 05FF4610#0000D151FFFFFF98
(1788787703.384491) can0 04FF3604#0006000300C80100
(1788787703.391537) can0 13B76400#01
(1788787703.400492) can0 03FF1000#0840112200000001
(1788787703.410493) can0 03FF1001#0000000000000000
(1788787703.414493) can0 04FF3604#0004000300C80100
(1788787703.421492) can0 03FF1603#0000D10E00000000
(1788787703.431494) can0 03FF1605#0100000000000000
(1788787703.444494) can0 04FF3604#0007000300C80100
(1788787703.474497) can0 04FF3604#0005000300C80100
(1788787703.492497) can0 02FF2605#0000060907030803
(1788787703.504497) can0 04FF3604#0004000300C80100
(1788787703.505497) can0 03FF1000#0840112200000001
(1788787703.515498) can0 03FF1001#0000000000000000
(1788787703.522498) can0 02FF2604#0000000000000000
(1788787703.526498) can0 03FF1603#0000D10E00000000
(1788787703.534500) can0 04FF3604#0006000300C80100
(1788787703.536499) can0 03FF1605#0100000000000000
(1788787703.538499) can0 05FF4001#0000000000000000
(1788787703.540499) can0 05FF4000#0000000000000000
(1788787703.552502) can0 02FF2704#0200000000000000
(1788787703.564501) can0 04FF3604#0004000300C80100
(1788787703.582504) can0 0260B606#0100000000000000
(1788787703.594504) can0 04FF3604#0005000300C80100
(1788787703.610503) can0 03FF1000#0840112200000001
(1788787703.612503) can0 02203607#0000000300000000
(1788787703.620504) can0 05FF4602#1210171017101710
(1788787703.620704) can0 03FF1001#0000000000000000
(1788787703.622504) can0 05FF4610#0000D151FFFFFF98
(1788787703.624503) can0 04FF3604#0006000300C80100
(1788787703.630504) can0 05FF4603#18101A101D101D10
(1788787703.631504) can0 03FF1603#0000D10E00000000
(1788787703.640504) can0 05FF4604#1B101C101E101F10
(1788787703.641504) can0 03FF1605#0100000000000000
(1788787703.642504) can0 02181606#0100190001030200
(1788787703.650506) can0 05FF4605#1A10000000000000
(1788787703.654506) can0 04FF3602#0000000000000000
(1788787703.655507) can0 04FF3604#0005000300C80100
(1788787703.672507) can0 13B76400#01
(1788787703.672556) can0 02203606#0101000100010000
(1788787703.680507) can0 05FF4606#1D1D1C
(1788787703.684507) can0 04FF3604#0006000300C80100
(1788787703.690509) can0 05FF4607#1D1C1C
(1788787703.700509) can0 05FF4608#0019007C
(1788787703.703508) can0 02181608#0500000001000000
(1788787703.710509) can0 05FF4609#030003D403CA00
(1788787703.714508) can0 04FF3604#0002000300C80100
(1788787703.715508) can0 03FF1000#0840112200000001
(1788787703.725514) can0 03FF1001#0000000000000000
(1788787703.732510) can0 02181609#0000000000000000
(1788787703.736510) can0 03FF1603#0000D10E00000000
(1788787703.744510) can0 04FF3604#0007000300C80100
(1788787703.746510) can0 03FF1605#0100000000000000
(1788787703.757514) can0 03121606#0000000000000000
(1788787703.762512) can0 02488600#0000000000000000
(1788787703.774513) can0 04FF3604#0004000300C80100
(1788787703.792514) can0 02294611#
(1788787703.793513) can0 05124611#0061368C000035B3
(1788787703.804514) can0 04FF3604#0003000300C80100
(1788787703.820517) can0 03FF1000#0840112200000001
(1788787703.830516) can0 03FF1001#0000000000000000
(1788787703.834515) can0 04FF3604#0003000300C80100
(1788787703.841515) can0 03FF1603#0000D10E00000000
(1788787703.851519) can0 03FF1605#0100000000000000
(1788787703.864519) can0 04FF3604#0006000400C80100
(1788787703.894519) can0 04FF3604#0004000300C80100
(1788787703.896518) can0 05FF4610#0000D151FFFFFF98
(1788787703.924522) can0 04FF3604#0005000300C80100
(1788787703.925520) can0 03FF1000#0840112200000001
(1788787703.935521) can0 03FF1001#0000000000000000
(1788787703.946521) can0 03FF1603#0000D10E00000000
(1788787703.952523) can0 13B76400#01
(1788787703.954522) can0 04FF3604#0006000300C80100
(1788787703.956521) can0 03FF1605#0100000000000000
(1788787703.967522) can0 03FF1600#142B000104001319
(1788787703.977523) can0 03FF1601#6E50000000000000
(1788787703.984523) can0 04FF3604#0005000300C80100
(1788787703.988523) can0 03FF1602#000005000000157C
(1788787703.998524) can0 03FF1604#0000000000000000
(1788787704.014525) can0 04FF3604#0007000300C80100
(1788787704.030526) can0 03FF1000#0840112200000001
(1788787704.040526) can0 03FF1001#0000000000000000
(1788787704.044526) can0 04FF3604#0004000300C80100
(1788787704.051527) can0 03FF1603#0000D10E00000000
(1788787704.061528) can0 03FF1605#0100000000000000
(1788787704.074529) can0 04FF3604#0003000300C80100
(1788787704.104530) can0 04FF3604#0004000300C80100
(1788787704.134532) can0 04FF3604#0007000300C80100
(1788787704.135531) can0 03FF1000#0840112200000001
(1788787704.145532) can0 03FF1001#0000000000000000
(1788787704.154533) can0 04FF3602#0000000000000000
(1788787704.156535) can0 03FF1603#0000D10E00000000
(1788787704.158533) can0 05FF4610#0000D151FFFFFF98
(1788787704.164533) can0 04FF3604#0006000300C80100
(1788787704.166534) can0 03FF1605#0100000000000000
(1788787704.194536) can0 04FF3604#0003000300C80100
(1788787704.224541) can0 04FF3604#0004000300C80100
(1788787704.232536) can0 13B76400#01
(1788787704.240538) can0 03FF1000#0840112200000001
(1788787704.250541) can0 03FF1001#0000000000000000
(1788787704.254538) can0 04FF3604#0005000300C80100
(1788787704.261538) can0 03FF1603#0000D10E00000000
(1788787704.271538) can0 03FF1605#0100000000000000
(1788787704.284540) can0 04FF3604#0003000300C80100
(1788787704.302680) can0 02181606#0100190001030200
(1788787704.314542) can0 04FF3604#0003000300C80100
(1788787704.344543) can0 04FF3604#0004000300C80100
(1788787704.345571) can0 03FF1000#0840112200000001
(1788787704.355544) can0 03FF1001#0000000000000000
(1788787704.366544) can0 03FF1603#0000D10E00000000
(1788787704.374545) can0 04FF3604#0005000300C80100
(1788787704.376544) can0 03FF1605#0100000000000000
(1788787704.387544) can0 03121606#0000000000000000
(1788787704.402766) can0 02203606#0101000100010000
(1788787704.404545) can0 04FF3604#0006000300C80100
(1788787704.432803) can0 02181608#0500000001000000
(1788787704.434547) can0 04FF3604#0005000300C80100
(1788787704.448548) can0 05FF4610#0000D151FFFFFFA3
(1788787704.450548) can0 03FF1000#0840112200000001
(1788787704.460551) can0 03FF1001#0000000000000000
(1788787704.463711) can0 02181609#0000000000000000
(1788787704.464548) can0 04FF3604#0005000300C80100
(1788787704.471549) can0 03FF1603#0000D10E00000000
(1788787704.481552) can0 03FF1605#0100000000000000
(1788787704.493551) can0 02488600#0000000000000000
(1788787704.494550) can0 04FF3604#0004000300C80100
(1788787704.524552) can0 04FF3604#0005000300C80100
(1788787704.534553) can0 13B76400#01
(1788787704.542611) can0 02294612#
(1788787704.543680) can0 05124612#0000000000000000
(1788787704.554555) can0 04FF3604#0003000300C80100
(1788787704.555553) can0 03FF1000#0840112200000001
(1788787704.565555) can0 03FF1001#0000000000000000
(1788787704.573555) can0 02FF2605#0000060907030804
(1788787704.576555) can0 03FF1603#0000D10E00000000
(1788787704.582555) can0 05FF4001#0000000000000000
(1788787704.584555) can0 04FF3604#0002000300C80100
(1788787704.585555) can0 05FF4000#0000000000000000
(1788787704.586555) can0 03FF1605#0100000000000000
(1788787704.603557) can0 02FF2604#0000000000000000
(1788787704.614558) can0 04FF3604#0004000300C80100
(1788787704.633558) can0 02FF2704#0200000000000000
(1788787704.644558) can0 04FF3604#0004000300C80100
(1788787704.654560) can0 04FF3602#0000000000000000
(1788787704.660561) can0 03FF1000#0840112200000001
(1788787704.663559) can0 0260B606#0100000000000000
(1788787704.664560) can0 05FF4602#1110171017101710
(1788787704.670560) can0 03FF1001#0000000000000000
(1788787704.674560) can0 04FF3604#0005000300C80100
(1788787704.675560) can0 05FF4603#18101A101D101D10
(1788787704.681561) can0 03FF1603#0000D10E00000000
(1788787704.685561) can0 05FF4604#1B101C101E101F10
(1788787704.691562) can0 03FF1605#0100000000000000
(1788787704.693584) can0 02203607#0000000300000000
(1788787704.695561) can0 05FF4605#1B10000000000000
(1788787704.704564) can0 04FF3604#0004000300C80100
(1788787704.710562) can0 05FF4610#0000D151FFFFFFA3
(1788787704.734567) can0 04FF3604#0004000300C80100
(1788787704.737564) can0 05FF4606#1D1D1C
(1788787704.747568) can0 05FF4607#1D1B1C
(1788787704.757566) can0 05FF4608#0019007C
(1788787704.764566) can0 04FF3604#0005000300C80100
(1788787704.765565) can0 03FF1000#0840112200000001
(1788787704.767565) can0 05FF4609#030003D403CA00
(1788787704.775565) can0 03FF1001#0000000000000000
(1788787704.786568) can0 03FF1603#0000D10E00000000
(1788787704.794568) can0 04FF3604#0004000300C80100
(1788787704.796567) can0 03FF1605#0100000000000000
(1788787704.813571) can0 13B76400#01
(1788787704.824569) can0 04FF3604#0005000300C80100
(1788787704.854573) can0 04FF3604#0004000300C80100
(1788787704.870572) can0 03FF1000#0840112200000001
(1788787704.880571) can0 03FF1001#0000000000000000
(1788787704.884577) can0 04FF3604#0004000300C80100
(1788787704.891572) can0 03FF1603#0000D10E00000000
(1788787704.901572) can0 03FF1605#0100000000000000
(1788787704.914574) can0 04FF3604#0003000300C80100
(1788787704.944576) can0 04FF3604#0007000300C80100
(1788787704.974580) can0 04FF3604#0005000300C80100
(1788787704.975576) can0 03FF1000#0840112200000001
(1788787704.983820) can0 05FF4610#0000D151FFFFFFA3
(1788787704.985577) can0 03FF1001#0000000000000000
(1788787704.996577) can0 03FF1600#142B000104001319
(1788787705.004578) can0 04FF3604#0003000300C80100
(1788787705.006578) can0 03FF1601#6E50000000000000
(1788787705.017579) can0 03FF1602#000005000000157C
(1788787705.027580) can0 03FF1603#0000D10E00000000
(1788787705.034580) can0 04FF3604#0004000300C80100
(1788787705.038579) can0 03FF1604#0000000000000000
(1788787705.048580) can0 03FF1605#0100000000000000
(1788787705.064583) can0 04FF3604#0004000300C80100
(1788787705.080583) can0 03FF1000#0840112200000001
(1788787705.085674) can0 02181606#0100190001030200
(1788787705.090583) can0 03FF1001#0000000000000000
(1788787705.094590) can0 04FF3604#0004000400C80100
(1788787705.101584) can0 03FF1603#0000D10E00000000
(1788787705.105606) can0 13B76400#01
(1788787705.111584) can0 03FF1605#0100000000000000
(1788787705.113583) can0 02203606#0101000100010000
(1788787705.124584) can0 04FF3604#0006000400C80100
(1788787705.143586) can0 02181608#0500000001000000
(1788787705.154590) can0 04FF3602#0000000000000000
(1788787705.155588) can0 04FF3604#0005000400C80100
(1788787705.175727) can0 02181609#0000000000000000
(1788787705.184588) can0 04FF3604#0006000300C80100
(1788787705.185587) can0 03FF1000#0840112200000001
(1788787705.195591) can0 03FF1001#0000000000000000
(1788787705.203612) can0 02488600#0000000000000000
(1788787705.206589) can0 03FF1603#0000D10E00000000
(1788787705.214590) can0 04FF3604#0006000300C80100
(1788787705.216589) can0 03FF1605#0100000000000000
(1788787705.227594) can0 03121606#0000000000000000
(1788787705.233590) can0 02294613#
(1788787705.234740) can0 05124613#0000000000000000
(1788787705.244592) can0 04FF3604#0005000300C80100
(1788787705.245765) can0 05FF4610#0000D151FFFFFFA3
(1788787705.274596) can0 04FF3604#0005000300C80100
(1788787705.290594) can0 03FF1000#0840112200000001
(1788787705.300594) can0 03FF1001#0000000000000000
(1788787705.304594) can0 04FF3604#0005000300C80100
(1788787705.311594) can0 03FF1603#0000D10E00000000
(1788787705.321596) can0 03FF1605#0100000000000000
(1788787705.334596) can0 04FF3604#0003000300C80100
(1788787705.364601) can0 04FF3604#0005000300C80100
(1788787705.383600) can0 13B76400#01
(1788787705.394599) can0 04FF3604#0003000300C80100
(1788787705.395600) can0 03FF1000#0840112200000001
(1788787705.405601) can0 03FF1001#0000000000000000
(1788787705.416600) can0 03FF1603#0000D10E00000000
(1788787705.424600) can0 04FF3604#0005000300C80100
(1788787705.426600) can0 03FF1605#0100000000000000
(1788787705.454604) can0 04FF3604#0005000300C80100
(1788787705.484604) can0 04FF3604#0005000300C80100
(1788787705.500604) can0 03FF1000#0840112200000001
(1788787705.510605) can0 03FF1001#0000000000000000
(1788787705.514605) can0 04FF3604#0004000300C80100
(1788787705.515605) can0 02FF2605#0000060907030805
(1788787705.521605) can0 03FF1603#0000D10E00000000
(1788787705.531607) can0 03FF1605#0100000000000000
(1788787705.536838) can0 05FF4610#0000D151FFFFFFA9
(1788787705.544608) can0 02FF2604#0000000000000000
(1788787705.544673) can0 04FF3604#0006000300C80100
(1788787705.574609) can0 02FF2704#0200000000000000
(1788787705.574664) can0 04FF3604#0004000300C80100
(1788787705.604610) can0 04FF3604#0005000300C80100
(1788787705.604850) can0 0260B606#0100000000000000
(1788787705.605610) can0 03FF1000#0840112200000001
(1788787705.615611) can0 03FF1001#0000000000000000
(1788787705.626611) can0 03FF1603#0000D10E00000000
(1788787705.630611) can0 05FF4001#0000000000000000
(1788787705.632611) can0 05FF4000#0000000000000000
(1788787705.634611) can0 02203607#0000000300000000
(1788787705.634689) can0 04FF3604#0005000300C80100
(1788787705.636611) can0 03FF1605#0100000000000000
(1788787705.654614) can0 04FF3602#0000000000000000
(1788787705.663812) can0 13B76400#01
(1788787705.664613) can0 04FF3604#0004000300C80100
(1788787705.694616) can0 04FF3604#0004000400C80100
(1788787705.710618) can0 03FF1000#0840112200000001
(1788787705.712616) can0 05FF4602#1210171017101710
(1788787705.720621) can0 03FF1001#0000000000000000
(1788787705.724617) can0 04FF3604#0004000300C80100
(1788787705.731617) can0 03FF1603#0000D10E00000000
(1788787705.734617) can0 05FF4603#18101A101D101D10
(1788787705.741618) can0 03FF1605#0100000000000000
(1788787705.744617) can0 05FF4604#1B101C101E101F10
(1788787705.754622) can0 05FF4605#1A10000000000000
(1788787705.754685) can0 04FF3604#0005000300C80100
(1788787705.784621) can0 04FF3604#0003000300C80100
(1788787705.784744) can0 05FF4606#1D1D1C
(1788787705.794743) can0 05FF4607#1D1C1C
(1788787705.804806) can0 05FF4608#0019007C
(1788787705.813625) can0 05FF4610#0000D151FFFFFFA9
(1788787705.814622) can0 04FF3604#0004000300C80100
(1788787705.815621) can0 03FF1000#0840112200000001
(1788787705.815676) can0 05FF4609#030003D403CA00
(1788787705.824760) can0 02181606#0100190001030200
(1788787705.825622) can0 03FF1001#0000000000000000
(1788787705.836623) can0 03FF1603#0000D10E00000000
(1788787705.844623) can0 04FF3604#0003000300C80100
(1788787705.846623) can0 03FF1605#0100000000000000
(1788787705.854626) can0 02203606#0101000100010000
(1788787705.874625) can0 04FF3604#0005000300C80100
(1788787705.884625) can0 02181608#0500000001000000
(1788787705.904626) can0 04FF3604#0005000300C80100
(1788787705.914627) can0 02181609#0000000000000000
(1788787705.920627) can0 03FF1000#0840112200000001
(1788787705.930628) can0 03FF1001#0000000000000000
(1788787705.934627) can0 04FF3604#0005000300C80100
(1788787705.941628) can0 03FF1603#0000D10E00000000
(1788787705.944628) can0 13B76400#01
(1788787705.944683) can0 02488600#0000000000000000
(1788787705.951629) can0 03FF1605#0100000000000000
(1788787705.962631) can0 03121606#0000000000000000
(1788787705.964629) can0 04FF3604#0003000300C80100
(1788787705.974630) can0 02294614#
(1788787705.975630) can0 05124614#101F0B101200000D
(1788787705.983631) can0 03FF1600#142B000104001319
(1788787705.993631) can0 03FF1601#6E50000000000000
(1788787705.994630) can0 04FF3604#0005000300C80100
(1788787706.004631) can0 03FF1602#000005000000157C
(1788787706.014634) can0 03FF1604#0000000000000000
(1788787706.024634) can0 04FF3604#0006000300C80100
(1788787706.025632) can0 03FF1000#0840112200000001
(1788787706.035634) can0 03FF1001#0000000000000000
(1788787706.046633) can0 03FF1603#0000D10E00000000
(1788787706.054637) can0 04FF3604#0004000300C80100
(1788787706.056634) can0 03FF1605#0100000000000000
(1788787706.077636) can0 05FF4610#0000D151FFFFFFA9
(1788787706.084636) can0 04FF3604#0004000300C80100
(1788787706.114637) can0 04FF3604#0003000300C80100
(1788787706.130639) can0 03FF1000#0840112200000001
(1788787706.140640) can0 03FF1001#0000000000000000
(1788787706.144639) can0 04FF3604#0006000300C80100
(1788787706.151640) can0 03FF1603#0000D10E00000000
(1788787706.154640) can0 04FF3602#0000000000000000
(1788787706.161643) can0 03FF1605#0100000000000000
(1788787706.174641) can0 04FF3604#0001000300C80100
(1788787706.204644) can0 04FF3604#0006000300C80100
(1788787706.224648) can0 13B76400#01
(1788787706.234645) can0 04FF3604#0002000400C80100
(1788787706.235644) can0 03FF1000#0840112200000001
(1788787706.245645) can0 03FF1001#0000000000000000
(1788787706.256648) can0 03FF1603#0000D10E00000000
(1788787706.264647) can0 04FF3604#0005000300C80100
(1788787706.266645) can0 03FF1605#0100000000000000
(1788787706.294648) can0 04FF3604#0005000300C80100
(1788787706.324649) can0 04FF3604#0003000300C80100
(1788787706.340649) can0 03FF1000#0840112200000001
(1788787706.350651) can0 03FF1001#0000000000000000
(1788787706.354651) can0 04FF3604#0005000300C80100
(1788787706.361651) can0 03FF1603#0000D10E00000000
(1788787706.366652) can0 05FF4610#0000D152FFFFFFA9
(1788787706.371651) can0 03FF1605#0100000000000000
(1788787706.384653) can0 04FF3604#0004000300C80100
(1788787706.414656) can0 04FF3604#0005000300C80100
(1788787706.444655) can0 04FF3604#0004000300C80100
(1788787706.445655) can0 03FF1000#0840112200000001
(1788787706.455657) can0 03FF1001#0000000000000000
(1788787706.466658) can0 03FF1603#0000D10E00000000
(1788787706.474657) can0 04FF3604#0005000300C80100
(1788787706.476657) can0 03FF1605#0100000000000000
(1788787706.504658) can0 04FF3604#0004000400C80100
(1788787706.504713) can0 13B76400#01
(1788787706.524879) can0 02FF2605#0000060907030806
(1788787706.534663) can0 04FF3604#0003000300C80100
(1788787706.550661) can0 03FF1000#0840112200000001
(1788787706.555662) can0 02FF2604#0000000000000000
(1788787706.560661) can0 03FF1001#0000000000000000
(1788787706.564661) can0 04FF3604#0003000300C80100
(1788787706.570917) can0 03FF1603#0000D10E00000000
(1788787706.581662) can0 03FF1605#0100000000000000
(1788787706.585662) can0 02FF2704#0200000000000000
(1788787706.594663) can0 04FF3604#0006000300C80100
(1788787706.615665) can0 0260B606#0100000000000000
(1788787706.624665) can0 04FF3604#0004000300C80100
(1788787706.627665) can0 05FF4610#0000D152FFFFFFA9
(1788787706.645667) can0 02203607#0000000300000000
(1788787706.654667) can0 04FF3602#0000000000000000
(1788787706.654873) can0 04FF3604#0006000300C80100
(1788787706.655672) can0 03FF1000#0840112200000001
(1788787706.665668) can0 03FF1001#0000000000000000
(1788787706.675668) can0 02181606#0100190001030200
(1788787706.675722) can0 05FF4001#0000000000000000
(1788787706.676668) can0 03FF1603#0000D10E00000000
(1788787706.677667) can0 05FF4000#0000000000000000
(1788787706.684668) can0 04FF3604#0004000300C80100
(1788787706.686668) can0 03FF1605#0100000000000000
(1788787706.705671) can0 02203606#0101000100010000
(1788787706.714671) can0 04FF3604#0005000300C80100
(1788787706.735675) can0 02181608#0500000001000000
(1788787706.744675) can0 04FF3604#0003000300C80100
(1788787706.760676) can0 03FF1000#0840112200000001
(1788787706.765675) can0 02181609#0000000000000000
(1788787706.769673) can0 05FF4602#1210171017101710
(1788787706.770673) can0 03FF1001#0000000000000000
(1788787706.774673) can0 04FF3604#0002000300C80100
(1788787706.779673) can0 05FF4603#18101A101D101D10
(1788787706.781674) can0 03FF1603#0000D10E00000000
(1788787706.784882) can0 13B76400#01
(1788787706.789674) can0 05FF4604#1B101C101E101F10
(1788787706.791674) can0 03FF1605#0100000000000000
(1788787706.796674) can0 02488600#0000000000000000
(1788787706.799674) can0 05FF4605#1B10000000000000
(1788787706.802675) can0 03121606#0000000000000000
(1788787706.804674) can0 04FF3604#0005000300C80100
(1788787706.824853) can0 02294615#
(1788787706.826679) can0 05124615#1D011C030100
(1788787706.829676) can0 05FF4606#1D1D1C
(1788787706.834677) can0 04FF3604#0004000400C80100
(1788787706.839677) can0 05FF4607#1D1B1C
(1788787706.849678) can0 05FF4608#0019007C
(1788787706.860681) can0 05FF4609#030003D403CA00
(1788787706.864680) can0 04FF3604#0006000300C80100
(1788787706.865678) can0 03FF1000#0840112200000001
(1788787706.875680) can0 03FF1001#0000000000000000
(1788787706.886679) can0 03FF1603#0000D10E00000000
(1788787706.894680) can0 04FF3604#0004000300C80100
(1788787706.896680) can0 03FF1605#0100000000000000
(1788787706.902681) can0 05FF4610#0000D152FFFFFFA9
(1788787706.924683) can0 04FF3604#0003000300C80100
(1788787706.954686) can0 04FF3604#0004000300C80100
(1788787706.970688) can0 03FF1000#0840112200000001
(1788787706.980685) can0 03FF1001#0000000000000000
(1788787706.984685) can0 04FF3604#0005000300C80100
(1788787706.991686) can0 03FF1603#0000D10E00000000
(1788787707.001686) can0 03FF1605#0100000000000000
(1788787707.012687) can0 03FF1600#142B000104001319
(1788787707.014686) can0 04FF3604#0004000300C80100
(1788787707.022687) can0 03FF1601#6E50000000000000
(1788787707.033687) can0 03FF1602#000005000000157C
(1788787707.043688) can0 03FF1604#0000000000000000
(1788787707.044687) can0 04FF3604#0007000300C80100
(1788787707.074693) can0 04FF3604#0003000300C80100
(1788787707.075692) can0 03FF1000#0840112200000001
(1788787707.085690) can0 13B76400#01
(1788787707.085768) can0 03FF1001#0000000000000000
(1788787707.096690) can0 03FF1603#0000D10E00000000
(1788787707.104691) can0 04FF3604#0004000300C80100
(1788787707.106691) can0 03FF1605#0100000000000000
(1788787707.134692) can0 04FF3604#0004000300C80100
(1788787707.154696) can0 04FF3602#0000000000000000
(1788787707.164698) can0 04FF3604#0005000300C80100
(1788787707.164831) can0 05FF4610#0000D152FFFFFFA9
(1788787707.169695) can0 03FF1400#0000000500000000
(1788787707.180695) can0 03FF1000#0840112200000001
(1788787707.190697) can0 03FF1001#0000000000000000
(1788787707.194697) can0 04FF3604#0004000300C80100
(1788787707.201696) can0 03FF1603#0000D10E00000000
(1788787707.211697) can0 03FF1605#0100000000000000
(1788787707.224702) can0 04FF3604#0003000300C80100
(1788787707.254704) can0 04FF3604#0005000300C80100
(1788787707.284704) can0 04FF3604#0004000300C80100
(1788787707.284971) can0 03FF1000#0840112200000001
(1788787707.295701) can0 03FF1001#0000000000000000
(1788787707.306702) can0 03FF1603#0000D10E00000000
(1788787707.314703) can0 04FF3604#0005000300C80100
(1788787707.316702) can0 03FF1605#0100000000000000
(1788787707.344704) can0 04FF3604#0007000300C80100
(1788787707.345703) can0 02181606#0100190001030200
(1788787707.365708) can0 13B76400#01
(1788787707.374709) can0 04FF3604#0006000400C80100
(1788787707.375740) can0 02203606#0101000100010000
(1788787707.390707) can0 03FF1000#0840112200000001
(1788787707.400707) can0 03FF1001#0000000000000000
(1788787707.404707) can0 04FF3604#0004000300C80100
(1788787707.405799) can0 02181608#0500000001000000
(1788787707.411707) can0 03FF1603#0000D10E00000000
(1788787707.421709) can0 03FF1605#0100000000000000
(1788787707.432710) can0 03121606#0000000000000000
(1788787707.434710) can0 04FF3604#0005000300C80100
(1788787707.435812) can0 02181609#0000000000000000
(1788787707.452711) can0 05FF4610#0000D150FFFFFFA3
(1788787707.464714) can0 04FF3604#0008000300C80100
(1788787707.465852) can0 02488600#0000000000000000
(1788787707.494713) can0 04FF3604#0004000400C80100
(1788787707.494986) can0 03FF1000#0840112200000001
(1788787707.495834) can0 02294616#
(1788787707.496712) can0 05124616#00000000000030C6
(1788787707.505713) can0 03FF1001#0000000000000000
(1788787707.515969) can0 03FF1603#0000D10E00000000
(1788787707.524714) can0 04FF3604#0006000300C80100
(1788787707.526714) can0 03FF1605#0100000000000000
(1788787707.535853) can0 02FF2605#0000060907030807
(1788787707.554718) can0 04FF3604#0004000400C80100
(1788787707.567753) can0 02FF2604#0000000000000000
(1788787707.584717) can0 04FF3604#0007000300C80100
(1788787707.595939) can0 02FF2704#0200000000000000
(1788787707.600718) can0 03FF1000#0840112200000001
(1788787707.610718) can0 03FF1001#0000000000000000
(1788787707.614718) can0 04FF3604#0003000300C80100
(1788787707.620961) can0 03FF1603#0000D10E00000000
(1788787707.626719) can0 0260B606#0100000000000000
(1788787707.631719) can0 03FF1605#0100000000000000
(1788787707.644721) can0 04FF3604#0003000300C80100
(1788787707.645759) can0 13B76400#01
(1788787707.654724) can0 04FF3400#0000057300000000
(1788787707.654869) can0 04FF3602#0000000000000000
(1788787707.656722) can0 02203607#0000000300000000
(1788787707.674723) can0 04FF3604#0005000300C80100
(1788787707.704724) can0 04FF3604#0006000300C80100
(1788787707.705723) can0 03FF1000#0840112200000001
(1788787707.715725) can0 03FF1001#0000000000000000
(1788787707.725983) can0 03FF1603#0000D10E00000000
(1788787707.727724) can0 05FF4610#0000D150FFFFFFA3
(1788787707.731724) can0 05FF4001#0000000000000000
(1788787707.733724) can0 05FF4000#0000000000000000
(1788787707.734724) can0 04FF3604#0004000300C80100
(1788787707.736724) can0 03FF1605#0100000000000000
(1788787707.764730) can0 04FF3604#0004000300C80100
(1788787707.794729) can0 04FF3604#0006000300C80100
(1788787707.810728) can0 03FF1000#0840112200000001
(1788787707.815733) can0 05FF4602#1110171017101710
(1788787707.820730) can0 03FF1001#0000000000000000
(1788787707.824730) can0 04FF3604#0004000300C80100
(1788787707.824865) can0 05FF4603#18101A101D101D10
(1788787707.830974) can0 03FF1603#0000D10E00000000
(1788787707.834875) can0 05FF4604#1B101C101E101F10
(1788787707.841730) can0 03FF1605#0100000000000000
(1788787707.844904) can0 05FF4605#1A10000000000000
(1788787707.854735) can0 04FF3604#0005000300C80100
(1788787707.875733) can0 05FF4606#1D1D1C
(1788787707.884733) can0 04FF3604#0005000300C80100
(1788787707.885735) can0 05FF4607#1D1B1C
(1788787707.895734) can0 05FF4608#0019007C
(1788787707.905734) can0 05FF4609#030003D403CA00
(1788787707.914734) can0 04FF3604#0004000300C80100
(1788787707.914985) can0 03FF1000#0840112200000001
(1788787707.925735) can0 03FF1001#0000000000000000
(1788787707.926734) can0 13B76400#01
(1788787707.935990) can0 03FF1603#0000D10E00000000
(1788787707.944736) can0 04FF3604#0003000300C80100
(1788787707.946735) can0 03FF1605#0100000000000000
(1788787707.974739) can0 04FF3604#0007000300C80100
(1788787707.990808) can0 05FF4610#0000D150FFFFFFA3
(1788787707.998982) can0 03FF1600#142B000104001319
(1788787708.004739) can0 04FF3604#0005000300C80100
(1788787708.009739) can0 03FF1601#6E50000000000000
(1788787708.019983) can0 03FF1602#000005000000157C
(1788787708.030741) can0 03FF1604#0000000000000000
(1788787708.034740) can0 04FF3604#0004000300C80100
(1788787708.041741) can0 03FF1000#0840112200000001
(1788787708.051742) can0 03FF1001#0000000000000000
(1788787708.061974) can0 03FF1603#0000D10E00000000
(1788787708.064742) can0 04FF3604#0005000300C80100
(1788787708.072743) can0 03FF1605#0100000000000000
(1788787708.094744) can0 04FF3604#0007000300C80100
(1788787708.095813) can0 05FF4600#0D0300900303
(1788787708.106744) can0 02181606#0100190001030200
(1788787708.124746) can0 04FF3604#0004000300C80100
(1788787708.125021) can0 03FF1000#0840112200000001
(1788787708.135746) can0 03FF1001#0000000000000000
(1788787708.136745) can0 02203606#0101000100010000
(1788787708.145973) can0 03FF1603#0000D10E00000000
(1788787708.154748) can0 04FF3602#0000000000000000
(1788787708.154849) can0 04FF3604#0003000400C80100
(1788787708.156749) can0 03FF1605#0100000000000000
(1788787708.166991) can0 03121606#0000000000000000
(1788787708.167747) can0 02181608#0500000001000000
(1788787708.184749) can0 04FF3604#0006000300C80100
(1788787708.196750) can0 02181609#0000000000000000
(1788787708.206750) can0 13B76400#01
(1788787708.214750) can0 04FF3604#0003000300C80100
(1788787708.226755) can0 02488600#0000000000000000
(1788787708.230006) can0 03FF1000#0840112200000001
(1788787708.240752) can0 03FF1001#0000000000000000
(1788787708.244752) can0 04FF3604#0003000300C80100
(1788787708.250987) can0 03FF1603#0000D10E00000000
(1788787708.253961) can0 05FF4610#0000D150FFFFFFA3
(1788787708.256754) can0 02294617#
(1788787708.257961) can0 05124617#0000000000000000
(1788787708.261752) can0 03FF1605#0100000000000000
(1788787708.274754) can0 04FF3604#0004000300C80100
(1788787708.304756) can0 04FF3604#0004000300C80100
(1788787708.334757) can0 04FF3604#0004000300C80100
(1788787708.335008) can0 03FF1000#0840112200000001
(1788787708.345758) can0 03FF1001#0000000000000000
(1788787708.355985) can0 03FF1603#0000D10E00000000
(1788787708.364759) can0 04FF3604#0006000300C80100
(1788787708.366758) can0 03FF1605#0100000000000000
(1788787708.394760) can0 04FF3604#0004000300C80100
(1788787708.424762) can0 04FF3604#0006000400C80100
(1788787708.440005) can0 03FF1000#0840112200000001
(1788787708.450763) can0 03FF1001#0000000000000000
(1788787708.454763) can0 04FF3604#0004000300C80100
(1788787708.460979) can0 03FF1603#0000D10E00000000
(1788787708.471766) can0 03FF1605#0100000000000000
(1788787708.484765) can0 04FF3604#0003000300C80100
(1788787708.514767) can0 04FF3604#0005000300C80100
(1788787708.544768) can0 05FF4610#0000D152FFFFFFA3
(1788787708.544824) can0 04FF3604#0003000300C80100
(1788787708.545768) can0 03FF1000#0840112200000001
(1788787708.547768) can0 02FF2605#0000060907030808
(1788787708.555770) can0 03FF1001#0000000000000000
(1788787708.565978) can0 03FF1603#0000D10E00000000
(1788787708.574770) can0 04FF3604#0004000300C80100
(1788787708.576769) can0 03FF1605#0100000000000000
(1788787708.577770) can0 02FF2604#0000000000000000
(1788787708.604772) can0 04FF3604#0007000400C80100
(1788787708.606910) can0 02FF2704#0200000000000000
(1788787708.634773) can0 04FF3604#0004000300C80100
(1788787708.636952) can0 0260B606#0100000000000000
(1788787708.650029) can0 03FF1000#0840112200000001
(1788787708.654774) can0 04FF3602#0000000000000000
(1788787708.660777) can0 03FF1001#0000000000000000
(1788787708.664774) can0 04FF3604#0004000400C80100
(1788787708.667006) can0 02203607#0000000300000000
(1788787708.670960) can0 03FF1603#0000D10E00000000
(1788787708.681776) can0 03FF1605#0100000000000000
(1788787708.694776) can0 04FF3604#0006000300C80100
(1788787708.724781) can0 04FF3604#0004000300C80100
(1788787708.754782) can0 04FF3604#0005000300C80100
(1788787708.755031) can0 03FF1000#0840112200000001
(1788787708.765781) can0 03FF1001#0000000000000000
(1788787708.775989) can0 03FF1603#0000D10E00000000
(1788787708.782781) can0 05FF4001#0000000000000000
(1788787708.784780) can0 05FF4000#0000000000000000
(1788787708.784835) can0 04FF3604#0005000300C80100
(1788787708.786780) can0 03FF1605#0100000000000000
(1788787708.814786) can0 04FF3604#0004000300C80100
(1788787708.820783) can0 05FF4610#0000D152FFFFFFA3
(1788787708.844784) can0 04FF3604#0004000300C80100
(1788787708.860020) can0 03FF1000#0840112200000001
(1788787708.864785) can0 05FF4602#1210171017101710
(1788787708.867785) can0 02181606#0100190001030200
(1788787708.870785) can0 03FF1001#0000000000000000
(1788787708.874785) can0 05FF4603#18101A101D101D10
(1788787708.874840) can0 04FF3604#0004000400C80100
(1788787708.880994) can0 03FF1603#0000D10E00000000
(1788787708.884786) can0 05FF4604#1B101C101E101F10
(1788787708.891786) can0 03FF1605#0100000000000000
(1788787708.894786) can0 05FF4605#1B10000000000000
(1788787708.897787) can0 02203606#0101000100010000
(1788787708.904786) can0 04FF3604#0005000300C80100
(1788787708.924031) can0 05FF4606#1D1D1C
(1788787708.927788) can0 02181608#0500000001000000
(1788787708.934039) can0 05FF4607#1D1B1C
(1788787708.934788) can0 04FF3604#0004000300C80100
(1788787708.944789) can0 05FF4608#0019007C
(1788787708.954790) can0 05FF4609#030003D403CA00
(1788787708.957791) can0 02181609#0000000000000000
(1788787708.964790) can0 04FF3604#0005000300C80100
(1788787708.965007) can0 03FF1000#0840112200000001
(1788787708.975791) can0 03FF1001#0000000000000000
(1788787708.985996) can0 03FF1603#0000D10E00000000
(1788787708.987791) can0 02488600#0000000000000000
(1788787708.994792) can0 04FF3604#0004000300C80100
(1788787708.996791) can0 03FF1605#0100000000000000
(1788787709.007020) can0 03121606#0000000000000000
(1788787709.017793) can0 02294618#
(1788787709.017848) can0 03FF1600#142B000104001319
(1788787709.018793) can0 05124618#00000E1500
(1788787709.024794) can0 04FF3604#0005000300C80100
(1788787709.028002) can0 03FF1601#6E50000000000000
(1788787709.038794) can0 03FF1602#000005000000157C
(1788787709.049027) can0 03FF1604#0000000000000000
(1788787709.054795) can0 04FF3604#0005000300C80100
(1788787709.070798) can0 03FF1000#0840112200000001
(1788787709.080797) can0 03FF1001#0000000000000000
(1788787709.082797) can0 05FF4610#0000D152FFFFFFA3
(1788787709.084797) can0 04FF3604#0005000300C80100
(1788787709.090982) can0 03FF1603#0000D10E00000000
(1788787709.101798) can0 03FF1605#0100000000000000
(1788787709.114798) can0 04FF3604#0004000300C80100
(1788787709.144800) can0 04FF3604#0004000300C80100
(1788787709.154801) can0 04FF3602#0000000000000000
(1788787709.174805) can0 04FF3604#0009000300C80100
(1788787709.175041) can0 03FF1000#0840112200000001
(1788787709.185802) can0 03FF1001#0000000000000000
(1788787709.195977) can0 03FF1603#0000D10E00000000
(1788787709.204803) can0 04FF3604#0005000300C80100
(1788787709.206804) can0 03FF1605#0100000000000000
(1788787709.234808) can0 04FF3604#0003000300C80100
(1788787709.264810) can0 04FF3604#0003000300C80100
(1788787709.280040) can0 03FF1000#0840112200000001
(1788787709.290807) can0 03FF1001#0000000000000000
(1788787709.294808) can0 04FF3604#0004000300C80100
(1788787709.301005) can0 03FF1603#0000D10E00000000
(1788787709.311809) can0 03FF1605#0100000000000000
(1788787709.324810) can0 04FF3604#0006000300C80100
(1788787709.345811) can0 05FF4610#0000D152FFFFFFA3
(1788787709.354812) can0 04FF3604#0003000300C80100
(1788787709.384815) can0 04FF3604#0005000300C80100
(1788787709.385019) can0 03FF1000#0840112200000001
(1788787709.395814) can0 03FF1001#0000000000000000
(1788787709.406011) can0 03FF1603#0000D10E00000000
(1788787709.414815) can0 04FF3604#0005000300C80100
(1788787709.416814) can0 03FF1605#0100000000000000
(1788787709.444817) can0 04FF3604#0004000300C80100
(1788787709.457818) can0 02F82400#CD03000000000000
(1788787709.474819) can0 04FF3604#0004000300C80100
(1788787709.487819) can0 02FF2602#DBDB5B253615B16B
(1788787709.490022) can0 03FF1000#0840112200000001
(1788787709.500819) can0 03FF1001#0000000000000000
(1788787709.504819) can0 04FF3604#0004000300C80100
(1788787709.511005) can0 03FF1603#0000D10E00000000
(1788787709.521821) can0 03FF1605#0100000000000000
(1788787709.534822) can0 04FF3604#0005000300C80100
(1788787709.557835) can0 02FF2605#0000060907030809
(1788787709.564822) can0 04FF3604#0005000400C80100
(1788787709.588824) can0 02FF2604#0000000000000000
(1788787709.594824) can0 04FF3604#0007000300C80100
(1788787709.595053) can0 03FF1000#0840112200000001
(1788787709.605825) can0 03FF1001#0000000000000000
(1788787709.615995) can0 03FF1603#0000D10E00000000
(1788787709.618825) can0 02FF2704#0200000000000000
(1788787709.624825) can0 04FF3604#0004000300C80100
(1788787709.626826) can0 03FF1605#0100000000000000
(1788787709.635827) can0 05FF4610#0000D150FFFFFFA3
(1788787709.647897) can0 0260B606#0100000000000000
(1788787709.654828) can0 04FF3602#0000000000000000
(1788787709.654888) can0 04FF3604#0002000300C80100
(1788787709.678831) can0 02203607#0000000300000000
(1788787709.684829) can0 04FF3604#0006000300C80100
(1788787709.700051) can0 03FF1000#0840112200000001
(1788787709.708027) can0 02181606#0100190001030200
(1788787709.710831) can0 03FF1001#0000000000000000
(1788787709.714831) can0 04FF3604#0004000300C80100
(1788787709.721016) can0 03FF1603#0000D10E00000000
(1788787709.731836) can0 03FF1605#0100000000000000
(1788787709.738001) can0 02203606#0101000100010000
(1788787709.744833) can0 04FF3604#0006000300C80100
(1788787709.768035) can0 02181608#0500000001000000
(1788787709.774835) can0 04FF3604#0004000300C80100
(1788787709.798044) can0 02181609#0000000000000000
(1788787709.804835) can0 04FF3604#0005000300C80100
(1788787709.805041) can0 03FF1000#0840112200000001
(1788787709.815840) can0 03FF1001#0000000000000000
(1788787709.826006) can0 03FF1603#0000D10E00000000
(1788787709.828836) can0 02488600#0000000000000000
(1788787709.828891) can0 05FF4001#0000000000000000
(1788787709.830836) can0 05FF4000#0000000000000000
(1788787709.834836) can0 04FF3604#0005000300C80100
(1788787709.836837) can0 03FF1605#0100000000000000
(1788787709.847068) can0 03121606#0000000000000000
(1788787709.858841) can0 02498601#
(1788787709.864838) can0 04FF3604#0004000300C80100
(1788787709.894840) can0 04FF3604#0003000300C80100
(1788787709.909842) can0 05FF4610#0000D150FFFFFFA3
(1788787709.910841) can0 03FF1000#0840112200000001
(1788787709.910891) can0 05FF4602#1110171017101710
(1788787709.920842) can0 03FF1001#0000000000000000
(1788787709.921093) can0 05FF4603#18101A101D101D10
(1788787709.924842) can0 04FF3604#0004000300C80100
(1788787709.930842) can0 05FF4604#1B101C101E101F10
(1788787709.931842) can0 03FF1603#0000D10E00000000
(1788787709.940843) can0 05FF4605#1A10000000000000
(1788787709.941842) can0 03FF1605#0100000000000000
(1788787709.954844) can0 04FF3604#0004000300C80100
(1788787709.970846) can0 05FF4606#1D1D1C
(1788787709.980846) can0 05FF4607#1D1C1C
(1788787709.984846) can0 04FF3604#0005000300C80100
(1788787709.990846) can0 05FF4608#0019007C
(1788787710.000846) can0 05FF4609#030003D403CA00
(1788787710.014848) can0 04FF3604#0005000300C80100
(1788787710.015075) can0 03FF1000#0840112200000001
(1788787710.025848) can0 03FF1001#0000000000000000
(1788787710.036010) can0 03FF1600#142B000104001319
(1788787710.044848) can0 04FF3604#0004000300C80100
(1788787710.046849) can0 03FF1601#6E50000000000000
(1788787710.057025) can0 03FF1602#000005000000157C
(1788787710.067850) can0 03FF1603#0000D10E00000000
(1788787710.074851) can0 04FF3604#0004000300C80100
(1788787710.078047) can0 03FF1604#0000000000000000
(1788787710.088851) can0 03FF1605#0100000000000000
(1788787710.104851) can0 04FF3604#0003000300C80100
(1788787710.120037) can0 03FF1000#0840112200000001
(1788787710.130854) can0 03FF1001#0000000000000000
(1788787710.134853) can0 04FF3604#0004000300C80100
(1788787710.141015) can0 03FF1603#0000D10E00000000
(1788787710.151854) can0 03FF1605#0100000000000000
(1788787710.154854) can0 04FF3602#0000000000000000
(1788787710.164857) can0 04FF3604#0005000300C80100
(1788787710.171856) can0 05FF4610#0000D150FFFFFFA3
(1788787710.194858) can0 04FF3604#0004000300C80100
(1788787710.224862) can0 04FF3604#0005000300C80100
(1788787710.225061) can0 03FF1000#0840112200000001
(1788787710.235859) can0 03FF1001#0000000000000000
(1788787710.245998) can0 03FF1603#0000D10E00000000
(1788787710.254864) can0 04FF3604#0004000300C80100
(1788787710.256860) can0 03FF1605#0100000000000000
(1788787710.284863) can0 04FF3604#0004000300C80100
(1788787710.314864) can0 04FF3604#0004000300C80100
(1788787710.330061) can0 03FF1000#0840112200000001
(1788787710.340865) can0 03FF1001#0000000000000000
(1788787710.344864) can0 04FF3604#0004000300C80100
(1788787710.351027) can0 03FF1603#0000D10E00000000
(1788787710.361866) can0 03FF1605#0100000000000000
(1788787710.374866) can0 04FF3604#0005000300C80100
(1788787710.388867) can0 02181606#0100190001030200
(1788787710.404869) can0 04FF3604#0004000300C80100
(1788787710.418869) can0 02203606#0101000100010000
(1788787710.434870) can0 04FF3604#0006000300C80100
(1788787710.435065) can0 03FF1000#0840112200000001
(1788787710.445870) can0 03FF1001#0000000000000000
(1788787710.448870) can0 02181608#0500000001000000
(1788787710.456033) can0 03FF1603#0000D10E00000000
(1788787710.459999) can0 05FF4610#0000D152FFFFFFA9
(1788787710.464871) can0 04FF3604#0002000300C80100
(1788787710.466870) can0 03FF1605#0100000000000000
(1788787710.477017) can0 03121606#0000000000000000
(1788787710.478871) can0 02181609#0000000000000000
(1788787710.494873) can0 04FF3604#0004000300C80100
(1788787710.508875) can0 02488600#0000000000000000
(1788787710.524874) can0 04FF3604#0005000300C80100
(1788787710.538876) can0 02498602#
(1788787710.540048) can0 03FF1000#0840112200000001
(1788787710.550876) can0 03FF1001#0000000000000000
(1788787710.554876) can0 04FF3604#0005000300C80100
(1788787710.561038) can0 03FF1603#0000D10E00000000
(1788787710.568877) can0 02FF2605#0000060907030800
(1788787710.571876) can0 03FF1605#0100000000000000
(1788787710.584877) can0 04FF3604#0004000300C80100
(1788787710.598878) can0 02FF2604#0000000000000000
(1788787710.614880) can0 04FF3604#0002000300C80100
(1788787710.628880) can0 02FF2704#0200000000000000
(1788787710.644881) can0 04FF3604#0006000300C80100
(1788787710.645052) can0 03FF1000#0840112200000001
(1788787710.654881) can0 04FF3602#0000000000000000
(1788787710.655884) can0 03FF1001#0000000000000000
(1788787710.658963) can0 0260B606#0100000000000000
(1788787710.666043) can0 03FF1603#0000D10E00000000
(1788787710.674884) can0 04FF3604#0004000300C80100
(1788787710.676882) can0 03FF1605#0100000000000000
(1788787710.688924) can0 02203607#0000000300000000
(1788787710.704884) can0 04FF3604#0003000300C80100
(1788787710.734890) can0 04FF3604#0004000300C80100
(1788787710.736886) can0 05FF4610#0000D152FFFFFFA9
(1788787710.750081) can0 03FF1000#0840112200000001
(1788787710.760889) can0 03FF1001#0000000000000000
(1788787710.764887) can0 04FF3604#0005000300C80100
(1788787710.771038) can0 03FF1603#0000D10E00000000
(1788787710.781888) can0 03FF1605#0100000000000000
(1788787710.794889) can0 04FF3604#0005000300C80100
(1788787710.824894) can0 04FF3604#0004000300C80100
(1788787710.854893) can0 04FF3604#0006000300C80100
(1788787710.855057) can0 03FF1000#0840112200000001
(1788787710.865896) can0 03FF1001#0000000000000000
(1788787710.873893) can0 05FF4001#0000000000000000
(1788787710.875893) can0 05FF4000#0000000000000000
(1788787710.876059) can0 03FF1603#0000D10E00000000
(1788787710.884895) can0 04FF3604#0003000300C80100
(1788787710.886893) can0 03FF1605#0100000000000000
(1788787710.914895) can0 04FF3604#0004000300C80100
(1788787710.944897) can0 04FF3604#0004000300C80100
(1788787710.955898) can0 05FF4602#1210171017101710
(1788787710.960072) can0 03FF1000#0840112200000001
(1788787710.965899) can0 05FF4603#18101A101D101D10
(1788787710.970898) can0 03FF1001#0000000000000000
(1788787710.974898) can0 04FF3604#0005000300C80100
(1788787710.975898) can0 05FF4604#1B101C101E101F10
(1788787710.981037) can0 03FF1603#0000D10E00000000
(1788787710.985899) can0 05FF4605#1B10000000000000
(1788787710.991899) can0 03FF1605#0100000000000000
(1788787710.997900) can0 05FF4610#0000D152FFFFFFA9
(1788787711.004899) can0 04FF3604#0006000300C80100
(1788787711.015063) can0 05FF4606#1D1D1C
(1788787711.023063) can0 03FF1600#142B000104001319
(1788787711.025062) can0 05FF4607#1D1B1C
(1788787711.033902) can0 03FF1601#6E50000000000000
(1788787711.034901) can0 04FF3604#0007000300C80100
(1788787711.035107) can0 05FF4608#0019007C
(1788787711.044030) can0 03FF1602#000005000000157C
(1788787711.045901) can0 05FF4609#030003D403CA00
(1788787711.054903) can0 03FF1604#0000000000000000
(1788787711.064904) can0 04FF3604#0007000300C80100
(1788787711.065074) can0 03FF1000#0840112200000001
(1788787711.075904) can0 03FF1001#0000000000000000
(1788787711.086032) can0 03FF1603#0000D10E00000000
(1788787711.094912) can0 04FF3604#0003000300C80100
(1788787711.096906) can0 03FF1605#0100000000000000
(1788787711.124907) can0 04FF3604#0004000300C80100
(1788787711.149908) can0 02181606#0100190001030200
(1788787711.154908) can0 04FF3602#0000000000000000
(1788787711.154962) can0 04FF3604#0004000300C80100
(1788787711.170059) can0 03FF1000#0840112200000001
(1788787711.179911) can0 02203606#0101000100010000
(1788787711.180909) can0 03FF1001#0000000000000000
(1788787711.184909) can0 04FF3604#0004000300C80100
(1788787711.191026) can0 03FF1603#0000D10E00000000
(1788787711.201911) can0 03FF1605#0100000000000000
(1788787711.209911) can0 02181608#0500000001000000
(1788787711.212038) can0 03121606#0000000000000000
(1788787711.214911) can0 04FF3604#0003000300C80100
(1788787711.239917) can0 02181609#0000000000000000
(1788787711.244912) can0 04FF3604#0005000300C80100
(1788787711.259918) can0 05FF4610#0000D152FFFFFFA9
(1788787711.269915) can0 02488600#0000000000000000
(1788787711.274914) can0 04FF3604#0003000300C80100
(1788787711.275085) can0 03FF1000#0840112200000001
(1788787711.285915) can0 03FF1001#0000000000000000
(1788787711.296020) can0 03FF1603#0000D10E00000000
(1788787711.299915) can0 02294500#
(1788787711.300144) can0 05124500#0500
(1788787711.304915) can0 04FF3604#0005000400C80100
(1788787711.306916) can0 03FF1605#0100000000000000
(1788787711.334919) can0 04FF3604#0006000300C80100
(1788787711.364920) can0 04FF3604#0004000300C80100
(1788787711.380082) can0 03FF1000#0840112200000001
(1788787711.390921) can0 03FF1001#0000000000000000
(1788787711.394921) can0 04FF3604#0005000300C80100
(1788787711.401071) can0 03FF1603#0000D10E00000000
(1788787711.411923) can0 03FF1605#0100000000000000
(1788787711.424923) can0 04FF3604#0005000300C80100
(1788787711.454924) can0 04FF3604#0006000300C80100
(1788787711.484926) can0 04FF3604#0003000300C80100
(1788787711.485080) can0 03FF1000#0840112200000001
(1788787711.495926) can0 03FF1001#0000000000000000
(1788787711.495982) can0 13B76400#01
(1788787711.506043) can0 03FF1603#0000D10E00000000
(1788787711.514927) can0 04FF3604#0005000300C80100
(1788787711.516927) can0 03FF1605#0100000000000000
(1788787711.544930) can0 04FF3604#0003000300C80100
(1788787711.550929) can0 05FF4610#0000D150FFFFFF9E
(1788787711.574932) can0 04FF3604#0006000300C80100
(1788787711.581932) can0 02FF2605#0000060907030801
(1788787711.590083) can0 03FF1000#0840112200000001
(1788787711.600931) can0 03FF1001#0000000000000000
(1788787711.604932) can0 04FF3604#0006000400C80100
(1788787711.609933) can0 02FF2604#0000000000000000
(1788787711.611059) can0 03FF1603#0000D10E00000000
(1788787711.621934) can0 03FF1605#0100000000000000
(1788787711.634934) can0 04FF3604#0004000300C80100
(1788787711.639934) can0 02FF2704#0200000000000000
(1788787711.654935) can0 04FF3602#0000000000000000
(1788787711.664937) can0 04FF3604#0004000300C80100
(1788787711.671936) can0 0260B606#0100000000000000
(1788787711.694939) can0 04FF3604#0005000300C80100
(1788787711.695061) can0 03FF1000#0840112200000001
(1788787711.700007) can0 02203607#0000000300000000
(1788787711.705939) can0 03FF1001#0000000000000000
(1788787711.716087) can0 03FF1603#0000D10E00000000
(1788787711.724939) can0 04FF3604#0003000300C80100
(1788787711.726943) can0 03FF1605#0100000000000000
(1788787711.754943) can0 04FF3604#0004000300C80100
(1788787711.769943) can0 13B76400#01
(1788787711.784943) can0 04FF3604#0004000300C80100
(1788787711.800104) can0 03FF1000#0840112200000001
(1788787711.810943) can0 03FF1001#0000000000000000
(1788787711.814943) can0 04FF3604#0004000300C80100
(1788787711.821039) can0 03FF1603#0000D10E00000000
(1788787711.823944) can0 05FF4610#0000D150FFFFFF9E
(1788787711.831944) can0 03FF1605#0100000000000000
(1788787711.844945) can0 04FF3604#0005000300C80100
(1788787711.874951) can0 04FF3604#0004000300C80100
(1788787711.904948) can0 04FF3604#0007000300C80100
(1788787711.905118) can0 03FF1000#0840112200000001
(1788787711.912948) can0 02181606#0100190001030200
(1788787711.915949) can0 03FF1001#0000000000000000
(1788787711.918949) can0 05FF4001#0000000000000000
(1788787711.920950) can0 05FF4000#0000000000000000
(1788787711.926066) can0 03FF1603#0000D10E00000000
(1788787711.934949) can0 04FF3604#0004000300C80100
(1788787711.936950) can0 03FF1605#0100000000000000
(1788787711.940950) can0 02203606#0101000100010000
(1788787711.964954) can0 04FF3604#0007000300C80100
(1788787711.970953) can0 02181608#0500000001000000
(1788787711.994954) can0 04FF3604#0005000300C80100
(1788787712.000953) can0 02181609#0000000000000000
(1788787712.001953) can0 05FF4602#1110171017101710
(1788787712.010082) can0 03FF1000#0840112200000001
(1788787712.011953) can0 05FF4603#18101A101D101D10
(1788787712.020955) can0 03FF1001#0000000000000000
(1788787712.021954) can0 05FF4604#1B101C101E101F10
(1788787712.024954) can0 04FF3604#0003000400C80100
(1788787712.031094) can0 03FF1603#0000D10E00000000
(1788787712.031955) can0 05FF4605#1A10000000000000
(1788787712.041956) can0 03FF1605#0100000000000000
(1788787712.052061) can0 03121606#0000000000000000
(1788787712.052956) can0 02488600#0000000000000000
(1788787712.054956) can0 04FF3604#0006000300C80100
(1788787712.062958) can0 03FF1600#142B000104001319
(1788787712.063013) can0 05FF4606#1D1D1C
(1788787712.072958) can0 05FF4607#1D1B1C
(1788787712.073127) can0 03FF1601#6E50000000000000
(1788787712.082957) can0 05FF4608#0019007C
(1788787712.083957) can0 03FF1602#000005000000157C
(1788787712.084221) can0 04FF3604#0005000300C80100
(1788787712.087958) can0 05FF4610#0000D150FFFFFF9E
(1788787712.090115) can0 13B76400#01
(1788787712.092958) can0 05FF4609#030003D403CA00
(1788787712.094086) can0 03FF1604#0000000000000000
(1788787712.100109) can0 02294501#
(1788787712.100958) can0 05124501#0103
(1788787712.114215) can0 04FF3604#0003000300C80100
(1788787712.115086) can0 03FF1000#0840112200000001
(1788787712.125961) can0 03FF1001#0000000000000000
(1788787712.136065) can0 03FF1603#0000D10E00000000
(1788787712.144216) can0 04FF3604#0004000300C80100
(1788787712.146961) can0 03FF1605#0100000000000000
(1788787712.154962) can0 04FF3602#0000000000000000
(1788787712.174215) can0 04FF3604#0004000300C80100
(1788787712.204207) can0 04FF3604#0003000300C80100
(1788787712.220082) can0 03FF1000#0840112200000001
(1788787712.230970) can0 03FF1001#0000000000000000
(1788787712.234966) can0 04FF3604#0003000300C80100
(1788787712.241093) can0 03FF1603#0000D10E00000000
(1788787712.251970) can0 03FF1605#0100000000000000
(1788787712.264223) can0 04FF3604#0004000300C80100
(1788787712.294970) can0 04FF3604#0004000300C80100
(1788787712.324214) can0 04FF3604#0004000300C80100
(1788787712.325098) can0 03FF1000#0840112200000001
(1788787712.335971) can0 03FF1001#0000000000000000
(1788787712.346051) can0 03FF1603#0000D10E00000000
(1788787712.349973) can0 05FF4610#0000D150FFFFFF9E
(1788787712.354257) can0 04FF3604#0005000300C80100
(1788787712.356972) can0 03FF1605#0100000000000000
(1788787712.380975) can0 13B76400#01
(1788787712.384229) can0 04FF3604#0007000300C80100
(1788787712.414231) can0 04FF3604#0006000300C80100
(1788787712.430162) can0 03FF1000#0840112200000001
(1788787712.440978) can0 03FF1001#0000000000000000
(1788787712.444220) can0 04FF3604#0005000300C80100
(1788787712.451071) can0 03FF1603#0000D10E00000000
(1788787712.461979) can0 03FF1605#0100000000000000
(1788787712.474979) can0 04FF3604#0004000300C80100
(1788787712.504224) can0 04FF3604#0004000400C80100
(1788787712.534213) can0 04FF3604#0004000300C80100
(1788787712.535097) can0 03FF1000#0840112200000001
(1788787712.545983) can0 03FF1001#0000000000000000
(1788787712.556076) can0 03FF1603#0000D10E00000000
(1788787712.564240) can0 04FF3604#0005000300C80100
(1788787712.566984) can0 03FF1605#0100000000000000
(1788787712.590985) can0 02FF2605#0000060907030802
(1788787712.594228) can0 04FF3604#0005000300C80100
(1788787712.620988) can0 02FF2604#0000000000000000
(1788787712.624218) can0 04FF3604#0008000400C80100
(1788787712.639064) can0 05FF4610#0000D151FFFFFFA3
(1788787712.640091) can0 03FF1000#0840112200000001
(1788787712.650988) can0 03FF1001#0000000000000000
(1788787712.651159) can0 02FF2704#0200000000000000
(1788787712.654215) can0 04FF3602#0000000000000000
(1788787712.654988) can0 04FF3604#0004000300C80100
(1788787712.661083) can0 03FF1603#0000D10E00000000
(1788787712.661989) can0 13B76400#01
(1788787712.671989) can0 03FF1605#0100000000000000
(1788787712.682991) can0 0260B606#0100000000000000
(1788787712.684210) can0 04FF3604#0004000300C80100
(1788787712.710993) can0 02203607#0000000300000000
(1788787712.714206) can0 04FF3604#0004000300C80100
(1788787712.740997) can0 02181606#0100190001030200
(1788787712.744225) can0 04FF3604#0007000300C80100
(1788787712.745085) can0 03FF1000#0840112200000001
(1788787712.755997) can0 03FF1001#0000000000000000
(1788787712.766065) can0 03FF1603#0000D10E00000000
(1788787712.771008) can0 02203606#0101000100010000
(1788787712.774215) can0 04FF3604#0005000300C80100
(1788787712.776995) can0 03FF1605#0100000000000000
(1788787712.804101) can0 02181608#0500000001000000
(1788787712.804996) can0 04FF3604#0005000300C80100
(1788787712.831107) can0 02181609#0000000000000000
(1788787712.834226) can0 04FF3604#0005000300C80100
(1788787712.850127) can0 03FF1000#0840112200000001
(1788787712.861003) can0 03FF1001#0000000000000000
(1788787712.861170) can0 02488600#0000000000000000
(1788787712.864215) can0 04FF3604#0002000300C80100
(1788787712.871058) can0 03FF1603#0000D10E00000000
(1788787712.882001) can0 03FF1605#0100000000000000
(1788787712.891001) can0 02191500#
(1788787712.892093) can0 03121606#0000000000000000
(1788787712.894221) can0 04FF3604#0005000300C80100
(1788787712.903002) can0 03FF1500#000000C300000000
(1788787712.914188) can0 05FF4610#0000D151FFFFFFA3
(1788787712.924218) can0 04FF3604#0005000300C80100
(1788787712.941004) can0 13B76400#01
(1788787712.954201) can0 04FF3604#0003000300C80100
(1788787712.955120) can0 03FF1000#0840112200000001
(1788787712.965221) can0 05FF4001#0000000000000000
(1788787712.966005) can0 03FF1001#0000000000000000
(1788787712.968005) can0 05FF4000#0000000000000000
(1788787712.976076) can0 03FF1603#0000D10E00000000
(1788787712.984214) can0 04FF3604#0007000400C80100
(1788787712.987006) can0 03FF1605#0100000000000000
(1788787713.014205) can0 04FF3604#0004000300C80100
(1788787713.039102) can0 03FF1600#142B000104001319
(1788787713.044212) can0 04FF3604#0003000400C80100
(1788787713.048217) can0 05FF4602#1110171017101710
(1788787713.050009) can0 03FF1601#6E50000000000000
(1788787713.058219) can0 05FF4603#18101A101D101D10
(1788787713.060098) can0 03FF1602#000005000000157C
(1788787713.068231) can0 05FF4604#1B101C101E101F10
(1788787713.071010) can0 03FF1604#0000000000000000
(1788787713.074219) can0 04FF3604#0004000300C80100
(1788787713.078255) can0 05FF4605#1B10000000000000
(1788787713.081094) can0 03FF1000#0840112200000001
(1788787713.092012) can0 03FF1001#0000000000000000
(1788787713.102083) can0 03FF1603#0000D10E00000000
(1788787713.104204) can0 04FF3604#0006000300C80100
(1788787713.108058) can0 05FF4606#1D1D1C
(1788787713.113013) can0 03FF1605#0100000000000000
(1788787713.118072) can0 05FF4607#1D1C1C
(1788787713.128126) can0 05FF4608#0019007C
(1788787713.134210) can0 04FF3604#0004000300C80100
(1788787713.138245) can0 05FF4609#030003D403CA00
(1788787713.154235) can0 04FF3602#0000000000000000
(1788787713.165018) can0 04FF3604#0005000300C80100
(1788787713.165095) can0 03FF1000#0840112200000001
(1788787713.176019) can0 03FF1001#0000000000000000
(1788787713.176291) can0 05FF4610#0000D151FFFFFFA3
(1788787713.186082) can0 03FF1603#0000D10E00000000
(1788787713.194227) can0 04FF3604#0006000300C80100
(1788787713.197017) can0 03FF1605#0100000000000000
(1788787713.221135) can0 13B76400#01
(1788787713.224222) can0 04FF3604#0006000300C80100
(1788787713.254222) can0 04FF3604#0006000300C80100
(1788787713.270117) can0 03FF1000#0840112200000001
(1788787713.271022) can0 05FF4400#00000003
(1788787713.281022) can0 03FF1001#0000000000000000
(1788787713.284218) can0 04FF3604#0005000300C80100
(1788787713.291092) can0 03FF1603#0000D10E00000000
(1788787713.302024) can0 03FF1605#0100000000000000
(1788787713.314215) can0 04FF3604#0004000300C80100
(1788787713.323268) can0 05FF4600#0D0300900303
(1788787713.344199) can0 04FF3604#0003000300C80100
(1788787713.372028) can0 05FF4601#007300000000
(1788787713.374196) can0 04FF3604#0003000300C80100
(1788787713.375130) can0 03FF1000#0840112200000001
(1788787713.386027) can0 03FF1001#0000000000000000
(1788787713.396075) can0 03FF1603#0000D10E00000000
(1788787713.404237) can0 04FF3604#0004000300C80100
(1788787713.407029) can0 03FF1605#0100000000000000
(1788787713.432030) can0 02181606#0100190001030200
(1788787713.434203) can0 04FF3604#0005000300C80100
(1788787713.462033) can0 02203606#0101000100010000
(1788787713.464205) can0 04FF3604#0006000300C80100
(1788787713.467032) can0 05FF4610#0000D152FFFFFFA9
(1788787713.480132) can0 03FF1000#0840112200000001
(1788787713.491033) can0 03FF1001#0000000000000000
(1788787713.492033) can0 02181608#0500000001000000
(1788787713.494195) can0 04FF3604#0004000300C80100
(1788787713.501091) can0 03FF1603#0000D10E00000000
(1788787713.502034) can0 13B76400#01
(1788787713.512034) can0 03FF1605#0100000000000000
(1788787713.522035) can0 02181609#0000000000000000
(1788787713.523035) can0 03121606#0000000000000000
(1788787713.524208) can0 04FF3604#0003000300C80100
(1788787713.552037) can0 02488600#0000000000000000
(1788787713.554210) can0 04FF3604#0007000300C80100
(1788787713.582040) can0 02191501#
(1788787713.584212) can0 04FF3604#0004000300C80100
(1788787713.585107) can0 03FF1000#0840112200000001
(1788787713.596039) can0 03FF1001#0000000000000000
(1788787713.606086) can0 03FF1603#0000D10E00000000
(1788787713.612039) can0 02FF2605#0000060907030803
(1788787713.614213) can0 04FF3604#0004000300C80100
(1788787713.617041) can0 03FF1605#0100000000000000
(1788787713.627117) can0 03FF1501#0000004A00000000
(1788787713.642043) can0 02FF2604#0000000000000000
(1788787713.644203) can0 04FF3604#0004000300C80100
(1788787713.654217) can0 04FF3602#0000000000000000
(1788787713.672045) can0 02FF2704#0200000000000000
(1788787713.674230) can0 04FF3604#0004000300C80100
(1788787713.690114) can0 03FF1000#0840112200000001
(1788787713.701045) can0 03FF1001#0000000000000000
(1788787713.702044) can0 0260B606#0100000000000000
(1788787713.704206) can0 04FF3604#0006000300C80100
(1788787713.711103) can0 03FF1603#0000D10E00000000
(1788787713.722048) can0 03FF1605#0100000000000000
(1788787713.732051) can0 02203607#0000000300000000
(1788787713.734220) can0 04FF3604#0004000300C80100
(1788787713.741047) can0 05FF4610#0000D152FFFFFFA9
(1788787713.764202) can0 04FF3604#0003000300C80100
(1788787713.782049) can0 13B76400#01
(1788787713.794223) can0 04FF3604#0005000300C80100
(1788787713.795130) can0 03FF1000#0840112200000001
(1788787713.806051) can0 03FF1001#0000000000000000
(1788787713.816125) can0 03FF1603#0000D10E00000000
(1788787713.824217) can0 04FF3604#0006000300C80100
(1788787713.827052) can0 03FF1605#0100000000000000
(1788787713.854217) can0 04FF3604#0006000300C80100
(1788787713.884216) can0 04FF3604#0005000300C80100
(1788787713.900160) can0 03FF1000#0840112200000001
(1788787713.911056) can0 03FF1001#0000000000000000
(1788787713.914218) can0 04FF3604#0005000300C80100
(1788787713.921109) can0 03FF1603#0000D10E00000000
(1788787713.932057) can0 03FF1605#0100000000000000
(1788787713.944208) can0 04FF3604#0006000300C80100
(1788787713.974213) can0 04FF3604#0004000300C80100
(1788787714.003062) can0 05FF4610#0000D152FFFFFFA9
(1788787714.004211) can0 04FF3604#0005000300C80100
(1788787714.005142) can0 03FF1000#0840112200000001
(1788787714.011062) can0 05FF4001#0000000000000000
(1788787714.013061) can0 05FF4000#0000000000000000
(1788787714.016061) can0 03FF1001#0000000000000000
(1788787714.026109) can0 03FF1603#0000D10E00000000
(1788787714.034202) can0 04FF3604#0005000300C80100
(1788787714.037062) can0 03FF1605#0100000000000000
(1788787714.047132) can0 03FF1600#142B000104001319
(1788787714.058064) can0 03FF1601#6E50000000000000
(1788787714.064217) can0 04FF3604#0006000300C80100
(1788787714.068076) can0 03FF1602#000005000000157C
(1788787714.079065) can0 03FF1604#0000000000000000
(1788787714.084064) can0 13B76400#01
(1788787714.094066) can0 05FF4602#1210171017101710
(1788787714.094255) can0 04FF3604#0003000400C80100
(1788787714.104066) can0 05FF4603#18101B101D101D10
(1788787714.110125) can0 03FF1000#0840112200000001
(1788787714.114066) can0 05FF4604#1B101C101E101F10
(1788787714.121067) can0 03FF1001#0000000000000000
(1788787714.124067) can0 05FF4605#1A10000000000000
(1788787714.124307) can0 04FF3604#0005000300C80100
(1788787714.131114) can0 03FF1603#0000D10E00000000
(1788787714.142068) can0 03FF1605#0100000000000000
(1788787714.154069) can0 05FF4606#1D1D1C
(1788787714.154216) can0 04FF3602#0000000000000000
(1788787714.155068) can0 04FF3604#0003000300C80100
(1788787714.164070) can0 05FF4607#1D1C1C
(1788787714.174070) can0 05FF4608#0019007C
(1788787714.184072) can0 05FF4609#030003D403CA00
(1788787714.184310) can0 04FF3604#0004000300C80100
(1788787714.193071) can0 02181606#0100190001030200
(1788787714.214200) can0 04FF3604#0004000300C80100
(1788787714.215129) can0 03FF1000#0840112200000001
(1788787714.223072) can0 02203606#0101000100010000
(1788787714.226072) can0 03FF1001#0000000000000000
(1788787714.236170) can0 03FF1603#0000D10E00000000
(1788787714.244213) can0 04FF3604#0005000300C80100
(1788787714.247074) can0 03FF1605#0100000000000000
(1788787714.253077) can0 02181608#0500000001000000
(1788787714.257109) can0 03121606#0000000000000000
(1788787714.267077) can0 05FF4610#0000D152FFFFFFA9
(1788787714.274203) can0 04FF3604#0006000300C80100
(1788787714.283076) can0 02181609#0000000000000000
(1788787714.304204) can0 04FF3604#0004000300C80100
(1788787714.313078) can0 02488600#0000000000000000
(1788787714.320135) can0 03FF1000#0840112200000001
(1788787714.331079) can0 03FF1001#0000000000000000
(1788787714.334182) can0 04FF3604#0003000300C80100
(1788787714.341124) can0 03FF1603#0000D10E00000000
(1788787714.342275) can0 02213500#
(1788787714.349201) can0 04F93500#000000EB00000000
(1788787714.352079) can0 03FF1605#0100000000000000
(1788787714.362289) can0 13B76400#01
(1788787714.364195) can0 04FF3604#0005000300C80100
(1788787714.394192) can0 04FF3604#0005000300C80100
(1788787714.424211) can0 04FF3604#0006000300C80100
(1788787714.425164) can0 03FF1000#0840112200000001
(1788787714.436084) can0 03FF1001#0000000000000000
(1788787714.446096) can0 03FF1603#0000D10E00000000
(1788787714.454189) can0 04FF3604#0007000300C80100
(1788787714.457084) can0 03FF1605#0100000000000000
(1788787714.484204) can0 04FF3604#0004000300C80100
(1788787714.514200) can0 04FF3604#0004000300C80100
(1788787714.530159) can0 03FF1000#0840112200000001
(1788787714.541089) can0 03FF1001#0000000000000000
(1788787714.544205) can0 04FF3604#0006000300C80100
(1788787714.551132) can0 03FF1603#0000D10E00000000
(1788787714.557090) can0 05FF4610#0000D151FFFFFFA3
(1788787714.562091) can0 03FF1605#0100000000000000
(1788787714.574208) can0 04FF3604#0002000300C80100
(1788787714.604209) can0 04FF3604#0006000300C80100
(1788787714.614094) can0 02FF2605#0000060907030804
(1788787714.634199) can0 04FF3604#0004000300C80100
(1788787714.635152) can0 03FF1000#0840112200000001
(1788787714.643333) can0 13B76400#01
(1788787714.644095) can0 02FF2604#0000000000000000
(1788787714.646095) can0 03FF1001#0000000000000000
(1788787714.654223) can0 04FF3602#0000000000000000
(1788787714.656125) can0 03FF1603#0000D10E00000000
(1788787714.664189) can0 04FF3604#0004000300C80100
(1788787714.667096) can0 03FF1605#0100000000000000
(1788787714.675120) can0 02FF2704#0200000000000000
(1788787714.694203) can0 04FF3604#0005000300C80100
(1788787714.703098) can0 0260B606#0100000000000000
(1788787714.724192) can0 04FF3604#0007000300C80100
(1788787714.735103) can0 02203607#0000000300000000
(1788787714.740130) can0 03FF1000#0840112200000001
(1788787714.751104) can0 03FF1001#0000000000000000
(1788787714.754182) can0 04FF3604#0004000300C80100
(1788787714.761124) can0 03FF1603#0000D10E00000000
(1788787714.772103) can0 03FF1605#0100000000000000
(1788787714.784184) can0 04FF3604#0005000300C80100
(1788787714.814220) can0 04FF3604#0005000300C80100
(1788787714.830110) can0 05FF4610#0000D151FFFFFFA3
(1788787714.844210) can0 04FF3604#0003000300C80100
(1788787714.845140) can0 03FF1000#0840112200000001
(1788787714.856107) can0 03FF1001#0000000000000000
(1788787714.866133) can0 03FF1603#0000D10E00000000
(1788787714.874207) can0 04FF3604#0006000300C80100
(1788787714.877107) can0 03FF1605#0100000000000000
(1788787714.904202) can0 04FF3604#0005000300C80100
(1788787714.923110) can0 13B76400#01
(1788787714.934187) can0 04FF3604#0004000300C80100
(1788787714.950170) can0 03FF1000#0840112200000001
(1788787714.953111) can0 02181606#0100190001030200
(1788787714.961113) can0 03FF1001#0000000000000000
(1788787714.964195) can0 04FF3604#0005000300C80100
(1788787714.971148) can0 03FF1603#0000D10E00000000
(1788787714.982114) can0 03FF1605#0100000000000000
(1788787714.983182) can0 02203606#0101000100010000
(1788787714.994190) can0 04FF3604#0003000300C80100
(1788787715.013173) can0 02181608#0500000001000000
(1788787715.024197) can0 04FF3604#0003000300C80100
(1788787715.043197) can0 02181609#0000000000000000
(1788787715.054205) can0 04FF3604#0005000300C80100
(1788787715.055186) can0 03FF1000#0840112200000001
(1788787715.057221) can0 05FF4001#0000000000000000
(1788787715.059232) can0 05FF4000#0000000000000000
(1788787715.066118) can0 03FF1001#0000000000000000
(1788787715.076119) can0 03FF1600#142B000104001319
(1788787715.084200) can0 04FF3604#0003000300C80100
(1788787715.087118) can0 03FF1601#6E50000000000000
(1788787715.092195) can0 05FF4610#0000D151FFFFFFA3
(1788787715.093326) can0 02488600#0000000000000000
(1788787715.097119) can0 03FF1602#000005000000157C
(1788787715.108120) can0 03FF1603#0000D10E00000000
(1788787715.114208) can0 04FF3604#0006000300C80100
(1788787715.118154) can0 03FF1604#0000000000000000
(1788787715.123120) can0 02213501#
(1788787715.129121) can0 03FF1605#0100000000000000
(1788787715.129222) can0 04F93501#0000000400000000
(1788787715.139145) can0 03121606#0000000000000000
(1788787715.140121) can0 05FF4602#1110171017101710
(1788787715.144190) can0 04FF3604#0005000300C80100
(1788787715.149198) can0 05FF4603#18101A101D101D10
(1788787715.154192) can0 04FF3602#0000000000000000
(1788787715.159215) can0 05FF4604#1B101C101E101F10
(1788787715.160168) can0 03FF1000#0840112200000001
(1788787715.169247) can0 05FF4605#1B10000000000000
(1788787715.171123) can0 03FF1001#0000000000000000
(1788787715.174193) can0 04FF3604#0002000300C80100
(1788787715.181146) can0 03FF1603#0000D10E00000000
(1788787715.192125) can0 03FF1605#0100000000000000
(1788787715.200125) can0 05FF4606#1D1D1C
(1788787715.204207) can0 04FF3604#0004000300C80100
(1788787715.206125) can0 13B76400#01
(1788787715.210125) can0 05FF4607#1D1C1C
(1788787715.220126) can0 05FF4608#0019007C
(1788787715.230230) can0 05FF4609#030003D403CA00
(1788787715.234187) can0 04FF3604#0005000300C80100
(1788787715.264196) can0 04FF3604#0004000300C80100
(1788787715.265198) can0 03FF1000#0840112200000001
(1788787715.276129) can0 03FF1001#0000000000000000
(1788787715.286141) can0 03FF1603#0000D10E00000000
(1788787715.294210) can0 04FF3604#0004000300C80100
(1788787715.297130) can0 03FF1605#0100000000000000
(1788787715.324189) can0 04FF3604#0004000300C80100
(1788787715.354179) can0 04FF3604#0004000300C80100
(1788787715.355133) can0 05FF4610#0000D151FFFFFFA3
(1788787715.370160) can0 03FF1000#0840112200000001
(1788787715.381135) can0 03FF1001#0000000000000000
(1788787715.384192) can0 04FF3604#0003000300C80100
(1788787715.391165) can0 03FF1603#0000D10E00000000
(1788787715.402135) can0 03FF1605#0100000000000000
(1788787715.414194) can0 04FF3604#0007000300C80100
(1788787715.444195) can0 04FF3604#0003000300C80100
(1788787715.474198) can0 04FF3604#0006000300C80100
(1788787715.475151) can0 03FF1000#0840112200000001
(1788787715.484140) can0 13B76400#01
(1788787715.486140) can0 03FF1001#0000000000000000
(1788787715.496147) can0 03FF1603#0000D10E00000000
(1788787715.504212) can0 04FF3604#0002000300C80100
(1788787715.507142) can0 03FF1605#0100000000000000
(1788787715.534189) can0 04FF3604#0003000300C80100
(1788787715.564198) can0 04FF3604#0005000300C80100
(1788787715.580181) can0 03FF1000#0840112200000001
(1788787715.591146) can0 03FF1001#0000000000000000
(1788787715.594192) can0 04FF3604#0005000300C80100
(1788787715.601146) can0 03FF1603#0000D10E00000000
(1788787715.612147) can0 03FF1605#0100000000000000
(1788787715.624147) can0 02FF2605#0000060907030805
(1788787715.624318) can0 04FF3604#0004000300C80100
(1788787715.646148) can0 05FF4610#0000D150FFFFFFA3
(1788787715.654150) can0 02FF2604#0000000000000000
(1788787715.654424) can0 04FF3602#0000000000000000
(1788787715.655149) can0 04FF3604#0005000300C80100
(1788787715.684152) can0 02FF2704#0200000000000000
(1788787715.684416) can0 04FF3604#0005000300C80100
(1788787715.685180) can0 03FF1000#0840112200000001
(1788787715.696152) can0 03FF1001#0000000000000000
(1788787715.706153) can0 03FF1603#0000D10E00000000
(1788787715.714154) can0 0260B606#0100000000000000
(1788787715.715152) can0 04FF3604#0003000300C80100
(1788787715.717153) can0 03FF1605#0100000000000000
(1788787715.744158) can0 02203607#0000000300000000
(1788787715.745157) can0 04FF3604#0005000300C80100
(1788787715.764159) can0 13B76400#01
(1788787715.774159) can0 02181606#0100190001030200
(1788787715.775156) can0 04FF3604#0005000300C80100
(1788787715.790215) can0 03FF1000#0840112200000001
(1788787715.801158) can0 03FF1001#0000000000000000
(1788787715.804192) can0 04FF3604#0004000300C80100
(1788787715.805158) can0 02203606#0101000100010000
(1788787715.811158) can0 03FF1603#0000D10E00000000
(1788787715.822162) can0 03FF1605#0100000000000000
(1788787715.832162) can0 03121606#0000000000000000
(1788787715.834194) can0 04FF3604#0005000300C80100
(1788787715.837159) can0 02181608#0500000001000000
(1788787715.864165) can0 02181609#0000000000000000
(1788787715.865164) can0 04FF3604#0003000300C80100
(1788787715.894164) can0 02488600#0000000000000000
(1788787715.895162) can0 04FF3604#0003000300C80100
(1788787715.895217) can0 03FF1000#0840112200000001
(1788787715.906164) can0 03FF1001#0000000000000000
(1788787715.916187) can0 03FF1603#0000D10E00000000
(1788787715.923164) can0 05FF4610#0000D150FFFFFFA3
(1788787715.924164) can0 02294502#
(1788787715.924388) can0 04FF3604#0003000300C80100
(1788787715.925164) can0 05124502#5250313353333541
(1788787715.927164) can0 03FF1605#0100000000000000
(1788787715.954201) can0 04FF3604#0005000300C80100
(1788787715.984189) can0 04FF3604#0005000300C80100
(1788787716.000205) can0 03FF1000#0840112200000001
(1788787716.011170) can0 03FF1001#0000000000000000
(1788787716.014204) can0 04FF3604#0004000300C80100
(1788787716.021169) can0 03FF1603#0000D10E00000000
(1788787716.032171) can0 03FF1605#0100000000000000
(1788787716.044171) can0 13B76400#01
(1788787716.045171) can0 04FF3604#0006000300C80100
(1788787716.063179) can0 03FF1600#142B000104001319
(1788787716.074175) can0 03FF1601#6E50000000000000
(1788787716.074232) can0 04FF3604#0005000300C80100
(1788787716.084174) can0 03FF1602#000005000000157C
(1788787716.095174) can0 03FF1604#0000000000000000
(1788787716.104198) can0 04FF3604#0004000300C80100
(1788787716.105185) can0 03FF1000#0840112200000001
(1788787716.106174) can0 05FF4001#0000000000000000
(1788787716.108174) can0 05FF4000#0000000000000000
(1788787716.116174) can0 03FF1001#0000000000000000
(1788787716.126175) can0 03FF1603#0000D10E00000000
(1788787716.134210) can0 04FF3604#0006000300C80100
(1788787716.137175) can0 03FF1605#0100000000000000
(1788787716.154200) can0 04FF3602#0000000000000000
(1788787716.164180) can0 04FF3604#0003000300C80100
(1788787716.185181) can0 05FF4610#0000D150FFFFFFA3
(1788787716.189180) can0 05FF4602#1110171017101710
(1788787716.194190) can0 04FF3604#0007000300C80100
(1788787716.199179) can0 05FF4603#18101A101C101D10
(1788787716.209179) can0 05FF4604#1C101C101E101F10
(1788787716.210191) can0 03FF1000#0840112200000001
(1788787716.219365) can0 05FF4605#1A10000000000000
(1788787716.221180) can0 03FF1001#0000000000000000
(1788787716.224180) can0 04FF3604#0004000300C80100
(1788787716.231181) can0 03FF1603#0000D10E00000000
(1788787716.242185) can0 03FF1605#0100000000000000
(1788787716.249185) can0 05FF4606#1D1D1C
(1788787716.254208) can0 04FF3604#0004000300C80100
(1788787716.259182) can0 05FF4607#1D1C1C
(1788787716.269185) can0 05FF4608#0019007C
(1788787716.279187) can0 05FF4609#030003D403CA00
(1788787716.284184) can0 04FF3604#0003000300C80100
(1788787716.314186) can0 04FF3604#0004000300C80100
(1788787716.315185) can0 03FF1000#0840112200000001
(1788787716.325185) can0 13B76400#01
(1788787716.326186) can0 03FF1001#0000000000000000
(1788787716.336186) can0 03FF1603#0000D10E00000000
(1788787716.344221) can0 04FF3604#0006000300C80100
(1788787716.347186) can0 03FF1605#0100000000000000
(1788787716.374214) can0 04FF3604#0005000300C80100
(1788787716.404192) can0 04FF3604#0004000300C80100
(1788787716.420192) can0 03FF1000#0840112200000001
(1788787716.431192) can0 03FF1001#0000000000000000
(1788787716.434191) can0 04FF3604#0006000300C80100
(1788787716.441191) can0 03FF1603#0000D10E00000000
(1788787716.452192) can0 03FF1605#0100000000000000
(1788787716.464196) can0 04FF3604#0005000300C80100
(1788787716.474196) can0 05FF4610#0000D151FFFFFFA3
(1788787716.475194) can0 02181606#0100190001030200
(1788787716.494195) can0 04FF3604#0005000300C80100
(1788787716.505195) can0 02203606#0101000100010000
(1788787716.524196) can0 04FF3604#0004000300C80100
(1788787716.525203) can0 03FF1000#0840112200000001
(1788787716.535197) can0 02181608#0500000001000000
(1788787716.536197) can0 03FF1001#0000000000000000
(1788787716.546198) can0 03FF1603#0000D10E00000000
(1788787716.554199) can0 04FF3604#0003000300C80100
(1788787716.557198) can0 03FF1605#0100000000000000
(1788787716.565201) can0 02181609#0000000000000000
(1788787716.567201) can0 03121606#0000000000000000
(1788787716.584201) can0 04FF3604#0004000300C80100
(1788787716.595201) can0 02488600#0000000000000000
(1788787716.605201) can0 13B76400#01
(1788787716.614201) can0 04FF3604#0005000300C80100
(1788787716.625202) can0 02294503#
(1788787716.626202) can0 05124503#00150C0900000C62
(1788787716.630202) can0 03FF1000#0840112200000001
(1788787716.641203) can0 03FF1001#0000000000000000
(1788787716.644203) can0 04FF3604#0004000300C80100
(1788787716.651204) can0 03FF1603#0000D10E00000000
(1788787716.654203) can0 04FF3602#0000000000000000
(1788787716.655203) can0 02FF2605#0000060907030806
(1788787716.662203) can0 03FF1605#0100000000000000
(1788787716.674207) can0 04FF3604#0003000300C80100
(1788787716.685207) can0 02FF2604#0000000000000000
(1788787716.704209) can0 04FF3604#0004000300C80100
(1788787716.715207) can0 02FF2704#0200000000000000
(1788787716.734211) can0 04FF3604#0003000300C80100
(1788787716.735210) can0 03FF1000#0840112200000001
(1788787716.745208) can0 0260B606#0100000000000000
(1788787716.746208) can0 03FF1001#0000000000000000
(1788787716.750211) can0 05FF4610#0000D151FFFFFFA3
(1788787716.756211) can0 03FF1603#0000D10E00000000
(1788787716.764213) can0 04FF3604#0007000300C80100
(1788787716.767212) can0 03FF1605#0100000000000000
(1788787716.775210) can0 02203607#0000000300000000
(1788787716.794211) can0 04FF3604#0006000300C80100
(1788787716.824216) can0 04FF3604#0007000300C80100
(1788787716.840216) can0 03FF1000#0840112200000001
(1788787716.851214) can0 03FF1001#0000000000000000
(1788787716.854214) can0 04FF3604#0004000300C80100
(1788787716.861214) can0 03FF1603#0000D10E00000000
(1788787716.872218) can0 03FF1605#0100000000000000
(1788787716.884219) can0 04FF3604#0005000300C80100
(1788787716.885215) can0 13B76400#01
(1788787716.914218) can0 04FF3604#0006000300C80100
(1788787716.944219) can0 04FF3604#0003000300C80100
(1788787716.945218) can0 03FF1000#0840112200000001
(1788787716.956219) can0 03FF1001#0000000000000000
(1788787716.966222) can0 03FF1603#0000D10E00000000
(1788787716.974224) can0 04FF3604#0006000300C80100
(1788787716.977221) can0 03FF1605#0100000000000000
(1788787717.004222) can0 04FF3604#0005000300C80100
(1788787717.014224) can0 05FF4610#0000D151FFFFFFA3
(1788787717.034224) can0 04FF3604#0005000300C80100
(1788787717.050225) can0 03FF1000#0840112200000001
(1788787717.061226) can0 03FF1001#0000000000000000
(1788787717.064225) can0 04FF3604#0006000400C80100
(1788787717.071229) can0 03FF1603#0000D10E00000000
(1788787717.082230) can0 03FF1605#0100000000000000
(1788787717.092227) can0 03FF1600#142B000104001319
(1788787717.094226) can0 04FF3604#0004000300C80100
(1788787717.103232) can0 03FF1601#6E50000000000000
(1788787717.113231) can0 03FF1602#000005000000157C
(1788787717.124230) can0 03FF1604#0000000000000000
(1788787717.124284) can0 04FF3604#0003000300C80100
(1788787717.154230) can0 05FF4001#0000000000000000
(1788787717.155230) can0 04FF3602#0000000000000000
(1788787717.155284) can0 03FF1000#0840112200000001
(1788787717.156229) can0 05FF4000#0000000000000000
(1788787717.166231) can0 03FF1001#0000000000000000
(1788787717.176231) can0 03FF1603#0000D10E00000000
(1788787717.184232) can0 04FF3604#0005000300C80100
(1788787717.187232) can0 03FF1605#0100000000000000
(1788787717.197233) can0 03FF1400#0000000600000000
(1788787717.214234) can0 04FF3604#0004000300C80100
(1788787717.235344) can0 02181606#0100190001030200
(1788787717.236238) can0 05FF4602#1110171017101710
(1788787717.244235) can0 04FF3604#0003000300C80100
(1788787717.246235) can0 05FF4603#18101A101D101D10
(1788787717.256238) can0 05FF4604#1B101C101E101F10
(1788787717.260238) can0 03FF1000#0840112200000001
(1788787717.265454) can0 02203606#0101000100010000
(1788787717.266238) can0 05FF4605#1B10000000000000
(1788787717.271236) can0 03FF1001#0000000000000000
(1788787717.274236) can0 04FF3604#0005000300C80100
(1788787717.275236) can0 05FF4610#0000D151FFFFFFA3
(1788787717.281237) can0 03FF1603#0000D10E00000000
(1788787717.292238) can0 03FF1605#0100000000000000
(1788787717.296238) can0 05FF4606#1D1D1C
(1788787717.297237) can0 02181608#0500000001000000
(1788787717.302238) can0 03121606#0000000000000000
(1788787717.304238) can0 04FF3604#0005000300C80100
(1788787717.306238) can0 05FF4607#1D1C1C
(1788787717.316239) can0 05FF4608#0019007C
(1788787717.325482) can0 02181609#0000000000000000
(1788787717.326239) can0 05FF4609#030003D403CA00
(1788787717.334239) can0 04FF3604#0003000300C80100
(1788787717.355456) can0 02488600#0000000000000000
(1788787717.364242) can0 04FF3604#0005000300C80100
(1788787717.365244) can0 03FF1000#0840112200000001
(1788787717.376244) can0 03FF1001#0000000000000000
(1788787717.385243) can0 02294504#
(1788787717.386242) can0 05124504#1D
(1788787717.386482) can0 03FF1603#0000D10E00000000
(1788787717.394242) can0 04FF3604#0004000300C80100
(1788787717.397243) can0 03FF1605#0100000000000000
(1788787717.424245) can0 04FF3604#0004000300C80100
(1788787717.454246) can0 04FF3604#0006000300C80100
(1788787717.470249) can0 03FF1000#0840112200000001
(1788787717.481250) can0 03FF1001#0000000000000000
(1788787717.484248) can0 04FF3604#0004000300C80100
(1788787717.491249) can0 03FF1603#0000D10E00000000
(1788787717.502249) can0 03FF1605#0100000000000000
(1788787717.514250) can0 04FF3604#0005000300C80100
(1788787717.544251) can0 04FF3604#0005000300C80100
(1788787717.565289) can0 05FF4610#0000D151FFFFFFA3
(1788787717.574256) can0 04FF3604#0005000400C80100
(1788787717.575252) can0 03FF1000#0840112200000001
(1788787717.586254) can0 03FF1001#0000000000000000
(1788787717.596254) can0 03FF1603#0000D10E00000000
(1788787717.604254) can0 04FF3604#0004000300C80100
(1788787717.607254) can0 03FF1605#0100000000000000
(1788787717.634257) can0 04FF3604#0004000300C80100
(1788787717.646256) can0 02FF2605#0000060907030807
(1788787717.654257) can0 04FF3400#0000057400000000
(1788787717.655256) can0 04FF3602#0000000000000000
(1788787717.664292) can0 04FF3604#0003000400C80100
(1788787717.676261) can0 02FF2604#0000000000000000
(1788787717.680261) can0 03FF1000#0840112200000001
(1788787717.691259) can0 03FF1001#0000000000000000
(1788787717.694259) can0 04FF3604#0005000300C80100
(1788787717.701259) can0 03FF1603#0000D10E00000000
(1788787717.706260) can0 02FF2704#0200000000000000
(1788787717.712260) can0 03FF1605#0100000000000000
(1788787717.724260) can0 04FF3604#0004000300C80100
(1788787717.736265) can0 0260B606#0100000000000000
(1788787717.754265) can0 04FF3604#0005000300C80100
(1788787717.766265) can0 02203607#0000000300000000
(1788787717.784267) can0 04FF3604#0004000300C80100
(1788787717.785264) can0 03FF1000#0840112200000001
(1788787717.796265) can0 03FF1001#0000000000000000
(1788787717.806265) can0 03FF1603#0000D10E00000000
(1788787717.814265) can0 04FF3604#0004000300C80100
(1788787717.817269) can0 03FF1605#0100000000000000
(1788787717.840270) can0 05FF4610#0000D151FFFFFFA3
(1788787717.844267) can0 04FF3604#0005000300C80100
(1788787717.874273) can0 04FF3604#0004000300C80100
(1788787717.890272) can0 03FF1000#0840112200000001
(1788787717.901270) can0 03FF1001#0000000000000000
(1788787717.904270) can0 04FF3604#0003000300C80100
(1788787717.911270) can0 03FF1603#0000D10E00000000
(1788787717.922271) can0 03FF1605#0100000000000000
(1788787717.934271) can0 04FF3604#0003000300C80100
(1788787717.964274) can0 04FF3604#0006000300C80100
(1788787717.994278) can0 04FF3604#0005000300C80100
(1788787717.995278) can0 03FF1000#0840112200000001
(1788787717.996275) can0 02181606#0100190001030200
(1788787718.006276) can0 03FF1001#0000000000000000
(1788787718.016277) can0 03FF1603#0000D10E00000000
(1788787718.024277) can0 04FF3604#0004000300C80100
(1788787718.026276) can0 02203606#0101000100010000
(1788787718.027276) can0 03FF1605#0100000000000000
(1788787718.054279) can0 04FF3604#0005000300C80100
(1788787718.079283) can0 02181608#0500000001000000
(1788787718.079332) can0 03FF1600#142B000104001319
(1788787718.084280) can0 04FF3604#0007000300C80100
(1788787718.090280) can0 03FF1601#6E50000000000000
(1788787718.100281) can0 03FF1602#000005000000157C
(1788787718.103281) can0 05FF4610#0000D151FFFFFFA3
(1788787718.106281) can0 02181609#0000000000000000
(1788787718.111281) can0 03FF1604#0000000000000000
(1788787718.114281) can0 04FF3604#0006000300C80100
(1788787718.121282) can0 03FF1000#0840112200000001
(1788787718.132282) can0 03FF1001#0000000000000000
(1788787718.136282) can0 02488600#0000000000000000
(1788787718.142283) can0 03FF1603#0000D10E00000000
(1788787718.144283) can0 04FF3604#0005000300C80100
(1788787718.153284) can0 03FF1605#0100000000000000
(1788787718.154283) can0 04FF3602#0000000000000000
(1788787718.163284) can0 03121606#0000000000000000
(1788787718.166287) can0 02191502#
(1788787718.174287) can0 04FF3604#0003000300C80100
(1788787718.184287) can0 03FF1502#0100000000000000
(1788787718.200286) can0 05FF4001#0000000000000000
(1788787718.202288) can0 05FF4000#0000000000000000
(1788787718.204286) can0 04FF3604#0003000300C80100
(1788787718.205286) can0 03FF1000#0840112200000001
(1788787718.216287) can0 03FF1001#0000000000000000
(1788787718.226288) can0 03FF1603#0000D10E00000000
(1788787718.234292) can0 04FF3604#0003000300C80100
(1788787718.237292) can0 03FF1605#0100000000000000
(1788787718.264293) can0 04FF3604#0004000300C80100
(1788787718.283293) can0 05FF4602#1210171017101710
(1788787718.293295) can0 05FF4603#18101A101D101D10
(1788787718.294291) can0 04FF3604#0002000300C80100
(1788787718.303292) can0 05FF4604#1B101C101E101F10
(1788787718.310292) can0 03FF1000#0840112200000001
(1788787718.313292) can0 05FF4605#1A10000000000000
(1788787718.321293) can0 03FF1001#0000000000000000
(1788787718.324292) can0 04FF3604#0003000300C80100
(1788787718.331293) can0 03FF1603#0000D10E00000000
(1788787718.342294) can0 03FF1605#0100000000000000
(1788787718.342487) can0 05FF4606#1D1D1C
(1788787718.352468) can0 05FF4607#1D1B1C
(1788787718.354294) can0 04FF3604#0004000300C80100
(1788787718.362514) can0 05FF4608#0019007C
(1788787718.365295) can0 05FF4610#0000D151FFFFFFA3
(1788787718.373298) can0 05FF4609#030003D403CA00
(1788787718.384300) can0 04FF3604#0004000300C80100
(1788787718.414300) can0 04FF3604#0005000300C80100
(1788787718.415298) can0 03FF1000#0840112200000001
(1788787718.426298) can0 03FF1001#0000000000000000
(1788787718.436299) can0 03FF1603#0000D10E00000000
(1788787718.444299) can0 04FF3604#0005000300C80100
(1788787718.447299) can0 03FF1605#0100000000000000
(1788787718.474303) can0 04FF3604#0004000300C80100
(1788787718.504305) can0 04FF3604#0007000300C80100
(1788787718.520304) can0 03FF1000#0840112200000001
(1788787718.531305) can0 03FF1001#0000000000000000
(1788787718.534304) can0 04FF3604#0004000300C80100
(1788787718.541304) can0 03FF1603#0000D10E00000000
(1788787718.552305) can0 03FF1605#0100000000000000
(1788787718.564305) can0 04FF3604#0004000300C80100
(1788787718.580309) can0 05FF4600#0D0300900303
(1788787718.594311) can0 04FF3604#0004000300C80100
(1788787718.624309) can0 04FF3604#0005000300C80100
(1788787718.625309) can0 03FF1000#0840112200000001
(1788787718.636309) can0 03FF1001#0000000000000000
(1788787718.646311) can0 03FF1603#0000D10E00000000
(1788787718.654310) can0 04FF3602#0000000000000000
(1788787718.655310) can0 04FF3604#0006000300C80100
(1788787718.655365) can0 05FF4610#0000D151FFFFFFA9
(1788787718.657310) can0 03FF1605#0100000000000000
(1788787718.657365) can0 02FF2605#0000060907030808
(1788787718.684314) can0 04FF3604#0003000300C80100
(1788787718.687314) can0 02FF2604#0000000000000000
(1788787718.714314) can0 04FF3604#0006000300C80100
(1788787718.717314) can0 02FF2704#0200000000000000
(1788787718.730315) can0 03FF1000#0840112200000001
(1788787718.741318) can0 03FF1001#0000000000000000
(1788787718.744318) can0 04FF3604#0005000300C80100
(1788787718.747315) can0 0260B606#0100000000000000
(1788787718.751319) can0 03FF1603#0000D10E00000000
(1788787718.762318) can0 03FF1605#0100000000000000
(1788787718.774320) can0 04FF3604#0003000300C80100
(1788787718.777319) can0 02203607#0000000300000000
(1788787718.804320) can0 04FF3604#0005000300C80100
(1788787718.807318) can0 02181606#0100190001030200
(1788787718.834324) can0 04FF3604#0006000300C80100
(1788787718.835322) can0 03FF1000#0840112200000001
(1788787718.837320) can0 02203606#0101000100010000
(1788787718.846321) can0 03FF1001#0000000000000000
(1788787718.856322) can0 03FF1603#0000D10E00000000
(1788787718.864321) can0 04FF3604#0005000300C80100
(1788787718.867324) can0 03FF1605#0100000000000000
(1788787718.867374) can0 02181608#0500000001000000
(1788787718.877323) can0 03121606#0000000000000000
(1788787718.894324) can0 04FF3604#0004000300C80100
(1788787718.899323) can0 02181609#0000000000000000
(1788787718.924324) can0 04FF3604#0006000300C80100
(1788787718.928324) can0 02488600#0000000000000000
(1788787718.930324) can0 05FF4610#0000D151FFFFFFA9
(1788787718.940325) can0 03FF1000#0840112200000001
(1788787718.951326) can0 03FF1001#0000000000000000
(1788787718.954326) can0 04FF3604#0003000300C80100
(1788787718.958465) can0 02191503#
(1788787718.961326) can0 03FF1603#0000D10E00000000
(1788787718.972330) can0 03FF1605#0100000000000000
(1788787718.982331) can0 03FF1503#0100000000000000
(1788787718.984328) can0 04FF3604#0005000300C80100
(1788787719.014329) can0 04FF3604#0003000300C80100
(1788787719.044331) can0 04FF3604#0005000300C80100
(1788787719.045330) can0 03FF1000#0840112200000001
(1788787719.056332) can0 03FF1001#0000000000000000
(1788787719.066332) can0 03FF1603#0000D10E00000000
(1788787719.074335) can0 04FF3604#0004000300C80100
(1788787719.077335) can0 03FF1605#0100000000000000
(1788787719.087333) can0 03FF1600#142B000104001319
(1788787719.098333) can0 03FF1601#6E50000000000000
(1788787719.104333) can0 04FF3604#0004000300C80100
(1788787719.108333) can0 03FF1602#000005000000157C
(1788787719.119335) can0 03FF1604#0000000000000000
(1788787719.134335) can0 04FF3604#0005000300C80100
(1788787719.150336) can0 03FF1000#0840112200000001
(1788787719.154335) can0 04FF3602#0000000000000000
(1788787719.161336) can0 03FF1001#0000000000000000
(1788787719.164336) can0 04FF3604#0006000400C80100
(1788787719.171339) can0 03FF1603#0000D10E00000000
(1788787719.182340) can0 03FF1605#0100000000000000
(1788787719.192338) can0 05FF4610#0000D151FFFFFFA9
(1788787719.194337) can0 04FF3604#0006000300C80100
(1788787719.224340) can0 04FF3604#0004000300C80100
(1788787719.246344) can0 05FF4001#0000000000000000
(1788787719.248343) can0 05FF4000#0000000000000000
(1788787719.254344) can0 04FF3604#0005000300C80100
(1788787719.255343) can0 03FF1000#0840112200000001
(1788787719.266342) can0 03FF1001#0000000000000000
(1788787719.276344) can0 03FF1603#0000D10E00000000
(1788787719.284344) can0 04FF3604#0003000300C80100
(1788787719.287343) can0 03FF1605#0100000000000000
(1788787719.314344) can0 04FF3604#0003000300C80100
(1788787719.329344) can0 05FF4602#1110171017101710
(1788787719.339344) can0 05FF4603#18101A101D101D10
(1788787719.344344) can0 04FF3604#0005000300C80100
(1788787719.349345) can0 05FF4604#1B101C101E101F10
(1788787719.359345) can0 05FF4605#1B10000000000000
(1788787719.360345) can0 03FF1000#0840112200000001
(1788787719.371348) can0 03FF1001#0000000000000000
(1788787719.374348) can0 04FF3604#0005000300C80100
(1788787719.381347) can0 03FF1603#0000D10E00000000
(1788787719.389347) can0 05FF4606#1D1D1C
(1788787719.392347) can0 03FF1605#0100000000000000
(1788787719.399347) can0 05FF4607#1D1C1C
(1788787719.404347) can0 04FF3604#0005000300C80100
(1788787719.409348) can0 05FF4608#0019007C
(1788787719.419349) can0 05FF4609#030003D403CA00
(1788787719.434349) can0 04FF3604#0005000300C80100
(1788787719.455350) can0 05FF4610#0000D151FFFFFFA9
(1788787719.464350) can0 04FF3604#0003000300C80100
(1788787719.465350) can0 03FF1000#0840112200000001
(1788787719.476354) can0 03FF1001#0000000000000000
(1788787719.477597) can0 02F82400#CE03000000000000
(1788787719.486352) can0 03FF1603#0000D10E00000000
(1788787719.494353) can0 04FF3604#0004000300C80100
(1788787719.497352) can0 03FF1605#0100000000000000
(1788787719.507526) can0 02FF2602#131BABB519A13A17
(1788787719.524354) can0 04FF3604#0005000300C80100
(1788787719.538354) can0 02181606#0100190001030200
(1788787719.554355) can0 04FF3604#0005000300C80100
(1788787719.567612) can0 02203606#0101000100010000
(1788787719.570357) can0 03FF1000#0840112200000001
(1788787719.581357) can0 03FF1001#0000000000000000
(1788787719.584356) can0 04FF3604#0003000300C80100
(1788787719.591356) can0 03FF1603#0000D10E00000000
(1788787719.598357) can0 02181608#0500000001000000
(1788787719.602357) can0 03FF1605#0100000000000000
(1788787719.612358) can0 03121606#0000000000000000
(1788787719.614357) can0 04FF3604#0005000300C80100
(1788787719.628358) can0 02181609#0000000000000000
(1788787719.644359) can0 04FF3604#0005000300C80100
(1788787719.654360) can0 04FF3602#0000000000000000
(1788787719.658359) can0 02488600#0000000000000000
(1788787719.674363) can0 04FF3604#0004000300C80100
(1788787719.675363) can0 03FF1000#0840112200000001
(1788787719.686362) can0 03FF1001#0000000000000000
(1788787719.687476) can0 02191504#
(1788787719.696362) can0 03FF1603#0000D10E00000000
(1788787719.704362) can0 04FF3604#0003000300C80100
(1788787719.707362) can0 03FF1605#0100000000000000
(1788787719.717362) can0 03FF1504#0000001D00000000
(1788787719.718362) can0 02FF2605#0000060907030809
(1788787719.734364) can0 04FF3604#0006000300C80100
(1788787719.748368) can0 02FF2604#0000000000000000
(1788787719.757367) can0 05FF4610#0000D150FFFFFFA3
(1788787719.764368) can0 04FF3604#0004000300C80100
(1788787719.778368) can0 02FF2704#0200000000000000
(1788787719.780368) can0 03FF1000#0840112200000001
(1788787719.791366) can0 03FF1001#0000000000000000
(1788787719.794366) can0 04FF3604#0003000300C80100
(1788787719.801366) can0 03FF1603#0000D10E00000000
(1788787719.808367) can0 0260B606#0100000000000000
(1788787719.812367) can0 03FF1605#0100000000000000
(1788787719.824370) can0 04FF3604#0003000300C80100
(1788787719.838372) can0 02203607#0000000300000000
(1788787719.854370) can0 04FF3604#0006000300C80100
(1788787719.884374) can0 04FF3604#0006000300C80100
(1788787719.885373) can0 03FF1000#0840112200000001
(1788787719.896371) can0 03FF1001#0000000000000000
(1788787719.906372) can0 03FF1603#0000D10E00000000
(1788787719.914372) can0 04FF3604#0006000300C80100
(1788787719.917372) can0 03FF1605#0100000000000000
(1788787719.944373) can0 04FF3604#0003000300C80100
(1788787719.974377) can0 04FF3604#0004000300C80100
(1788787719.990379) can0 03FF1000#0840112200000001
(1788787720.001376) can0 03FF1001#0000000000000000
(1788787720.004376) can0 04FF3604#0006000300C80100
(1788787720.011377) can0 03FF1603#0000D10E00000000
(1788787720.021377) can0 05FF4610#0000D150FFFFFFA3
(1788787720.022376) can0 03FF1605#0100000000000000
(1788787720.034378) can0 04FF3604#0005000400C80100
(1788787720.064379) can0 04FF3604#0006000300C80100
(1788787720.094382) can0 04FF3604#0005000300C80100
(1788787720.095383) can0 03FF1000#0840112200000001
(1788787720.106382) can0 03FF1001#0000000000000000
(1788787720.116382) can0 03FF1600#142B000104001319
(1788787720.124382) can0 04FF3604#0003000300C80100
(1788787720.127382) can0 03FF1601#6E50000000000000
(1788787720.137383) can0 03FF1602#000005000000157C
(1788787720.148383) can0 03FF1603#0000D10E00000000
(1788787720.154383) can0 04FF3602#0000000000000000
(1788787720.155383) can0 04FF3604#0004000300C80100
(1788787720.158383) can0 03FF1604#0000000000000000
(1788787720.169386) can0 03FF1605#0100000000000000
(1788787720.184387) can0 04FF3604#0005000300C80100
(1788787720.200385) can0 03FF1000#0840112200000001
(1788787720.211386) can0 03FF1001#0000000000000000
(1788787720.214386) can0 04FF3604#0004000300C80100
(1788787720.221386) can0 03FF1603#0000D10E00000000
(1788787720.232387) can0 03FF1605#0100000000000000
(1788787720.244391) can0 04FF3604#0005000300C80100
(1788787720.274393) can0 04FF3604#0005000300C80100
(1788787720.278393) can0 02181606#0100190001030200
(1788787720.282552) can0 05FF4610#0000D150FFFFFFA3
(1788787720.293575) can0 05FF4001#0000000000000000
(1788787720.295570) can0 05FF4000#0000000000000000
(1788787720.304390) can0 04FF3604#0005000300C80100
(1788787720.305390) can0 03FF1000#0840112200000001
(1788787720.308645) can0 02203606#0101000100010000
(1788787720.316391) can0 03FF1001#0000000000000000
(1788787720.326391) can0 03FF1603#0000D10E00000000
(1788787720.334392) can0 04FF3604#0003000300C80100
(1788787720.337391) can0 03FF1605#0100000000000000
(1788787720.338507) can0 02181608#0500000001000000
(1788787720.347392) can0 03121606#0000000000000000
(1788787720.364394) can0 04FF3604#0004000300C80100
(1788787720.368454) can0 02181609#0000000000000000
(1788787720.375566) can0 05FF4602#1110171017101710
(1788787720.385579) can0 05FF4603#18101A101D101D10
(1788787720.394394) can0 04FF3604#0003000300C80100
(1788787720.395591) can0 05FF4604#1B101C101E101F10
(1788787720.398470) can0 02488600#0000000000000000
(1788787720.405591) can0 05FF4605#1A10000000000000
(1788787720.410396) can0 03FF1000#0840112200000001
(1788787720.421395) can0 03FF1001#0000000000000000
(1788787720.424396) can0 04FF3604#0003000300C80100
(1788787720.428395) can0 02213502#
(1788787720.431396) can0 03FF1603#0000D10E00000000
(1788787720.434396) can0 04F93502#0000000000000000
(1788787720.435426) can0 05FF4606#1D1D1C
(1788787720.442396) can0 03FF1605#0100000000000000
(1788787720.445443) can0 05FF4607#1D1B1C
(1788787720.454398) can0 04FF3604#0004000300C80100
(1788787720.455478) can0 05FF4608#0019007C
(1788787720.465606) can0 05FF4609#030003D403CA00
(1788787720.484401) can0 04FF3604#0004000300C80100
(1788787720.514403) can0 04FF3604#0004000300C80100
(1788787720.515401) can0 03FF1000#0840112200000001
(1788787720.526400) can0 03FF1001#0000000000000000
(1788787720.536402) can0 03FF1603#0000D10E00000000
(1788787720.544401) can0 04FF3604#0005000300C80100
(1788787720.547401) can0 03FF1605#0100000000000000
(1788787720.572405) can0 05FF4610#0000D14FFFFFFFA3
(1788787720.574405) can0 04FF3604#0006000300C80100
(1788787720.604405) can0 04FF3604#0006000300C80100
(1788787720.620405) can0 03FF1000#0840112200000001
(1788787720.631406) can0 03FF1001#0000000000000000
(1788787720.634406) can0 04FF3604#0006000300C80100
(1788787720.641405) can0 03FF1603#0000D10E00000000
(1788787720.652407) can0 03FF1605#0100000000000000
(1788787720.654406) can0 04FF3602#0000000000000000
(1788787720.664408) can0 04FF3604#0005000300C80100
(1788787720.679410) can0 02FF2605#0000060907030800
(1788787720.694411) can0 04FF3604#0004000300C80100
(1788787720.709410) can0 02FF2604#0000000000000000
(1788787720.724410) can0 04FF3604#0006000300C80100
(1788787720.725410) can0 03FF1000#0840112200000001
(1788787720.736411) can0 03FF1001#0000000000000000
(1788787720.739414) can0 02FF2704#0200000000000000
(1788787720.746414) can0 03FF1603#0000D10E00000000
(1788787720.754416) can0 04FF3604#0006000300C80100
(1788787720.757414) can0 03FF1605#0100000000000000
(1788787720.769414) can0 0260B606#0100000000000000
(1788787720.784415) can0 04FF3604#0003000300C80100
(1788787720.799415) can0 02203607#0000000300000000
(1788787720.814415) can0 04FF3604#0003000300C80100
(1788787720.830419) can0 03FF1000#0840112200000001
(1788787720.841419) can0 03FF1001#0000000000000000
(1788787720.844416) can0 04FF3604#0005000300C80100
(1788787720.845416) can0 05FF4610#0000D14FFFFFFFA3
(1788787720.851416) can0 03FF1603#0000D10E00000000
(1788787720.862417) can0 03FF1605#0100000000000000
(1788787720.874420) can0 04FF3604#0004000300C80100
(1788787720.904421) can0 04FF3604#0006000300C80100
(1788787720.934421) can0 04FF3604#0005000400C80100
(1788787720.935420) can0 03FF1000#0840112200000001
(1788787720.946420) can0 03FF1001#0000000000000000
(1788787720.956421) can0 03FF1603#0000D10E00000000
(1788787720.964421) can0 04FF3604#0004000400C80100
(1788787720.967421) can0 03FF1605#0100000000000000
(1788787720.994425) can0 04FF3604#0004000300C80100
(1788787721.024427) can0 04FF3604#0004000300C80100
(1788787721.039426) can0 02181606#0100190001030200
(1788787721.040425) can0 03FF1000#0840112200000001
(1788787721.051425) can0 03FF1001#0000000000000000
(1788787721.054426) can0 04FF3604#0004000300C80100
(1788787721.061426) can0 03FF1603#0000D10E00000000
(1788787721.072429) can0 03FF1605#0100000000000000
(1788787721.084430) can0 04FF3604#0003000300C80100
(1788787721.089428) can0 02203606#0101000100010000
(1788787721.103429) can0 03FF1600#142B000104001319
(1788787721.109428) can0 05FF4610#0000D14FFFFFFFA3
(1788787721.114429) can0 03FF1601#6E50000000000000
(1788787721.114484) can0 04FF3604#0005000300C80100
(1788787721.119428) can0 02181608#0500000001000000
(1788787721.124428) can0 03FF1602#000005000000157C
(1788787721.135430) can0 03FF1604#0000000000000000
(1788787721.144430) can0 04FF3604#0006000300C80100
(1788787721.145429) can0 03FF1000#0840112200000001
(1788787721.151430) can0 02181609#0000000000000000
(1788787721.154430) can0 04FF3602#0000000000000000
(1788787721.156430) can0 03FF1001#0000000000000000
(1788787721.166431) can0 03FF1603#0000D10E00000000
(1788787721.174434) can0 04FF3604#0005000300C80100
(1788787721.177434) can0 03FF1605#0100000000000000
(1788787721.179431) can0 02488600#0000000000000000
(1788787721.187433) can0 03121606#0000000000000000
(1788787721.204433) can0 04FF3604#0006000300C80100
(1788787721.209433) can0 02213503#
(1788787721.219433) can0 04F93503#0000000000000000
(1788787721.234434) can0 04FF3604#0006000300C80100
(1788787721.250438) can0 03FF1000#0840112200000001
(1788787721.261439) can0 03FF1001#0000000000000000
(1788787721.264436) can0 04FF3604#0005000300C80100
(1788787721.271440) can0 03FF1603#0000D10E00000000
(1788787721.282439) can0 03FF1605#0100000000000000
(1788787721.294438) can0 04FF3604#0005000400C80100
(1788787721.324439) can0 04FF3604#0003000300C80100
(1788787721.341440) can0 05FF4001#0000000000000000
(1788787721.343439) can0 05FF4000#0000000000000000
(1788787721.354440) can0 04FF3604#0004000300C80100
(1788787721.355440) can0 03FF1000#0840112200000001
(1788787721.366441) can0 03FF1001#0000000000000000
(1788787721.373444) can0 05FF4610#0000D14FFFFFFFA3
(1788787721.376443) can0 03FF1603#0000D10E00000000
(1788787721.384442) can0 04FF3604#0004000300C80100
(1788787721.387441) can0 03FF1605#0100000000000000
(1788787721.414443) can0 04FF3604#0006000300C80100
(1788787721.424443) can0 05FF4602#1110171017101610
(1788787721.434444) can0 05FF4603#18101A101D101D10
(1788787721.444445) can0 04FF3604#0005000300C80100
(1788787721.444695) can0 05FF4604#1B101C101E101F10
(1788787721.454445) can0 05FF4605#1A10000000000000
(1788787721.460444) can0 03FF1000#0840112200000001
(1788787721.471447) can0 03FF1001#0000000000000000
(1788787721.474447) can0 04FF3604#0003000300C80100
(1788787721.481446) can0 03FF1603#0000D10E00000000
(1788787721.492447) can0 03FF1605#0100000000000000
(1788787721.504446) can0 04FF3604#0005000300C80100
(1788787721.511447) can0 05FF4606#1D1D1C
(1788787721.521652) can0 05FF4607#1D1B1C
(1788787721.531449) can0 05FF4608#0019007C
(1788787721.534448) can0 04FF3604#0005000300C80100
(1788787721.541448) can0 05FF4609#030003D403CA00
(1788787721.564450) can0 04FF3604#0003000300C80100
(1788787721.565449) can0 03FF1000#0840112200000001
(1788787721.576452) can0 03FF1001#0000000000000000
(1788787721.586454) can0 03FF1603#0000D10E00000000
(1788787721.594452) can0 04FF3604#0003000300C80100
(1788787721.597451) can0 03FF1605#0100000000000000
(1788787721.624452) can0 04FF3604#0003000300C80100
(1788787721.654454) can0 04FF3602#0000000000000000
(1788787721.654712) can0 04FF3604#0002000300C80100
(1788787721.662455) can0 05FF4610#0000D14FFFFFFFA3
(1788787721.670456) can0 03FF1000#0840112200000001
(1788787721.681458) can0 03FF1001#0000000000000000
(1788787721.684455) can0 04FF3604#0005000300C80100
(1788787721.690457) can0 02FF2605#0000060907030801
(1788787721.691455) can0 03FF1603#0000D10E00000000
(1788787721.702456) can0 03FF1605#0100000000000000
(1788787721.714457) can0 04FF3604#0003000300C80100
(1788787721.720457) can0 02FF2604#0000000000000000
(1788787721.744462) can0 04FF3604#0004000300C80100
(1788787721.750461) can0 02FF2704#0200000000000000
(1788787721.774464) can0 04FF3604#0005000300C80100
(1788787721.775462) can0 03FF1000#0840112200000001
(1788787721.780460) can0 0260B606#0100000000000000
(1788787721.786461) can0 03FF1001#0000000000000000
(1788787721.796461) can0 03FF1603#0000D10E00000000
(1788787721.804461) can0 04FF3604#0004000300C80100
(1788787721.807461) can0 03FF1605#0100000000000000
(1788787721.810461) can0 02203607#0000000300000000
(1788787721.834467) can0 04FF3604#0005000300C80100
(1788787721.840465) can0 02181606#0100190001030200
(1788787721.864465) can0 04FF3604#0005000300C80100
(1788787721.870467) can0 02203606#0101000100010000
(1788787721.880467) can0 03FF1000#0840112200000001
(1788787721.891465) can0 03FF1001#0000000000000000
(1788787721.894465) can0 04FF3604#0004000300C80100
(1788787721.900465) can0 02181608#0500000001000000
(1788787721.901465) can0 03FF1603#0000D10E00000000
(1788787721.912467) can0 03FF1605#0100000000000000
(1788787721.922467) can0 03121606#0000000000000000
(1788787721.924466) can0 04FF3604#0004000300C80100
(1788787721.930467) can0 02181609#0000000000000000
(1788787721.938468) can0 05FF4610#0000D14FFFFFFFA3
(1788787721.954467) can0 04FF3604#0004000300C80100
(1788787721.984470) can0 04FF3604#0005000300C80100
(1788787721.985473) can0 03FF1000#0840112200000001
(1788787721.990471) can0 02488600#0000000000000000
(1788787721.996470) can0 03FF1001#0000000000000000
(1788787722.006470) can0 03FF1603#0000D10E00000000
(1788787722.014471) can0 04FF3604#0005000300C80100
(1788787722.017471) can0 03FF1605#0100000000000000
(1788787722.020471) can0 02213504#
(1788787722.029472) can0 04F93504#0000000000000000
(1788787722.044473) can0 04FF3604#0005000300C80100
(1788787722.074477) can0 04FF3604#0004000300C80100
(1788787722.090478) can0 03FF1000#0840112200000001
(1788787722.101475) can0 03FF1001#0000000000000000
(1788787722.104475) can0 04FF3604#0006000300C80100
(1788787722.111476) can0 03FF1603#0000D10E00000000
(1788787722.122477) can0 03FF1605#0100000000000000
(1788787722.132477) can0 03FF1600#142B000104001319
(1788787722.134476) can0 04FF3604#0005000300C80100
(1788787722.142732) can0 03FF1601#6E50000000000000
(1788787722.153477) can0 03FF1602#000005000000157C
(1788787722.154477) can0 04FF3602#0000000000000000
(1788787722.164478) can0 03FF1604#0000000000000000
(1788787722.164533) can0 04FF3604#0004000300C80100
(1788787722.194482) can0 04FF3604#0005000300C80100
(1788787722.195483) can0 03FF1000#0840112200000001
(1788787722.200510) can0 05FF4610#0000D14FFFFFFFA3
(1788787722.206480) can0 03FF1001#0000000000000000
(1788787722.216481) can0 03FF1603#0000D10E00000000
(1788787722.224481) can0 04FF3604#0005000300C80100
(1788787722.227481) can0 03FF1605#0100000000000000
(1788787722.254486) can0 04FF3604#0006000300C80100
(1788787722.284489) can0 04FF3604#0005000300C80100
(1788787722.300488) can0 03FF1000#0840112200000001
(1788787722.311486) can0 03FF1001#0000000000000000
(1788787722.314485) can0 04FF3604#0007000300C80100
(1788787722.321485) can0 03FF1603#0000D10E00000000
(1788787722.331740) can0 03FF1605#0100000000000000
(1788787722.344487) can0 04FF3604#0004000300C80100
(1788787722.374490) can0 04FF3604#0005000300C80100
(1788787722.388619) can0 05FF4001#0000000000000000
(1788787722.390628) can0 05FF4000#0000000000000000
(1788787722.404489) can0 04FF3604#0005000300C80100
(1788787722.405489) can0 03FF1000#0840112200000001
(1788787722.416491) can0 03FF1001#0000000000000000
(1788787722.426491) can0 03FF1603#0000D10E00000000
(1788787722.434491) can0 04FF3604#0004000300C80100
(1788787722.437491) can0 03FF1605#0100000000000000
(1788787722.463643) can0 05FF4610#0000D14FFFFFFFA3
(1788787722.464492) can0 04FF3604#0005000300C80100
(1788787722.470629) can0 05FF4602#1110171017101610
(1788787722.480646) can0 05FF4603#18101A101D101D10
(1788787722.494495) can0 04FF3604#0006000300C80100
(1788787722.510495) can0 03FF1000#0840112200000001
(1788787722.517750) can0 05FF4604#1B101C101E101F10
(1788787722.521495) can0 03FF1001#0000000000000000
(1788787722.524495) can0 04FF3604#0004000300C80100
(1788787722.529703) can0 05FF4605#1A10000000000000
(1788787722.531495) can0 03FF1603#0000D10E00000000
(1788787722.542496) can0 03FF1605#0100000000000000
(1788787722.554496) can0 04FF3604#0005000300C80100
(1788787722.559497) can0 05FF4606#1D1D1C
(1788787722.560596) can0 02181606#0100190001030200
(1788787722.569497) can0 05FF4607#1D1B1C
(1788787722.579546) can0 05FF4608#0019007C
(1788787722.584501) can0 04FF3604#0004000300C80100
(1788787722.589672) can0 05FF4609#030003D403CA00
(1788787722.590602) can0 02203606#0101000100010000
(1788787722.614500) can0 04FF3604#0005000300C80100
(1788787722.615499) can0 03FF1000#0840112200000001
(1788787722.621500) can0 02181608#0500000001000000
(1788787722.626502) can0 03FF1001#0000000000000000
(1788787722.636500) can0 03FF1603#0000D10E00000000
(1788787722.644500) can0 04FF3604#0003000300C80100
(1788787722.647501) can0 03FF1605#0100000000000000
(1788787722.654501) can0 04FF3602#0000000000000000
(1788787722.657501) can0 03121606#0000000000000000
(1788787722.674505) can0 04FF3604#0006000300C80100
(1788787722.704506) can0 04FF3604#0003000300C80100
(1788787722.720505) can0 03FF1000#0840112200000001
(1788787722.731505) can0 03FF1001#0000000000000000
(1788787722.734505) can0 04FF3604#0005000300C80100
(1788787722.741509) can0 03FF1603#0000D10E00000000
(1788787722.752509) can0 03FF1605#0100000000000000
(1788787722.764510) can0 04FF3604#0004000300C80100
(1788787722.767509) can0 05FF4610#0000D14EFFFFFF9E
(1788787722.794509) can0 04FF3604#0007000300C80100
(1788787722.820756) can0 02181609#0000000000000000
(1788787722.824512) can0 04FF3604#0003000300C80100
(1788787722.825510) can0 03FF1000#0840112200000001
(1788787722.836511) can0 03FF1001#0000000000000000
(1788787722.836565) can0 13B76400#01
(1788787722.846510) can0 03FF1603#0000D10E00000000
(1788787722.851510) can0 02488600#0000000000000000
(1788787722.854510) can0 04FF3604#0004000300C80100
(1788787722.856753) can0 03FF1605#0100000000000000
(1788787722.880538) can0 02213600#
(1788787722.884514) can0 04FF3604#0007000300C80100
(1788787722.911514) can0 02FF2605#0000060907030802
(1788787722.914513) can0 04FF3604#0003000300C80100
(1788787722.930515) can0 03FF1000#0840112200000001
(1788787722.940770) can0 03FF1001#0000000000000000
(1788787722.941515) can0 02FF2604#0000000000000000
(1788787722.944515) can0 04FF3604#0005000300C80100
(1788787722.951515) can0 03FF1603#0000D10E00000000
(1788787722.962515) can0 03FF1605#0100000000000000
(1788787722.971519) can0 02FF2704#0200000000000000
(1788787722.974519) can0 04FF3604#0006000300C80100
(1788787723.001519) can0 0260B606#0100000000000000
(1788787723.004518) can0 04FF3604#0004000300C80100
(1788787723.029519) can0 05FF4610#0000D14EFFFFFF9E
(1788787723.031519) can0 02203607#0000000300000000
(1788787723.034519) can0 04FF3604#0004000300C80100
(1788787723.035519) can0 03FF1000#0840112200000001
(1788787723.045764) can0 03FF1001#0000000000000000
(1788787723.056521) can0 03FF1603#0000D10E00000000
(1788787723.064521) can0 04FF3604#0003000300C80100
(1788787723.067521) can0 03FF1605#0100000000000000
(1788787723.094525) can0 04FF3604#0004000300C80100
(1788787723.111526) can0 13B76400#01
(1788787723.119525) can0 03FF1600#142B000104001319
(1788787723.124523) can0 04FF3604#0007000300C80100
(1788787723.129767) can0 03FF1601#6E50000000000000
(1788787723.140525) can0 03FF1602#000005000000157C
(1788787723.151525) can0 03FF1604#0000000000000000
(1788787723.154525) can0 04FF3602#0000000000000000
(1788787723.154706) can0 04FF3604#0006000300C80100
(1788787723.161525) can0 03FF1000#0840112200000001
(1788787723.171784) can0 03FF1001#0000000000000000
(1788787723.182529) can0 03FF1603#0000D10E00000000
(1788787723.184526) can0 04FF3604#0004000300C80100
(1788787723.192758) can0 03FF1605#0100000000000000
(1788787723.214528) can0 04FF3604#0002000300C80100
(1788787723.244533) can0 04FF3604#0004000300C80100
(1788787723.245532) can0 03FF1000#0840112200000001
(1788787723.255787) can0 03FF1001#0000000000000000
(1788787723.266533) can0 03FF1603#0000D10E00000000
(1788787723.274536) can0 04FF3604#0005000300C80100
(1788787723.277533) can0 03FF1605#0100000000000000
(1788787723.292533) can0 05FF4610#0000D14EFFFFFF9E
(1788787723.304533) can0 04FF3604#0004000300C80100
(1788787723.321533) can0 02181606#0100190001030200
(1788787723.334533) can0 04FF3604#0005000300C80100
(1788787723.350534) can0 03FF1000#0840112200000001
(1788787723.351534) can0 02203606#0101000100010000
(1788787723.361535) can0 03FF1001#0000000000000000
(1788787723.364535) can0 04FF3604#0004000300C80100
(1788787723.371539) can0 03FF1603#0000D10E00000000
(1788787723.381770) can0 03FF1605#0100000000000000
(1788787723.392537) can0 03121606#0000000000000000
(1788787723.394536) can0 04FF3604#0005000300C80100
(1788787723.401536) can0 13B76400#01
(1788787723.401753) can0 02181608#0500000001000000
(1788787723.424538) can0 04FF3604#0006000300C80100
(1788787723.431538) can0 02181609#0000000000000000
(1788787723.436538) can0 05FF4001#0000000000000000
(1788787723.438538) can0 05FF4000#0000000000000000
(1788787723.454539) can0 04FF3604#0004000300C80100
(1788787723.455539) can0 03FF1000#0840112200000001
(1788787723.461539) can0 02488600#0000000000000000
(1788787723.465783) can0 03FF1001#0000000000000000
(1788787723.476542) can0 03FF1603#0000D10E00000000
(1788787723.484543) can0 04FF3604#0005000300C80100
(1788787723.486795) can0 03FF1605#0100000000000000
(1788787723.491541) can0 02213601#
(1788787723.514543) can0 04FF3604#0004000300C80100
(1788787723.544544) can0 04FF3604#0006000300C80100
(1788787723.547543) can0 05FF4602#1110171017101710
(1788787723.557544) can0 05FF4603#17101A101D101D10
(1788787723.560544) can0 03FF1000#0840112200000001
(1788787723.567544) can0 05FF4604#1B101C101D101F10
(1788787723.570776) can0 03FF1001#0000000000000000
(1788787723.574548) can0 04FF3604#0004000300C80100
(1788787723.577547) can0 05FF4605#1A10000000000000
(1788787723.581546) can0 03FF1603#0000D10E00000000
(1788787723.583545) can0 05FF4610#0000D14EFFFFFF9E
(1788787723.591788) can0 03FF1605#0100000000000000
(1788787723.604546) can0 04FF3604#0003000300C80100
(1788787723.607546) can0 05FF4606#1D1D1C
(1788787723.617547) can0 05FF4607#1D1B1C
(1788787723.627548) can0 05FF4608#0019007C
(1788787723.634547) can0 04FF3604#0003000300C80100
(1788787723.637547) can0 05FF4609#030003D403CA00
(1788787723.654548) can0 04FF3602#0000000000000000
(1788787723.664549) can0 04FF3604#0005000300C80100
(1788787723.665548) can0 03FF1000#0840112200000001
(1788787723.675783) can0 03FF1001#0000000000000000
(1788787723.681552) can0 13B76400#01
(1788787723.686551) can0 03FF1603#0000D10E00000000
(1788787723.694551) can0 04FF3604#0004000300C80100
(1788787723.696793) can0 03FF1605#0100000000000000
(1788787723.724553) can0 04FF3604#0002000300C80100
(1788787723.754557) can0 04FF3604#0005000300C80100
(1788787723.770558) can0 03FF1000#0840112200000001
(1788787723.772559) can0 05FF4400#00000004
(1788787723.780801) can0 03FF1001#0000000000000000
(1788787723.784555) can0 04FF3604#0005000300C80100
(1788787723.791555) can0 03FF1603#0000D10E00000000
(1788787723.801741) can0 02FF2605#0000060907030804
(1788787723.802555) can0 03FF1605#0100000000000000
(1788787723.814556) can0 04FF3604#0004000300C80100
(1788787723.825560) can0 05FF4600#0D0300900303
(1788787723.832560) can0 02FF2604#0000000000000000
(1788787723.844558) can0 04FF3604#0004000300C80100
(1788787723.857559) can0 05FF4610#0000D14EFFFFFF9E
(1788787723.862558) can0 02FF2704#0200000000000000
(1788787723.873565) can0 05FF4601#007300000000
(1788787723.874562) can0 04FF3604#0002000300C80100
(1788787723.875559) can0 03FF1000#0840112200000001
(1788787723.885803) can0 03FF1001#0000000000000000
(1788787723.892560) can0 0260B606#0100000000000000
(1788787723.896560) can0 03FF1603#0000D10E00000000
(1788787723.904560) can0 04FF3604#0005000300C80100
(1788787723.906775) can0 03FF1605#0100000000000000
(1788787723.922561) can0 02203607#0000000300000000
(1788787723.934561) can0 04FF3604#0004000300C80100
(1788787723.961633) can0 13B76400#01
(1788787723.964563) can0 04FF3604#0005000300C80100
(1788787723.980567) can0 03FF1000#0840112200000001
(1788787723.990799) can0 03FF1001#0000000000000000
(1788787723.994565) can0 04FF3604#0006000300C80100
(1788787724.001565) can0 03FF1603#0000D10E00000000
(1788787724.011785) can0 03FF1605#0100000000000000
(1788787724.024566) can0 04FF3604#0005000300C80100
(1788787724.054568) can0 04FF3604#0006000300C80100
(1788787724.084572) can0 04FF3604#0005000300C80100
(1788787724.085572) can0 03FF1000#0840112200000001
(1788787724.092570) can0 02181606#0100190001030200
(1788787724.095789) can0 03FF1001#0000000000000000
(1788787724.106570) can0 03FF1603#0000D10E00000000
(1788787724.114571) can0 04FF3604#0003000300C80100
(1788787724.116801) can0 03FF1605#0100000000000000
(1788787724.120629) can0 05FF4610#0000D14EFFFFFF9E
(1788787724.122570) can0 02203606#0101000100010000
(1788787724.127571) can0 03FF1600#142B000104001319
(1788787724.137769) can0 03FF1601#6E50000000000000
(1788787724.144572) can0 04FF3604#0005000300C80100
(1788787724.148571) can0 03FF1602#000005000000157C
(1788787724.152572) can0 02181608#0500000001000000
(1788787724.154572) can0 04FF3602#0000000000000000
(1788787724.158803) can0 03FF1604#0000000000000000
(1788787724.174576) can0 04FF3604#0003000300C80100
(1788787724.182577) can0 02181609#0000000000000000
(1788787724.190574) can0 03FF1000#0840112200000001
(1788787724.200806) can0 03FF1001#0000000000000000
(1788787724.204574) can0 04FF3604#0003000300C80100
(1788787724.211575) can0 03FF1603#0000D10E00000000
(1788787724.212574) can0 02488600#0000000000000000
(1788787724.221807) can0 03FF1605#0100000000000000
(1788787724.232576) can0 03121606#0000000000000000
(1788787724.234576) can0 04FF3604#0005000300C80100
(1788787724.242580) can0 13B76400#01
(1788787724.242646) can0 02294611#
(1788787724.243652) can0 05124611#0061368C000035B2
(1788787724.264580) can0 04FF3604#0004000300C80100
(1788787724.294582) can0 04FF3604#0004000300C80100
(1788787724.295583) can0 03FF1000#0840112200000001
(1788787724.306581) can0 03FF1001#0000000000000000
(1788787724.316581) can0 03FF1603#0000D10E00000000
(1788787724.324580) can0 04FF3604#0004000300C80100
(1788787724.326800) can0 03FF1605#0100000000000000
(1788787724.354582) can0 04FF3604#0006000300C80100
(1788787724.383770) can0 05FF4610#0000D14EFFFFFF9E
(1788787724.384586) can0 04FF3604#0005000300C80100
(1788787724.400585) can0 03FF1000#0840112200000001
(1788787724.410788) can0 03FF1001#0000000000000000
(1788787724.414584) can0 04FF3604#0006000300C80100
(1788787724.421585) can0 03FF1603#0000D10E00000000
(1788787724.431783) can0 03FF1605#0100000000000000
(1788787724.444587) can0 04FF3604#0006000300C80100
(1788787724.474589) can0 04FF3604#0006000300C80100
(1788787724.484846) can0 05FF4001#0000000000000000
(1788787724.486843) can0 05FF4000#0000000000000000
(1788787724.504589) can0 04FF3604#0003000300C80100
(1788787724.505589) can0 03FF1000#0840112200000001
(1788787724.515798) can0 03FF1001#0000000000000000
(1788787724.526590) can0 03FF1603#0000D10E00000000
(1788787724.534590) can0 04FF3604#0007000300C80100
(1788787724.536810) can0 03FF1605#0100000000000000
(1788787724.542590) can0 13B76400#01
(1788787724.564591) can0 04FF3604#0002000300C80100
(1788787724.594597) can0 04FF3604#0006000300C80100
(1788787724.596596) can0 05FF4602#1110171017101710
(1788787724.606595) can0 05FF4603#18101A101D101D10
(1788787724.610593) can0 03FF1000#0840112200000001
(1788787724.616594) can0 05FF4604#1B101C101E101F10
(1788787724.620791) can0 03FF1001#0000000000000000
(1788787724.624594) can0 04FF3604#0004000300C80100
(1788787724.626594) can0 05FF4605#1B10000000000000
(1788787724.631594) can0 03FF1603#0000D10E00000000
(1788787724.641804) can0 03FF1605#0100000000000000
(1788787724.654596) can0 04FF3602#0000000000000000
(1788787724.654662) can0 04FF3604#0003000300C80100
(1788787724.655711) can0 05FF4606#1D1D1C
(1788787724.665724) can0 05FF4607#1D1B1C
(1788787724.675600) can0 05FF4610#0000D151FFFFFF9E
(1788787724.675794) can0 05FF4608#0019007C
(1788787724.684599) can0 04FF3604#0006000300C80100
(1788787724.686597) can0 05FF4609#030003D403CA00
(1788787724.714598) can0 04FF3604#0004000300C80100
(1788787724.715598) can0 03FF1000#0840112200000001
(1788787724.725803) can0 03FF1001#0000000000000000
(1788787724.736599) can0 03FF1603#0000D10E00000000
(1788787724.744604) can0 04FF3604#0003000300C80100
(1788787724.746811) can0 03FF1605#0100000000000000
(1788787724.774605) can0 04FF3604#0004000400C80100
(1788787724.804606) can0 04FF3604#0004000300C80100
(1788787724.812733) can0 02FF2605#0000060907030805
(1788787724.820608) can0 03FF1000#0840112200000001
(1788787724.822606) can0 13B76400#01
(1788787724.830824) can0 03FF1001#0000000000000000
(1788787724.834604) can0 04FF3604#0005000300C80100
(1788787724.841604) can0 03FF1603#0000D10E00000000
(1788787724.842831) can0 02FF2604#0000000000000000
(1788787724.851802) can0 03FF1605#0100000000000000
(1788787724.864606) can0 04FF3604#0005000300C80100
(1788787724.873609) can0 02FF2704#0200000000000000
(1788787724.894610) can0 04FF3604#0005000300C80100
(1788787724.902850) can0 0260B606#0100000000000000
(1788787724.924609) can0 04FF3604#0006000300C80100
(1788787724.925608) can0 03FF1000#0840112200000001
(1788787724.933609) can0 02203607#0000000300000000
(1788787724.935806) can0 03FF1001#0000000000000000
(1788787724.946610) can0 03FF1603#0000D10E00000000
(1788787724.949610) can0 05FF4610#0000D151FFFFFF9E
(1788787724.954610) can0 04FF3604#0006000300C80100
(1788787724.956784) can0 03FF1605#0100000000000000
(1788787724.963610) can0 02181606#0100190001030200
(1788787724.984614) can0 04FF3604#0003000300C80100
(1788787724.993615) can0 02203606#0101000100010000
(1788787725.014613) can0 04FF3604#0004000300C80100
(1788787725.023613) can0 02181608#0500000001000000
(1788787725.030614) can0 03FF1000#0840112200000001
(1788787725.040817) can0 03FF1001#0000000000000000
(1788787725.044614) can0 04FF3604#0005000300C80100
(1788787725.051615) can0 03FF1603#0000D10E00000000
(1788787725.053614) can0 02181609#0000000000000000
(1788787725.061808) can0 03FF1605#0100000000000000
(1788787725.072616) can0 03121606#0000000000000000
(1788787725.074618) can0 04FF3604#0005000300C80100
(1788787725.102771) can0 13B76400#01
(1788787725.103617) can0 02488600#0000000000000000
(1788787725.104617) can0 04FF3604#0003000300C80100
(1788787725.132712) can0 02294612#
(1788787725.134618) can0 04FF3604#0005000300C80100
(1788787725.134669) can0 05124612#0000000000000000
(1788787725.135618) can0 03FF1000#0840112200000001
(1788787725.145805) can0 03FF1001#0000000000000000
(1788787725.154620) can0 04FF3602#0000000000000000
(1788787725.156619) can0 03FF1600#142B000104001319
(1788787725.164620) can0 04FF3604#0005000400C80100
(1788787725.166793) can0 03FF1601#6E50000000000000
(1788787725.177623) can0 03FF1602#000005000000157C
(1788787725.187798) can0 03FF1603#0000D10E00000000
(1788787725.194622) can0 04FF3604#0007000300C80100
(1788787725.198622) can0 03FF1604#0000000000000000
(1788787725.208819) can0 03FF1605#0100000000000000
(1788787725.211622) can0 05FF4610#0000D151FFFFFF9E
(1788787725.224623) can0 04FF3604#0004000300C80100
(1788787725.240624) can0 03FF1000#0840112200000001
(1788787725.250820) can0 03FF1001#0000000000000000
(1788787725.254627) can0 04FF3604#0005000300C80100
(1788787725.261625) can0 03FF1603#0000D10E00000000
(1788787725.271811) can0 03FF1605#0100000000000000
(1788787725.284629) can0 04FF3604#0005000300C80100
(1788787725.314629) can0 04FF3604#0004000400C80100
(1788787725.344631) can0 04FF3604#0003000300C80100
(1788787725.345629) can0 03FF1000#0840112200000001
(1788787725.355810) can0 03FF1001#0000000000000000
(1788787725.366630) can0 03FF1603#0000D10E00000000
(1788787725.374633) can0 04FF3604#0006000300C80100
(1788787725.376818) can0 03FF1605#0100000000000000
(1788787725.385632) can0 13B76400#01
(1788787725.404632) can0 04FF3604#0006000300C80100
(1788787725.434634) can0 04FF3604#0003000300C80100
(1788787725.450634) can0 03FF1000#0840112200000001
(1788787725.460819) can0 03FF1001#0000000000000000
(1788787725.464634) can0 04FF3604#0003000300C80100
(1788787725.471635) can0 03FF1603#0000D10E00000000
(1788787725.474637) can0 05FF4610#0000D151FFFFFF9E
(1788787725.481796) can0 03FF1605#0100000000000000
(1788787725.494636) can0 04FF3604#0004000300C80100
(1788787725.524637) can0 04FF3604#0006000300C80100
(1788787725.554639) can0 04FF3604#0003000300C80100
(1788787725.555638) can0 03FF1000#0840112200000001
(1788787725.559638) can0 05FF4001#0000000000000000
(1788787725.561638) can0 05FF4000#0000000000000000
(1788787725.565812) can0 03FF1001#0000000000000000
(1788787725.576642) can0 03FF1603#0000D10E00000000
(1788787725.584643) can0 04FF3604#0003000300C80100
(1788787725.586825) can0 03FF1605#0100000000000000
(1788787725.613641) can0 02181606#0100190001030200
(1788787725.614641) can0 04FF3604#0003000300C80100
(1788787725.643644) can0 05FF4602#1110171017101710
(1788787725.644642) can0 02203606#0101000100010000
(1788787725.653643) can0 05FF4603#17101A101D101D10
(1788787725.654643) can0 04FF3602#0000000000000000
(1788787725.660643) can0 03FF1000#0840112200000001
(1788787725.663643) can0 05FF4604#1B101C101F101F10
(1788787725.663895) can0 13B76400#01
(1788787725.670806) can0 03FF1001#0000000000000000
(1788787725.673644) can0 05FF4605#1A10000000000000
(1788787725.674647) can0 02181608#0500000001000000
(1788787725.681647) can0 03FF1603#0000D10E00000000
(1788787725.691825) can0 03FF1605#0100000000000000
(1788787725.702646) can0 03121606#0000000000000000
(1788787725.703645) can0 05FF4606#1D1D1C
(1788787725.704645) can0 02181609#0000000000000000
(1788787725.704695) can0 04FF3604#0004000300C80100
(1788787725.713646) can0 05FF4607#1D1B1C
(1788787725.733648) can0 02488600#0000000000000000
(1788787725.734647) can0 04FF3604#0003000300C80100
(1788787725.735762) can0 05FF4608#0019007C
(1788787725.745648) can0 05FF4609#030003D403CA00
(1788787725.763651) can0 02294613#
(1788787725.764651) can0 04FF3604#0004000300C80100
(1788787725.764698) can0 05124613#0000000000000000
(1788787725.765648) can0 03FF1000#0840112200000001
(1788787725.775837) can0 03FF1001#0000000000000000
(1788787725.778652) can0 05FF4610#0000D150FFFFFFA3
(1788787725.786650) can0 03FF1603#0000D10E00000000
(1788787725.794650) can0 04FF3604#0004000300C80100
(1788787725.796835) can0 03FF1605#0100000000000000
(1788787725.823698) can0 02FF2605#0000060907030806
(1788787725.824654) can0 04FF3604#0004000300C80100
(1788787725.854654) can0 04FF3604#0004000300C80100
(1788787725.854719) can0 02FF2604#0000000000000000
(1788787725.870654) can0 03FF1000#0840112200000001
(1788787725.880814) can0 03FF1001#0000000000000000
(1788787725.883853) can0 02FF2704#0200000000000000
(1788787725.884654) can0 04FF3604#0005000300C80100
(1788787725.891655) can0 03FF1603#0000D10E00000000
(1788787725.901825) can0 03FF1605#0100000000000000
(1788787725.913772) can0 0260B606#0100000000000000
(1788787725.914655) can0 04FF3604#0004000400C80100
(1788787725.943658) can0 13B76400#01
(1788787725.944657) can0 02203607#0000000300000000
(1788787725.974661) can0 04FF3604#0004000300C80100
(1788787725.975661) can0 03FF1000#0840112200000001
(1788787725.985822) can0 03FF1001#0000000000000000
(1788787725.996659) can0 03FF1603#0000D10E00000000
(1788787726.004660) can0 04FF3604#0004000300C80100
(1788787726.006810) can0 03FF1605#0100000000000000
(1788787726.034662) can0 04FF3604#0004000300C80100
(1788787726.039662) can0 05FF4610#0000D150FFFFFFA3
(1788787726.064663) can0 04FF3604#0005000300C80100
(1788787726.080666) can0 03FF1000#0840112200000001
(1788787726.090830) can0 03FF1001#0000000000000000
(1788787726.094664) can0 04FF3604#0003000300C80100
(1788787726.101664) can0 03FF1603#0000D10E00000000
(1788787726.111862) can0 03FF1605#0100000000000000
(1788787726.124665) can0 04FF3604#0003000300C80100
(1788787726.143666) can0 03FF1600#142B000104001319
(1788787726.153783) can0 03FF1601#6E50000000000000
(1788787726.154667) can0 04FF3602#0000000000000000
(1788787726.155667) can0 04FF3604#0003000300C80100
(1788787726.164668) can0 03FF1602#000005000000157C
(1788787726.174832) can0 03FF1604#0000000000000000
(1788787726.184671) can0 04FF3604#0005000300C80100
(1788787726.185668) can0 03FF1000#0840112200000001
(1788787726.195819) can0 03FF1001#0000000000000000
(1788787726.206670) can0 03FF1603#0000D10E00000000
(1788787726.214670) can0 04FF3604#0003000300C80100
(1788787726.216831) can0 03FF1605#0100000000000000
(1788787726.225670) can0 13B76400#01
(1788787726.244671) can0 04FF3604#0002000300C80100
(1788787726.274675) can0 04FF3604#0004000300C80100
(1788787726.290677) can0 03FF1000#0840112200000001
(1788787726.300831) can0 03FF1001#0000000000000000
(1788787726.301720) can0 05FF4610#0000D150FFFFFFA3
(1788787726.304674) can0 04FF3604#0005000300C80100
(1788787726.311675) can0 03FF1603#0000D10E00000000
(1788787726.321836) can0 03FF1605#0100000000000000
(1788787726.334675) can0 04FF3604#0003000300C80100
(1788787726.364680) can0 04FF3604#0003000300C80100
(1788787726.374681) can0 02181606#0100190001030200
(1788787726.394681) can0 04FF3604#0005000300C80100
(1788787726.395678) can0 03FF1000#0840112200000001
(1788787726.404679) can0 02203606#0101000100010000
(1788787726.405841) can0 03FF1001#0000000000000000
(1788787726.416680) can0 03FF1603#0000D10E00000000
(1788787726.424680) can0 04FF3604#0004000300C80100
(1788787726.426830) can0 03FF1605#0100000000000000
(1788787726.434680) can0 02181608#0500000001000000
(1788787726.437680) can0 03121606#0000000000000000
(1788787726.454682) can0 04FF3604#0005000300C80100
(1788787726.464682) can0 02181609#0000000000000000
(1788787726.484685) can0 04FF3604#0006000300C80100
(1788787726.494685) can0 02488600#0000000000000000
(1788787726.500683) can0 03FF1000#0840112200000001
(1788787726.506684) can0 13B76400#01
(1788787726.510833) can0 03FF1001#0000000000000000
(1788787726.514684) can0 04FF3604#0006000300C80100
(1788787726.521684) can0 03FF1603#0000D10E00000000
(1788787726.524684) can0 02294614#
(1788787726.524935) can0 05124614#101F0B101100000E
(1788787726.531824) can0 03FF1605#0100000000000000
(1788787726.544685) can0 04FF3604#0003000300C80100
(1788787726.574689) can0 04FF3604#0003000300C80100
(1788787726.592900) can0 05FF4610#0000D150FFFFFFA3
(1788787726.604689) can0 04FF3604#0005000300C80100
(1788787726.605688) can0 03FF1000#0840112200000001
(1788787726.606931) can0 05FF4001#0000000000000000
(1788787726.609688) can0 05FF4000#0000000000000000
(1788787726.615835) can0 03FF1001#0000000000000000
(1788787726.626690) can0 03FF1603#0000D10E00000000
(1788787726.634690) can0 04FF3604#0005000300C80100
(1788787726.636863) can0 03FF1605#0100000000000000
(1788787726.654691) can0 04FF3602#0000000000000000
(1788787726.664691) can0 04FF3604#0003000300C80100
(1788787726.688938) can0 05FF4602#1110171017101710
(1788787726.694695) can0 04FF3604#0005000300C80100
(1788787726.698931) can0 05FF4603#18101A101C101D10
(1788787726.708925) can0 05FF4604#1B101C101E101F10
(1788787726.710693) can0 03FF1000#0840112200000001
(1788787726.718950) can0 05FF4605#1B10000000000000
(1788787726.720816) can0 03FF1001#0000000000000000
(1788787726.724693) can0 04FF3604#0006000300C80100
(1788787726.731694) can0 03FF1603#0000D10E00000000
(1788787726.741834) can0 03FF1605#0100000000000000
(1788787726.754699) can0 04FF3604#0005000300C80100
(1788787726.760779) can0 05FF4606#1D1D1C
(1788787726.770777) can0 05FF4607#1D1B1C
(1788787726.780837) can0 05FF4608#0019007C
(1788787726.784699) can0 04FF3604#0006000300C80100
(1788787726.784754) can0 13B76400#01
(1788787726.791698) can0 05FF4609#030003D403CA00
(1788787726.814697) can0 04FF3604#0005000300C80100
(1788787726.815698) can0 03FF1000#0840112200000001
(1788787726.825850) can0 03FF1001#0000000000000000
(1788787726.834699) can0 02FF2605#0000060907030807
(1788787726.836700) can0 03FF1603#0000D10E00000000
(1788787726.844700) can0 04FF3604#0004000300C80100
(1788787726.846850) can0 03FF1605#0100000000000000
(1788787726.864760) can0 02FF2604#0000000000000000
(1788787726.866701) can0 05FF4610#0000D150FFFFFFA3
(1788787726.874701) can0 04FF3604#0002000300C80100
(1788787726.895705) can0 02FF2704#0200000000000000
(1788787726.904705) can0 04FF3604#0004000300C80100
(1788787726.920704) can0 03FF1000#0840112200000001
(1788787726.924826) can0 0260B606#0100000000000000
(1788787726.930842) can0 03FF1001#0000000000000000
(1788787726.934704) can0 04FF3604#0004000300C80100
(1788787726.941703) can0 03FF1603#0000D10E00000000
(1788787726.951832) can0 03FF1605#0100000000000000
(1788787726.954820) can0 02203607#0000000300000000
(1788787726.964706) can0 04FF3604#0006000300C80100
(1788787726.994710) can0 04FF3604#0004000300C80100
(1788787727.024711) can0 04FF3604#0005000300C80100
(1788787727.025709) can0 03FF1000#0840112200000001
(1788787727.035848) can0 03FF1001#0000000000000000
(1788787727.046710) can0 03FF1603#0000D10E00000000
(1788787727.054710) can0 04FF3604#0009000300C80100
(1788787727.056836) can0 03FF1605#0100000000000000
(1788787727.084714) can0 04FF3604#0004000300C80100
(1788787727.085714) can0 13B76400#01
(1788787727.114713) can0 04FF3604#0006000300C80100
(1788787727.130714) can0 05FF4610#0000D150FFFFFFA3
(1788787727.130768) can0 03FF1000#0840112200000001
(1788787727.135713) can0 02181606#0100190001030200
(1788787727.140847) can0 03FF1001#0000000000000000
(1788787727.144713) can0 04FF3604#0006000300C80100
(1788787727.151714) can0 03FF1603#0000D10E00000000
(1788787727.154714) can0 04FF3602#0000000000000000
(1788787727.161838) can0 03FF1605#0100000000000000
(1788787727.166934) can0 02203606#0101000100010000
(1788787727.172715) can0 03FF1600#142B000104001319
(1788787727.174715) can0 04FF3604#0006000300C80100
(1788787727.182835) can0 03FF1601#6E50000000000000
(1788787727.193719) can0 03FF1602#000005000000157C
(1788787727.195717) can0 02181608#0500000001000000
(1788787727.203832) can0 03FF1604#0000000000000000
(1788787727.204716) can0 04FF3604#0005000300C80100
(1788787727.214717) can0 03FF1400#0000000700000000
(1788787727.225717) can0 02181609#0000000000000000
(1788787727.234719) can0 04FF3604#0004000300C80100
(1788787727.235718) can0 03FF1000#0840112200000001
(1788787727.245859) can0 03FF1001#0000000000000000
(1788787727.255722) can0 02488600#0000000000000000
(1788787727.256722) can0 03FF1603#0000D10E00000000
(1788787727.264720) can0 04FF3604#0003000300C80100
(1788787727.266836) can0 03FF1605#0100000000000000
(1788787727.277724) can0 03121606#0000000000000000
(1788787727.284896) can0 02294615#
(1788787727.286720) can0 05124615#1D011C0301FF
(1788787727.294721) can0 04FF3604#0005000300C80100
(1788787727.324722) can0 04FF3604#0007000300C80100
(1788787727.340724) can0 03FF1000#0840112200000001
(1788787727.350848) can0 03FF1001#0000000000000000
(1788787727.354724) can0 04FF3604#0007000300C80100
(1788787727.361725) can0 03FF1603#0000D10E00000000
(1788787727.364932) can0 13B76400#01
(1788787727.371851) can0 03FF1605#0100000000000000
(1788787727.384728) can0 04FF3604#0004000300C80100
(1788787727.392729) can0 05FF4610#0000D150FFFFFFA3
(1788787727.414728) can0 04FF3604#0005000300C80100
(1788787727.444729) can0 04FF3604#0005000300C80100
(1788787727.445728) can0 03FF1000#0840112200000001
(1788787727.455867) can0 03FF1001#0000000000000000
(1788787727.466730) can0 03FF1603#0000D10E00000000
(1788787727.474730) can0 04FF3604#0003000300C80100
(1788787727.476860) can0 03FF1605#0100000000000000
(1788787727.504733) can0 04FF3604#0005000300C80100
(1788787727.534732) can0 04FF3604#0004000300C80100
(1788787727.550734) can0 03FF1000#0840112200000001
(1788787727.560839) can0 03FF1001#0000000000000000
(1788787727.564733) can0 04FF3604#0004000300C80100
(1788787727.571734) can0 03FF1603#0000D10E00000000
(1788787727.581837) can0 03FF1605#0100000000000000
(1788787727.594738) can0 04FF3604#0004000300C80100
(1788787727.624738) can0 04FF3604#0004000300C80100
(1788787727.645738) can0 13B76400#01
(1788787727.651737) can0 05FF4001#0000000000000000
(1788787727.653739) can0 05FF4000#0000000000000000
(1788787727.654737) can0 04FF3400#0000057500000000
(1788787727.654804) can0 04FF3602#0000000000000000
(1788787727.655738) can0 04FF3603#0100000000000000
(1788787727.655850) can0 03FF1000#0840112200000001
(1788787727.659738) can0 04FF3604#0007000300C80100
(1788787727.665896) can0 03FF1001#0000000000000000
(1788787727.676741) can0 03FF1603#0000D10E00000000
(1788787727.680741) can0 05FF4610#0000D14FFFFFFFA3
(1788787727.684740) can0 04FF3604#0006000300C80100
(1788787727.686850) can0 03FF1605#0100000000000000
(1788787727.714741) can0 04FF3604#0005000300C80100
(1788787727.744743) can0 04FF3604#0007000400C80100
(1788787727.746742) can0 05FF4602#1110171017101710
(1788787727.756745) can0 05FF4603#18101A101C101D10
(1788787727.760745) can0 03FF1000#0840112200000001
(1788787727.767745) can0 05FF4604#1B101C101D101F10
(1788787727.770847) can0 03FF1001#0000000000000000
(1788787727.774743) can0 04FF3604#0004000300C80100
(1788787727.778746) can0 05FF4605#1B10000000000000
(1788787727.781749) can0 03FF1603#0000D10E00000000
(1788787727.791861) can0 03FF1605#0100000000000000
(1788787727.804745) can0 04FF3604#0001000300C80100
(1788787727.808745) can0 05FF4606#1D1D1C
(1788787727.818745) can0 05FF4607#1D1B1C
(1788787727.828746) can0 05FF4608#0019007C
(1788787727.834747) can0 04FF3604#0005000300C80100
(1788787727.838746) can0 05FF4609#030003D403CA00
(1788787727.846747) can0 02FF2605#0000060907030808
(1788787727.864751) can0 04FF3604#0005000300C80100
(1788787727.865751) can0 03FF1000#0840112200000001
(1788787727.875748) can0 02FF2604#0000000000000000
(1788787727.876752) can0 03FF1001#0000000000000000
(1788787727.886752) can0 03FF1603#0000D10E00000000
(1788787727.894750) can0 04FF3604#0004000300C80100
(1788787727.896853) can0 03FF1605#0100000000000000
(1788787727.905774) can0 02FF2704#0200000000000000
(1788787727.924751) can0 04FF3604#0005000300C80100
(1788787727.925751) can0 13B76400#01
(1788787727.935751) can0 0260B606#0100000000000000
(1788787727.954752) can0 04FF3604#0005000300C80100
(1788787727.957752) can0 05FF4610#0000D14FFFFFFFA3
(1788787727.965829) can0 02203607#0000000300000000
(1788787727.970752) can0 03FF1000#0840112200000001
(1788787727.980860) can0 03FF1001#0000000000000000
(1788787727.984756) can0 04FF3604#0004000300C80100
(1788787727.991755) can0 03FF1603#0000D10E00000000
(1788787727.995858) can0 02181606#0100190001030200
(1788787728.001859) can0 03FF1605#0100000000000000
(1788787728.014755) can0 04FF3604#0006000300C80100
(1788787728.025860) can0 02203606#0101000100010000
(1788787728.044757) can0 04FF3604#0004000300C80100
(1788787728.074759) can0 04FF3604#0004000300C80100
(1788787728.075757) can0 03FF1000#0840112200000001
(1788787728.077760) can0 02181608#0500000001000000
(1788787728.085865) can0 03FF1001#0000000000000000
(1788787728.096759) can0 03FF1603#0000D10E00000000
(1788787728.104759) can0 04FF3604#0006000300C80100
(1788787728.105974) can0 02181609#0000000000000000
(1788787728.106851) can0 03FF1605#0100000000000000
(1788787728.117760) can0 03121606#0000000000000000
(1788787728.134761) can0 04FF3604#0006000300C80100
(1788787728.135968) can0 02488600#0000000000000000
(1788787728.154761) can0 04FF3602#0000000000000000
(1788787728.159761) can0 03FF1600#142B000104001319
(1788787728.164762) can0 04FF3604#0005000300C80100
(1788787728.165762) can0 02294616#
(1788787728.166761) can0 05124616#00000000000030C6
(1788787728.169844) can0 03FF1601#6E50000000000000
(1788787728.180766) can0 03FF1602#000005000000157C
(1788787728.190866) can0 03FF1604#0000000000000000
(1788787728.194018) can0 04FF3604#0004000300C80100
(1788787728.201764) can0 03FF1000#0840112200000001
(1788787728.206018) can0 13B76400#01
(1788787728.211856) can0 03FF1001#0000000000000000
(1788787728.219812) can0 05FF4610#0000D14FFFFFFFA3
(1788787728.222765) can0 03FF1603#0000D10E00000000
(1788787728.224764) can0 04FF3604#0003000300C80100
(1788787728.232852) can0 03FF1605#0100000000000000
(1788787728.254770) can0 04FF3604#0006000300C80100
(1788787728.284024) can0 04FF3604#0003000300C80100
(1788787728.285770) can0 03FF1000#0840112200000001
(1788787728.295857) can0 03FF1001#0000000000000000
(1788787728.306770) can0 03FF1603#0000D10E00000000
(1788787728.314025) can0 04FF3604#0004000300C80100
(1788787728.316861) can0 03FF1605#0100000000000000
(1788787728.344026) can0 04FF3604#0004000300C80100
(1788787728.374773) can0 04FF3604#0006000300C80100
(1788787728.390777) can0 03FF1000#0840112200000001
(1788787728.400847) can0 03FF1001#0000000000000000
(1788787728.404012) can0 04FF3604#0003000300C80100
(1788787728.411773) can0 03FF1603#0000D10E00000000
(1788787728.421868) can0 03FF1605#0100000000000000
(1788787728.434029) can0 04FF3604#0006000300C80100
(1788787728.464015) can0 04FF3604#0005000400C80100
(1788787728.483920) can0 05FF4610#0000D14FFFFFFFA3
(1788787728.494051) can0 04FF3604#0005000300C80100
(1788787728.495777) can0 03FF1000#0840112200000001
(1788787728.505871) can0 03FF1001#0000000000000000
(1788787728.516779) can0 03FF1603#0000D10E00000000
(1788787728.524023) can0 04FF3604#0005000300C80100
(1788787728.526860) can0 03FF1605#0100000000000000
(1788787728.554019) can0 04FF3604#0005000300C80100
(1788787728.584016) can0 04FF3604#0004000300C80100
(1788787728.600786) can0 03FF1000#0840112200000001
(1788787728.610864) can0 03FF1001#0000000000000000
(1788787728.613998) can0 04FF3604#0004000300C80100
(1788787728.621784) can0 03FF1603#0000D10E00000000
(1788787728.631842) can0 03FF1605#0100000000000000
(1788787728.644018) can0 04FF3604#0005000300C80100
(1788787728.654040) can0 04FF3602#0000000000000000
(1788787728.656785) can0 02181606#0100190001030200
(1788787728.674017) can0 04FF3604#0003000300C80100
(1788787728.686789) can0 02203606#0101000100010000
(1788787728.702791) can0 05FF4001#0000000000000000
(1788787728.704031) can0 04FF3604#0003000300C80100
(1788787728.704787) can0 05FF4000#0000000000000000
(1788787728.705787) can0 03FF1000#0840112200000001
(1788787728.715865) can0 03FF1001#0000000000000000
(1788787728.718788) can0 02181608#0500000001000000
(1788787728.726788) can0 03FF1603#0000D10E00000000
(1788787728.734020) can0 04FF3604#0007000300C80100
(1788787728.736869) can0 03FF1605#0100000000000000
(1788787728.746790) can0 02181609#0000000000000000
(1788787728.747789) can0 03121606#0000000000000000
(1788787728.764024) can0 04FF3604#0004000300C80100
(1788787728.776795) can0 02488600#0000000000000000
(1788787728.786794) can0 05FF4610#0000D150FFFFFFA9
(1788787728.794027) can0 04FF3604#0006000300C80100
(1788787728.796792) can0 05FF4602#1110171017101710
(1788787728.806792) can0 05FF4603#18101A101C101D10
(1788787728.806860) can0 02294617#
(1788787728.807792) can0 05124617#0000000000000000
(1788787728.810792) can0 03FF1000#0840112200000001
(1788787728.816793) can0 05FF4604#1B101C101E101F10
(1788787728.820862) can0 03FF1001#0000000000000000
(1788787728.824012) can0 04FF3604#0005000300C80100
(1788787728.826793) can0 05FF4605#1B10000000000000
(1788787728.831793) can0 03FF1603#0000D10E00000000
(1788787728.841875) can0 03FF1605#0100000000000000
(1788787728.854015) can0 04FF3604#0004000300C80100
(1788787728.855921) can0 05FF4606#1D1D1C
(1788787728.856794) can0 02FF2605#0000060907030809
(1788787728.865922) can0 05FF4607#1D1B1C
(1788787728.875981) can0 05FF4608#0019007C
(1788787728.884009) can0 04FF3604#0004000300C80100
(1788787728.886798) can0 05FF4609#030003D403CA00
(1788787728.886852) can0 02FF2604#0000000000000000
(1788787728.914019) can0 04FF3604#0004000300C80100
(1788787728.915797) can0 03FF1000#0840112200000001
(1788787728.916815) can0 02FF2704#0200000000000000
(1788787728.925879) can0 03FF1001#0000000000000000
(1788787728.936798) can0 03FF1603#0000D10E00000000
(1788787728.944007) can0 04FF3604#0005000300C80100
(1788787728.946817) can0 0260B606#0100000000000000
(1788787728.947798) can0 03FF1605#0100000000000000
(1788787728.974021) can0 04FF3604#0005000300C80100
(1788787728.976823) can0 02203607#0000000300000000
(1788787729.004026) can0 04FF3604#0004000300C80100
(1788787729.020806) can0 03FF1000#0840112200000001
(1788787729.030873) can0 03FF1001#0000000000000000
(1788787729.034023) can0 04FF3604#0006000300C80100
(1788787729.041804) can0 03FF1603#0000D10E00000000
(1788787729.047804) can0 05FF4610#0000D150FFFFFFA9
(1788787729.051873) can0 03FF1605#0100000000000000
(1788787729.058804) can0 05FF4600#0D0300900303
(1788787729.064008) can0 04FF3604#0005000400C80100
(1788787729.094020) can0 04FF3604#0003000300C80100
(1788787729.124019) can0 04FF3604#0005000300C80100
(1788787729.125808) can0 03FF1000#0840112200000001
(1788787729.135877) can0 03FF1001#0000000000000000
(1788787729.146809) can0 03FF1603#0000D10E00000000
(1788787729.154029) can0 04FF3602#0000000000000000
(1788787729.154808) can0 04FF3604#0003000300C80100
(1788787729.156850) can0 03FF1605#0100000000000000
(1788787729.167810) can0 03FF1600#142B000104001319
(1788787729.177870) can0 03FF1601#6E50000000000000
(1788787729.184009) can0 04FF3604#0004000300C80100
(1788787729.188810) can0 03FF1602#000005000000157C
(1788787729.198870) can0 03FF1604#0000000000000000
(1788787729.214009) can0 04FF3604#0005000300C80100
(1788787729.230813) can0 03FF1000#0840112200000001
(1788787729.240882) can0 03FF1001#0000000000000000
(1788787729.244021) can0 04FF3604#0004000300C80100
(1788787729.251816) can0 03FF1603#0000D10E00000000
(1788787729.261851) can0 03FF1605#0100000000000000
(1788787729.273996) can0 04FF3604#0003000300C80100
(1788787729.304016) can0 04FF3604#0004000300C80100
(1788787729.309820) can0 05FF4610#0000D150FFFFFFA9
(1788787729.334004) can0 04FF3604#0004000300C80100
(1788787729.335818) can0 03FF1000#0840112200000001
(1788787729.345864) can0 03FF1001#0000000000000000
(1788787729.356818) can0 03FF1603#0000D10E00000000
(1788787729.364004) can0 04FF3604#0005000300C80100
(1788787729.366888) can0 03FF1605#0100000000000000
(1788787729.394020) can0 04FF3604#0004000400C80100
(1788787729.417826) can0 02181606#0100190001030200
(1788787729.424007) can0 04FF3604#0005000300C80100
(1788787729.440823) can0 03FF1000#0840112200000001
(1788787729.447823) can0 02203606#0101000100010000
(1788787729.450859) can0 03FF1001#0000000000000000
(1788787729.454008) can0 04FF3604#0004000300C80100
(1788787729.461824) can0 03FF1603#0000D10E00000000
(1788787729.471940) can0 03FF1605#0100000000000000
(1788787729.477829) can0 02181608#0500000001000000
(1788787729.482827) can0 03121606#0000000000000000
(1788787729.484009) can0 04FF3604#0004000300C80100
(1788787729.507826) can0 02181609#0000000000000000
(1788787729.513999) can0 04FF3604#0004000300C80100
(1788787729.537827) can0 02488600#0000000000000000
(1788787729.544007) can0 04FF3604#0005000300C80100
(1788787729.545827) can0 03FF1000#0840112200000001
(1788787729.555874) can0 03FF1001#0000000000000000
(1788787729.566829) can0 03FF1603#0000D10E00000000
(1788787729.567087) can0 02294618#
(1788787729.574003) can0 04FF3604#0004000300C80100
(1788787729.576886) can0 03FF1605#0100000000000000
(1788787729.591832) can0 05124618#00000E8700
(1788787729.597833) can0 02F82400#CF03000000000000
(1788787729.597989) can0 05FF4610#0000D14FFFFFFFA3
(1788787729.604004) can0 04FF3604#0004000300C80100
(1788787729.627832) can0 02FF2602#949B28ED3229D013
(1788787729.634000) can0 04FF3604#0006000300C80100
(1788787729.650834) can0 03FF1000#0840112200000001
(1788787729.654017) can0 04FF3602#0000000000000000
(1788787729.660879) can0 03FF1001#0000000000000000
(1788787729.664833) can0 04FF3604#0004000300C80100
(1788787729.671833) can0 03FF1603#0000D10E00000000
(1788787729.681871) can0 03FF1605#0100000000000000
(1788787729.694012) can0 04FF3604#0005000300C80100
(1788787729.723998) can0 04FF3604#0004000300C80100
(1788787729.754014) can0 04FF3604#0006000300C80100
(1788787729.755840) can0 03FF1000#0840112200000001
(1788787729.757838) can0 05FF4001#0000000000000000
(1788787729.759837) can0 05FF4000#0000000000000000
(1788787729.765885) can0 03FF1001#0000000000000000
(1788787729.776839) can0 03FF1603#0000D10E00000000
(1788787729.784014) can0 04FF3604#0005000300C80100
(1788787729.786894) can0 03FF1605#0100000000000000
(1788787729.814002) can0 04FF3604#0006000300C80100
(1788787729.839841) can0 05FF4602#1110171017101710
(1788787729.844003) can0 04FF3604#0007000400C80100
(1788787729.849842) can0 05FF4603#18101A101C101D10
(1788787729.859842) can0 05FF4604#1A101C101E101F10
(1788787729.860842) can0 03FF1000#0840112200000001
(1788787729.867843) can0 02FF2605#0000060907030800
(1788787729.869842) can0 05FF4605#1B10000000000000
(1788787729.870877) can0 03FF1001#0000000000000000
(1788787729.872843) can0 05FF4610#0000D14FFFFFFFA3
(1788787729.874028) can0 04FF3604#0006000300C80100
(1788787729.881846) can0 03FF1603#0000D10E00000000
(1788787729.891892) can0 03FF1605#0100000000000000
(1788787729.897846) can0 02FF2604#0000000000000000
(1788787729.899846) can0 05FF4606#1D1D1C
(1788787729.903995) can0 04FF3604#0003000300C80100
(1788787729.909845) can0 05FF4607#1D1C1C
(1788787729.919849) can0 05FF4608#0019007C
(1788787729.927846) can0 02FF2704#0200000000000000
(1788787729.929845) can0 05FF4609#030003D403CA00
(1788787729.933996) can0 04FF3604#0004000300C80100
(1788787729.957847) can0 0260B606#0100000000000000
(1788787729.964016) can0 04FF3604#0006000300C80100
(1788787729.965847) can0 03FF1000#0840112200000001
(1788787729.975883) can0 03FF1001#0000000000000000
(1788787729.986851) can0 03FF1603#0000D10E00000000
(1788787729.987851) can0 02203607#0000000300000000
(1788787729.994012) can0 04FF3604#0002000300C80100
(1788787729.996883) can0 03FF1605#0100000000000000
(1788787730.024002) can0 04FF3604#0004000300C80100
(1788787730.053986) can0 04FF3604#0003000300C80100
(1788787730.070853) can0 03FF1000#0840112200000001
(1788787730.080890) can0 03FF1001#0000000000000000
(1788787730.083994) can0 04FF3604#0004000300C80100
(1788787730.091853) can0 03FF1603#0000D10E00000000
(1788787730.101878) can0 03FF1605#0100000000000000
(1788787730.113993) can0 04FF3604#0004000300C80100
(1788787730.133856) can0 05FF4610#0000D14FFFFFFFA3
(1788787730.143994) can0 04FF3604#0004000300C80100
(1788787730.153995) can0 04FF3602#0000000000000000
(1788787730.174008) can0 04FF3604#0005000300C80100
(1788787730.175857) can0 03FF1000#0840112200000001
(1788787730.178859) can0 02181606#0100190001030200
(1788787730.185896) can0 03FF1001#0000000000000000
(1788787730.196859) can0 03FF1600#142B000104001319
(1788787730.203998) can0 04FF3604#0005000300C80100
(1788787730.206865) can0 03FF1601#6E50000000000000
(1788787730.208044) can0 02203606#0101000100010000
(1788787730.217860) can0 03FF1602#000005000000157C
(1788787730.227883) can0 03FF1603#0000D10E00000000
(1788787730.233988) can0 04FF3604#0003000300C80100
(1788787730.238860) can0 03FF1604#0000000000000000
(1788787730.238995) can0 02181608#0500000001000000
(1788787730.248941) can0 03FF1605#0100000000000000
(1788787730.263975) can0 04FF3604#0003000300C80100
(1788787730.269946) can0 02181609#0000000000000000
(1788787730.280865) can0 03FF1000#0840112200000001
(1788787730.290899) can0 03FF1001#0000000000000000
(1788787730.293986) can0 04FF3604#0005000300C80100
(1788787730.298863) can0 02488600#0000000000000000
(1788787730.301863) can0 03FF1603#0000D10E00000000
(1788787730.311898) can0 03FF1605#0100000000000000
(1788787730.322865) can0 03121606#0000000000000000
(1788787730.323991) can0 04FF3604#0005000300C80100
(1788787730.327864) can0 02498601#
(1788787730.353994) can0 04FF3604#0003000300C80100
(1788787730.383993) can0 04FF3604#0004000300C80100
(1788787730.385869) can0 03FF1000#0840112200000001
(1788787730.395892) can0 03FF1001#0000000000000000
(1788787730.397972) can0 05FF4610#0000D14FFFFFFFA3
(1788787730.406870) can0 03FF1603#0000D10E00000000
(1788787730.413996) can0 04FF3604#0003000300C80100
(1788787730.416903) can0 03FF1605#0100000000000000
(1788787730.443997) can0 04FF3604#0002000300C80100
(1788787730.473976) can0 04FF3604#0003000300C80100
(1788787730.490875) can0 03FF1000#0840112200000001
(1788787730.500945) can0 03FF1001#0000000000000000
(1788787730.504000) can0 04FF3604#0005000300C80100
(1788787730.511874) can0 03FF1603#0000D10E00000000
(1788787730.521898) can0 03FF1605#0100000000000000
(1788787730.533991) can0 04FF3604#0007000300C80100
(1788787730.563992) can0 04FF3604#0004000300C80100
(1788787730.593979) can0 04FF3604#0004000300C80100
(1788787730.595880) can0 03FF1000#0840112200000001
(1788787730.605890) can0 03FF1001#0000000000000000
(1788787730.616880) can0 03FF1603#0000D10E00000000
(1788787730.623983) can0 04FF3604#0006000300C80100
(1788787730.626902) can0 03FF1605#0100000000000000
(1788787730.654007) can0 04FF3602#0000000000000000
(1788787730.654880) can0 04FF3604#0005000300C80100
(1788787730.683983) can0 04FF3604#0005000300C80100
(1788787730.687884) can0 05FF4610#0000D150FFFFFFA9
(1788787730.700884) can0 03FF1000#0840112200000001
(1788787730.710906) can0 03FF1001#0000000000000000
(1788787730.713994) can0 04FF3604#0004000300C80100
(1788787730.721883) can0 03FF1603#0000D10E00000000
(1788787730.731884) can0 03FF1605#0100000000000000
(1788787730.743977) can0 04FF3604#0004000300C80100
(1788787730.773994) can0 04FF3604#0004000300C80100
(1788787730.803891) can0 05FF4001#0000000000000000
(1788787730.803991) can0 04FF3604#0006000300C80100
(1788787730.805887) can0 05FF4000#0000000000000000
(1788787730.805937) can0 03FF1000#0840112200000001
(1788787730.815899) can0 03FF1001#0000000000000000
(1788787730.826889) can0 03FF1603#0000D10E00000000
(1788787730.833992) can0 04FF3604#0006000300C80100
(1788787730.836906) can0 03FF1605#0100000000000000
(1788787730.863983) can0 04FF3604#0005000400C80100
(1788787730.878891) can0 02FF2605#0000060907030801
(1788787730.886894) can0 05FF4602#1110171017101710
(1788787730.893986) can0 04FF3604#0005000300C80100
(1788787730.896891) can0 05FF4603#18101A101C101D10
(1788787730.906892) can0 05FF4604#1B101C101E101F10
(1788787730.908893) can0 02FF2604#0000000000000000
(1788787730.910893) can0 03FF1000#0840112200000001
(1788787730.916892) can0 05FF4605#1B10000000000000
(1788787730.920892) can0 03FF1001#0000000000000000
(1788787730.923985) can0 04FF3604#0005000300C80100
(1788787730.931893) can0 03FF1603#0000D10E00000000
(1788787730.938894) can0 02FF2704#0200000000000000
(1788787730.941905) can0 03FF1605#0100000000000000
(1788787730.946894) can0 05FF4606#1D1D1C
(1788787730.953998) can0 04FF3604#0005000300C80100
(1788787730.956894) can0 05FF4607#1D1B1C
(1788787730.962895) can0 05FF4610#0000D150FFFFFFA9
(1788787730.966894) can0 05FF4608#0019007C
(1788787730.968894) can0 0260B606#0100000000000000
(1788787730.976895) can0 05FF4609#030003D403CA00
(1788787730.983990) can0 04FF3604#0003000300C80100
(1788787730.998900) can0 02203607#0000000300000000
(1788787731.013974) can0 04FF3604#0005000300C80100
(1788787731.015897) can0 03FF1000#0840112200000001
(1788787731.025933) can0 03FF1001#0000000000000000
(1788787731.028897) can0 02181606#0100190001030200
(1788787731.036898) can0 03FF1603#0000D10E00000000
(1788787731.044003) can0 04FF3604#0004000300C80100
(1788787731.046910) can0 03FF1605#0100000000000000
(1788787731.073970) can0 04FF3604#0003000300C80100
(1788787731.079903) can0 02203606#0101000100010000
(1788787731.103996) can0 04FF3604#0005000300C80100
(1788787731.109903) can0 02181608#0500000001000000
(1788787731.120902) can0 03FF1000#0840112200000001
(1788787731.130922) can0 03FF1001#0000000000000000
(1788787731.133995) can0 04FF3604#0006000300C80100
(1788787731.138960) can0 02181609#0000000000000000
(1788787731.141903) can0 03FF1603#0000D10E00000000
(1788787731.151915) can0 03FF1605#0100000000000000
(1788787731.153996) can0 04FF3602#0000000000000000
(1788787731.162904) can0 03121606#0000000000000000
(1788787731.163973) can0 04FF3604#0003000300C80100
(1788787731.169003) can0 02488600#0000000000000000
(1788787731.183908) can0 03FF1600#142B000104001319
(1788787731.193908) can0 03FF1601#6E50000000000000
(1788787731.194905) can0 04FF3604#0004000300C80100
(1788787731.198936) can0 02498602#
(1788787731.204906) can0 03FF1602#000005000000157C
(1788787731.214907) can0 03FF1604#0000000000000000
(1788787731.223965) can0 04FF3604#0005000400C80100
(1788787731.224907) can0 05FF4610#0000D150FFFFFFA9
(1788787731.225907) can0 03FF1000#0840112200000001
(1788787731.235907) can0 03FF1001#0000000000000000
(1788787731.246908) can0 03FF1603#0000D10E00000000
(1788787731.253988) can0 04FF3604#0006000300C80100
(1788787731.256911) can0 03FF1605#0100000000000000
(1788787731.284005) can0 04FF3604#0005000300C80100
(1788787731.313996) can0 04FF3604#0004000300C80100
(1788787731.330913) can0 03FF1000#0840112200000001
(1788787731.340913) can0 03FF1001#0000000000000000
(1788787731.343982) can0 04FF3604#0005000300C80100
(1788787731.351913) can0 03FF1603#0000D10E00000000
(1788787731.361925) can0 03FF1605#0100000000000000
(1788787731.373983) can0 04FF3604#0004000300C80100
(1788787731.403988) can0 04FF3604#0005000300C80100
(1788787731.433989) can0 04FF3604#0004000300C80100
(1788787731.435917) can0 03FF1000#0840112200000001
(1788787731.445918) can0 03FF1001#0000000000000000
(1788787731.456918) can0 03FF1603#0000D10E00000000
(1788787731.463976) can0 04FF3604#0004000300C80100
(1788787731.466918) can0 03FF1605#0100000000000000
(1788787731.487922) can0 05FF4610#0000D150FFFFFFA9
(1788787731.494003) can0 04FF3604#0006000300C80100
(1788787731.523968) can0 04FF3604#0003000300C80100
(1788787731.540923) can0 03FF1000#0840112200000001
(1788787731.550923) can0 03FF1001#0000000000000000
(1788787731.553980) can0 04FF3604#0006000300C80100
(1788787731.561923) can0 03FF1603#0000D10E00000000
(1788787731.571923) can0 03FF1605#0100000000000000
(1788787731.583984) can0 04FF3604#0008000300C80100
(1788787731.613975) can0 04FF3604#0004000300C80100
(1788787731.643973) can0 04FF3604#0006000400C80100
(1788787731.645927) can0 03FF1000#0840112200000001
(1788787731.653986) can0 04FF3602#0000000000000000
(1788787731.655927) can0 03FF1001#0000000000000000
(1788787731.666928) can0 03FF1603#0000D10E00000000
(1788787731.673975) can0 04FF3604#0004000300C80100
(1788787731.676928) can0 03FF1605#0100000000000000
(1788787731.699932) can0 02181606#0100190001030200
(1788787731.703978) can0 04FF3604#0005000300C80100
(1788787731.729932) can0 02203606#0101000100010000
(1788787731.733965) can0 04FF3604#0003000300C80100
(1788787731.750934) can0 03FF1000#0840112200000001
(1788787731.759935) can0 02181608#0500000001000000
(1788787731.760933) can0 03FF1001#0000000000000000
(1788787731.763979) can0 04FF3604#0003000300C80100
(1788787731.771934) can0 03FF1603#0000D10E00000000
(1788787731.781936) can0 03FF1605#0100000000000000
(1788787731.789936) can0 02181609#0000000000000000
(1788787731.790093) can0 05FF4610#0000D14EFFFFFFA3
(1788787731.792933) can0 03121606#0000000000000000
(1788787731.793968) can0 04FF3604#0006000300C80100
(1788787731.819935) can0 02488600#0000000000000000
(1788787731.823958) can0 04FF3604#0004000300C80100
(1788787731.849936) can0 02294500#
(1788787731.849991) can0 05FF4001#0000000000000000
(1788787731.850936) can0 05124500#0500
(1788787731.851936) can0 05FF4000#0000000000000000
(1788787731.853984) can0 04FF3604#0006000300C80100
(1788787731.855937) can0 03FF1000#0840112200000001
(1788787731.865938) can0 03FF1001#0000000000000000
(1788787731.876939) can0 03FF1603#0000D10E00000000
(1788787731.883976) can0 04FF3604#0004000300C80100
(1788787731.886941) can0 03FF1605#0100000000000000
(1788787731.891939) can0 02FF2605#0000060907030802
(1788787731.913975) can0 04FF3604#0004000300C80100
(1788787731.921940) can0 02FF2604#0000000000000000
(1788787731.933940) can0 05FF4602#1110171017101710
(1788787731.943941) can0 05FF4603#17101A101C101D10
(1788787731.944941) can0 04FF3604#0005000400C80100
(1788787731.949942) can0 02FF2704#0200000000000000
(1788787731.953941) can0 05FF4604#1A101C101E101F10
(1788787731.960942) can0 03FF1000#0840112200000001
(1788787731.963942) can0 05FF4605#1B10000000000000
(1788787731.970943) can0 03FF1001#0000000000000000
(1788787731.973989) can0 04FF3604#0005000300C80100
(1788787731.979942) can0 0260B606#0100000000000000
(1788787731.981946) can0 03FF1603#0000D10E00000000
(1788787731.991947) can0 03FF1605#0100000000000000
(1788787731.993944) can0 05FF4606#1D1D1C
(1788787732.003945) can0 05FF4607#1D1B1C
(1788787732.004944) can0 04FF3604#0005000300C80100
(1788787732.011944) can0 02203607#0000000300000000
(1788787732.013944) can0 05FF4608#0019007C
(1788787732.023944) can0 05FF4609#030003D403CA00
(1788787732.033980) can0 04FF3604#0003000300C80100
(1788787732.052946) can0 05FF4610#0000D14EFFFFFFA3
(1788787732.063982) can0 04FF3604#0005000300C80100
(1788787732.065947) can0 03FF1000#0840112200000001
(1788787732.075947) can0 03FF1001#0000000000000000
(1788787732.086950) can0 03FF1603#0000D10E00000000
(1788787732.093986) can0 04FF3604#0003000300C80100
(1788787732.096948) can0 03FF1605#0100000000000000
(1788787732.123972) can0 04FF3604#0006000400C80100
(1788787732.153999) can0 04FF3602#0000000000000000
(1788787732.154951) can0 04FF3604#0004000300C80100
(1788787732.170952) can0 03FF1000#0840112200000001
(1788787732.180955) can0 03FF1001#0000000000000000
(1788787732.183978) can0 04FF3604#0005000300C80100
(1788787732.191953) can0 03FF1603#0000D10E00000000
(1788787732.201954) can0 03FF1605#0100000000000000
(1788787732.212954) can0 03FF1600#142B000104001319
(1788787732.213965) can0 04FF3604#0004000300C80100
(1788787732.222954) can0 03FF1601#6E50000000000000
(1788787732.233955) can0 03FF1602#000005000000157C
(1788787732.243956) can0 03FF1604#0000000000000000
(1788787732.244955) can0 04FF3604#0005000300C80100
(1788787732.273971) can0 04FF3604#0004000300C80100
(1788787732.275960) can0 03FF1000#0840112200000001
(1788787732.285961) can0 03FF1001#0000000000000000
(1788787732.296961) can0 03FF1603#0000D10E00000000
(1788787732.303982) can0 04FF3604#0008000300C80100
(1788787732.306958) can0 03FF1605#0100000000000000
(1788787732.314971) can0 05FF4610#0000D14EFFFFFFA3
(1788787732.333972) can0 04FF3604#0005000300C80100
(1788787732.363991) can0 04FF3604#0005000300C80100
(1788787732.380969) can0 03FF1000#0840112200000001
(1788787732.390965) can0 03FF1001#0000000000000000
(1788787732.393985) can0 04FF3604#0006000300C80100
(1788787732.401964) can0 03FF1603#0000D10E00000000
(1788787732.411963) can0 03FF1605#0100000000000000
(1788787732.423974) can0 04FF3604#0005000300C80100
(1788787732.453965) can0 04FF3604#0004000300C80100
(1788787732.460182) can0 02181606#0100190001030200
(1788787732.483970) can0 04FF3604#0004000300C80100
(1788787732.485966) can0 03FF1000#0840112200000001
(1788787732.490209) can0 02203606#0101000100010000
(1788787732.495966) can0 03FF1001#0000000000000000
(1788787732.506968) can0 03FF1603#0000D10E00000000
(1788787732.513979) can0 04FF3604#0004000300C80100
(1788787732.516967) can0 03FF1605#0100000000000000
(1788787732.520967) can0 02181608#0500000001000000
(1788787732.527968) can0 03121606#0000000000000000
(1788787732.543969) can0 04FF3604#0006000300C80100
(1788787732.552969) can0 02181609#0000000000000000
(1788787732.573971) can0 04FF3604#0005000300C80100
(1788787732.578052) can0 05FF4610#0000D14EFFFFFFA3
(1788787732.580970) can0 02488600#0000000000000000
(1788787732.590973) can0 03FF1000#0840112200000001
(1788787732.600971) can0 03FF1001#0000000000000000
(1788787732.603971) can0 04FF3604#0004000300C80100
(1788787732.610087) can0 02294501#
(1788787732.611972) can0 03FF1603#0000D10E00000000
(1788787732.621973) can0 03FF1605#0100000000000000
(1788787732.623225) can0 05124501#0103
(1788787732.633973) can0 04FF3604#0006000300C80100
(1788787732.653974) can0 04FF3602#0000000000000000
(1788787732.663974) can0 04FF3604#0006000300C80100
(1788787732.693977) can0 04FF3604#0004000300C80100
(1788787732.695976) can0 03FF1000#0840112200000001
(1788787732.705977) can0 03FF1001#0000000000000000
(1788787732.716978) can0 03FF1603#0000D10E00000000
(1788787732.723977) can0 04FF3604#0004000300C80100
(1788787732.726977) can0 03FF1605#0100000000000000
(1788787732.753981) can0 04FF3604#0006000300C80100
(1788787732.783986) can0 04FF3604#0005000300C80100
(1788787732.800981) can0 03FF1000#0840112200000001
(1788787732.810982) can0 03FF1001#0000000000000000
(1788787732.813981) can0 04FF3604#0003000300C80100
(1788787732.821982) can0 03FF1603#0000D10E00000000
(1788787732.831994) can0 03FF1605#0100000000000000
(1788787732.843983) can0 04FF3604#0005000300C80100
(1788787732.873985) can0 04FF3604#0003000400C80100
(1788787732.880223) can0 05FF4610#0000D150FFFFFFAE
(1788787732.897987) can0 05FF4001#0000000000000000
(1788787732.899985) can0 05FF4000#0000000000000000
(1788787732.903986) can0 04FF3604#0005000300C80100
(1788787732.905986) can0 03FF1000#0840112200000001
(1788787732.915986) can0 03FF1001#0000000000000000
(1788787732.926986) can0 03FF1603#0000D10E00000000
(1788787732.933987) can0 04FF3604#0005000300C80100
(1788787732.936987) can0 03FF1605#0100000000000000
(1788787732.963991) can0 04FF3604#0005000300C80100
(1788787732.972990) can0 13B76400#01
(1788787732.973989) can0 02FF2605#0000060907030803
(1788787732.981991) can0 05FF4602#1110171017101710
(1788787732.991991) can0 05FF4603#18101A101C101D10
(1788787732.993990) can0 04FF3604#0004000300C80100
(1788787733.000990) can0 02FF2604#0000000000000000
(1788787733.001990) can0 05FF4604#1B101C101E101F10
(1788787733.010992) can0 03FF1000#0840112200000001
(1788787733.011991) can0 05FF4605#1B10000000000000
(1788787733.020992) can0 03FF1001#0000000000000000
(1788787733.023991) can0 04FF3604#0006000300C80100
(1788787733.030992) can0 02FF2704#0200000000000000
(1788787733.031991) can0 03FF1603#0000D10E00000000
(1788787733.041120) can0 05FF4606#1D1D1C
(1788787733.041992) can0 03FF1605#0100000000000000
(1788787733.051132) can0 05FF4607#1D1B1C
(1788787733.053992) can0 04FF3604#0005000300C80100
(1788787733.061190) can0 05FF4608#0019007C
(1788787733.071994) can0 05FF4609#030003D403CA00
(1788787733.081994) can0 0260B606#0100000000000000
(1788787733.083994) can0 04FF3604#0005000300C80100
(1788787733.113997) can0 04FF3604#0004000300C80100
(1788787733.114995) can0 02203607#0000000300000000
(1788787733.115995) can0 03FF1000#0840112200000001
(1788787733.125996) can0 03FF1001#0000000000000000
(1788787733.136998) can0 03FF1603#0000D10E00000000
(1788787733.143998) can0 05FF4610#0000D150FFFFFFAE
(1788787733.144065) can0 04FF3604#0004000300C80100
(1788787733.146997) can0 03FF1605#0100000000000000
(1788787733.153997) can0 04FF3602#0000000000000000
(1788787733.174000) can0 04FF3604#0004000400C80100
(1788787733.200001) can0 03FF1600#142B000104001319
(1788787733.204000) can0 04FF3604#0004000300C80100
(1788787733.210001) can0 03FF1601#6E50000000000000
(1788787733.221001) can0 03FF1602#000005000000157C
(1788787733.221056) can0 02181606#0100190001030200
(1788787733.231002) can0 03FF1604#0000000000000000
(1788787733.234001) can0 04FF3604#0005000300C80100
(1788787733.242003) can0 03FF1000#0840112200000001
(1788787733.251003) can0 13B76400#01
(1788787733.252002) can0 02203606#0101000100010000
(1788787733.252068) can0 03FF1001#0000000000000000
(1788787733.263004) can0 03FF1603#0000D10E00000000
(1788787733.264004) can0 04FF3604#0005000300C80100
(1788787733.273004) can0 03FF1605#0100000000000000
(1788787733.281005) can0 02181608#0500000001000000
(1788787733.294006) can0 04FF3604#0008000300C80100
(1788787733.311005) can0 02181609#0000000000000000
(1788787733.324006) can0 04FF3604#0004000300C80100
(1788787733.326006) can0 03FF1000#0840112200000001
(1788787733.336007) can0 03FF1001#0000000000000000
(1788787733.341087) can0 02488600#0000000000000000
(1788787733.347007) can0 03FF1603#0000D10E00000000
(1788787733.354007) can0 04FF3604#0005000300C80100
(1788787733.357007) can0 03FF1605#0100000000000000
(1788787733.368008) can0 03121606#0000000000000000
(1788787733.373008) can0 02191500#
(1788787733.384009) can0 04FF3604#0003000300C80100
(1788787733.389009) can0 03FF1500#000000C300000000
(1788787733.407010) can0 05FF4610#0000D150FFFFFFAE
(1788787733.414011) can0 04FF3604#0003000300C80100
(1788787733.431011) can0 03FF1000#0840112200000001
(1788787733.441012) can0 03FF1001#0000000000000000
(1788787733.444011) can0 04FF3604#0005000300C80100
(1788787733.452012) can0 03FF1603#0000D10E00000000
(1788787733.462013) can0 03FF1605#0100000000000000
(1788787733.474015) can0 04FF3604#0005000300C80100
(1788787733.504016) can0 04FF3604#0004000300C80100
(1788787733.534016) can0 04FF3604#0005000300C80100
(1788787733.536015) can0 03FF1000#0840112200000001
(1788787733.546017) can0 03FF1001#0000000000000000
(1788787733.552051) can0 13B76400#01
(1788787733.557017) can0 03FF1603#0000D10E00000000
(1788787733.564018) can0 04FF3604#0004000300C80100
(1788787733.567017) can0 03FF1605#0100000000000000
(1788787733.594020) can0 04FF3604#0003000300C80100
(1788787733.624021) can0 04FF3604#0002000300C80100
(1788787733.641021) can0 03FF1000#0840112200000001
(1788787733.651022) can0 03FF1001#0000000000000000
(1788787733.654021) can0 04FF3602#0000000000000000
(1788787733.655021) can0 04FF3604#0003000300C80100
(1788787733.662022) can0 03FF1603#0000D10E00000000
(1788787733.672022) can0 03FF1605#0100000000000000
(1788787733.684023) can0 04FF3604#0004000300C80100
(1788787733.699024) can0 05FF4610#0000D14EFFFFFF9E
(1788787733.714025) can0 04FF3604#0005000300C80100
(1788787733.744026) can0 04FF3604#0006000300C80100
(1788787733.746026) can0 03FF1000#0840112200000001
(1788787733.756027) can0 03FF1001#0000000000000000
(1788787733.767027) can0 03FF1603#0000D10E00000000
(1788787733.774027) can0 04FF3604#0004000300C80100
(1788787733.777027) can0 03FF1605#0100000000000000
(1788787733.804029) can0 04FF3604#0006000300C80100
(1788787733.831226) can0 13B76400#01
(1788787733.834030) can0 04FF3604#0005000300C80100
(1788787733.851032) can0 03FF1000#0840112200000001
(1788787733.861031) can0 03FF1001#0000000000000000
(1788787733.864031) can0 04FF3604#0005000300C80100
(1788787733.872032) can0 03FF1603#0000D10E00000000
(1788787733.882033) can0 03FF1605#0100000000000000
(1788787733.894035) can0 04FF3604#0003000300C80100
(1788787733.924034) can0 04FF3604#0006000300C80100
(1788787733.942035) can0 02FF2605#0000060907030804
(1788787733.948035) can0 05FF4001#0000000000000000
(1788787733.950035) can0 05FF4000#0000000000000000
(1788787733.954036) can0 04FF3604#0006000300C80100
(1788787733.956036) can0 03FF1000#0840112200000001
(1788787733.966037) can0 03FF1001#0000000000000000
(1788787733.974039) can0 05FF4610#0000D14EFFFFFF9E
(1788787733.977037) can0 03FF1603#0000D10E00000000
(1788787733.984037) can0 04FF3604#0006000300C80100
(1788787733.987037) can0 03FF1605#0100000000000000
(1788787734.012039) can0 02FF2604#0000000000000000
(1788787734.014038) can0 04FF3604#0004000300C80100
(1788787734.030039) can0 05FF4602#1110171017101710
(1788787734.040039) can0 05FF4603#18101A101C101D10
(1788787734.042039) can0 02FF2704#0200000000000000
(1788787734.044039) can0 04FF3604#0004000300C80100
(1788787734.050040) can0 05FF4604#1B101C101D101F10
(1788787734.060040) can0 05FF4605#1A10000000000000
(1788787734.061040) can0 03FF1000#0840112200000001
(1788787734.071042) can0 03FF1001#0000000000000000
(1788787734.074041) can0 04FF3604#0003000300C80100
(1788787734.082042) can0 03FF1603#0000D10E00000000
(1788787734.090043) can0 05FF4606#1D1D1C
(1788787734.092042) can0 03FF1605#0100000000000000
(1788787734.100042) can0 05FF4607#1D1C1C
(1788787734.102042) can0 0260B606#0100000000000000
(1788787734.104042) can0 04FF3604#0005000300C80100
(1788787734.110044) can0 05FF4608#0019007C
(1788787734.112043) can0 13B76400#01
(1788787734.120043) can0 05FF4609#030003D403CA00
(1788787734.132044) can0 02203607#0000000300000000
(1788787734.134044) can0 04FF3604#0005000300C80100
(1788787734.154045) can0 04FF3602#0000000000000000
(1788787734.162046) can0 02181606#0100190001030200
(1788787734.164045) can0 04FF3604#0004000300C80100
(1788787734.166045) can0 03FF1000#0840112200000001
(1788787734.176046) can0 03FF1001#0000000000000000
(1788787734.187047) can0 03FF1603#0000D10E00000000
(1788787734.192047) can0 02203606#0101000100010000
(1788787734.194047) can0 04FF3604#0003000300C80100
(1788787734.197047) can0 03FF1605#0100000000000000
(1788787734.208047) can0 03FF1600#142B000104001319
(1788787734.218049) can0 03FF1601#6E50000000000000
(1788787734.224048) can0 04FF3604#0004000300C80100
(1788787734.229048) can0 03FF1602#000005000000157C
(1788787734.235050) can0 05FF4400#00000005
(1788787734.236049) can0 05FF4610#0000D14EFFFFFF9E
(1788787734.239049) can0 03FF1604#0000000000000000
(1788787734.242049) can0 02181608#0500000001000000
(1788787734.254051) can0 04FF3604#0005000300C80100
(1788787734.271051) can0 03FF1000#0840112200000001
(1788787734.272050) can0 02181609#0000000000000000
(1788787734.281051) can0 03FF1001#0000000000000000
(1788787734.284052) can0 04FF3604#0005000300C80100
(1788787734.290052) can0 05FF4600#0D0300900303
(1788787734.292051) can0 03FF1603#0000D10E00000000
(1788787734.302053) can0 03FF1605#0100000000000000
(1788787734.303052) can0 02488600#0000000000000000
(1788787734.313053) can0 03121606#0000000000000000
(1788787734.314053) can0 04FF3604#0005000300C80100
(1788787734.334054) can0 02191501#
(1788787734.336055) can0 05FF4601#007300000000
(1788787734.344054) can0 04FF3604#0004000300C80100
(1788787734.355054) can0 03FF1501#0000004A00000000
(1788787734.374056) can0 04FF3604#0004000300C80100
(1788787734.376055) can0 03FF1000#0840112200000001
(1788787734.386057) can0 03FF1001#0000000000000000
(1788787734.392056) can0 13B76400#01
(1788787734.397057) can0 03FF1603#0000D10E00000000
(1788787734.404058) can0 04FF3604#0003000300C80100
(1788787734.407057) can0 03FF1605#0100000000000000
(1788787734.434058) can0 04FF3604#0004000300C80100
(1788787734.464060) can0 04FF3604#0004000300C80100
(1788787734.481060) can0 03FF1000#0840112200000001
(1788787734.491063) can0 03FF1001#0000000000000000
(1788787734.494061) can0 04FF3604#0005000300C80100
(1788787734.499126) can0 05FF4610#0000D14EFFFFFF9E
(1788787734.502061) can0 03FF1603#0000D10E00000000
(1788787734.512062) can0 03FF1605#0100000000000000
(1788787734.524063) can0 04FF3604#0006000300C80100
(1788787734.554064) can0 04FF3604#0006000300C80100
(1788787734.584066) can0 04FF3604#0005000300C80100
(1788787734.586066) can0 03FF1000#0840112200000001
(1788787734.596067) can0 03FF1001#0000000000000000
(1788787734.607067) can0 03FF1603#0000D10E00000000
(1788787734.614067) can0 04FF3604#0005000300C80100
(1788787734.617067) can0 03FF1605#0100000000000000
(1788787734.644070) can0 04FF3604#0005000300C80100
(1788787734.654070) can0 04FF3602#0000000000000000
(1788787734.672070) can0 13B76400#01
(1788787734.674069) can0 04FF3604#0005000300C80100
(1788787734.691072) can0 03FF1000#0840112200000001
(1788787734.701072) can0 03FF1001#0000000000000000
(1788787734.704071) can0 04FF3604#0003000300C80100
(1788787734.712071) can0 03FF1603#0000D10E00000000
(1788787734.722073) can0 03FF1605#0100000000000000
(1788787734.734072) can0 04FF3604#0004000300C80100
(1788787734.764075) can0 02181606#0100190001030200
(1788787734.764186) can0 04FF3604#0005000300C80100
(1788787734.793076) can0 02203606#0101000100010000
(1788787734.794075) can0 04FF3604#0008000400C80100
(1788787734.796075) can0 03FF1000#0840112200000001
(1788787734.801319) can0 05FF4610#0000D150FFFFFF9E
(1788787734.806076) can0 03FF1001#0000000000000000
(1788787734.817077) can0 03FF1603#0000D10E00000000
(1788787734.823076) can0 02181608#0500000001000000
(1788787734.824076) can0 04FF3604#0005000300C80100
(1788787734.827077) can0 03FF1605#0100000000000000
(1788787734.838078) can0 03121606#0000000000000000
(1788787734.853079) can0 02181609#0000000000000000
(1788787734.854078) can0 04FF3604#0004000300C80100
(1788787734.883079) can0 02488600#0000000000000000
(1788787734.884080) can0 04FF3604#0004000400C80100
(1788787734.901081) can0 03FF1000#0840112200000001
(1788787734.911081) can0 03FF1001#0000000000000000
(1788787734.912249) can0 02213500#
(1788787734.914081) can0 04FF3604#0003000300C80100
(1788787734.919081) can0 04F93500#000000EB00000000
(1788787734.922081) can0 03FF1603#0000D10E00000000
(1788787734.932082) can0 03FF1605#0100000000000000
(1788787734.944083) can0 04FF3604#0006000300C80100
(1788787734.953083) can0 13B76400#01
(1788787734.953137) can0 02FF2605#0000060907030805
(1788787734.974084) can0 04FF3604#0004000300C80100
(1788787734.983084) can0 02FF2604#0000000000000000
(1788787734.994087) can0 05FF4001#0000000000000000
(1788787734.996085) can0 05FF4000#0000000000000000
(1788787735.004085) can0 04FF3604#0002000300C80100
(1788787735.006085) can0 03FF1000#0840112200000001
(1788787735.013085) can0 02FF2704#0200000000000000
(1788787735.016085) can0 03FF1001#0000000000000000
(1788787735.027086) can0 03FF1603#0000D10E00000000
(1788787735.034087) can0 04FF3604#0004000300C80100
(1788787735.037086) can0 03FF1605#0100000000000000
(1788787735.045088) can0 0260B606#0100000000000000
(1788787735.064089) can0 05FF4610#0000D150FFFFFF9E
(1788787735.064144) can0 04FF3604#0005000300C80100
(1788787735.077088) can0 05FF4602#1110171017101710
(1788787735.087090) can0 05FF4603#18101A101C101D10
(1788787735.093090) can0 02203607#0000000300000000
(1788787735.094090) can0 04FF3604#0005000400C80100
(1788787735.097094) can0 05FF4604#1B101C101E101F10
(1788787735.107091) can0 05FF4605#1B10000000000000
(1788787735.111091) can0 03FF1000#0840112200000001
(1788787735.121092) can0 03FF1001#0000000000000000
(1788787735.124091) can0 04FF3604#0005000300C80100
(1788787735.132092) can0 03FF1603#0000D10E00000000
(1788787735.136307) can0 05FF4606#1D1D1C
(1788787735.142093) can0 03FF1605#0100000000000000
(1788787735.146289) can0 05FF4607#1D1B1C
(1788787735.154093) can0 04FF3602#0000000000000000
(1788787735.155093) can0 04FF3604#0004000300C80100
(1788787735.156347) can0 05FF4608#0019007C
(1788787735.167094) can0 05FF4609#030003D403CA00
(1788787735.184097) can0 04FF3604#0006000300C80100
(1788787735.214099) can0 04FF3604#0005000300C80100
(1788787735.216096) can0 03FF1000#0840112200000001
(1788787735.226097) can0 03FF1001#0000000000000000
(1788787735.233097) can0 13B76400#01
(1788787735.237097) can0 03FF1600#142B000104001319
(1788787735.244098) can0 04FF3604#0005000300C80100
(1788787735.247097) can0 03FF1601#6E50000000000000
(1788787735.258100) can0 03FF1602#000005000000157C
(1788787735.268101) can0 03FF1603#0000D10E00000000
(1788787735.274100) can0 04FF3604#0003000300C80100
(1788787735.279099) can0 03FF1604#0000000000000000
(1788787735.289102) can0 03FF1605#0100000000000000
(1788787735.304104) can0 04FF3604#0004000300C80100
(1788787735.321102) can0 03FF1000#0840112200000001
(1788787735.325101) can0 05FF4610#0000D150FFFFFF9E
(1788787735.331101) can0 03FF1001#0000000000000000
(1788787735.334101) can0 04FF3604#0006000300C80100
(1788787735.342102) can0 03FF1603#0000D10E00000000
(1788787735.352102) can0 03FF1605#0100000000000000
(1788787735.364103) can0 04FF3604#0005000300C80100
(1788787735.394109) can0 04FF3604#0006000300C80100
(1788787735.424110) can0 04FF3604#0004000300C80100
(1788787735.426106) can0 03FF1000#0840112200000001
(1788787735.436106) can0 03FF1001#0000000000000000
(1788787735.447108) can0 03FF1603#0000D10E00000000
(1788787735.454108) can0 04FF3604#0003000300C80100
(1788787735.457107) can0 03FF1605#0100000000000000
(1788787735.484110) can0 04FF3604#0005000300C80100
(1788787735.513114) can0 13B76400#01
(1788787735.514113) can0 04FF3604#0005000300C80100
(1788787735.524110) can0 02181606#0100190001030200
(1788787735.531112) can0 03FF1000#0840112200000001
(1788787735.541111) can0 03FF1001#0000000000000000
(1788787735.544112) can0 04FF3604#0006000300C80100
(1788787735.552112) can0 03FF1603#0000D10E00000000
(1788787735.554112) can0 02203606#0101000100010000
(1788787735.562112) can0 03FF1605#0100000000000000
(1788787735.574114) can0 04FF3604#0003000300C80100
(1788787735.583240) can0 02181608#0500000001000000
(1788787735.587116) can0 05FF4610#0000D150FFFFFF9E
(1788787735.604118) can0 04FF3604#0005000300C80100
(1788787735.613242) can0 02181609#0000000000000000
(1788787735.634116) can0 04FF3604#0004000400C80100
(1788787735.636116) can0 03FF1000#0840112200000001
(1788787735.644117) can0 02488600#0000000000000000
(1788787735.646117) can0 03FF1001#0000000000000000
(1788787735.654116) can0 04FF3602#0000000000000000
(1788787735.657117) can0 03FF1603#0000D10E00000000
(1788787735.664117) can0 04FF3604#0004000300C80100
(1788787735.667117) can0 03FF1605#0100000000000000
(1788787735.673117) can0 02213501#
(1788787735.678118) can0 03121606#0000000000000000
(1788787735.679118) can0 04F93501#0000000400000000
(1788787735.694122) can0 04FF3604#0004000300C80100
(1788787735.724123) can0 04FF3604#0004000300C80100
(1788787735.741121) can0 03FF1000#0840112200000001
(1788787735.751121) can0 03FF1001#0000000000000000
(1788787735.754124) can0 04FF3604#0004000300C80100
(1788787735.762125) can0 03FF1603#0000D10E00000000
(1788787735.772122) can0 03FF1605#0100000000000000
(1788787735.784124) can0 04FF3604#0005000300C80100
(1788787735.793127) can0 13B76400#01
(1788787735.814127) can0 04FF3604#0004000300C80100
(1788787735.844127) can0 04FF3604#0006000300C80100
(1788787735.846126) can0 03FF1000#0840112200000001
(1788787735.856126) can0 03FF1001#0000000000000000
(1788787735.867127) can0 03FF1603#0000D10E00000000
(1788787735.874127) can0 04FF3604#0006000300C80100
(1788787735.877127) can0 03FF1605#0100000000000000
(1788787735.889131) can0 05FF4610#0000D14DFFFFFFA9
(1788787735.904131) can0 04FF3604#0005000300C80100
(1788787735.934131) can0 04FF3604#0006000300C80100
(1788787735.951131) can0 03FF1000#0840112200000001
(1788787735.961131) can0 03FF1001#0000000000000000
(1788787735.964132) can0 02FF2605#0000060907030806
(1788787735.964186) can0 04FF3604#0004000400C80100
(1788787735.972133) can0 03FF1603#0000D10E00000000
(1788787735.982133) can0 03FF1605#0100000000000000
(1788787735.994135) can0 02FF2604#0000000000000000
(1788787735.995137) can0 04FF3604#0007000300C80100
(1788787736.024136) can0 02FF2704#0200000000000000
(1788787736.024214) can0 04FF3604#0006000300C80100
(1788787736.041136) can0 05FF4001#0000000000000000
(1788787736.043135) can0 05FF4000#0000000000000000
(1788787736.054135) can0 0260B606#0100000000000000
(1788787736.054272) can0 04FF3604#0004000300C80100
(1788787736.056136) can0 03FF1000#0840112200000001
(1788787736.066137) can0 03FF1001#0000000000000000
(1788787736.077138) can0 03FF1603#0000D10E00000000
(1788787736.084137) can0 04FF3604#0004000300C80100
(1788787736.087140) can0 03FF1605#0100000000000000
(1788787736.094141) can0 13B76400#01
(1788787736.104139) can0 02203607#0000000300000000
(1788787736.114139) can0 04FF3604#0003000300C80100
(1788787736.124140) can0 05FF4602#1110171017101710
(1788787736.134140) can0 05FF4603#18101A101C101D10
(1788787736.144141) can0 04FF3604#0007000300C80100
(1788787736.145139) can0 05FF4604#1B101C101D101E10
(1788787736.154141) can0 04FF3602#0000000000000000
(1788787736.155140) can0 05FF4605#1A10000000000000
(1788787736.155191) can0 05FF4610#0000D14DFFFFFFA9
(1788787736.161141) can0 03FF1000#0840112200000001
(1788787736.171142) can0 03FF1001#0000000000000000
(1788787736.174142) can0 04FF3604#0003000400C80100
(1788787736.182142) can0 03FF1603#0000D10E00000000
(1788787736.184142) can0 05FF4606#1D1D1C
(1788787736.192145) can0 03FF1605#0100000000000000
(1788787736.194145) can0 05FF4607#1D1B1C
(1788787736.204143) can0 04FF3604#0005000300C80100
(1788787736.204336) can0 05FF4608#0019007C
(1788787736.214143) can0 05FF4609#030003D403CA00
(1788787736.224145) can0 03FF1600#142B000104001319
(1788787736.234145) can0 04FF3604#0006000300C80100
(1788787736.235144) can0 03FF1601#6E50000000000000
(1788787736.245145) can0 03FF1602#000005000000157C
(1788787736.255147) can0 03FF1604#0000000000000000
(1788787736.264149) can0 04FF3604#0004000300C80100
(1788787736.266146) can0 03FF1000#0840112200000001
(1788787736.276147) can0 03FF1001#0000000000000000
(1788787736.285149) can0 02181606#0100190001030200
(1788787736.287149) can0 03FF1603#0000D10E00000000
(1788787736.294148) can0 04FF3604#0004000300C80100
(1788787736.297147) can0 03FF1605#0100000000000000
(1788787736.314148) can0 02203606#0101000100010000
(1788787736.324149) can0 04FF3604#0004000300C80100
(1788787736.344150) can0 02181608#0500000001000000
(1788787736.354150) can0 04FF3604#0004000300C80100
(1788787736.371151) can0 03FF1000#0840112200000001
(1788787736.375151) can0 13B76400#01
(1788787736.376150) can0 02181609#0000000000000000
(1788787736.381151) can0 03FF1001#0000000000000000
(1788787736.384151) can0 04FF3604#0003000300C80100
(1788787736.392154) can0 03FF1603#0000D10E00000000
(1788787736.402156) can0 03FF1605#0100000000000000
(1788787736.404152) can0 02488600#0000000000000000
(1788787736.413153) can0 03121606#0000000000000000
(1788787736.414153) can0 04FF3604#0005000300C80100
(1788787736.418199) can0 05FF4610#0000D14DFFFFFFA9
(1788787736.435154) can0 02294502#
(1788787736.436165) can0 05124502#5250313353333541
(1788787736.444154) can0 04FF3604#0004000300C80100
(1788787736.474156) can0 04FF3604#0005000300C80100
(1788787736.476155) can0 03FF1000#0840112200000001
(1788787736.486158) can0 03FF1001#0000000000000000
(1788787736.497160) can0 03FF1603#0000D10E00000000
(1788787736.504159) can0 04FF3604#0003000300C80100
(1788787736.507157) can0 03FF1605#0100000000000000
(1788787736.534160) can0 04FF3604#0005000300C80100
(1788787736.564161) can0 04FF3604#0003000300C80100
(1788787736.581162) can0 03FF1000#0840112200000001
(1788787736.591164) can0 03FF1001#0000000000000000
(1788787736.594164) can0 04FF3604#0006000300C80100
(1788787736.602163) can0 03FF1603#0000D10E00000000
(1788787736.612163) can0 03FF1605#0100000000000000
(1788787736.624164) can0 04FF3604#0004000300C80100
(1788787736.654165) can0 04FF3602#0000000000000000
(1788787736.655164) can0 04FF3604#0005000300C80100
(1788787736.655219) can0 13B76400#01
(1788787736.684167) can0 04FF3604#0004000300C80100
(1788787736.686168) can0 03FF1000#0840112200000001
(1788787736.696169) can0 03FF1001#0000000000000000
(1788787736.707169) can0 03FF1603#0000D10E00000000
(1788787736.708317) can0 05FF4610#0000D151FFFFFFA9
(1788787736.714168) can0 04FF3604#0005000300C80100
(1788787736.717167) can0 03FF1605#0100000000000000
(1788787736.744168) can0 04FF3604#0006000300C80100
(1788787736.774173) can0 04FF3604#0006000300C80100
(1788787736.791173) can0 03FF1000#0840112200000001
(1788787736.801174) can0 03FF1001#0000000000000000
(1788787736.804171) can0 04FF3604#0005000300C80100
(1788787736.812172) can0 03FF1603#0000D10E00000000
(1788787736.822172) can0 03FF1605#0100000000000000
(1788787736.834172) can0 04FF3604#0006000300C80100
(1788787736.864175) can0 04FF3604#0004000300C80100
(1788787736.894178) can0 04FF3604#0005000400C80100
(1788787736.896179) can0 03FF1000#0840112200000001
(1788787736.906178) can0 03FF1001#0000000000000000
(1788787736.917177) can0 03FF1603#0000D10E00000000
(1788787736.924177) can0 04FF3604#0006000300C80100
(1788787736.927177) can0 03FF1605#0100000000000000
(1788787736.934259) can0 13B76400#01
(1788787736.954179) can0 04FF3604#0006000300C80100
(1788787736.975180) can0 02FF2605#0000060907030807
(1788787736.984181) can0 05FF4610#0000D151FFFFFFA9
(1788787736.984230) can0 04FF3604#0005000300C80100
(1788787737.001184) can0 03FF1000#0840112200000001
(1788787737.005185) can0 02FF2604#0000000000000000
(1788787737.011182) can0 03FF1001#0000000000000000
(1788787737.014181) can0 04FF3604#0005000300C80100
(1788787737.022182) can0 03FF1603#0000D10E00000000
(1788787737.032184) can0 03FF1605#0100000000000000
(1788787737.035183) can0 02FF2704#0200000000000000
(1788787737.044182) can0 04FF3604#0006000300C80100
(1788787737.074185) can0 04FF3604#0003000300C80100
(1788787737.087188) can0 0260B606#0100000000000000
(1788787737.091187) can0 05FF4001#0000000000000000
(1788787737.093185) can0 05FF4000#0000000000000000
(1788787737.104186) can0 04FF3604#0006000300C80100
(1788787737.106186) can0 03FF1000#0840112200000001
(1788787737.115187) can0 02203607#0000000300000000
(1788787737.116186) can0 03FF1001#0000000000000000
(1788787737.127187) can0 03FF1603#0000D10E00000000
(1788787737.134187) can0 04FF3604#0005000300C80100
(1788787737.137187) can0 03FF1605#0100000000000000
(1788787737.145187) can0 02181606#0100190001030200
(1788787737.154188) can0 04FF3602#0000000000000000
(1788787737.164189) can0 04FF3604#0006000400C80100
(1788787737.173189) can0 05FF4602#1210171017101710
(1788787737.175189) can0 02203606#0101000100010000
(1788787737.183190) can0 05FF4603#18101A101C101D10
(1788787737.190192) can0 03FF1400#0000000800000000
(1788787737.193192) can0 05FF4604#1B101C101E101F10
(1788787737.194190) can0 04FF3604#0004000300C80100
(1788787737.203191) can0 05FF4605#1B10000000000000
(1788787737.205190) can0 02181608#0500000001000000
(1788787737.211191) can0 03FF1000#0840112200000001
(1788787737.215190) can0 13B76400#01
(1788787737.221190) can0 03FF1001#0000000000000000
(1788787737.224191) can0 04FF3604#0004000300C80100
(1788787737.232192) can0 03FF1603#0000D10E00000000
(1788787737.232397) can0 05FF4606#1D1D1C
(1788787737.235191) can0 02181609#0000000000000000
(1788787737.242192) can0 03FF1605#0100000000000000
(1788787737.242439) can0 05FF4607#1D1B1C
(1788787737.246193) can0 05FF4610#0000D151FFFFFFA9
(1788787737.253195) can0 03121606#0000000000000000
(1788787737.253245) can0 05FF4608#0019007C
(1788787737.254193) can0 04FF3604#0005000300C80100
(1788787737.263193) can0 05FF4609#030003D403CA00
(1788787737.263259) can0 03FF1600#142B000104001319
(1788787737.266193) can0 02488600#0000000000000000
(1788787737.274193) can0 03FF1601#6E50000000000000
(1788787737.284195) can0 04FF3604#0004000300C80100
(1788787737.284457) can0 03FF1602#000005000000157C
(1788787737.295197) can0 03FF1604#0000000000000000
(1788787737.295259) can0 02294503#
(1788787737.297195) can0 05124503#00150C0900000C62
(1788787737.314196) can0 04FF3604#0006000300C80100
(1788787737.316196) can0 03FF1000#0840112200000001
(1788787737.326197) can0 03FF1001#0000000000000000
(1788787737.337196) can0 03FF1603#0000D10E00000000
(1788787737.344197) can0 04FF3604#0006000300C80100
(1788787737.347197) can0 03FF1605#0100000000000000
(1788787737.374199) can0 04FF3604#0005000300C80100
(1788787737.404203) can0 04FF3604#0005000300C80100
(1788787737.421203) can0 03FF1000#0840112200000001
(1788787737.431202) can0 03FF1001#0000000000000000
(1788787737.434201) can0 04FF3604#0004000300C80100
(1788787737.442202) can0 03FF1603#0000D10E00000000
(1788787737.452202) can0 03FF1605#0100000000000000
(1788787737.464203) can0 04FF3604#0006000300C80100
(1788787737.494206) can0 04FF3604#0005000300C80100
(1788787737.495207) can0 13B76400#01
(1788787737.510205) can0 05FF4610#0000D151FFFFFFA9
(1788787737.524206) can0 04FF3604#0005000300C80100
(1788787737.526206) can0 03FF1000#0840112200000001
(1788787737.536206) can0 03FF1001#0000000000000000
(1788787737.547206) can0 03FF1603#0000D10E00000000
(1788787737.554207) can0 04FF3604#0004000300C80100
(1788787737.557207) can0 03FF1605#0100000000000000
(1788787737.584209) can0 04FF3604#0004000300C80100
(1788787737.614214) can0 04FF3604#0003000300C80100
(1788787737.631213) can0 03FF1000#0840112200000001
(1788787737.641212) can0 03FF1001#0000000000000000
(1788787737.644211) can0 04FF3604#0004000300C80100
(1788787737.652212) can0 03FF1603#0000D10E00000000
(1788787737.654211) can0 04FF3400#0000057600000000
(1788787737.654482) can0 04FF3602#0000000000000000
(1788787737.662212) can0 03FF1605#0100000000000000
(1788787737.674213) can0 04FF3604#0005000300C80100
(1788787737.704216) can0 04FF3604#0005000300C80100
(1788787737.734219) can0 04FF3604#0004000300C80100
(1788787737.736215) can0 03FF1000#0840112200000001
(1788787737.746216) can0 03FF1001#0000000000000000
(1788787737.757219) can0 03FF1603#0000D10E00000000
(1788787737.764220) can0 04FF3604#0005000300C80100
(1788787737.767217) can0 03FF1605#0100000000000000
(1788787737.775217) can0 13B76400#01
(1788787737.794221) can0 04FF3604#0005000300C80100
(1788787737.806222) can0 02181606#0100190001030200
(1788787737.811219) can0 05FF4610#0000D151FFFFFFA9
(1788787737.824220) can0 04FF3604#0004000300C80100
(1788787737.835358) can0 02203606#0101000100010000
(1788787737.841220) can0 03FF1000#0840112200000001
(1788787737.851221) can0 03FF1001#0000000000000000
(1788787737.854221) can0 04FF3604#0006000300C80100
(1788787737.862222) can0 03FF1603#0000D10E00000000
(1788787737.865464) can0 02181608#0500000001000000
(1788787737.872222) can0 03FF1605#0100000000000000
(1788787737.883223) can0 03121606#0000000000000000
(1788787737.884222) can0 04FF3604#0002000300C80100
(1788787737.897348) can0 02181609#0000000000000000
(1788787737.914228) can0 04FF3604#0006000300C80100
(1788787737.928226) can0 02488600#0000000000000000
(1788787737.944225) can0 04FF3604#0005000300C80100
(1788787737.946225) can0 03FF1000#0840112200000001
(1788787737.955261) can0 02294504#
(1788787737.956225) can0 05124504#1D
(1788787737.956280) can0 03FF1001#0000000000000000
(1788787737.967227) can0 03FF1603#0000D10E00000000
(1788787737.974227) can0 04FF3604#0003000300C80100
(1788787737.977226) can0 03FF1605#0100000000000000
(1788787737.986228) can0 02FF2605#0000060907030808
(1788787738.004232) can0 04FF3604#0005000300C80100
(1788787738.016232) can0 02FF2604#0000000000000000
(1788787738.034231) can0 04FF3604#0004000300C80100
(1788787738.046230) can0 02FF2704#0200000000000000
(1788787738.051230) can0 03FF1000#0840112200000001
(1788787738.055427) can0 13B76400#01
(1788787738.061231) can0 03FF1001#0000000000000000
(1788787738.064231) can0 04FF3604#0006000300C80100
(1788787738.072231) can0 03FF1603#0000D10E00000000
(1788787738.074231) can0 05FF4610#0000D151FFFFFFA9
(1788787738.082231) can0 03FF1605#0100000000000000
(1788787738.094237) can0 04FF3604#0004000300C80100
(1788787738.096235) can0 0260B606#0100000000000000
(1788787738.124234) can0 04FF3604#0006000300C80100
(1788787738.126234) can0 02203607#0000000300000000
(1788787738.138235) can0 05FF4001#0000000000000000
(1788787738.140234) can0 05FF4000#0000000000000000
(1788787738.154236) can0 04FF3602#0000000000000000
(1788787738.154476) can0 04FF3604#0004000300C80100
(1788787738.156235) can0 03FF1000#0840112200000001
(1788787738.166236) can0 03FF1001#0000000000000000
(1788787738.176491) can0 03FF1603#0000D10E00000000
(1788787738.184236) can0 04FF3604#0005000300C80100
(1788787738.187240) can0 03FF1605#0100000000000000
(1788787738.214241) can0 04FF3604#0003000300C80100
(1788787738.220239) can0 05FF4602#1110171017101710
(1788787738.231239) can0 05FF4603#18101A101D101D10
(1788787738.240240) can0 03FF1600#142B000104001319
(1788787738.240289) can0 05FF4604#1B101C101E101F10
(1788787738.244239) can0 04FF3604#0003000300C80100
(1788787738.250240) can0 03FF1601#6E50000000000000
(1788787738.251240) can0 05FF4605#1B10000000000000
(1788787738.261243) can0 03FF1602#000005000000157C
(1788787738.271244) can0 03FF1604#0000000000000000
(1788787738.274241) can0 04FF3604#0005000300C80100
(1788787738.281241) can0 05FF4606#1D1D1C
(1788787738.281511) can0 03FF1000#0840112200000001
(1788787738.291244) can0 05FF4607#1D1B1C
(1788787738.292244) can0 03FF1001#0000000000000000
(1788787738.301243) can0 05FF4608#0019007C
(1788787738.303242) can0 03FF1603#0000D10E00000000
(1788787738.304242) can0 04FF3604#0004000400C80100
(1788787738.311243) can0 05FF4609#030003D403CA00
(1788787738.313242) can0 03FF1605#0100000000000000
(1788787738.334244) can0 04FF3604#0005000300C80100
(1788787738.336243) can0 13B76400#01
(1788787738.337244) can0 05FF4610#0000D151FFFFFFA9
(1788787738.364245) can0 04FF3604#0005000300C80100
(1788787738.366245) can0 03FF1000#0840112200000001
(1788787738.376246) can0 03FF1001#0000000000000000
(1788787738.387247) can0 03FF1603#0000D10E00000000
(1788787738.394247) can0 04FF3604#0004000300C80100
(1788787738.397246) can0 03FF1605#0100000000000000
(1788787738.424248) can0 04FF3604#0005000300C80100
(1788787738.454250) can0 04FF3604#0004000300C80100
(1788787738.471251) can0 03FF1000#0840112200000001
(1788787738.481251) can0 03FF1001#0000000000000000
(1788787738.484251) can0 04FF3604#0003000300C80100
(1788787738.492251) can0 03FF1603#0000D10E00000000
(1788787738.502251) can0 03FF1605#0100000000000000
(1788787738.514253) can0 04FF3604#0005000300C80100
(1788787738.544255) can0 04FF3604#0003000300C80100
(1788787738.566257) can0 02181606#0100190001030200
(1788787738.574256) can0 04FF3604#0003000300C80100
(1788787738.576255) can0 03FF1000#0840112200000001
(1788787738.586256) can0 03FF1001#0000000000000000
(1788787738.596372) can0 02203606#0101000100010000
(1788787738.597256) can0 03FF1603#0000D10E00000000
(1788787738.600303) can0 05FF4610#0000D151FFFFFFA9
(1788787738.604256) can0 04FF3604#0006000300C80100
(1788787738.607256) can0 03FF1605#0100000000000000
(1788787738.634258) can0 04FF3604#0004000300C80100
(1788787738.637258) can0 02181608#0500000001000000
(1788787738.654259) can0 04FF3602#0000000000000000
(1788787738.664260) can0 04FF3604#0004000300C80100
(1788787738.666260) can0 02181609#0000000000000000
(1788787738.681260) can0 03FF1000#0840112200000001
(1788787738.691261) can0 03FF1001#0000000000000000
(1788787738.694261) can0 04FF3604#0005000300C80100
(1788787738.696307) can0 02488600#0000000000000000
(1788787738.701515) can0 03FF1603#0000D10E00000000
(1788787738.712263) can0 03FF1605#0100000000000000
(1788787738.722517) can0 03121606#0000000000000000
(1788787738.724262) can0 04FF3604#0003000300C80100
(1788787738.728315) can0 02191502#
(1788787738.744264) can0 03FF1502#0100000000000000
(1788787738.754266) can0 04FF3604#0005000300C80100
(1788787738.784268) can0 04FF3604#0005000300C80100
(1788787738.786265) can0 03FF1000#0840112200000001
(1788787738.796266) can0 03FF1001#0000000000000000
(1788787738.806521) can0 03FF1603#0000D10E00000000
(1788787738.814267) can0 04FF3604#0006000300C80100
(1788787738.817266) can0 03FF1605#0100000000000000
(1788787738.844269) can0 04FF3604#0005000300C80100
(1788787738.874270) can0 04FF3604#0006000300C80100
(1788787738.891270) can0 03FF1000#0840112200000001
(1788787738.901271) can0 03FF1001#0000000000000000
(1788787738.902271) can0 05FF4610#0000D151FFFFFFA9
(1788787738.904270) can0 04FF3604#0003000300C80100
(1788787738.911526) can0 03FF1603#0000D10E00000000
(1788787738.922272) can0 03FF1605#0100000000000000
(1788787738.934273) can0 04FF3604#0004000300C80100
(1788787738.964275) can0 04FF3604#0005000300C80100
(1788787738.994276) can0 04FF3604#0004000300C80100
(1788787738.996275) can0 03FF1000#0840112200000001
(1788787738.996550) can0 02FF2605#0000060907030809
(1788787739.006276) can0 03FF1001#0000000000000000
(1788787739.016519) can0 03FF1603#0000D10E00000000
(1788787739.024277) can0 04FF3604#0004000300C80100
(1788787739.027277) can0 02FF2604#0000000000000000
(1788787739.027343) can0 03FF1605#0100000000000000
(1788787739.054278) can0 04FF3604#0004000300C80100
(1788787739.080281) can0 02FF2704#0200000000000000
(1788787739.084281) can0 04FF3604#0005000300C80100
(1788787739.100535) can0 03FF1000#0840112200000001
(1788787739.107280) can0 0260B606#0100000000000000
(1788787739.111281) can0 03FF1001#0000000000000000
(1788787739.114280) can0 04FF3604#0003000300C80100
(1788787739.121524) can0 03FF1603#0000D10E00000000
(1788787739.132282) can0 03FF1605#0100000000000000
(1788787739.137370) can0 02203607#0000000300000000
(1788787739.144282) can0 04FF3604#0003000300C80100
(1788787739.154283) can0 04FF3602#0000000000000000
(1788787739.165377) can0 05FF4610#0000D151FFFFFFA9
(1788787739.174284) can0 04FF3604#0005000300C80100
(1788787739.185389) can0 05FF4001#0000000000000000
(1788787739.187411) can0 05FF4000#0000000000000000
(1788787739.204285) can0 04FF3604#0006000300C80100
(1788787739.205528) can0 03FF1000#0840112200000001
(1788787739.216286) can0 03FF1001#0000000000000000
(1788787739.226506) can0 03FF1603#0000D10E00000000
(1788787739.234286) can0 04FF3604#0006000300C80100
(1788787739.237286) can0 03FF1605#0100000000000000
(1788787739.247541) can0 03FF1600#142B000104001319
(1788787739.258291) can0 03FF1601#6E50000000000000
(1788787739.264291) can0 04FF3604#0004000300C80100
(1788787739.267399) can0 05FF4602#1110171017101710
(1788787739.268508) can0 03FF1602#000005000000157C
(1788787739.277393) can0 05FF4603#18101A101D101D10
(1788787739.279289) can0 03FF1604#0000000000000000
(1788787739.287406) can0 05FF4604#1B101C101E101F10
(1788787739.294290) can0 04FF3604#0004000300C80100
(1788787739.297440) can0 05FF4605#1B10000000000000
(1788787739.311291) can0 03FF1000#0840112200000001
(1788787739.321290) can0 03FF1001#0000000000000000
(1788787739.324290) can0 04FF3604#0004000300C80100
(1788787739.327290) can0 05FF4606#1D1D1C
(1788787739.328291) can0 02181606#0100190001030200
(1788787739.331499) can0 03FF1603#0000D10E00000000
(1788787739.337291) can0 05FF4607#1D1C1C
(1788787739.342292) can0 03FF1605#0100000000000000
(1788787739.347303) can0 05FF4608#0019007C
(1788787739.354292) can0 04FF3604#0003000300C80100
(1788787739.357292) can0 02203606#0101000100010000
(1788787739.357509) can0 05FF4609#030003D403CA00
(1788787739.384294) can0 04FF3604#0004000400C80100
(1788787739.387294) can0 02181608#0500000001000000
(1788787739.414296) can0 04FF3604#0006000300C80100
(1788787739.416295) can0 03FF1000#0840112200000001
(1788787739.417295) can0 02181609#0000000000000000
(1788787739.426295) can0 03FF1001#0000000000000000
(1788787739.427539) can0 05FF4610#0000D151FFFFFFA9
(1788787739.436528) can0 03FF1603#0000D10E00000000
(1788787739.444297) can0 04FF3604#0006000300C80100
(1788787739.447296) can0 02488600#0000000000000000
(1788787739.448296) can0 03FF1605#0100000000000000
(1788787739.457528) can0 03121606#0000000000000000
(1788787739.474298) can0 04FF3604#0004000300C80100
(1788787739.477298) can0 02191503#
(1788787739.489298) can0 03FF1503#0100000000000000
(1788787739.504299) can0 04FF3604#0004000300C80100
(1788787739.517300) can0 02F82400#D003000000000000
(1788787739.520554) can0 03FF1000#0840112200000001
(1788787739.522485) can0 05FF4600#0D0300900303
(1788787739.531300) can0 03FF1001#0000000000000000
(1788787739.534301) can0 04FF3604#0004000300C80100
(1788787739.542302) can0 03FF1603#0000D10E00000000
(1788787739.547301) can0 02FF2602#7D93852D1A57D11F
(1788787739.552301) can0 03FF1605#0100000000000000
(1788787739.564303) can0 04FF3604#0003000300C80100
(1788787739.594306) can0 04FF3604#0004000300C80100
(1788787739.624306) can0 04FF3604#0004000300C80100
(1788787739.625559) can0 03FF1000#0840112200000001
(1788787739.636307) can0 03FF1001#0000000000000000
(1788787739.646538) can0 03FF1603#0000D10E00000000
(1788787739.654306) can0 04FF3602#0000000000000000
(1788787739.654465) can0 04FF3604#0003000300C80100
(1788787739.657306) can0 03FF1605#0100000000000000
(1788787739.684308) can0 04FF3604#0006000300C80100
(1788787739.714310) can0 04FF3604#0004000300C80100
(1788787739.716309) can0 05FF4610#0000D14EFFFFFF9E
(1788787739.730548) can0 03FF1000#0840112200000001
(1788787739.741311) can0 03FF1001#0000000000000000
(1788787739.744311) can0 04FF3604#0003000300C80100
(1788787739.751555) can0 03FF1603#0000D10E00000000
(1788787739.762318) can0 03FF1605#0100000000000000
(1788787739.774316) can0 04FF3604#0003000300C80100
(1788787739.804314) can0 04FF3604#0004000300C80100
(1788787739.834315) can0 04FF3604#0003000300C80100
(1788787739.835569) can0 03FF1000#0840112200000001
(1788787739.846316) can0 03FF1001#0000000000000000
(1788787739.856513) can0 03FF1603#0000D10E00000000
(1788787739.864317) can0 04FF3604#0004000300C80100
(1788787739.867316) can0 03FF1605#0100000000000000
(1788787739.894318) can0 04FF3604#0005000300C80100
(1788787739.924320) can0 04FF3604#0006000300C80100
(1788787739.941321) can0 03FF1000#0840112200000001
(1788787739.951321) can0 03FF1001#0000000000000000
(1788787739.954321) can0 04FF3604#0006000400C80100
(1788787739.961517) can0 03FF1603#0000D10E00000000
(1788787739.972323) can0 03FF1605#0100000000000000
(1788787739.984322) can0 04FF3604#0005000300C80100
(1788787739.990323) can0 05FF4610#0000D14EFFFFFF9E
(1788787740.009323) can0 02FF2605#0000060907030900
(1788787740.014323) can0 04FF3604#0005000300C80100
(1788787740.038379) can0 02FF2604#0000000000000000
(1788787740.044325) can0 04FF3604#0005000300C80100
(1788787740.045556) can0 03FF1000#0840112200000001
(1788787740.056325) can0 03FF1001#0000000000000000
(1788787740.066553) can0 03FF1603#0000D10E00000000
(1788787740.074328) can0 04FF3604#0005000300C80100
(1788787740.077327) can0 03FF1605#0100000000000000
(1788787740.087570) can0 02FF2704#0200000000000000
(1788787740.104329) can0 04FF3604#0003000300C80100
(1788787740.118329) can0 0260B606#0100000000000000
(1788787740.134329) can0 04FF3604#0003000300C80100
(1788787740.148331) can0 02203607#0000000300000000
(1788787740.150557) can0 03FF1000#0840112200000001
(1788787740.154330) can0 04FF3602#0000000000000000
(1788787740.161330) can0 03FF1001#0000000000000000
(1788787740.164331) can0 04FF3604#0002000400C80100
(1788787740.171534) can0 03FF1603#0000D10E00000000
(1788787740.178402) can0 02181606#0100190001030200
(1788787740.182331) can0 03FF1605#0100000000000000
(1788787740.194332) can0 04FF3604#0003000300C80100
(1788787740.208333) can0 02203606#0101000100010000
(1788787740.224335) can0 04FF3604#0007000300C80100
(1788787740.232334) can0 05FF4001#0000000000000000
(1788787740.234334) can0 05FF4000#0000000000000000
(1788787740.238334) can0 02181608#0500000001000000
(1788787740.254338) can0 04FF3604#0004000300C80100
(1788787740.256338) can0 03FF1000#0840112200000001
(1788787740.256392) can0 05FF4610#0000D14EFFFFFF9E
(1788787740.266336) can0 03FF1001#0000000000000000
(1788787740.268335) can0 02181609#0000000000000000
(1788787740.276521) can0 03FF1600#142B000104001319
(1788787740.284336) can0 04FF3604#0004000300C80100
(1788787740.287337) can0 03FF1601#6E50000000000000
(1788787740.297534) can0 03FF1602#000005000000157C
(1788787740.298337) can0 02488600#0000000000000000
(1788787740.308337) can0 03FF1603#0000D10E00000000
(1788787740.314338) can0 04FF3604#0006000400C80100
(1788787740.315338) can0 05FF4602#1110171017101610
(1788787740.319338) can0 03FF1604#0000000000000000
(1788787740.325338) can0 05FF4603#18101A101C101D10
(1788787740.328391) can0 02191504#
(1788787740.329338) can0 03FF1605#0100000000000000
(1788787740.335339) can0 05FF4604#1B101C101E101F10
(1788787740.339558) can0 03121606#0000000000000000
(1788787740.344339) can0 04FF3604#0005000300C80100
(1788787740.345339) can0 05FF4605#1A10000000000000
(1788787740.350340) can0 03FF1504#0000001D00000000
(1788787740.360583) can0 03FF1000#0840112200000001
(1788787740.371341) can0 03FF1001#0000000000000000
(1788787740.374341) can0 04FF3604#0005000300C80100
(1788787740.375340) can0 05FF4606#1D1D1C
(1788787740.381526) can0 03FF1603#0000D10E00000000
(1788787740.385341) can0 05FF4607#1D1C1C
(1788787740.392341) can0 03FF1605#0100000000000000
(1788787740.395342) can0 05FF4608#0019007C
(1788787740.404343) can0 04FF3604#0004000300C80100
(1788787740.405342) can0 05FF4609#030003D403CA00
(1788787740.434343) can0 04FF3604#0003000300C80100
(1788787740.464345) can0 04FF3604#0004000300C80100
(1788787740.465588) can0 03FF1000#0840112200000001
(1788787740.476346) can0 03FF1001#0000000000000000
(1788787740.486543) can0 03FF1603#0000D10E00000000
(1788787740.494347) can0 04FF3604#0005000300C80100
(1788787740.497346) can0 03FF1605#0100000000000000
(1788787740.519349) can0 05FF4610#0000D14EFFFFFF9E
(1788787740.524347) can0 04FF3604#0005000300C80100
(1788787740.554350) can0 04FF3604#0006000300C80100
(1788787740.571350) can0 03FF1000#0840112200000001
(1788787740.581352) can0 03FF1001#0000000000000000
(1788787740.584351) can0 04FF3604#0003000300C80100
(1788787740.591548) can0 03FF1603#0000D10E00000000
(1788787740.602352) can0 03FF1605#0100000000000000
(1788787740.614352) can0 04FF3604#0005000300C80100
(1788787740.644355) can0 04FF3604#0004000300C80100
(1788787740.654354) can0 04FF3602#0000000000000000
(1788787740.674355) can0 04FF3604#0004000300C80100
(1788787740.675546) can0 03FF1000#0840112200000001
(1788787740.686355) can0 03FF1001#0000000000000000
(1788787740.696542) can0 03FF1603#0000D10E00000000
(1788787740.704356) can0 04FF3604#0003000300C80100
(1788787740.707357) can0 03FF1605#0100000000000000
(1788787740.734360) can0 04FF3604#0002000300C80100
(1788787740.764363) can0 04FF3604#0006000300C80100
(1788787740.780560) can0 03FF1000#0840112200000001
(1788787740.791361) can0 03FF1001#0000000000000000
(1788787740.794360) can0 04FF3604#0004000300C80100
(1788787740.801580) can0 03FF1603#0000D10E00000000
(1788787740.812361) can0 03FF1605#0100000000000000
(1788787740.820363) can0 05FF4610#0000D14FFFFFFFA3
(1788787740.824362) can0 04FF3604#0005000300C80100
(1788787740.854365) can0 04FF3604#0006000300C80100
(1788787740.858410) can0 02181606#0100190001030200
(1788787740.884365) can0 04FF3604#0004000300C80100
(1788787740.885596) can0 03FF1000#0840112200000001
(1788787740.888411) can0 02203606#0101000100010000
(1788787740.896365) can0 03FF1001#0000000000000000
(1788787740.906547) can0 03FF1603#0000D10E00000000
(1788787740.914366) can0 04FF3604#0005000300C80100
(1788787740.917366) can0 03FF1605#0100000000000000
(1788787740.918493) can0 02181608#0500000001000000
(1788787740.927547) can0 03121606#0000000000000000
(1788787740.944369) can0 04FF3604#0005000300C80100
(1788787740.948437) can0 02181609#0000000000000000
(1788787740.974370) can0 04FF3604#0005000300C80100
(1788787740.978485) can0 02488600#0000000000000000
(1788787740.990590) can0 03FF1000#0840112200000001
(1788787741.001371) can0 03FF1001#0000000000000000
(1788787741.004370) can0 04FF3604#0004000300C80100
(1788787741.008370) can0 02213502#
(1788787741.011556) can0 03FF1603#0000D10E00000000
(1788787741.014371) can0 04F93502#0000000000000000
(1788787741.022371) can0 03FF1605#0100000000000000
(1788787741.034372) can0 04FF3604#0003000300C80100
(1788787741.038534) can0 02FF2605#0000060907030901
(1788787741.064373) can0 04FF3604#0005000300C80100
(1788787741.083375) can0 05FF4610#0000D14FFFFFFFA3
(1788787741.094382) can0 04FF3604#0006000300C80100
(1788787741.096380) can0 03FF1000#0840112200000001
(1788787741.099376) can0 02FF2604#0000000000000000
(1788787741.106377) can0 03FF1001#0000000000000000
(1788787741.116545) can0 03FF1603#0000D10E00000000
(1788787741.124377) can0 04FF3604#0006000400C80100
(1788787741.127377) can0 03FF1605#0100000000000000
(1788787741.129377) can0 02FF2704#0200000000000000
(1788787741.154378) can0 04FF3602#0000000000000000
(1788787741.154434) can0 04FF3604#0004000300C80100
(1788787741.159378) can0 0260B606#0100000000000000
(1788787741.184380) can0 04FF3604#0005000300C80100
(1788787741.189379) can0 02203607#0000000300000000
(1788787741.200577) can0 03FF1000#0840112200000001
(1788787741.211380) can0 03FF1001#0000000000000000
(1788787741.214380) can0 04FF3604#0006000300C80100
(1788787741.221549) can0 03FF1603#0000D10E00000000
(1788787741.232382) can0 03FF1605#0100000000000000
(1788787741.244383) can0 04FF3604#0004000300C80100
(1788787741.263561) can0 03FF1600#142B000104001319
(1788787741.274386) can0 04FF3604#0004000200C80100
(1788787741.274440) can0 03FF1601#6E50000000000000
(1788787741.278384) can0 05FF4001#0000000000000000
(1788787741.280384) can0 05FF4000#0000000000000000
(1788787741.284535) can0 03FF1602#000005000000157C
(1788787741.295385) can0 03FF1604#0000000000000000
(1788787741.304385) can0 04FF3604#0004000300C80100
(1788787741.305570) can0 03FF1000#0840112200000001
(1788787741.316385) can0 03FF1001#0000000000000000
(1788787741.326548) can0 03FF1603#0000D10E00000000
(1788787741.334387) can0 04FF3604#0005000300C80100
(1788787741.337386) can0 03FF1605#0100000000000000
(1788787741.344387) can0 05FF4610#0000D14FFFFFFFA3
(1788787741.360389) can0 05FF4602#1110171017101710
(1788787741.364388) can0 04FF3604#0004000300C80100
(1788787741.370389) can0 05FF4603#18101A101C101D10
(1788787741.380389) can0 05FF4604#1B101C101E101F10
(1788787741.390390) can0 05FF4605#1A10000000000000
(1788787741.394389) can0 04FF3604#0005000400C80100
(1788787741.410598) can0 03FF1000#0840112200000001
(1788787741.420391) can0 05FF4606#1D1D1C
(1788787741.421390) can0 03FF1001#0000000000000000
(1788787741.424390) can0 04FF3604#0003000300C80100
(1788787741.430391) can0 05FF4607#1D1C1C
(1788787741.431559) can0 03FF1603#0000D10E00000000
(1788787741.440391) can0 05FF4608#0019007C
(1788787741.442391) can0 03FF1605#0100000000000000
(1788787741.451392) can0 05FF4609#030003D403CA00
(1788787741.454392) can0 04FF3604#0005000300C80100
(1788787741.484394) can0 04FF3604#0005000300C80100
(1788787741.514395) can0 04FF3604#0004000300C80100
(1788787741.515591) can0 03FF1000#0840112200000001
(1788787741.526396) can0 03FF1001#0000000000000000
(1788787741.536570) can0 03FF1603#0000D10E00000000
(1788787741.544396) can0 04FF3604#0004000400C80100
(1788787741.547396) can0 03FF1605#0100000000000000
(1788787741.574398) can0 04FF3604#0004000300C80100
(1788787741.604400) can0 04FF3604#0003000300C80100
(1788787741.607448) can0 05FF4610#0000D14FFFFFFFA3
(1788787741.619401) can0 02181606#0100190001030200
(1788787741.620585) can0 03FF1000#0840112200000001
(1788787741.631401) can0 03FF1001#0000000000000000
(1788787741.634400) can0 04FF3604#0005000300C80100
(1788787741.641563) can0 03FF1603#0000D10E00000000
(1788787741.651402) can0 02203606#0101000100010000
(1788787741.652401) can0 03FF1605#0100000000000000
(1788787741.654401) can0 04FF3602#0000000000000000
(1788787741.664402) can0 04FF3604#0004000300C80100
(1788787741.679403) can0 02181608#0500000001000000
(1788787741.694404) can0 04FF3604#0004000300C80100
(1788787741.709405) can0 02181609#0000000000000000
(1788787741.724405) can0 04FF3604#0005000300C80100
(1788787741.725590) can0 03FF1000#0840112200000001
(1788787741.736406) can0 03FF1001#0000000000000000
(1788787741.739405) can0 02488600#0000000000000000
(1788787741.746563) can0 03FF1603#0000D10E00000000
(1788787741.754409) can0 04FF3604#0004000300C80100
(1788787741.757409) can0 03FF1605#0100000000000000
(1788787741.767570) can0 03121606#0000000000000000
(1788787741.769407) can0 02213503#
(1788787741.779407) can0 04F93503#0000000000000000
(1788787741.784408) can0 04FF3604#0002000300C80100
(1788787741.814410) can0 04FF3604#0006000300C80100
(1788787741.830585) can0 03FF1000#0840112200000001
(1788787741.841410) can0 03FF1001#0000000000000000
(1788787741.844410) can0 04FF3604#0007000300C80100
(1788787741.851584) can0 03FF1603#0000D10E00000000
(1788787741.862411) can0 03FF1605#0100000000000000
(1788787741.874413) can0 04FF3604#0005000300C80100
(1788787741.904414) can0 04FF3604#0003000300C80100
(1788787741.908541) can0 05FF4610#0000D14FFFFFFFA3
(1788787741.934415) can0 04FF3604#0006000300C80100
(1788787741.935622) can0 03FF1000#0840112200000001
(1788787741.946415) can0 03FF1001#0000000000000000
(1788787741.956578) can0 03FF1603#0000D10E00000000
(1788787741.964416) can0 04FF3604#0004000300C80100
(1788787741.967416) can0 03FF1605#0100000000000000
(1788787741.994418) can0 04FF3604#0003000300C80100
(1788787742.024421) can0 04FF3604#0005000300C80100
(1788787742.029519) can0 02FF2605#0000060907030902
(1788787742.040605) can0 03FF1000#0840112200000001
(1788787742.051420) can0 03FF1001#0000000000000000
(1788787742.054420) can0 04FF3604#0005000300C80100
(1788787742.061567) can0 03FF1603#0000D10E00000000
(1788787742.072421) can0 03FF1605#0100000000000000
(1788787742.080422) can0 02FF2604#0000000000000000
(1788787742.084422) can0 04FF3604#0005000300C80100
(1788787742.109563) can0 02FF2704#0200000000000000
(1788787742.114424) can0 04FF3604#0005000300C80100
(1788787742.139576) can0 0260B606#0100000000000000
(1788787742.144425) can0 04FF3604#0004000300C80100
(1788787742.145582) can0 03FF1000#0840112200000001
(1788787742.154425) can0 04FF3602#0000000000000000
(1788787742.156425) can0 03FF1001#0000000000000000
(1788787742.166565) can0 03FF1603#0000D10E00000000
(1788787742.169652) can0 02203607#0000000300000000
(1788787742.172635) can0 05FF4610#0000D14FFFFFFFA3
(1788787742.174426) can0 04FF3604#0003000300C80100
(1788787742.177426) can0 03FF1605#0100000000000000
(1788787742.204428) can0 04FF3604#0004000300C80100
(1788787742.234430) can0 04FF3604#0004000300C80100
(1788787742.250592) can0 03FF1000#0840112200000001
(1788787742.261435) can0 03FF1001#0000000000000000
(1788787742.264433) can0 04FF3604#0006000300C80100
(1788787742.271616) can0 03FF1603#0000D10E00000000
(1788787742.282432) can0 03FF1605#0100000000000000
(1788787742.292570) can0 03FF1600#142B000104001319
(1788787742.294432) can0 04FF3604#0006000300C80100
(1788787742.303433) can0 03FF1601#6E50000000000000
(1788787742.313571) can0 03FF1602#000005000000157C
(1788787742.324433) can0 04FF3604#0006000300C80100
(1788787742.324488) can0 03FF1604#0000000000000000
(1788787742.325687) can0 05FF4001#0000000000000000
(1788787742.328433) can0 05FF4000#0000000000000000
(1788787742.354435) can0 04FF3604#0005000300C80100
(1788787742.355580) can0 03FF1000#0840112200000001
(1788787742.366436) can0 03FF1001#0000000000000000
(1788787742.376563) can0 03FF1603#0000D10E00000000
(1788787742.380436) can0 02181606#0100190001030200
(1788787742.384436) can0 04FF3604#0006000300C80100
(1788787742.387437) can0 03FF1605#0100000000000000
(1788787742.407693) can0 05FF4602#1110171017101610
(1788787742.410437) can0 02203606#0101000100010000
(1788787742.414437) can0 04FF3604#0006000300C80100
(1788787742.417669) can0 05FF4603#18101A101C101D10
(1788787742.427670) can0 05FF4604#1B101C101E101F10
(1788787742.434670) can0 05FF4610#0000D14FFFFFFFA3
(1788787742.438439) can0 05FF4605#1B10000000000000
(1788787742.440438) can0 02181608#0500000001000000
(1788787742.444439) can0 04FF3604#0004000300C80100
(1788787742.460626) can0 03FF1000#0840112200000001
(1788787742.467482) can0 05FF4606#1D1D1C
(1788787742.470440) can0 02181609#0000000000000000
(1788787742.471440) can0 03FF1001#0000000000000000
(1788787742.474440) can0 04FF3604#0005000300C80100
(1788787742.477487) can0 05FF4607#1D1B1C
(1788787742.481591) can0 03FF1603#0000D10E00000000
(1788787742.487556) can0 05FF4608#0019007C
(1788787742.492441) can0 03FF1605#0100000000000000
(1788787742.497669) can0 05FF4609#030003D403CA00
(1788787742.500442) can0 02488600#0000000000000000
(1788787742.502581) can0 03121606#0000000000000000
(1788787742.504442) can0 04FF3604#0004000300C80100
(1788787742.529636) can0 02213504#
(1788787742.534443) can0 04FF3604#0005000300C80100
(1788787742.539443) can0 04F93504#0000000000000000
(1788787742.564445) can0 04FF3604#0002000300C80100
(1788787742.565607) can0 03FF1000#0840112200000001
(1788787742.576445) can0 03FF1001#0000000000000000
(1788787742.586573) can0 03FF1603#0000D10E00000000
(1788787742.594446) can0 04FF3604#0003000300C80100
(1788787742.597446) can0 03FF1605#0100000000000000
(1788787742.624447) can0 04FF3604#0001000300C80100
(1788787742.654452) can0 04FF3602#0000000000000000
(1788787742.654500) can0 04FF3604#0004000300C80100
(1788787742.670596) can0 03FF1000#0840112200000001
(1788787742.681452) can0 03FF1001#0000000000000000
(1788787742.684451) can0 04FF3604#0004000300C80100
(1788787742.691578) can0 03FF1603#0000D10E00000000
(1788787742.697452) can0 05FF4610#0000D14FFFFFFFA3
(1788787742.702452) can0 03FF1605#0100000000000000
(1788787742.714453) can0 04FF3604#0006000300C80100
(1788787742.744454) can0 04FF3604#0005000300C80100
(1788787742.774458) can0 04FF3604#0005000300C80100
(1788787742.775597) can0 03FF1000#0840112200000001
(1788787742.786456) can0 03FF1001#0000000000000000
(1788787742.796594) can0 03FF1603#0000D10E00000000
(1788787742.804456) can0 04FF3604#0005000300C80100
(1788787742.807456) can0 03FF1605#0100000000000000
(1788787742.834458) can0 04FF3604#0003000300C80100
(1788787742.864459) can0 04FF3604#0004000300C80100
(1788787742.880599) can0 03FF1000#0840112200000001
(1788787742.891460) can0 03FF1001#0000000000000000
(1788787742.894460) can0 04FF3604#0005000300C80100
(1788787742.901646) can0 03FF1603#0000D10E00000000
(1788787742.912462) can0 03FF1605#0100000000000000
(1788787742.924462) can0 04FF3604#0005000300C80100
(1788787742.954464) can0 04FF3604#0004000300C80100
(1788787742.984466) can0 04FF3604#0007000300C80100
(1788787742.985622) can0 03FF1000#0840112200000001
(1788787742.996465) can0 03FF1001#0000000000000000
(1788787743.000466) can0 05FF4610#0000D14EFFFFFFA9
(1788787743.006558) can0 03FF1603#0000D10E00000000
(1788787743.014466) can0 04FF3604#0006000300C80100
(1788787743.017466) can0 03FF1605#0100000000000000
(1788787743.040468) can0 02FF2605#0000060907030903
(1788787743.044467) can0 04FF3604#0003000300C80100
(1788787743.074468) can0 04FF3604#0005000300C80100
(1788787743.090528) can0 02FF2604#0000000000000000
(1788787743.091470) can0 03FF1000#0840112200000001
(1788787743.101470) can0 03FF1001#0000000000000000
(1788787743.104470) can0 04FF3604#0003000300C80100
(1788787743.111586) can0 03FF1603#0000D10E00000000
(1788787743.120587) can0 02FF2704#0200000000000000
(1788787743.122471) can0 03FF1605#0100000000000000
(1788787743.134472) can0 04FF3604#0005000300C80100
(1788787743.150578) can0 0260B606#0100000000000000
(1788787743.154473) can0 04FF3602#0000000000000000
(1788787743.164474) can0 04FF3604#0005000400C80100
(1788787743.180573) can0 02203607#0000000300000000
(1788787743.194475) can0 04FF3604#0004000300C80100
(1788787743.195613) can0 03FF1000#0840112200000001
(1788787743.206475) can0 03FF1001#0000000000000000
(1788787743.211475) can0 02181606#0100190001030200
(1788787743.216580) can0 03FF1603#0000D10E00000000
(1788787743.224476) can0 04FF3604#0004000300C80100
(1788787743.227477) can0 03FF1605#0100000000000000
(1788787743.240616) can0 02203606#0101000100010000
(1788787743.254481) can0 04FF3604#0004000300C80100
(1788787743.262481) can0 05FF4610#0000D14EFFFFFFA9
(1788787743.270698) can0 02181608#0500000001000000
(1788787743.279613) can0 03FF1600#142B000104001319
(1788787743.284479) can0 04FF3604#0005000300C80100
(1788787743.290480) can0 03FF1601#6E50000000000000
(1788787743.300619) can0 03FF1602#000005000000157C
(1788787743.301479) can0 02181609#0000000000000000
(1788787743.311480) can0 03FF1604#0000000000000000
(1788787743.314480) can0 04FF3604#0007000300C80100
(1788787743.321584) can0 03FF1000#0840112200000001
(1788787743.331481) can0 02488600#0000000000000000
(1788787743.332481) can0 03FF1001#0000000000000000
(1788787743.342563) can0 03FF1603#0000D10E00000000
(1788787743.344481) can0 04FF3604#0005000300C80100
(1788787743.353482) can0 03FF1605#0100000000000000
(1788787743.360517) can0 02213600#
(1788787743.363598) can0 03121606#0000000000000000
(1788787743.371483) can0 05FF4001#0000000000000000
(1788787743.373483) can0 05FF4000#0000000000000000
(1788787743.374483) can0 04FF3604#0005000400C80100
(1788787743.404485) can0 04FF3604#0006000400C80100
(1788787743.405612) can0 03FF1000#0840112200000001
(1788787743.416486) can0 03FF1001#0000000000000000
(1788787743.426578) can0 03FF1603#0000D10E00000000
(1788787743.434486) can0 04FF3604#0005000300C80100
(1788787743.437486) can0 03FF1605#0100000000000000
(1788787743.453487) can0 05FF4602#1110171017101610
(1788787743.464488) can0 04FF3604#0007000300C80100
(1788787743.464542) can0 05FF4603#18101A101C101D10
(1788787743.474488) can0 05FF4604#1B101C101D101F10
(1788787743.484489) can0 05FF4605#1B10000000000000
(1788787743.494489) can0 04FF3604#0008000300C80100
(1788787743.510629) can0 03FF1000#0840112200000001
(1788787743.514490) can0 05FF4606#1D1D1C
(1788787743.521490) can0 03FF1001#0000000000000000
(1788787743.524490) can0 04FF3604#0006000300C80100
(1788787743.524545) can0 05FF4607#1D1B1C
(1788787743.525491) can0 05FF4610#0000D14EFFFFFFA9
(1788787743.531602) can0 03FF1603#0000D10E00000000
(1788787743.534491) can0 05FF4608#0019007C
(1788787743.542491) can0 03FF1605#0100000000000000
(1788787743.544491) can0 05FF4609#030003D403CA00
(1788787743.554491) can0 04FF3604#0005000300C80100
(1788787743.584494) can0 04FF3604#0005000300C80100
(1788787743.614495) can0 04FF3604#0006000300C80100
(1788787743.615622) can0 03FF1000#0840112200000001
(1788787743.626495) can0 03FF1001#0000000000000000
(1788787743.636588) can0 03FF1603#0000D10E00000000
(1788787743.644497) can0 04FF3604#0005000300C80100
(1788787743.647496) can0 03FF1605#0100000000000000
(1788787743.654496) can0 04FF3602#0000000000000000
(1788787743.674498) can0 04FF3604#0005000300C80100
(1788787743.704499) can0 04FF3604#0004000300C80100
(1788787743.720616) can0 03FF1000#0840112200000001
(1788787743.731500) can0 03FF1001#0000000000000000
(1788787743.734500) can0 04FF3604#0004000400C80100
(1788787743.741593) can0 03FF1603#0000D10E00000000
(1788787743.752505) can0 03FF1605#0100000000000000
(1788787743.764506) can0 04FF3604#0006000300C80100
(1788787743.794504) can0 04FF3604#0004000300C80100
(1788787743.824505) can0 04FF3604#0005000300C80100
(1788787743.825609) can0 03FF1000#0840112200000001
(1788787743.827505) can0 05FF4610#0000D14EFFFFFFA9
(1788787743.836506) can0 03FF1001#0000000000000000
(1788787743.846600) can0 03FF1603#0000D10E00000000
(1788787743.854506) can0 04FF3604#0005000300C80100
(1788787743.857506) can0 03FF1605#0100000000000000
(1788787743.884508) can0 04FF3604#0003000300C80100
(1788787743.901509) can0 02181606#0100190001030200
(1788787743.914510) can0 04FF3604#0004000300C80100
(1788787743.930672) can0 03FF1000#0840112200000001
(1788787743.931509) can0 02203606#0101000100010000
(1788787743.941510) can0 03FF1001#0000000000000000
(1788787743.944510) can0 04FF3604#0005000300C80100
(1788787743.951587) can0 03FF1603#0000D10E00000000
(1788787743.961512) can0 02181608#0500000001000000
(1788787743.962511) can0 03FF1605#0100000000000000
(1788787743.972593) can0 03121606#0000000000000000
(1788787743.974511) can0 04FF3604#0003000300C80100
(1788787743.992513) can0 02181609#0000000000000000
(1788787744.004513) can0 04FF3604#0006000300C80100
(1788787744.021514) can0 02488600#0000000000000000
(1788787744.034515) can0 04FF3604#0004000300C80100
(1788787744.035630) can0 03FF1000#0840112200000001
(1788787744.046515) can0 03FF1001#0000000000000000
(1788787744.056573) can0 03FF1603#0000D10E00000000
(1788787744.064516) can0 04FF3604#0006000300C80100
(1788787744.067516) can0 03FF1605#0100000000000000
(1788787744.080563) can0 02213601#
(1788787744.089518) can0 05FF4610#0000D14EFFFFFFA9
(1788787744.094517) can0 04FF3604#0005000300C80100
(1788787744.101518) can0 02FF2605#0000060907030904
(1788787744.124520) can0 04FF3604#0006000300C80100
(1788787744.131565) can0 02FF2604#0000000000000000
(1788787744.140635) can0 03FF1000#0840112200000001
(1788787744.151522) can0 03FF1001#0000000000000000
(1788787744.154520) can0 04FF3602#0000000000000000
(1788787744.154575) can0 04FF3604#0004000300C80100
(1788787744.161602) can0 03FF1603#0000D10E00000000
(1788787744.162521) can0 02FF2704#0200000000000000
(1788787744.172521) can0 03FF1605#0100000000000000
(1788787744.184522) can0 04FF3604#0004000300C80100
(1788787744.191568) can0 0260B606#0100000000000000
(1788787744.214523) can0 04FF3604#0005000300C80100
(1788787744.221627) can0 02203607#0000000300000000
(1788787744.244524) can0 04FF3604#0004000300C80100
(1788787744.245629) can0 03FF1000#0840112200000001
(1788787744.256528) can0 03FF1001#0000000000000000
(1788787744.266609) can0 03FF1603#0000D10E00000000
(1788787744.274526) can0 04FF3604#0007000300C80100
(1788787744.277526) can0 03FF1605#0100000000000000
(1788787744.287620) can0 03FF1600#142B000104001319
(1788787744.298528) can0 03FF1601#6E50000000000000
(1788787744.304527) can0 04FF3604#0006000300C80100
(1788787744.308597) can0 03FF1602#000005000000157C
(1788787744.319528) can0 03FF1604#0000000000000000
(1788787744.333784) can0 04FF3604#0003000300C80100
(1788787744.350634) can0 03FF1000#0840112200000001
(1788787744.352530) can0 05FF4610#0000D14EFFFFFFA9
(1788787744.361531) can0 03FF1001#0000000000000000
(1788787744.363787) can0 04FF3604#0004000300C80100
(1788787744.371609) can0 03FF1603#0000D10E00000000
(1788787744.382531) can0 03FF1605#0100000000000000
(1788787744.393803) can0 04FF3604#0004000300C80100
(1788787744.418534) can0 05FF4001#0000000000000000
(1788787744.420532) can0 05FF4000#0000000000000000
(1788787744.423787) can0 04FF3604#0005000300C80100
(1788787744.453790) can0 04FF3604#0005000300C80100
(1788787744.455661) can0 03FF1000#0840112200000001
(1788787744.466534) can0 03FF1001#0000000000000000
(1788787744.476605) can0 03FF1603#0000D10E00000000
(1788787744.483790) can0 04FF3604#0004000300C80100
(1788787744.487535) can0 03FF1605#0100000000000000
(1788787744.502555) can0 05FF4602#1110171017101610
(1788787744.512572) can0 05FF4603#18101A101C101D10
(1788787744.514537) can0 04FF3604#0006000300C80100
(1788787744.522584) can0 05FF4604#1B101C101D101F10
(1788787744.533538) can0 05FF4605#1B10000000000000
(1788787744.543784) can0 04FF3604#0007000300C80100
(1788787744.560645) can0 03FF1000#0840112200000001
(1788787744.562539) can0 05FF4606#1D1D1C
(1788787744.571540) can0 03FF1001#0000000000000000
(1788787744.572540) can0 05FF4607#1D1C1C
(1788787744.573794) can0 04FF3604#0005000300C80100
(1788787744.581621) can0 03FF1603#0000D10E00000000
(1788787744.582540) can0 05FF4608#0019007C
(1788787744.592541) can0 03FF1605#0100000000000000
(1788787744.592642) can0 05FF4609#030003D403CA00
(1788787744.603784) can0 04FF3604#0004000300C80100
(1788787744.615543) can0 05FF4610#0000D14EFFFFFFA9
(1788787744.633785) can0 04FF3604#0005000300C80100
(1788787744.653799) can0 04FF3602#0000000000000000
(1788787744.662546) can0 02181606#0100190001030200
(1788787744.663787) can0 04FF3604#0004000400C80100
(1788787744.665648) can0 03FF1000#0840112200000001
(1788787744.676545) can0 03FF1001#0000000000000000
(1788787744.686603) can0 03FF1603#0000D10E00000000
(1788787744.693784) can0 04FF3604#0005000300C80100
(1788787744.697545) can0 03FF1605#0100000000000000
(1788787744.698546) can0 05FF4400#00000006
(1788787744.712766) can0 02203606#0101000100010000
(1788787744.723786) can0 04FF3604#0004000300C80100
(1788787744.743722) can0 02181608#0500000001000000
(1788787744.753806) can0 04FF3604#0005000300C80100
(1788787744.770643) can0 03FF1000#0840112200000001
(1788787744.772549) can0 02181609#0000000000000000
(1788787744.781550) can0 03FF1001#0000000000000000
(1788787744.783769) can0 04FF3604#0004000300C80100
(1788787744.791608) can0 03FF1603#0000D10E00000000
(1788787744.792649) can0 05FF4600#0D0300900303
(1788787744.802551) can0 03FF1605#0100000000000000
(1788787744.802698) can0 02488600#0000000000000000
(1788787744.812643) can0 03121606#0000000000000000
(1788787744.813777) can0 04FF3604#0007000300C80100
(1788787744.832553) can0 02294611#
(1788787744.833552) can0 05124611#0061368C000035B2
(1788787744.837552) can0 05FF4601#007300000000
(1788787744.843784) can0 04FF3604#0003000300C80100
(1788787744.873787) can0 04FF3604#0004000300C80100
(1788787744.875635) can0 03FF1000#0840112200000001
(1788787744.886554) can0 03FF1001#0000000000000000
(1788787744.896608) can0 03FF1603#0000D10E00000000
(1788787744.903786) can0 04FF3604#0007000300C80100
(1788787744.907556) can0 03FF1605#0100000000000000
(1788787744.917615) can0 05FF4610#0000D14EFFFFFFA9
(1788787744.933784) can0 04FF3604#0006000300C80100
(1788787744.963779) can0 04FF3604#0004000300C80100
(1788787744.980640) can0 03FF1000#0840112200000001
(1788787744.991560) can0 03FF1001#0000000000000000
(1788787744.993802) can0 04FF3604#0004000300C80100
(1788787745.001606) can0 03FF1603#0000D10E00000000
(1788787745.012560) can0 03FF1605#0100000000000000
(1788787745.023781) can0 04FF3604#0005000300C80100
(1788787745.053802) can0 04FF3604#0006000300C80100
(1788787745.083784) can0 04FF3604#0007000300C80100
(1788787745.085657) can0 03FF1000#0840112200000001
(1788787745.092564) can0 02FF2605#0000060907030905
(1788787745.096564) can0 03FF1001#0000000000000000
(1788787745.106601) can0 03FF1603#0000D10E00000000
(1788787745.113774) can0 04FF3604#0004000300C80100
(1788787745.117565) can0 03FF1605#0100000000000000
(1788787745.122566) can0 02FF2604#0000000000000000
(1788787745.143776) can0 04FF3604#0004000300C80100
(1788787745.153776) can0 04FF3602#0000000000000000
(1788787745.154718) can0 02FF2704#0200000000000000
(1788787745.173762) can0 04FF3604#0004000300C80100
(1788787745.180732) can0 05FF4610#0000D14EFFFFFFA9
(1788787745.182603) can0 0260B606#0100000000000000
(1788787745.190662) can0 03FF1000#0840112200000001
(1788787745.201569) can0 03FF1001#0000000000000000
(1788787745.203766) can0 04FF3604#0003000300C80100
(1788787745.211616) can0 03FF1603#0000D10E00000000
(1788787745.212651) can0 02203607#0000000300000000
(1788787745.222570) can0 03FF1605#0100000000000000
(1788787745.233779) can0 04FF3604#0004000300C80100
(1788787745.263782) can0 04FF3604#0003000300C80100
(1788787745.293772) can0 04FF3604#0005000300C80100
(1788787745.295650) can0 03FF1000#0840112200000001
(1788787745.306575) can0 03FF1001#0000000000000000
(1788787745.316622) can0 03FF1600#142B000104001319
(1788787745.323772) can0 04FF3604#0004000300C80100
(1788787745.327575) can0 03FF1601#6E50000000000000
(1788787745.337634) can0 03FF1602#000005000000157C
(1788787745.348577) can0 03FF1603#0000D10E00000000
(1788787745.353785) can0 04FF3604#0004000300C80100
(1788787745.358634) can0 03FF1604#0000000000000000
(1788787745.369578) can0 03FF1605#0100000000000000
(1788787745.383775) can0 04FF3604#0006000300C80100
(1788787745.400641) can0 03FF1000#0840112200000001
(1788787745.411580) can0 03FF1001#0000000000000000
(1788787745.413787) can0 04FF3604#0004000300C80100
(1788787745.421614) can0 03FF1603#0000D10E00000000
(1788787745.423580) can0 02181606#0100190001030200
(1788787745.432581) can0 03FF1605#0100000000000000
(1788787745.443582) can0 05FF4610#0000D14EFFFFFFA9
(1788787745.443763) can0 04FF3604#0003000300C80100
(1788787745.453582) can0 02203606#0101000100010000
(1788787745.466583) can0 05FF4001#0000000000000000
(1788787745.468582) can0 05FF4000#0000000000000000
(1788787745.473768) can0 04FF3604#0003000300C80100
(1788787745.483583) can0 02181608#0500000001000000
(1788787745.503765) can0 04FF3604#0004000300C80100
(1788787745.505641) can0 03FF1000#0840112200000001
(1788787745.513584) can0 02181609#0000000000000000
(1788787745.516584) can0 03FF1001#0000000000000000
(1788787745.526639) can0 03FF1603#0000D10E00000000
(1788787745.533782) can0 04FF3604#0004000300C80100
(1788787745.537585) can0 03FF1605#0100000000000000
(1788787745.543586) can0 02488600#0000000000000000
(1788787745.547632) can0 03121606#0000000000000000
(1788787745.549586) can0 05FF4602#1110171017101610
(1788787745.559587) can0 05FF4603#18101A101C101D10
(1788787745.563795) can0 04FF3604#0005000300C80100
(1788787745.570588) can0 05FF4604#1B101C101E101F10
(1788787745.572691) can0 02294612#
(1788787745.574587) can0 05124612#0000000000000000
(1788787745.580587) can0 05FF4605#1A10000000000000
(1788787745.593769) can0 04FF3604#0005000300C80100
(1788787745.609716) can0 05FF4606#1D1D1C
(1788787745.610646) can0 03FF1000#0840112200000001
(1788787745.619728) can0 05FF4607#1D1C1C
(1788787745.621589) can0 03FF1001#0000000000000000
(1788787745.623774) can0 04FF3604#0004000300C80100
(1788787745.629776) can0 05FF4608#0019007C
(1788787745.631613) can0 03FF1603#0000D10E00000000
(1788787745.640590) can0 05FF4609#030003D403CA00
(1788787745.642590) can0 03FF1605#0100000000000000
(1788787745.653777) can0 04FF3602#0000000000000000
(1788787745.654591) can0 04FF3604#0005000300C80100
(1788787745.683761) can0 04FF3604#0005000300C80100
(1788787745.707596) can0 05FF4610#0000D14EFFFFFFA9
(1788787745.713767) can0 04FF3604#0003000300C80100
(1788787745.715651) can0 03FF1000#0840112200000001
(1788787745.726596) can0 03FF1001#0000000000000000
(1788787745.736664) can0 03FF1603#0000D10E00000000
(1788787745.743781) can0 04FF3604#0005000300C80100
(1788787745.747596) can0 03FF1605#0100000000000000
(1788787745.773769) can0 04FF3604#0007000300C80100
(1788787745.803761) can0 04FF3604#0004000300C80100
(1788787745.820657) can0 03FF1000#0840112200000001
(1788787745.831600) can0 03FF1001#0000000000000000
(1788787745.833756) can0 04FF3604#0007000300C80100
(1788787745.841623) can0 03FF1603#0000D10E00000000
(1788787745.852600) can0 03FF1605#0100000000000000
(1788787745.863763) can0 04FF3604#0005000300C80100
(1788787745.893776) can0 04FF3604#0004000400C80100
(1788787745.923789) can0 04FF3604#0005000300C80100
(1788787745.925638) can0 03FF1000#0840112200000001
(1788787745.936604) can0 03FF1001#0000000000000000
(1788787745.946624) can0 03FF1603#0000D10E00000000
(1788787745.953768) can0 04FF3604#0004000300C80100
(1788787745.957605) can0 03FF1605#0100000000000000
(1788787745.983758) can0 04FF3604#0002000300C80100
(1788787746.009609) can0 05FF4610#0000D150FFFFFFA3
(1788787746.013770) can0 04FF3604#0004000300C80100
(1788787746.030644) can0 03FF1000#0840112200000001
(1788787746.041609) can0 03FF1001#0000000000000000
(1788787746.043783) can0 04FF3604#0005000300C80100
(1788787746.051634) can0 03FF1603#0000D10E00000000
(1788787746.062612) can0 03FF1605#0100000000000000
(1788787746.073761) can0 04FF3604#0004000300C80100
(1788787746.093612) can0 02FF2605#0000060907030906
(1788787746.103752) can0 04FF3604#0004000300C80100
(1788787746.123614) can0 02FF2604#0000000000000000
(1788787746.133765) can0 04FF3604#0005000300C80100
(1788787746.135667) can0 03FF1000#0840112200000001
(1788787746.146615) can0 03FF1001#0000000000000000
(1788787746.153614) can0 02FF2704#0200000000000000
(1788787746.154614) can0 04FF3602#0000000000000000
(1788787746.156626) can0 03FF1603#0000D10E00000000
(1788787746.163766) can0 04FF3604#0005000300C80100
(1788787746.167615) can0 03FF1605#0100000000000000
(1788787746.193756) can0 04FF3604#0005000300C80100
(1788787746.223766) can0 04FF3604#0003000300C80100
(1788787746.240677) can0 03FF1000#0840112200000001
(1788787746.251619) can0 03FF1001#0000000000000000
(1788787746.253759) can0 04FF3604#0004000300C80100
(1788787746.261662) can0 03FF1603#0000D10E00000000
(1788787746.271623) can0 05FF4610#0000D150FFFFFFA3
(1788787746.272620) can0 03FF1605#0100000000000000
(1788787746.283760) can0 04FF3604#0004000300C80100
(1788787746.303657) can0 03FF1600#142B000104001319
(1788787746.313761) can0 04FF3604#0004000400C80100
(1788787746.314622) can0 03FF1601#6E50000000000000
(1788787746.324635) can0 03FF1602#000005000000157C
(1788787746.335624) can0 03FF1604#0000000000000000
(1788787746.343751) can0 04FF3604#0004000300C80100
(1788787746.345659) can0 03FF1000#0840112200000001
(1788787746.356625) can0 03FF1001#0000000000000000
(1788787746.366644) can0 03FF1603#0000D10E00000000
(1788787746.373764) can0 04FF3604#0004000300C80100
(1788787746.377625) can0 03FF1605#0100000000000000
(1788787746.403758) can0 04FF3604#0003000300C80100
(1788787746.433756) can0 04FF3604#0004000300C80100
(1788787746.450663) can0 03FF1000#0840112200000001
(1788787746.461631) can0 03FF1001#0000000000000000
(1788787746.463768) can0 04FF3604#0005000300C80100
(1788787746.471630) can0 03FF1603#0000D10E00000000
(1788787746.482631) can0 03FF1605#0100000000000000
(1788787746.493758) can0 04FF3604#0004000300C80100
(1788787746.513632) can0 05FF4001#0000000000000000
(1788787746.515632) can0 05FF4000#0000000000000000
(1788787746.523760) can0 04FF3604#0003000300C80100
(1788787746.534634) can0 05FF4610#0000D150FFFFFFA3
(1788787746.553762) can0 04FF3604#0007000400C80100
(1788787746.555657) can0 03FF1000#0840112200000001
(1788787746.566636) can0 03FF1001#0000000000000000
(1788787746.576648) can0 03FF1603#0000D10E00000000
(1788787746.583751) can0 04FF3604#0004000300C80100
(1788787746.584635) can0 0260B606#0100000000000000
(1788787746.587635) can0 03FF1605#0100000000000000
(1788787746.595635) can0 05FF4602#1110171017101710
(1788787746.605637) can0 05FF4603#18101A101C101D10
(1788787746.613752) can0 04FF3604#0003000300C80100
(1788787746.614637) can0 02203607#0000000300000000
(1788787746.615636) can0 05FF4604#1B101C101E101F10
(1788787746.625637) can0 05FF4605#1B10000000000000
(1788787746.643777) can0 04FF3604#0004000300C80100
(1788787746.644638) can0 02181606#0100190001030200
(1788787746.653766) can0 04FF3602#0000000000000000
(1788787746.655638) can0 05FF4606#1D1D1C
(1788787746.660685) can0 03FF1000#0840112200000001
(1788787746.665639) can0 05FF4607#1D1C1C
(1788787746.671640) can0 03FF1001#0000000000000000
(1788787746.673774) can0 04FF3604#0004000300C80100
(1788787746.674639) can0 02203606#0101000100010000
(1788787746.675639) can0 05FF4608#0019007C
(1788787746.681662) can0 03FF1603#0000D10E00000000
(1788787746.685640) can0 05FF4609#030003D403CA00
(1788787746.692641) can0 03FF1605#0100000000000000
(1788787746.702653) can0 03121606#0000000000000000
(1788787746.703769) can0 04FF3604#0005000300C80100
(1788787746.704641) can0 02181608#0500000001000000
(1788787746.733753) can0 04FF3604#0004000300C80100
(1788787746.734643) can0 02181609#0000000000000000
(1788787746.763749) can0 04FF3604#0004000300C80100
(1788787746.764644) can0 02488600#0000000000000000
(1788787746.765713) can0 03FF1000#0840112200000001
(1788787746.776645) can0 03FF1001#0000000000000000
(1788787746.786645) can0 03FF1603#0000D10E00000000
(1788787746.793761) can0 04FF3604#0005000300C80100
(1788787746.794645) can0 02294613#
(1788787746.795645) can0 05124613#0000000000000000
(1788787746.797645) can0 03FF1605#0100000000000000
(1788787746.823770) can0 04FF3604#0005000300C80100
(1788787746.834648) can0 05FF4610#0000D14FFFFFFFA9
(1788787746.853753) can0 04FF3604#0004000300C80100
(1788787746.870683) can0 03FF1000#0840112200000001
(1788787746.881649) can0 03FF1001#0000000000000000
(1788787746.883753) can0 04FF3604#0005000300C80100
(1788787746.891651) can0 03FF1603#0000D10E00000000
(1788787746.902650) can0 03FF1605#0100000000000000
(1788787746.913757) can0 04FF3604#0005000400C80100
(1788787746.943757) can0 04FF3604#0006000300C80100
(1788787746.973740) can0 04FF3604#0003000300C80100
(1788787746.975677) can0 03FF1000#0840112200000001
(1788787746.986655) can0 03FF1001#0000000000000000
(1788787746.996655) can0 03FF1603#0000D10E00000000
(1788787747.003783) can0 04FF3604#0006000300C80100
(1788787747.007656) can0 03FF1605#0100000000000000
(1788787747.033745) can0 04FF3604#0006000300C80100
(1788787747.063763) can0 04FF3604#0005000300C80100
(1788787747.080660) can0 03FF1000#0840112200000001
(1788787747.091659) can0 03FF1001#0000000000000000
(1788787747.093752) can0 04FF3604#0006000300C80100
(1788787747.094659) can0 02FF2605#0000060907030907
(1788787747.096667) can0 05FF4610#0000D14FFFFFFFA9
(1788787747.101672) can0 03FF1603#0000D10E00000000
(1788787747.112661) can0 03FF1605#0100000000000000
(1788787747.123765) can0 04FF3604#0006000300C80100
(1788787747.124661) can0 02FF2604#0000000000000000
(1788787747.153768) can0 04FF3602#0000000000000000
(1788787747.154663) can0 04FF3604#0004000300C80100
(1788787747.155662) can0 02FF2704#0200000000000000
(1788787747.183745) can0 04FF3604#0004000300C80100
(1788787747.184664) can0 0260B606#0100000000000000
(1788787747.185664) can0 03FF1000#0840112200000001
(1788787747.196664) can0 03FF1001#0000000000000000
(1788787747.206666) can0 03FF1603#0000D10E00000000
(1788787747.213759) can0 04FF3604#0004000300C80100
(1788787747.216665) can0 02203607#0000000300000000
(1788787747.217665) can0 03FF1605#0100000000000000
(1788787747.227667) can0 03FF1400#0000000900000000
(1788787747.243749) can0 04FF3604#0003000300C80100
(1788787747.273741) can0 04FF3604#0004000300C80100
(1788787747.290705) can0 03FF1000#0840112200000001
(1788787747.301669) can0 03FF1001#0000000000000000
(1788787747.303750) can0 04FF3604#0004000300C80100
(1788787747.311671) can0 03FF1603#0000D10E00000000
(1788787747.322670) can0 03FF1605#0100000000000000
(1788787747.332671) can0 03FF1600#142B000104001319
(1788787747.333740) can0 04FF3604#0004000300C80100
(1788787747.343672) can0 03FF1601#6E50000000000000
(1788787747.345671) can0 02181606#0100190001030200
(1788787747.353673) can0 03FF1602#000005000000157C
(1788787747.357707) can0 05FF4610#0000D14FFFFFFFA9
(1788787747.363749) can0 04FF3604#0004000300C80100
(1788787747.364672) can0 03FF1604#0000000000000000
(1788787747.374674) can0 02203606#0101000100010000
(1788787747.393743) can0 04FF3604#0003000300C80100
(1788787747.395697) can0 03FF1000#0840112200000001
(1788787747.404733) can0 02181608#0500000001000000
(1788787747.406674) can0 03FF1001#0000000000000000
(1788787747.416675) can0 03FF1603#0000D10E00000000
(1788787747.423763) can0 04FF3604#0003000400C80100
(1788787747.427676) can0 03FF1605#0100000000000000
(1788787747.434780) can0 02181609#0000000000000000
(1788787747.437675) can0 03121606#0000000000000000
(1788787747.453777) can0 04FF3604#0006000300C80100
(1788787747.465678) can0 02488600#0000000000000000
(1788787747.483748) can0 04FF3604#0004000300C80100
(1788787747.494726) can0 02294614#
(1788787747.495829) can0 05124614#101F0B101100000E
(1788787747.500678) can0 03FF1000#0840112200000001
(1788787747.511680) can0 03FF1001#0000000000000000
(1788787747.513772) can0 04FF3604#0006000300C80100
(1788787747.521680) can0 03FF1603#0000D10E00000000
(1788787747.532681) can0 03FF1605#0100000000000000
(1788787747.543750) can0 04FF3604#0005000300C80100
(1788787747.556809) can0 05FF4001#0000000000000000
(1788787747.558827) can0 05FF4000#0000000000000000
(1788787747.573728) can0 04FF3604#0004000300C80100
(1788787747.603731) can0 04FF3604#0004000300C80100
(1788787747.605683) can0 03FF1000#0840112200000001
(1788787747.616684) can0 03FF1001#0000000000000000
(1788787747.619812) can0 05FF4610#0000D14FFFFFFFA9
(1788787747.626686) can0 03FF1603#0000D10E00000000
(1788787747.633743) can0 04FF3604#0004000300C80100
(1788787747.637685) can0 03FF1605#0100000000000000
(1788787747.639836) can0 05FF4602#1110171017101710
(1788787747.649813) can0 05FF4603#18101A101C101D10
(1788787747.653755) can0 04FF3400#0000057700000000
(1788787747.654686) can0 04FF3602#0000000000000000
(1788787747.659825) can0 05FF4604#1B101C101D101F10
(1788787747.663895) can0 04FF3604#0006000300C80100
(1788787747.669861) can0 05FF4605#1B10000000000000
(1788787747.693746) can0 04FF3604#0005000300C80100
(1788787747.699688) can0 05FF4606#1D1D1C
(1788787747.709690) can0 05FF4607#1D1B1C
(1788787747.710713) can0 03FF1000#0840112200000001
(1788787747.719732) can0 05FF4608#0019007C
(1788787747.721689) can0 03FF1001#0000000000000000
(1788787747.723736) can0 04FF3604#0004000300C80100
(1788787747.729852) can0 05FF4609#030003D403CA00
(1788787747.731690) can0 03FF1603#0000D10E00000000
(1788787747.742691) can0 03FF1605#0100000000000000
(1788787747.753741) can0 04FF3604#0002000300C80100
(1788787747.783740) can0 04FF3604#0007000300C80100
(1788787747.813741) can0 04FF3604#0005000300C80100
(1788787747.815693) can0 03FF1000#0840112200000001
(1788787747.826694) can0 03FF1001#0000000000000000
(1788787747.836695) can0 03FF1603#0000D10E00000000
(1788787747.843737) can0 04FF3604#0006000300C80100
(1788787747.847695) can0 03FF1605#0100000000000000
(1788787747.873742) can0 04FF3604#0005000300C80100
(1788787747.903732) can0 04FF3604#0005000300C80100
(1788787747.920698) can0 03FF1000#0840112200000001
(1788787747.923699) can0 05FF4610#0000D14EFFFFFFA3
(1788787747.931700) can0 03FF1001#0000000000000000
(1788787747.933779) can0 04FF3604#0004000400C80100
(1788787747.941701) can0 03FF1603#0000D10E00000000
(1788787747.952700) can0 03FF1605#0100000000000000
(1788787747.963736) can0 04FF3604#0003000300C80100
(1788787747.993749) can0 04FF3604#0005000300C80100
(1788787748.023734) can0 04FF3604#0004000300C80100
(1788787748.025703) can0 03FF1000#0840112200000001
(1788787748.036705) can0 03FF1001#0000000000000000
(1788787748.046705) can0 03FF1603#0000D10E00000000
(1788787748.053735) can0 04FF3604#0004000300C80100
(1788787748.057705) can0 03FF1605#0100000000000000
(1788787748.083742) can0 04FF3604#0004000300C80100
(1788787748.105708) can0 02181606#0100190001030200
(1788787748.113746) can0 04FF3604#0005000300C80100
(1788787748.130709) can0 03FF1000#0840112200000001
(1788787748.135871) can0 02203606#0101000100010000
(1788787748.141709) can0 03FF1001#0000000000000000
(1788787748.143728) can0 04FF3604#0003000300C80100
(1788787748.151710) can0 03FF1603#0000D10E00000000
(1788787748.153744) can0 04FF3602#0000000000000000
(1788787748.162711) can0 03FF1605#0100000000000000
(1788787748.165710) can0 02181608#0500000001000000
(1788787748.172711) can0 03121606#0000000000000000
(1788787748.173746) can0 04FF3604#0005000300C80100
(1788787748.184712) can0 05FF4610#0000D14EFFFFFFA3
(1788787748.195712) can0 02181609#0000000000000000
(1788787748.203746) can0 04FF3604#0003000300C80100
(1788787748.225921) can0 02488600#0000000000000000
(1788787748.233739) can0 04FF3604#0004000300C80100
(1788787748.235713) can0 03FF1000#0840112200000001
(1788787748.246715) can0 03FF1001#0000000000000000
(1788787748.255715) can0 02294615#
(1788787748.256715) can0 05124615#1D011C0301FF
(1788787748.256765) can0 03FF1603#0000D10E00000000
(1788787748.263738) can0 04FF3604#0004000300C80100
(1788787748.267715) can0 03FF1605#0100000000000000
(1788787748.285717) can0 02FF2605#0000060907030908
(1788787748.293717) can0 04FF3604#0003000300C80100
(1788787748.315718) can0 02FF2604#0000000000000000
(1788787748.319729) can0 03FF1600#142B000104001319
(1788787748.323741) can0 04FF3604#0003000300C80100
(1788787748.330719) can0 03FF1601#6E50000000000000
(1788787748.340719) can0 03FF1602#000005000000157C
(1788787748.346893) can0 02FF2704#0200000000000000
(1788787748.351719) can0 03FF1604#0000000000000000
(1788787748.353738) can0 04FF3604#0005000300C80100
(1788787748.361719) can0 03FF1000#0840112200000001
(1788787748.372720) can0 03FF1001#0000000000000000
(1788787748.375720) can0 0260B606#0100000000000000
(1788787748.382721) can0 03FF1603#0000D10E00000000
(1788787748.383732) can0 04FF3604#0004000300C80100
(1788787748.393722) can0 03FF1605#0100000000000000
(1788787748.405722) can0 02203607#0000000300000000
(1788787748.413730) can0 04FF3604#0005000300C80100
(1788787748.443748) can0 04FF3604#0005000300C80100
(1788787748.445724) can0 03FF1000#0840112200000001
(1788787748.446725) can0 05FF4610#0000D14EFFFFFFA3
(1788787748.456725) can0 03FF1001#0000000000000000
(1788787748.466725) can0 03FF1603#0000D10E00000000
(1788787748.473736) can0 04FF3604#0005000300C80100
(1788787748.477725) can0 03FF1605#0100000000000000
(1788787748.503749) can0 04FF3604#0004000300C80100
(1788787748.533763) can0 04FF3604#0006000300C80100
(1788787748.550729) can0 03FF1000#0840112200000001
(1788787748.561730) can0 03FF1001#0000000000000000
(1788787748.563729) can0 04FF3604#0005000300C80100
(1788787748.571730) can0 03FF1603#0000D10E00000000
(1788787748.582731) can0 03FF1605#0100000000000000
(1788787748.593731) can0 04FF3604#0004000300C80100
(1788787748.603731) can0 05FF4001#0000000000000000
(1788787748.605731) can0 05FF4000#0000000000000000
(1788787748.623733) can0 04FF3604#0005000300C80100
(1788787748.653745) can0 04FF3602#0000000000000000
(1788787748.654733) can0 04FF3604#0003000300C80100
(1788787748.655735) can0 03FF1000#0840112200000001
(1788787748.666735) can0 03FF1001#0000000000000000
(1788787748.676734) can0 03FF1603#0000D10E00000000
(1788787748.683736) can0 04FF3604#0003000300C80100
(1788787748.685738) can0 05FF4602#1110171017101610
(1788787748.687735) can0 03FF1605#0100000000000000
(1788787748.696737) can0 05FF4603#17101A101C101D10
(1788787748.706737) can0 05FF4604#1B101C101E101F10
(1788787748.710737) can0 05FF4610#0000D14EFFFFFFA3
(1788787748.713739) can0 04FF3604#0004000300C80100
(1788787748.716737) can0 05FF4605#1B10000000000000
(1788787748.743739) can0 04FF3604#0003000300C80100
(1788787748.758740) can0 05FF4606#1D1D1C
(1788787748.760739) can0 03FF1000#0840112200000001
(1788787748.768740) can0 05FF4607#1D1C1C
(1788787748.771740) can0 03FF1001#0000000000000000
(1788787748.773743) can0 04FF3604#0005000300C80100
(1788787748.778740) can0 05FF4608#0019007C
(1788787748.781744) can0 03FF1603#0000D10E00000000
(1788787748.792741) can0 03FF1605#0100000000000000
(1788787748.803741) can0 04FF3604#0002000300C80100
(1788787748.815742) can0 05FF4609#030003D403CA00
(1788787748.833742) can0 04FF3604#0002000300C80100
(1788787748.863744) can0 04FF3604#0005000300C80100
(1788787748.865744) can0 03FF1000#0840112200000001
(1788787748.866743) can0 02181606#0100190001030200
(1788787748.876744) can0 03FF1001#0000000000000000
(1788787748.886745) can0 03FF1603#0000D10E00000000
(1788787748.893745) can0 04FF3604#0004000300C80100
(1788787748.896750) can0 02203606#0101000100010000
(1788787748.897755) can0 03FF1605#0100000000000000
(1788787748.923748) can0 04FF3604#0006000300C80100
(1788787748.926747) can0 02181608#0500000001000000
(1788787748.953749) can0 04FF3604#0005000300C80100
(1788787748.956749) can0 02181609#0000000000000000
(1788787748.970751) can0 03FF1000#0840112200000001
(1788787748.981751) can0 03FF1001#0000000000000000
(1788787748.983750) can0 04FF3604#0004000300C80100
(1788787748.986751) can0 02488600#0000000000000000
(1788787748.991750) can0 03FF1603#0000D10E00000000
(1788787749.002751) can0 03FF1605#0100000000000000
(1788787749.012752) can0 05FF4610#0000D14EFFFFFFA9
(1788787749.012940) can0 03121606#0000000000000000
(1788787749.013751) can0 04FF3604#0003000300C80100
(1788787749.016752) can0 02294616#
(1788787749.017751) can0 05124616#00000000000030C6
(1788787749.043754) can0 04FF3604#0005000300C80100
(1788787749.073755) can0 04FF3604#0006000300C80100
(1788787749.075754) can0 03FF1000#0840112200000001
(1788787749.086756) can0 03FF1001#0000000000000000
(1788787749.096756) can0 03FF1603#0000D10E00000000
(1788787749.103756) can0 04FF3604#0003000300C80100
(1788787749.107756) can0 03FF1605#0100000000000000
(1788787749.116930) can0 02FF2605#0000060907030909
(1788787749.133758) can0 04FF3604#0005000300C80100
(1788787749.146758) can0 02FF2604#0000000000000000
(1788787749.153758) can0 04FF3602#0000000000000000
(1788787749.163759) can0 04FF3604#0006000300C80100
(1788787749.176760) can0 02FF2704#0200000000000000
(1788787749.180759) can0 03FF1000#0840112200000001
(1788787749.191760) can0 03FF1001#0000000000000000
(1788787749.193760) can0 04FF3604#0004000300C80100
(1788787749.201760) can0 03FF1603#0000D10E00000000
(1788787749.206760) can0 0260B606#0100000000000000
(1788787749.212761) can0 03FF1605#0100000000000000
(1788787749.223762) can0 04FF3604#0002000300C80100
(1788787749.236762) can0 02203607#0000000300000000
(1788787749.253766) can0 04FF3604#0006000300C80100
(1788787749.276769) can0 05FF4610#0000D14EFFFFFFA9
(1788787749.283765) can0 04FF3604#0005000300C80100
(1788787749.285764) can0 03FF1000#0840112200000001
(1788787749.296767) can0 03FF1001#0000000000000000
(1788787749.306766) can0 03FF1603#0000D10E00000000
(1788787749.313766) can0 04FF3604#0007000300C80100
(1788787749.317766) can0 03FF1605#0100000000000000
(1788787749.327766) can0 03FF1600#142B000104001319
(1788787749.338767) can0 03FF1601#6E50000000000000
(1788787749.343767) can0 04FF3604#0005000300C80100
(1788787749.348767) can0 03FF1602#000005000000157C
(1788787749.359768) can0 03FF1604#0000000000000000
(1788787749.373769) can0 04FF3604#0003000300C80100
(1788787749.390770) can0 03FF1000#0840112200000001
(1788787749.401770) can0 03FF1001#0000000000000000
(1788787749.403770) can0 04FF3604#0004000300C80100
(1788787749.411771) can0 03FF1603#0000D10E00000000
(1788787749.422771) can0 03FF1605#0100000000000000
(1788787749.433772) can0 04FF3604#0005000300C80100
(1788787749.463773) can0 04FF3604#0005000300C80100
(1788787749.493776) can0 04FF3604#0006000300C80100
(1788787749.495774) can0 03FF1000#0840112200000001
(1788787749.506775) can0 03FF1001#0000000000000000
(1788787749.516776) can0 03FF1603#0000D10E00000000
(1788787749.523776) can0 04FF3604#0004000300C80100
(1788787749.527776) can0 03FF1605#0100000000000000
(1788787749.538777) can0 05FF4610#0000D14EFFFFFFA9
(1788787749.539776) can0 02F82400#D103000000000000
(1788787749.553777) can0 04FF3604#0005000300C80100
(1788787749.566813) can0 02FF2602#400BD4BD21C7755B
(1788787749.583779) can0 04FF3604#0006000300C80100
(1788787749.600779) can0 03FF1000#0840112200000001
(1788787749.611780) can0 03FF1001#0000000000000000
(1788787749.613780) can0 04FF3604#0003000300C80100
(1788787749.621780) can0 03FF1603#0000D10E00000000
(1788787749.626908) can0 02181606#0100190001030200
(1788787749.632781) can0 03FF1605#0100000000000000
(1788787749.643782) can0 04FF3604#0005000300C80100
(1788787749.651783) can0 05FF4001#0000000000000000
(1788787749.653782) can0 05FF4000#0000000000000000
(1788787749.654782) can0 04FF3602#0000000000000000
(1788787749.657782) can0 02203606#0101000100010000
(1788787749.673783) can0 04FF3604#0007000400C80100
(1788787749.686922) can0 02181608#0500000001000000
(1788787749.703784) can0 04FF3604#0006000300C80100
(1788787749.705784) can0 03FF1000#0840112200000001
(1788787749.716785) can0 03FF1001#0000000000000000
(1788787749.717015) can0 02181609#0000000000000000
(1788787749.726786) can0 03FF1603#0000D10E00000000
(1788787749.733785) can0 05FF4602#1110171017101610
(1788787749.734786) can0 04FF3604#0006000400C80100
(1788787749.737786) can0 03FF1605#0100000000000000
(1788787749.747006) can0 02488600#0000000000000000
(1788787749.747786) can0 03121606#0000000000000000
(1788787749.755789) can0 05FF4603#17101A101C101D10
(1788787749.763791) can0 04FF3604#0005000300C80100
(1788787749.766788) can0 05FF4604#1B101C101E101F10
(1788787749.776789) can0 05FF4605#1B10000000000000
(1788787749.776907) can0 02294617#
(1788787749.777788) can0 05124617#0000000000000000
(1788787749.793789) can0 04FF3604#0006000400C80100
(1788787749.810789) can0 03FF1000#0840112200000001
(1788787749.821790) can0 03FF1001#0000000000000000
(1788787749.823790) can0 04FF3604#0003000300C80100
(1788787749.831791) can0 03FF1603#0000D10E00000000
(1788787749.833791) can0 05FF4606#1D1D1C
(1788787749.840791) can0 05FF4610#0000D14EFFFFFFA9
(1788787749.842791) can0 03FF1605#0100000000000000
(1788787749.843791) can0 05FF4607#1D1C1C
(1788787749.853792) can0 05FF4608#0019007C
(1788787749.854791) can0 04FF3604#0005000300C80100
(1788787749.863792) can0 05FF4609#030003D403CA00
(1788787749.883793) can0 04FF3604#0003000300C80100
(1788787749.913795) can0 04FF3604#0005000300C80100
(1788787749.915794) can0 03FF1000#0840112200000001
(1788787749.926795) can0 03FF1001#0000000000000000
(1788787749.936795) can0 03FF1603#0000D10E00000000
(1788787749.943797) can0 04FF3604#0004000300C80100
(1788787749.947796) can0 03FF1605#0100000000000000
(1788787749.973798) can0 04FF3604#0003000300C80100
(1788787750.003799) can0 04FF3604#0004000300C80100
(1788787750.020799) can0 05FF4600#0D0300900303
(1788787750.021800) can0 03FF1000#0840112200000001
(1788787750.031800) can0 03FF1001#0000000000000000
(1788787750.033800) can0 04FF3604#0004000300C80100
(1788787750.041801) can0 03FF1603#0000D10E00000000
(1788787750.052802) can0 03FF1605#0100000000000000
(1788787750.063802) can0 04FF3604#0004000300C80100
(1788787750.093804) can0 04FF3604#0005000300C80100
(1788787750.102804) can0 05FF4610#0000D14EFFFFFFA9
(1788787750.123806) can0 04FF3604#0004000300C80100
(1788787750.125804) can0 03FF1000#0840112200000001
(1788787750.129805) can0 02FF2605#0000060907030900
(1788787750.136805) can0 03FF1001#0000000000000000
(1788787750.146806) can0 03FF1603#0000D10E00000000
(1788787750.153806) can0 04FF3602#0000000000000000
(1788787750.154806) can0 04FF3604#0004000300C80100
(1788787750.157806) can0 03FF1605#0100000000000000
(1788787750.157861) can0 02FF2604#0000000000000000
(1788787750.183807) can0 04FF3604#0008000300C80100
(1788787750.187807) can0 02FF2704#0200000000000000
(1788787750.213809) can0 04FF3604#0007000300C80100
(1788787750.217809) can0 0260B606#0100000000000000
(1788787750.230809) can0 03FF1000#0840112200000001
(1788787750.241811) can0 03FF1001#0000000000000000
(1788787750.243809) can0 04FF3604#0003000300C80100
(1788787750.247810) can0 02203607#0000000300000000
(1788787750.251810) can0 03FF1603#0000D10E00000000
(1788787750.262815) can0 03FF1605#0100000000000000
(1788787750.273815) can0 04FF3604#0006000300C80100
(1788787750.303814) can0 04FF3604#0003000300C80100
(1788787750.333815) can0 04FF3604#0004000300C80100
(1788787750.335814) can0 03FF1000#0840112200000001
(1788787750.346816) can0 03FF1001#0000000000000000
(1788787750.356815) can0 03FF1600#142B000104001319
(1788787750.363816) can0 04FF3604#0006000300C80100
(1788787750.366839) can0 05FF4610#0000D14EFFFFFFA9
(1788787750.367816) can0 03FF1601#6E50000000000000
(1788787750.377817) can0 03FF1602#000005000000157C
(1788787750.387852) can0 02181606#0100190001030200
(1788787750.388817) can0 03FF1603#0000D10E00000000
(1788787750.393817) can0 04FF3604#0003000400C80100
(1788787750.398817) can0 03FF1604#0000000000000000
(1788787750.409818) can0 03FF1605#0100000000000000
(1788787750.419842) can0 02203606#0101000100010000
(1788787750.423819) can0 04FF3604#0004000300C80100
(1788787750.440820) can0 03FF1000#0840112200000001
(1788787750.447820) can0 02181608#0500000001000000
(1788787750.451820) can0 03FF1001#0000000000000000
(1788787750.453820) can0 04FF3604#0005000300C80100
(1788787750.461820) can0 03FF1603#0000D10E00000000
(1788787750.472821) can0 03FF1605#0100000000000000
(1788787750.477822) can0 02181609#0000000000000000
(1788787750.482821) can0 03121606#0000000000000000
(1788787750.483821) can0 04FF3604#0005000300C80100
(1788787750.507823) can0 02488600#0000000000000000
(1788787750.513823) can0 04FF3604#0004000300C80100
(1788787750.537825) can0 02294618#
(1788787750.538824) can0 05124618#00000E1300
(1788787750.543824) can0 04FF3604#0004000300C80100
(1788787750.545824) can0 03FF1000#0840112200000001
(1788787750.556826) can0 03FF1001#0000000000000000
(1788787750.566825) can0 03FF1603#0000D10E00000000
(1788787750.573826) can0 04FF3604#0003000300C80100
(1788787750.577825) can0 03FF1605#0100000000000000
(1788787750.603827) can0 04FF3604#0005000300C80100
(1788787750.630968) can0 05FF4610#0000D14EFFFFFFA9
(1788787750.633828) can0 04FF3604#0006000300C80100
(1788787750.650830) can0 03FF1000#0840112200000001
(1788787750.653829) can0 04FF3602#0000000000000000
(1788787750.661830) can0 03FF1001#0000000000000000
(1788787750.663841) can0 04FF3604#0004000400C80100
(1788787750.671831) can0 03FF1603#0000D10E00000000
(1788787750.682831) can0 03FF1605#0100000000000000
(1788787750.693831) can0 04FF3604#0005000400C80100
(1788787750.700993) can0 05FF4001#0000000000000000
(1788787750.703017) can0 05FF4000#0000000000000000
(1788787750.723833) can0 04FF3604#0005000300C80100
(1788787750.753837) can0 04FF3604#0004000300C80100
(1788787750.755837) can0 03FF1000#0840112200000001
(1788787750.766836) can0 03FF1001#0000000000000000
(1788787750.776837) can0 03FF1603#0000D10E00000000
(1788787750.783836) can0 04FF3604#0005000300C80100
(1788787750.787836) can0 03FF1605#0100000000000000
(1788787750.796999) can0 05FF4602#1110171017101610
(1788787750.813838) can0 04FF3604#0006000300C80100
(1788787750.834007) can0 05FF4603#18101A101C101D10
(1788787750.843839) can0 04FF3604#0004000300C80100
(1788787750.844838) can0 05FF4604#1B101C101D101F10
(1788787750.854036) can0 05FF4605#1B10000000000000
(1788787750.860839) can0 03FF1000#0840112200000001
(1788787750.871840) can0 03FF1001#0000000000000000
(1788787750.873840) can0 04FF3604#0005000300C80100
(1788787750.881841) can0 03FF1603#0000D10E00000000
(1788787750.883847) can0 05FF4606#1D1D1C
(1788787750.892841) can0 03FF1605#0100000000000000
(1788787750.893876) can0 05FF4607#1D1C1C
(1788787750.903842) can0 04FF3604#0003000300C80100
(1788787750.904112) can0 05FF4608#0019007C
(1788787750.914027) can0 05FF4609#030003D403CA00
(1788787750.933843) can0 04FF3604#0005000300C80100
(1788787750.934843) can0 05FF4610#0000D14EFFFFFFA3
(1788787750.963844) can0 04FF3604#0006000300C80100
(1788787750.965845) can0 03FF1000#0840112200000001
(1788787750.976845) can0 03FF1001#0000000000000000
(1788787750.986846) can0 03FF1603#0000D10E00000000
(1788787750.993846) can0 04FF3604#0004000300C80100
(1788787750.997847) can0 03FF1605#0100000000000000
(1788787751.023847) can0 04FF3604#0005000300C80100
(1788787751.053849) can0 04FF3604#0005000300C80100
(1788787751.070850) can0 03FF1000#0840112200000001
(1788787751.081851) can0 03FF1001#0000000000000000
(1788787751.083850) can0 04FF3604#0005000300C80100
(1788787751.091850) can0 03FF1603#0000D10E00000000
(1788787751.102851) can0 03FF1605#0100000000000000
(1788787751.113852) can0 04FF3604#0003000300C80100
(1788787751.138853) can0 02FF2605#0000060907030901
(1788787751.143853) can0 04FF3604#0005000300C80100
(1788787751.153853) can0 04FF3602#0000000000000000
(1788787751.168854) can0 02FF2604#0000000000000000
(1788787751.173855) can0 04FF3604#0004000300C80100
(1788787751.175854) can0 03FF1000#0840112200000001
(1788787751.186855) can0 03FF1001#0000000000000000
(1788787751.196856) can0 05FF4610#0000D14EFFFFFFA3
(1788787751.196910) can0 03FF1603#0000D10E00000000
(1788787751.198855) can0 02FF2704#0200000000000000
(1788787751.203856) can0 04FF3604#0004000300C80100
(1788787751.207856) can0 03FF1605#0100000000000000
(1788787751.228857) can0 0260B606#0100000000000000
(1788787751.233857) can0 04FF3604#0002000300C80100
(1788787751.258861) can0 02203607#0000000300000000
(1788787751.263861) can0 04FF3604#0004000300C80100
(1788787751.280860) can0 03FF1000#0840112200000001
(1788787751.288862) can0 02181606#0100190001030200
(1788787751.291860) can0 03FF1001#0000000000000000
(1788787751.293860) can0 04FF3604#0005000300C80100
(1788787751.301862) can0 03FF1603#0000D10E00000000
(1788787751.312861) can0 03FF1605#0100000000000000
(1788787751.318861) can0 02203606#0101000100010000
(1788787751.323861) can0 04FF3604#0003000300C80100
(1788787751.343863) can0 03FF1600#142B000104001319
(1788787751.348864) can0 02181608#0500000001000000
(1788787751.353863) can0 04FF3604#0004000300C80100
(1788787751.354863) can0 03FF1601#6E50000000000000
(1788787751.364863) can0 03FF1602#000005000000157C
(1788787751.375864) can0 03FF1604#0000000000000000
(1788787751.378864) can0 02181609#0000000000000000
(1788787751.383864) can0 04FF3604#0005000300C80100
(1788787751.385864) can0 03FF1000#0840112200000001
(1788787751.396865) can0 03FF1001#0000000000000000
(1788787751.406867) can0 03FF1603#0000D10E00000000
(1788787751.408865) can0 02488600#0000000000000000
(1788787751.413865) can0 04FF3604#0005000300C80100
(1788787751.417866) can0 03FF1605#0100000000000000
(1788787751.427867) can0 03121606#0000000000000000
(1788787751.440063) can0 02498601#
(1788787751.443867) can0 04FF3604#0004000300C80100
(1788787751.460868) can0 05FF4610#0000D14EFFFFFFA3
(1788787751.473869) can0 04FF3604#0007000300C80100
(1788787751.490870) can0 03FF1000#0840112200000001
(1788787751.501870) can0 03FF1001#0000000000000000
(1788787751.503870) can0 04FF3604#0006000300C80100
(1788787751.511871) can0 03FF1603#0000D10E00000000
(1788787751.522872) can0 03FF1605#0100000000000000
(1788787751.533872) can0 04FF3604#0004000300C80100
(1788787751.563873) can0 04FF3604#0003000300C80100
(1788787751.593875) can0 04FF3604#0005000300C80100
(1788787751.595874) can0 03FF1000#0840112200000001
(1788787751.606875) can0 03FF1001#0000000000000000
(1788787751.616876) can0 03FF1603#0000D10E00000000
(1788787751.623876) can0 04FF3604#0005000300C80100
(1788787751.627876) can0 03FF1605#0100000000000000
(1788787751.653878) can0 04FF3602#0000000000000000
(1788787751.654877) can0 04FF3604#0003000300C80100
(1788787751.683878) can0 04FF3604#0004000300C80100
(1788787751.700880) can0 03FF1000#0840112200000001
(1788787751.711879) can0 03FF1001#0000000000000000
(1788787751.713880) can0 04FF3604#0003000300C80100
(1788787751.721881) can0 03FF1603#0000D10E00000000
(1788787751.722880) can0 05FF4610#0000D14EFFFFFFA3
(1788787751.732882) can0 03FF1605#0100000000000000
(1788787751.743882) can0 04FF3604#0005000300C80100
(1788787751.760885) can0 05FF4001#0000000000000000
(1788787751.762885) can0 05FF4000#0000000000000000
(1788787751.773885) can0 04FF3604#0004000300C80100
(1788787751.803886) can0 04FF3604#0004000300C80100
(1788787751.805886) can0 03FF1000#0840112200000001
(1788787751.816885) can0 03FF1001#0000000000000000
(1788787751.826886) can0 03FF1603#0000D10E00000000
(1788787751.833886) can0 04FF3604#0003000300C80100
(1788787751.837886) can0 03FF1605#0100000000000000
(1788787751.863887) can0 04FF3604#0005000300C80100
(1788787751.870888) can0 05FF4602#1110171017101710
(1788787751.881889) can0 05FF4603#17101A101C101D10
(1788787751.891889) can0 05FF4604#1B101C101E101F10
(1788787751.893888) can0 04FF3604#0004000300C80100
(1788787751.901888) can0 05FF4605#1B10000000000000
(1788787751.909086) can0 02181606#0100190001030200
(1788787751.910889) can0 03FF1000#0840112200000001
(1788787751.921890) can0 03FF1001#0000000000000000
(1788787751.923890) can0 04FF3604#0004000300C80100
(1788787751.931891) can0 05FF4606#1D1D1C
(1788787751.931992) can0 03FF1603#0000D10E00000000
(1788787751.939891) can0 02203606#0101000100010000
(1788787751.941891) can0 05FF4607#1D1C1C
(1788787751.942891) can0 03FF1605#0100000000000000
(1788787751.951891) can0 05FF4608#0019007C
(1788787751.953891) can0 04FF3604#0005000300C80100
(1788787751.961892) can0 05FF4609#030003D403CA00
(1788787751.969892) can0 02181608#0500000001000000
(1788787751.983894) can0 04FF3604#0004000300C80100
(1788787751.999894) can0 02181609#0000000000000000
(1788787752.013895) can0 04FF3604#0004000300C80100
(1788787752.015894) can0 03FF1000#0840112200000001
(1788787752.025896) can0 05FF4610#0000D14FFFFFFFA9
(1788787752.026894) can0 03FF1001#0000000000000000
(1788787752.029895) can0 02488600#0000000000000000
(1788787752.036895) can0 03FF1603#0000D10E00000000
(1788787752.043896) can0 04FF3604#0004000300C80100
(1788787752.047896) can0 03FF1605#0100000000000000
(1788787752.057897) can0 03121606#0000000000000000
(1788787752.073898) can0 04FF3604#0005000300C80100
(1788787752.080898) can0 02498602#
(1788787752.103898) can0 04FF3604#0005000300C80100
(1788787752.120899) can0 03FF1000#0840112200000001
(1788787752.131900) can0 03FF1001#0000000000000000
(1788787752.133900) can0 04FF3604#0003000300C80100
(1788787752.141900) can0 03FF1603#0000D10E00000000
(1788787752.149902) can0 02FF2605#0000060907030902
(1788787752.152900) can0 03FF1605#0100000000000000
(1788787752.153901) can0 04FF3602#0000000000000000
(1788787752.163902) can0 04FF3604#0003000300C80100
(1788787752.179903) can0 02FF2604#0000000000000000
(1788787752.193903) can0 04FF3604#0005000300C80100
(1788787752.210904) can0 02FF2704#0200000000000000
(1788787752.223905) can0 04FF3604#0003000300C80100
(1788787752.225904) can0 03FF1000#0840112200000001
(1788787752.236906) can0 03FF1001#0000000000000000
(1788787752.239905) can0 0260B606#0100000000000000
(1788787752.246906) can0 03FF1603#0000D10E00000000
(1788787752.253908) can0 04FF3604#0004000300C80100
(1788787752.257908) can0 03FF1605#0100000000000000
(1788787752.269907) can0 02203607#0000000300000000
(1788787752.283907) can0 04FF3604#0005000300C80100
(1788787752.287908) can0 05FF4610#0000D14FFFFFFFA9
(1788787752.313909) can0 04FF3604#0005000300C80100
(1788787752.330911) can0 03FF1000#0840112200000001
(1788787752.341912) can0 03FF1001#0000000000000000
(1788787752.343910) can0 04FF3604#0005000300C80100
(1788787752.351910) can0 03FF1603#0000D10E00000000
(1788787752.362911) can0 03FF1605#0100000000000000
(1788787752.372912) can0 03FF1600#142B000104001319
(1788787752.373911) can0 04FF3604#0003000300C80100
(1788787752.383913) can0 03FF1601#6E50000000000000
(1788787752.393912) can0 03FF1602#000005000000157C
(1788787752.403913) can0 04FF3604#0005000300C80100
(1788787752.404913) can0 03FF1604#0000000000000000
(1788787752.433915) can0 04FF3604#0005000300C80100
(1788787752.435914) can0 03FF1000#0840112200000001
(1788787752.446915) can0 03FF1001#0000000000000000
(1788787752.456915) can0 03FF1603#0000D10E00000000
(1788787752.463916) can0 04FF3604#0004000300C80100
(1788787752.467916) can0 03FF1605#0100000000000000
(1788787752.493917) can0 04FF3604#0004000300C80100
(1788787752.523918) can0 04FF3604#0003000300C80100
(1788787752.540920) can0 03FF1000#0840112200000001
(1788787752.549922) can0 05FF4610#0000D14FFFFFFFA9
(1788787752.551920) can0 03FF1001#0000000000000000
(1788787752.553920) can0 04FF3604#0003000300C80100
(1788787752.561921) can0 03FF1603#0000D10E00000000
(1788787752.572921) can0 03FF1605#0100000000000000
(1788787752.583922) can0 04FF3604#0006000400C80100
(1788787752.613924) can0 04FF3604#0006000300C80100
(1788787752.643925) can0 04FF3604#0006000300C80100
(1788787752.645924) can0 03FF1000#0840112200000001
(1788787752.653925) can0 04FF3602#0000000000000000
(1788787752.656925) can0 03FF1001#0000000000000000
(1788787752.666925) can0 03FF1603#0000D10E00000000
(1788787752.669925) can0 02181606#0100190001030200
(1788787752.673926) can0 04FF3604#0003000300C80100
(1788787752.677925) can0 03FF1605#0100000000000000
(1788787752.699927) can0 02203606#0101000100010000
(1788787752.703927) can0 04FF3604#0004000300C80100
(1788787752.729929) can0 02181608#0500000001000000
(1788787752.733928) can0 04FF3604#0003000300C80100
(1788787752.750930) can0 03FF1000#0840112200000001
(1788787752.759967) can0 02181609#0000000000000000
(1788787752.761932) can0 03FF1001#0000000000000000
(1788787752.763930) can0 04FF3604#0005000300C80100
(1788787752.771930) can0 03FF1603#0000D10E00000000
(1788787752.782932) can0 03FF1605#0100000000000000
(1788787752.789966) can0 02488600#0000000000000000
(1788787752.792931) can0 03121606#0000000000000000
(1788787752.793931) can0 04FF3604#0005000300C80100
(1788787752.809083) can0 05FF4001#0000000000000000
(1788787752.811106) can0 05FF4000#0000000000000000
(1788787752.819932) can0 02294500#
(1788787752.820933) can0 05124500#0500
(1788787752.823933) can0 04FF3604#0003000300C80100
(1788787752.852935) can0 05FF4610#0000D14DFFFFFFA3
(1788787752.853934) can0 04FF3604#0003000300C80100
(1788787752.855934) can0 03FF1000#0840112200000001
(1788787752.866935) can0 03FF1001#0000000000000000
(1788787752.876936) can0 03FF1603#0000D10E00000000
(1788787752.883936) can0 04FF3604#0004000300C80100
(1788787752.887936) can0 03FF1605#0100000000000000
(1788787752.913937) can0 04FF3604#0005000300C80100
(1788787752.920088) can0 05FF4602#1110171017101610
(1788787752.930100) can0 05FF4603#17101A101C101D10
(1788787752.940084) can0 05FF4604#1B101C101E101F10
(1788787752.943939) can0 04FF3604#0005000400C80100
(1788787752.950112) can0 05FF4605#1A10000000000000
(1788787752.960939) can0 03FF1000#0840112200000001
(1788787752.971940) can0 03FF1001#0000000000000000
(1788787752.973940) can0 04FF3604#0002000300C80100
(1788787752.979940) can0 05FF4606#1D1D1C
(1788787752.981940) can0 03FF1603#0000D10E00000000
(1788787752.989941) can0 05FF4607#1D1B1C
(1788787752.992941) can0 03FF1605#0100000000000000
(1788787753.000011) can0 05FF4608#0019007C
(1788787753.003941) can0 04FF3604#0006000400C80100
(1788787753.010134) can0 05FF4609#030003D403CA00
(1788787753.033943) can0 04FF3604#0005000300C80100
(1788787753.063945) can0 04FF3604#0006000300C80100
(1788787753.065945) can0 03FF1000#0840112200000001
(1788787753.076946) can0 03FF1001#0000000000000000
(1788787753.086946) can0 03FF1603#0000D10E00000000
(1788787753.093946) can0 04FF3604#0004000300C80100
(1788787753.097952) can0 03FF1605#0100000000000000
(1788787753.117951) can0 05FF4610#0000D14DFFFFFFA3
(1788787753.123948) can0 04FF3604#0008000300C80100
(1788787753.153950) can0 04FF3602#0000000000000000
(1788787753.154949) can0 04FF3604#0004000300C80100
(1788787753.160949) can0 02FF2605#0000060907030903
(1788787753.170949) can0 03FF1000#0840112200000001
(1788787753.181951) can0 03FF1001#0000000000000000
(1788787753.183950) can0 04FF3604#0005000300C80100
(1788787753.191951) can0 03FF1603#0000D10E00000000
(1788787753.192950) can0 02FF2604#0000000000000000
(1788787753.202952) can0 03FF1605#0100000000000000
(1788787753.213952) can0 04FF3604#0004000300C80100
(1788787753.220952) can0 02FF2704#0200000000000000
(1788787753.243953) can0 04FF3604#0004000300C80100
(1788787753.250953) can0 0260B606#0100000000000000
(1788787753.273957) can0 04FF3604#0005000300C80100
(1788787753.275957) can0 03FF1000#0840112200000001
(1788787753.280955) can0 02203607#0000000300000000
(1788787753.286955) can0 03FF1001#0000000000000000
(1788787753.296956) can0 03FF1603#0000D10E00000000
(1788787753.303956) can0 04FF3604#0004000300C80100
(1788787753.307956) can0 03FF1605#0100000000000000
(1788787753.333958) can0 04FF3604#0004000300C80100
(1788787753.359960) can0 03FF1600#142B000104001319
(1788787753.363959) can0 04FF3604#0005000300C80100
(1788787753.370214) can0 03FF1601#6E50000000000000
(1788787753.379960) can0 05FF4610#0000D14DFFFFFFA3
(1788787753.380959) can0 03FF1602#000005000000157C
(1788787753.391960) can0 03FF1604#0000000000000000
(1788787753.393960) can0 04FF3604#0003000300C80100
(1788787753.401961) can0 03FF1000#0840112200000001
(1788787753.412962) can0 03FF1001#0000000000000000
(1788787753.422961) can0 03FF1603#0000D10E00000000
(1788787753.423963) can0 04FF3604#0004000300C80100
(1788787753.431963) can0 02181606#0100190001030200
(1788787753.433962) can0 03FF1605#0100000000000000
(1788787753.453964) can0 04FF3604#0005000300C80100
(1788787753.460963) can0 02203606#0101000100010000
(1788787753.483965) can0 04FF3604#0006000300C80100
(1788787753.485964) can0 03FF1000#0840112200000001
(1788787753.490965) can0 02181608#0500000001000000
(1788787753.496965) can0 03FF1001#0000000000000000
(1788787753.506965) can0 03FF1603#0000D10E00000000
(1788787753.513966) can0 04FF3604#0003000300C80100
(1788787753.517966) can0 03FF1605#0100000000000000
(1788787753.520966) can0 02181609#0000000000000000
(1788787753.527967) can0 03121606#0000000000000000
(1788787753.543967) can0 04FF3604#0006000300C80100
(1788787753.550967) can0 02488600#0000000000000000
(1788787753.573968) can0 04FF3604#0003000300C80100
(1788787753.580969) can0 02294501#
(1788787753.581969) can0 05124501#0103
(1788787753.590970) can0 03FF1000#0840112200000001
(1788787753.601971) can0 03FF1001#0000000000000000
(1788787753.603970) can0 04FF3604#0004000300C80100
(1788787753.611971) can0 03FF1603#0000D10E00000000
(1788787753.622971) can0 03FF1605#0100000000000000
(1788787753.633972) can0 04FF3604#0006000300C80100
(1788787753.643973) can0 05FF4610#0000D14DFFFFFFA3
(1788787753.653973) can0 04FF3602#0000000000000000
(1788787753.663973) can0 04FF3604#0003000400C80100
(1788787753.693975) can0 04FF3604#0005000300C80100
(1788787753.695974) can0 03FF1000#0840112200000001
(1788787753.706975) can0 03FF1001#0000000000000000
(1788787753.716976) can0 03FF1603#0000D10E00000000
(1788787753.723975) can0 04FF3604#0004000300C80100
(1788787753.727976) can0 03FF1605#0100000000000000
(1788787753.753980) can0 04FF3604#0005000300C80100
(1788787753.783982) can0 04FF3604#0006000300C80100
(1788787753.800980) can0 03FF1000#0840112200000001
(1788787753.811235) can0 03FF1001#0000000000000000
(1788787753.813980) can0 04FF3604#0003000300C80100
(1788787753.821980) can0 03FF1603#0000D10E00000000
(1788787753.832991) can0 03FF1605#0100000000000000
(1788787753.843986) can0 04FF3604#0005000300C80100
(1788787753.873985) can0 04FF3604#0003000300C80100
(1788787753.886984) can0 05FF4001#0000000000000000
(1788787753.888984) can0 05FF4000#0000000000000000
(1788787753.903985) can0 04FF3604#0003000300C80100
(1788787753.905984) can0 03FF1000#0840112200000001
(1788787753.916985) can0 03FF1001#0000000000000000
(1788787753.926986) can0 03FF1603#0000D10E00000000
(1788787753.933987) can0 04FF3604#0003000300C80100
(1788787753.937986) can0 03FF1605#0100000000000000
(1788787753.946987) can0 05FF4610#0000D14DFFFFFFA9
(1788787753.963988) can0 04FF3604#0004000300C80100
(1788787753.968987) can0 05FF4602#1110171017101610
(1788787753.978988) can0 05FF4603#17101A101C101D10
(1788787753.988988) can0 05FF4604#1B101C101D101F10
(1788787753.993988) can0 04FF3604#0005000300C80100
(1788787753.998989) can0 05FF4605#1B10000000000000
(1788787754.010990) can0 03FF1000#0840112200000001
(1788787754.021990) can0 03FF1001#0000000000000000
(1788787754.023990) can0 04FF3604#0006000300C80100
(1788787754.028990) can0 05FF4606#1D1D1C
(1788787754.031991) can0 03FF1603#0000D10E00000000
(1788787754.038991) can0 05FF4607#1D1C1C
(1788787754.042246) can0 03FF1605#0100000000000000
(1788787754.048992) can0 05FF4608#0019007C
(1788787754.053992) can0 04FF3604#0005000300C80100
(1788787754.058992) can0 05FF4609#030003D403CA00
(1788787754.083994) can0 04FF3604#0006000300C80100
(1788787754.113996) can0 04FF3604#0006000300C80100
(1788787754.115994) can0 03FF1000#0840112200000001
(1788787754.126995) can0 03FF1001#0000000000000000
(1788787754.136996) can0 03FF1603#0000D10E00000000
(1788787754.143996) can0 04FF3604#0007000300C80100
(1788787754.147996) can0 03FF1605#0100000000000000
(1788787754.153997) can0 04FF3602#0000000000000000
(1788787754.171998) can0 02FF2605#0000060907030904
(1788787754.173997) can0 04FF3604#0005000300C80100
(1788787754.201999) can0 02FF2604#0000000000000000
(1788787754.203998) can0 04FF3604#0005000300C80100
(1788787754.210000) can0 05FF4610#0000D14DFFFFFFA9
(1788787754.221000) can0 03FF1000#0840112200000001
(1788787754.232001) can0 03FF1001#0000000000000000
(1788787754.232056) can0 02FF2704#0200000000000000
(1788787754.234000) can0 04FF3604#0006000300C80100
(1788787754.242001) can0 03FF1603#0000D10E00000000
(1788787754.252256) can0 03FF1605#0100000000000000
(1788787754.262006) can0 0260B606#0100000000000000
(1788787754.264004) can0 04FF3604#0006000300C80100
(1788787754.292007) can0 02203607#0000000300000000
(1788787754.294006) can0 04FF3604#0004000300C80100
(1788787754.324008) can0 04FF3604#0004000400C80100
(1788787754.326007) can0 03FF1000#0840112200000001
(1788787754.336260) can0 03FF1001#0000000000000000
(1788787754.342005) can0 02181606#0100190001030200
(1788787754.347005) can0 03FF1603#0000D10E00000000
(1788787754.354008) can0 04FF3604#0004000300C80100
(1788787754.357261) can0 03FF1605#0100000000000000
(1788787754.368008) can0 03FF1600#142B000104001319
(1788787754.372006) can0 02203606#0101000100010000
(1788787754.378215) can0 03FF1601#6E50000000000000
(1788787754.384007) can0 04FF3604#0005000300C80100
(1788787754.389007) can0 03FF1602#000005000000157C
(1788787754.399262) can0 03FF1604#0000000000000000
(1788787754.402008) can0 02181608#0500000001000000
(1788787754.414009) can0 04FF3604#0004000300C80100
(1788787754.431011) can0 03FF1000#0840112200000001
(1788787754.432010) can0 02181609#0000000000000000
(1788787754.442011) can0 03FF1001#0000000000000000
(1788787754.444010) can0 04FF3604#0003000300C80100
(1788787754.452010) can0 03FF1603#0000D10E00000000
(1788787754.462012) can0 02488600#0000000000000000
(1788787754.462263) can0 03FF1605#0100000000000000
(1788787754.472070) can0 05FF4610#0000D14DFFFFFFA9
(1788787754.473012) can0 03121606#0000000000000000
(1788787754.474012) can0 04FF3604#0005000300C80100
(1788787754.491268) can0 02191500#
(1788787754.504013) can0 04FF3604#0008000300C80100
(1788787754.505013) can0 03FF1500#000000C300000000
(1788787754.534015) can0 04FF3604#0004000400C80100
(1788787754.536014) can0 03FF1000#0840112200000001
(1788787754.546259) can0 03FF1001#0000000000000000
(1788787754.557015) can0 03FF1603#0000D10E00000000
(1788787754.564017) can0 04FF3604#0004000300C80100
(1788787754.567247) can0 03FF1605#0100000000000000
(1788787754.594018) can0 04FF3604#0004000300C80100
(1788787754.624020) can0 04FF3604#0003000300C80100
(1788787754.641021) can0 03FF1000#0840112200000001
(1788787754.651274) can0 03FF1001#0000000000000000
(1788787754.654020) can0 04FF3602#0000000000000000
(1788787754.654244) can0 04FF3604#0005000300C80100
(1788787754.662021) can0 03FF1603#0000D10E00000000
(1788787754.672276) can0 03FF1605#0100000000000000
(1788787754.684022) can0 04FF3604#0005000300C80100
(1788787754.714024) can0 04FF3604#0005000300C80100
(1788787754.734210) can0 05FF4610#0000D14DFFFFFFA9
(1788787754.744025) can0 04FF3604#0006000300C80100
(1788787754.746024) can0 03FF1000#0840112200000001
(1788787754.756257) can0 03FF1001#0000000000000000
(1788787754.767029) can0 03FF1603#0000D10E00000000
(1788787754.774027) can0 04FF3604#0004000300C80100
(1788787754.778026) can0 03FF1605#0100000000000000
(1788787754.804031) can0 04FF3604#0005000300C80100
(1788787754.834031) can0 04FF3604#0004000300C80100
(1788787754.851031) can0 03FF1000#0840112200000001
(1788787754.861275) can0 03FF1001#0000000000000000
(1788787754.864031) can0 04FF3604#0006000300C80100
(1788787754.872032) can0 03FF1603#0000D10E00000000
(1788787754.882274) can0 03FF1605#0100000000000000
(1788787754.894032) can0 04FF3604#0003000300C80100
(1788787754.924033) can0 04FF3604#0005000300C80100
(1788787754.933034) can0 05FF4001#0000000000000000
(1788787754.935033) can0 05FF4000#0000000000000000
(1788787754.954035) can0 04FF3604#0006000300C80100
(1788787754.954235) can0 02181606#0100190001030200
(1788787754.956035) can0 03FF1000#0840112200000001
(1788787754.966279) can0 03FF1001#0000000000000000
(1788787754.977036) can0 03FF1603#0000D10E00000000
(1788787754.982083) can0 02203606#0101000100010000
(1788787754.984036) can0 04FF3604#0006000300C80100
(1788787754.987279) can0 03FF1605#0100000000000000
(1788787755.012073) can0 02181608#0500000001000000
(1788787755.014038) can0 04FF3604#0004000300C80100
(1788787755.016037) can0 05FF4602#1110171017101610
(1788787755.028038) can0 05FF4603#17101A101C101D10
(1788787755.039039) can0 05FF4604#1B101C101D101F10
(1788787755.040038) can0 05FF4610#0000D14CFFFFFF98
(1788787755.042212) can0 02181609#0000000000000000
(1788787755.044039) can0 04FF3604#0002000300C80100
(1788787755.050040) can0 05FF4605#1A10000000000000
(1788787755.061040) can0 03FF1000#0840112200000001
(1788787755.071272) can0 03FF1001#0000000000000000
(1788787755.074040) can0 04FF3604#0006000300C80100
(1788787755.080202) can0 05FF4606#1D1D1C
(1788787755.082041) can0 03FF1603#0000D10E00000000
(1788787755.085040) can0 02488600#0000000000000000
(1788787755.090203) can0 05FF4607#1D1C1C
(1788787755.092249) can0 03FF1605#0100000000000000
(1788787755.100245) can0 05FF4608#0019007C
(1788787755.103041) can0 03121606#0000000000000000
(1788787755.104041) can0 04FF3604#0006000300C80100
(1788787755.111042) can0 05FF4609#030003D403CA00
(1788787755.112042) can0 02191501#
(1788787755.124044) can0 03FF1501#0000004A00000000
(1788787755.134044) can0 04FF3604#0006000300C80100
(1788787755.154044) can0 04FF3602#0000000000000000
(1788787755.164044) can0 04FF3604#0004000400C80100
(1788787755.166045) can0 03FF1000#0840112200000001
(1788787755.176277) can0 03FF1001#0000000000000000
(1788787755.183046) can0 02FF2605#0000060907030905
(1788787755.187045) can0 03FF1603#0000D10E00000000
(1788787755.194046) can0 04FF3604#0004000300C80100
(1788787755.197288) can0 03FF1605#0100000000000000
(1788787755.209047) can0 05FF4400#00000007
(1788787755.213047) can0 02FF2604#0000000000000000
(1788787755.224048) can0 04FF3604#0004000300C80100
(1788787755.243049) can0 02FF2704#0200000000000000
(1788787755.254052) can0 04FF3604#0003000300C80100
(1788787755.266053) can0 05FF4600#0D0300900303
(1788787755.271050) can0 03FF1000#0840112200000001
(1788787755.273049) can0 0260B606#0100000000000000
(1788787755.281271) can0 03FF1001#0000000000000000
(1788787755.284050) can0 04FF3604#0004000300C80100
(1788787755.292051) can0 03FF1603#0000D10E00000000
(1788787755.302283) can0 03FF1605#0100000000000000
(1788787755.303051) can0 02203607#0000000300000000
(1788787755.307051) can0 05FF4610#0000D14CFFFFFF98
(1788787755.311052) can0 05FF4601#007300000000
(1788787755.314052) can0 04FF3604#0004000300C80100
(1788787755.344053) can0 04FF3604#0004000300C80100
(1788787755.374055) can0 04FF3604#0007000300C80100
(1788787755.376056) can0 03FF1000#0840112200000001
(1788787755.386287) can0 03FF1001#0000000000000000
(1788787755.397056) can0 03FF1600#142B000104001319
(1788787755.404059) can0 04FF3604#0004000300C80100
(1788787755.407267) can0 03FF1601#6E50000000000000
(1788787755.418057) can0 03FF1602#000005000000157C
(1788787755.428242) can0 03FF1603#0000D10E00000000
(1788787755.434058) can0 04FF3604#0003000300C80100
(1788787755.439058) can0 03FF1604#0000000000000000
(1788787755.449290) can0 03FF1605#0100000000000000
(1788787755.464059) can0 04FF3604#0006000300C80100
(1788787755.481060) can0 03FF1000#0840112200000001
(1788787755.491298) can0 03FF1001#0000000000000000
(1788787755.494060) can0 04FF3604#0002000300C80100
(1788787755.502060) can0 03FF1603#0000D10E00000000
(1788787755.512299) can0 03FF1605#0100000000000000
(1788787755.524062) can0 04FF3604#0003000300C80100
(1788787755.554064) can0 04FF3604#0005000300C80100
(1788787755.571065) can0 05FF4610#0000D14CFFFFFF98
(1788787755.584064) can0 04FF3604#0002000300C80100
(1788787755.586065) can0 03FF1000#0840112200000001
(1788787755.596296) can0 03FF1001#0000000000000000
(1788787755.607066) can0 03FF1603#0000D10E00000000
(1788787755.614066) can0 04FF3604#0005000300C80100
(1788787755.617263) can0 03FF1605#0100000000000000
(1788787755.644068) can0 04FF3604#0005000300C80100
(1788787755.654069) can0 04FF3602#0000000000000000
(1788787755.674070) can0 04FF3604#0003000300C80100
(1788787755.691071) can0 03FF1000#0840112200000001
(1788787755.701291) can0 03FF1001#0000000000000000
(1788787755.704070) can0 04FF3604#0006000300C80100
(1788787755.712071) can0 03FF1603#0000D10E00000000
(1788787755.713070) can0 02181606#0000000000030200
(1788787755.722280) can0 03FF1605#0100000000000000
(1788787755.723071) can0 03FF1605#0000000000000000
(1788787755.734072) can0 04FF3604#0004000300C80100
(1788787755.764074) can0 04FF3604#0004000300C80100
(1788787755.780305) can0 02203606#0201000000000000
(1788787755.789237) can0 13B76400#00
(1788787755.807075) can0 02181608#0500000001000000
(1788787755.833076) can0 02181609#0000000000000000
(1788787755.847078) can0 05FF4610#0000D14CFFFFFF98
(1788787755.863079) can0 02488600#0000000000000000
(1788787755.889151) can0 1FF8B028#0000000000000000
(1788787755.893083) can0 02213500#
(1788787755.899080) can0 04F93500#000000EB00000000
(1788787755.899355) can0 03FF1000#0840112200000001
(1788787755.910081) can0 03FF1605#0000000000000000
(1788787755.921081) can0 03121606#0100000000000000
(1788787755.994085) can0 03FF1000#0840112200000001
(1788787756.085228) can0 13B76400#00
(1788787756.099089) can0 03FF1000#0840112200000001
(1788787756.195211) can0 02FF2605#0000060907030906
(1788787756.204095) can0 03FF1000#0840112200000001
(1788787756.223304) can0 02FF2604#0000000000000000
(1788787756.253306) can0 02FF2704#0200000000000000
(1788787756.304102) can0 0260B606#0100000000000000
(1788787756.309102) can0 03FF1000#0840112200000001
(1788787756.334101) can0 02203607#0000000300000000
(1788787756.363144) can0 13B76400#00
(1788787756.414105) can0 03FF1000#0840112200000001
(1788787756.474110) can0 02181606#0000000000030200
(1788787756.504109) can0 02203606#0200000000000000
(1788787756.519110) can0 03FF1000#0840112200000001
(1788787756.530110) can0 03121606#0100000000000000
(1788787756.534306) can0 02181608#0500000001000000
(1788787756.565239) can0 02181609#0000000000000000
(1788787756.594298) can0 02488600#0000000000000000
(1788787756.624114) can0 03FF1000#0840112200000001
(1788787756.625114) can0 02213501#
(1788787756.634115) can0 04F93501#0000000400000000
(1788787756.729120) can0 03FF1000#0840112200000001
(1788787756.805126) can0 02181606#0000000000030200
(1788787756.806126) can0 02203606#0200000000000000
(1788787756.814123) can0 02181606#0000000000030200
(1788787756.814352) can0 02203606#0200000000000000
(1788787756.824124) can0 02181606#0000000000030200
(1788787756.824363) can0 02203606#0200000000000000
(1788787756.834125) can0 03FF1000#0840112200000001
(1788787756.844379) can0 03121606#0100000000000000
(1788787756.939129) can0 03FF1000#0840112200000001
(1788787756.949386) can0 03121606#0100000000000000
(1788787757.044137) can0 03FF1000#0840112200000001
(1788787757.055136) can0 03121606#0100000000000000
(1788787757.149140) can0 03FF1000#0840112200000001
(1788787757.254148) can0 03FF1000#0840112200000001
(1788787757.359154) can0 03FF1000#0840112200000001
(1788787757.464155) can0 03FF1000#0840112200000001
(1788787757.569162) can0 03FF1000#0840112200000001
(1788787757.654164) can0 04FF3400#0000057800000000
(1788787757.674166) can0 03FF1000#0840112200000001
(1788787757.779174) can0 03FF1000#0840112200000001
(1788787757.884179) can0 03FF1000#0840112200000001
(1788787757.989181) can0 03FF1000#0840112200000001
(1788787758.094188) can0 03FF1000#0840112200000001
(1788787758.199196) can0 03FF1000#0840112200000001
(1788787758.304201) can0 03FF1000#0840112200000001
(1788787758.409204) can0 03FF1000#0840112200000001
(1788787758.514206) can0 03FF1000#0840112200000001
(1788787758.619213) can0 03FF1000#0840112200000001
(1788787758.724218) can0 03FF1000#0840112200000001
(1788787758.829224) can0 03FF1000#0840112200000001
(1788787758.934229) can0 03FF1000#0840112200000001
(1788787759.039231) can0 03FF1000#0840112200000001
(1788787759.144243) can0 03FF1000#0840112200000001
(1788787759.156239) can0 13B76400#00
(1788787759.249243) can0 03FF1000#0840112200000001
(1788787759.354250) can0 03FF1000#0840112200000001
(1788787759.438252) can0 13B76400#00
(1788787759.459252) can0 03FF1000#0840112200000001
(1788787759.564258) can0 03FF1000#0840112200000001
(1788787759.669266) can0 03FF1000#0840112200000001
(1788787759.716404) can0 13B76400#00
(1788787759.774267) can0 03FF1000#0840112200000001
(1788787759.879274) can0 03FF1000#0840112200000001
(1788787759.984279) can0 03FF1000#0840112200000001
(1788787760.089283) can0 03FF1000#0840112200000001
(1788787760.194289) can0 03FF1000#0840112200000001
(1788787760.299294) can0 03FF1000#0840112200000001
(1788787760.404298) can0 03FF1000#0840112200000001
(1788787760.509303) can0 03FF1000#0840112200000001
(1788787760.614309) can0 03FF1000#0840112200000001
(1788787760.719315) can0 03FF1000#0840112200000001
(1788787760.824319) can0 03FF1000#0840112200000001
(1788787760.929322) can0 03FF1000#0840112200000001
(1788787761.034327) can0 03FF1000#0840112200000001
(1788787761.139334) can0 03FF1000#0840112200000001
(1788787761.244340) can0 03FF1000#0840112200000001
(1788787761.349344) can0 03FF1000#0840112200000001
(1788787761.454349) can0 03FF1000#0840112200000001
(1788787761.559353) can0 03FF1000#0840112200000001
(1788787761.664358) can0 03FF1000#0840112200000001
(1788787761.769366) can0 03FF1000#0840112200000001
(1788787761.874370) can0 03FF1000#0840112200000001
(1788787761.979374) can0 03FF1000#0840112200000001
(1788787762.084379) can0 03FF1000#0840112200000001
(1788787762.189383) can0 03FF1000#0840112200000001
(1788787762.294390) can0 03FF1000#0840112200000001
(1788787762.399395) can0 03FF1000#0840112200000001
(1788787762.504399) can0 03FF1000#0840112200000001
(1788787762.509399) can0 13B76400#00
(1788787762.609403) can0 03FF1000#0840112200000001
(1788787762.714408) can0 03FF1000#0840112200000001
(1788787762.789425) can0 13B76400#00
(1788787762.819414) can0 03FF1000#0840112200000001
(1788787762.924419) can0 03FF1000#0840112200000001
(1788787763.029424) can0 03FF1000#0840112200000001
(1788787763.092427) can0 13B76400#00
(1788787763.134428) can0 03FF1000#0840112200000001
(1788787763.239435) can0 03FF1000#0840112200000001
(1788787763.344440) can0 03FF1000#0840112200000001
(1788787763.449443) can0 03FF1000#0840112200000001
(1788787763.554449) can0 03FF1000#0840112200000001
(1788787763.659454) can0 03FF1000#0840112200000001
(1788787763.764458) can0 03FF1000#0840112200000001
(1788787763.869465) can0 03FF1000#0840112200000001
(1788787763.974469) can0 03FF1000#0840112200000001
(1788787764.079475) can0 03FF1000#0840112200000001
(1788787764.184479) can0 03FF1000#0840112200000001
(1788787764.289484) can0 03FF1000#0840112200000001
(1788787764.394492) can0 03FF1000#0840112200000001
(1788787764.499494) can0 03FF1000#0840112200000001
(1788787764.604500) can0 03FF1000#0840112200000001
(1788787764.709504) can0 03FF1000#0840112200000001
(1788787764.814508) can0 03FF1000#0840112200000001
(1788787764.919516) can0 03FF1000#0840112200000001
(1788787765.024520) can0 03FF1000#0840112200000001
(1788787765.129527) can0 03FF1000#0840112200000001
(1788787765.234530) can0 03FF1000#0840112200000001
(1788787765.339535) can0 03FF1000#0840112200000001
(1788787765.444541) can0 03FF1000#0840112200000001
(1788787765.549545) can0 03FF1000#0840112200000001
(1788787765.654550) can0 03FF1000#0840112200000001
(1788787765.759554) can0 03FF1000#0840112200000001
(1788787765.864560) can0 03FF1000#0840112200000001
(1788787765.969566) can0 03FF1000#0840112200000001
(1788787766.074570) can0 03FF1000#0840112200000001
(1788787766.179574) can0 03FF1000#0840112200000001
(1788787766.284578) can0 03FF1000#0840112200000001
(1788787766.389585) can0 03FF1000#0840112200000001
(1788787766.494591) can0 03FF1000#0840112200000001
(1788787766.599592) can0 03FF1000#0840112200000001
(1788787766.704600) can0 03FF1000#0840112200000001
(1788787766.809604) can0 03FF1000#0840112200000001
(1788787766.855605) can0 02181606#0100190001030200
(1788787766.918610) can0 03FF1000#0840112200000001
(1788787766.929611) can0 03FF1001#0000000000000000
(1788787766.939609) can0 03FF1603#0000D10E00000000
(1788787766.950609) can0 03FF1605#0100000000000000
(1788787766.952608) can0 05FF4610#0000D153FFFFFFE0
(1788787766.960609) can0 03121606#0100000000000000
(1788787766.963759) can0 02181606#0100190001030200
(1788787767.023614) can0 03FF1000#0840112200000001
(1788787767.034615) can0 03FF1001#0000000000000000
(1788787767.044613) can0 03FF1603#0000D10E00000000
(1788787767.055614) can0 03FF1605#0100000000000000
(1788787767.065613) can0 03121606#0000000000000000
(1788787767.108617) can0 05FF4001#0000000000000000
(1788787767.110616) can0 05FF4000#0000000000000000
(1788787767.128619) can0 03FF1000#0840112200000001
(1788787767.139620) can0 03FF1001#0000000000000000
(1788787767.149619) can0 03FF1603#0000D10E00000000
(1788787767.160618) can0 03FF1605#0100000000000000
(1788787767.191620) can0 05FF4602#1210171017101710
(1788787767.201621) can0 05FF4603#18101A101D101D10
(1788787767.202620) can0 03FF1400#0000000A00000000
(1788787767.211620) can0 05FF4604#1B101C101E101F10
(1788787767.221624) can0 05FF4605#1B10000000000000
(1788787767.233624) can0 03FF1000#0840112200000001
(1788787767.242624) can0 05FF4610#0000D152FFFFFFD5
(1788787767.244622) can0 03FF1001#0000000000000000
(1788787767.251623) can0 05FF4606#1D1D1C
(1788787767.254623) can0 03FF1603#0000D10E00000000
(1788787767.261625) can0 05FF4607#1D1B1C
(1788787767.265626) can0 03FF1605#0100000000000000
(1788787767.271623) can0 05FF4608#0019007C
(1788787767.281625) can0 05FF4609#010003D403CA00
(1788787767.338629) can0 03FF1000#0840112200000001
(1788787767.349630) can0 03FF1001#0000000000000000
(1788787767.359628) can0 03FF1603#0000D10E00000000
(1788787767.370628) can0 03FF1605#0100000000000000
(1788787767.431634) can0 05FF4400#00000008
(1788787767.443635) can0 03FF1000#0840112200000001
(1788787767.454633) can0 03FF1001#0000000000000000
(1788787767.464633) can0 03FF1603#0000D10E00000000
(1788787767.474633) can0 02191602#0000000000000000
(1788787767.475633) can0 03FF1605#0100000000000000
(1788787767.481634) can0 05FF4600#0D0300900303
(1788787767.485633) can0 03FF1600#142B000104001319
(1788787767.496634) can0 03FF1601#6E50000000000000
(1788787767.504635) can0 05FF4610#0000D152FFFFFFD5
(1788787767.506634) can0 03FF1602#000005000000157C
(1788787767.517635) can0 03FF1604#0000000000000000
(1788787767.532639) can0 05FF4601#007300000000
(1788787767.548640) can0 03FF1000#0840112200000001
(1788787767.559638) can0 03FF1001#0000000000000000
(1788787767.569639) can0 03FF1603#0000D10E00000000
(1788787767.580638) can0 03FF1605#0100000000000000
(1788787767.653645) can0 04FF3400#0000057900000000
(1788787767.654644) can0 03FF1000#0840112200000001
(1788787767.664642) can0 03FF1001#0000000000000000
(1788787767.674643) can0 03FF1603#0000D10E00000000
(1788787767.685643) can0 03FF1605#0100000000000000
(1788787767.758649) can0 03FF1000#0840112200000001
(1788787767.769650) can0 03FF1001#0000000000000000
(1788787767.778729) can0 05FF4610#0000D152FFFFFFD5
(1788787767.779648) can0 03FF1603#0000D10E00000000
(1788787767.790648) can0 03FF1605#0100000000000000
(1788787767.863654) can0 03FF1000#0840112200000001
(1788787767.874655) can0 03FF1001#0000000000000000
(1788787767.884653) can0 03FF1603#0000D10E00000000
(1788787767.895653) can0 03FF1605#0100000000000000
(1788787767.968659) can0 03FF1000#0840112200000001
(1788787767.979662) can0 03FF1001#0000000000000000
(1788787767.989658) can0 03FF1603#0000D10E00000000
(1788787768.000658) can0 03FF1605#0100000000000000
(1788787768.067850) can0 05FF4610#0000D152FFFFFFC4
(1788787768.073664) can0 03FF1000#0840112200000001
(1788787768.084664) can0 03FF1001#0000000000000000
(1788787768.094664) can0 03FF1603#0000D10E00000000
(1788787768.105664) can0 03FF1605#0100000000000000
(1788787768.152900) can0 05FF4001#0000000000000000
(1788787768.154895) can0 05FF4000#0000000000000000
(1788787768.178668) can0 03FF1000#0840112200000001
(1788787768.189667) can0 03FF1001#0000000000000000
(1788787768.199669) can0 03FF1603#0000D10E00000000
(1788787768.210669) can0 03FF1605#0100000000000000
(1788787768.234857) can0 05FF4602#1210171017101710
(1788787768.244869) can0 05FF4603#18101A101D101D10
(1788787768.254891) can0 05FF4604#1B101C101E101F10
(1788787768.264916) can0 05FF4605#1B10000000000000
(1788787768.283675) can0 03FF1000#0840112200000001
(1788787768.294673) can0 03FF1001#0000000000000000
(1788787768.294727) can0 05FF4606#1D1D1C
(1788787768.304673) can0 03FF1603#0000D10E00000000
(1788787768.304855) can0 05FF4607#1D1B1C
(1788787768.314731) can0 05FF4608#0019007C
(1788787768.315673) can0 03FF1605#0100000000000000
(1788787768.324868) can0 05FF4609#010003D403CA00
(1788787768.328919) can0 05FF4610#0000D152FFFFFFC4
(1788787768.388678) can0 03FF1000#0840112200000001
(1788787768.399678) can0 03FF1001#0000000000000000
(1788787768.409678) can0 03FF1603#0000D10E00000000
(1788787768.420681) can0 03FF1605#0100000000000000
(1788787768.472684) can0 03FF1600#142B000104001319
(1788787768.483683) can0 03FF1601#6E50000000000000
(1788787768.493682) can0 03FF1602#000005000000157C
(1788787768.495681) can0 02FF2602#81B3A1AD023E601F
(1788787768.495922) can0 02294609#0000000000000000
(1788787768.497681) can0 05124609#030003D403CA00
(1788787768.504682) can0 03FF1604#0000000000000000
(1788787768.514683) can0 03FF1000#0840112200000001
(1788787768.525686) can0 03FF1001#0000000000000000
(1788787768.535687) can0 03FF1603#0000D10E00000000
(1788787768.546685) can0 03FF1605#0100000000000000
(1788787768.591687) can0 05FF4610#0000D152FFFFFFC4
(1788787768.598688) can0 03FF1000#0840112200000001
(1788787768.609688) can0 03FF1001#0000000000000000
(1788787768.619688) can0 03FF1603#0000D10E00000000
(1788787768.630692) can0 03FF1605#0100000000000000
(1788787768.703696) can0 03FF1000#0840112200000001
(1788787768.714694) can0 03FF1001#0000000000000000
(1788787768.724695) can0 03FF1603#0000D10E00000000
(1788787768.735697) can0 03FF1605#0100000000000000
(1788787768.808699) can0 03FF1000#0840112200000001
(1788787768.819700) can0 03FF1001#0000000000000000
(1788787768.829701) can0 03FF1603#0000D10E00000000
(1788787768.840701) can0 03FF1605#0100000000000000
(1788787768.867700) can0 05FF4610#0000D152FFFFFFC4
(1788787768.913703) can0 03FF1000#0840112200000001
(1788787768.924705) can0 03FF1001#0000000000000000
(1788787768.934705) can0 03FF1603#0000D10E00000000
(1788787768.945704) can0 03FF1605#0100000000000000
(1788787769.006707) can0 02FF2602#BBABCB852162E183
(1788787769.006756) can0 02294609#0000000000000000
(1788787769.007800) can0 05124609#030003D403CA00
(1788787769.018707) can0 03FF1000#0840112200000001
(1788787769.029710) can0 03FF1001#0000000000000000
(1788787769.039711) can0 03FF1603#0000D10E00000000
(1788787769.050709) can0 03FF1605#0100000000000000
(1788787769.115816) can0 02203606#0101000100010000
(1788787769.123714) can0 03FF1000#0840112200000001
(1788787769.127714) can0 13B76400#01
(1788787769.128712) can0 02181606#0000000000030200
(1788787769.134713) can0 03FF1001#0000000000000000
(1788787769.134768) can0 03FF1605#0000000000000000
(1788787769.143713) can0 04FF3604#0002000300C80100
(1788787769.153713) can0 04FF3602#0000000000000000
(1788787769.173715) can0 04FF3604#0006000300C80100
(1788787769.203718) can0 04FF3604#0006000300C80100
(1788787769.218719) can0 13B76400#01
(1788787769.225940) can0 02203606#0200000000000000
(1788787769.256721) can0 02181608#0500000001000000
(1788787769.286723) can0 02181609#0000000000000000
(1788787769.300862) can0 03FF1603#0000D10E00000000
(1788787769.311723) can0 03FF1605#0100000000000000
(1788787769.313721) can0 05FF4610#0000D152FFFFFFCA
(1788787769.316721) can0 02488600#0000000000000000
(1788787769.321724) can0 1FF8B028#0000000000000000
(1788787769.332725) can0 03FF1000#0840112200000001
(1788787769.342725) can0 03FF1605#0000000000000000
(1788787769.353727) can0 03121606#0100000000000000
(1788787769.365819) can0 02294500#
(1788787769.366912) can0 05124500#0500
(1788787769.397960) can0 02FF2605#0000060907030907
(1788787769.405728) can0 03FF1000#0840112200000001
(1788787769.426730) can0 02FF2604#0000000000000000
(1788787769.456731) can0 02FF2704#0200000000000000
(1788787769.486733) can0 0260B606#0100000000000000
(1788787769.495959) can0 13B76400#01
(1788787769.510734) can0 03FF1000#0840112200000001
(1788787769.516735) can0 02203607#0000000300000000
(1788787769.546736) can0 02F82400#D203000000000000
(1788787769.576737) can0 02FF2602#89A3391D0CB06017
(1788787769.606739) can0 02181606#0100190001030200
(1788787769.615740) can0 03FF1000#0840112200000001
(1788787769.636739) can0 02203606#0100000100010000
(1788787769.653740) can0 04FF3602#0000000000000000
(1788787769.654740) can0 04FF3604#0003000300000000
(1788787769.666739) can0 02181608#0500000001000000
(1788787769.683742) can0 04FF3604#0004000300000000
(1788787769.696742) can0 02181609#0000000000000000
(1788787769.713744) can0 04FF3604#0003000300000000
(1788787769.725743) can0 03FF1000#0840112200000001
(1788787769.727744) can0 02488600#0000000000000000
(1788787769.735997) can0 03FF1001#0000000000000000
(1788787769.743742) can0 04FF3604#0003000300C80000
(1788787769.746744) can0 03FF1603#0000D10E00000000
(1788787769.756746) can0 02294501#
(1788787769.757015) can0 03FF1605#0100000000000000
(1788787769.757751) can0 05124501#0103
(1788787769.758743) can0 05FF4610#0000D152FFFFFFCA
(1788787769.767743) can0 03121606#0100000000000000
(1788787769.773745) can0 04FF3604#0004000300C80000
(1788787769.776746) can0 13B76400#01
(1788787769.786745) can0 02FF2605#0000060907030909
(1788787769.803747) can0 04FF3604#0005000300C80000
(1788787769.830749) can0 03FF1000#0840112200000001
(1788787769.833754) can0 04FF3604#0004000300C80000
(1788787769.841747) can0 03FF1001#0000000000000000
(1788787769.851750) can0 03FF1603#0000D10E00000000
(1788787769.862000) can0 03FF1605#0100000000000000
(1788787769.863748) can0 04FF3604#0004000300C80000
(1788787769.871750) can0 02FF2604#0000000000000000
(1788787769.886751) can0 05FF4001#0000000000000000
(1788787769.888748) can0 05FF4000#0000000000000000
(1788787769.893749) can0 04FF3604#0003000300C80000
(1788787769.896751) can0 02FF2704#0200000000000000
(1788787769.923753) can0 04FF3604#0004000300C80000
(1788787769.929753) can0 0260B606#0100000000000000
(1788787769.935751) can0 03FF1000#0840112200000001
(1788787769.946008) can0 03FF1001#0000000000000000
(1788787769.953755) can0 04FF3604#0004000300C80000
(1788787769.956752) can0 03FF1603#0000D10E00000000
(1788787769.959752) can0 02203607#0000000300000000
(1788787769.967753) can0 03FF1605#0100000000000000
(1788787769.968752) can0 05FF4602#1210171017101710
(1788787769.978756) can0 05FF4603#18101B101C101D10
(1788787769.983756) can0 04FF3604#0006000300C80000
(1788787769.988753) can0 05FF4604#1B101C101E101F10
(1788787769.998754) can0 05FF4605#1B10000000000000
(1788787770.013755) can0 04FF3604#0005000300C80000
(1788787770.019756) can0 05FF4610#0000D152FFFFFFCA
(1788787770.028759) can0 05FF4606#1D1D1C
(1788787770.038761) can0 05FF4607#1D1B1C
(1788787770.040759) can0 03FF1000#0840112200000001
(1788787770.043756) can0 04FF3604#0004000300C80000
(1788787770.051013) can0 03FF1001#0000000000000000
(1788787770.061764) can0 03FF1603#0000D10E00000000
(1788787770.068757) can0 02181606#0100190001030200
(1788787770.072014) can0 03FF1605#0100000000000000
(1788787770.073760) can0 04FF3604#0005000300C80000
(1788787770.076757) can0 05FF4608#0019007C
(1788787770.086759) can0 05FF4609#030003D403CA00
(1788787770.103761) can0 04FF3604#0005000300C80000
(1788787770.113762) can0 13B76400#01
(1788787770.118968) can0 02203606#0101000100010000
(1788787770.133764) can0 04FF3604#0002000300C80100
(1788787770.145763) can0 03FF1000#0840112200000001
(1788787770.148822) can0 02181608#0500000001000000
(1788787770.153765) can0 04FF3602#0000000000000000
(1788787770.156000) can0 03FF1001#0000000000000000
(1788787770.163763) can0 04FF3604#0005000300C80100
(1788787770.166762) can0 03FF1603#0000D10E00000000
(1788787770.177765) can0 03FF1605#0100000000000000
(1788787770.178765) can0 02181609#0000000000000000
(1788787770.187764) can0 03121606#0000000000000000
(1788787770.193764) can0 04FF3604#0004000300C80100
(1788787770.208835) can0 02488600#0000000000000000
(1788787770.223767) can0 04FF3604#0004000300C80100
(1788787770.237769) can0 05FF4400#00000009
(1788787770.250768) can0 03FF1000#0840112200000001
(1788787770.253768) can0 04FF3604#0005000400C80100
(1788787770.257769) can0 02191500#
(1788787770.261000) can0 03FF1001#0000000000000000
(1788787770.271769) can0 03FF1603#0000D10E00000000
(1788787770.282025) can0 03FF1605#0100000000000000
(1788787770.283767) can0 04FF3604#0004000300C80100
(1788787770.287768) can0 05FF4600#0D0300900303
(1788787770.288031) can0 02FF2605#0000060907030900
(1788787770.292768) can0 03FF1500#000000C300000000
(1788787770.309772) can0 05FF4610#0000D151FFFFFFB9
(1788787770.313771) can0 04FF3604#0005000300C80100
(1788787770.318769) can0 02FF2604#0000000000000000
(1788787770.337773) can0 05FF4601#007300000000
(1788787770.343773) can0 04FF3604#0005000300C80100
(1788787770.348773) can0 02FF2704#0200000000000000
(1788787770.355775) can0 03FF1000#0840112200000001
(1788787770.366029) can0 03FF1001#0000000000000000
(1788787770.373774) can0 04FF3604#0006000300C80100
(1788787770.376775) can0 03FF1603#0000D10E00000000
(1788787770.377795) can0 0260B606#0100000000000000
(1788787770.387016) can0 03FF1605#0100000000000000
(1788787770.388918) can0 13B76400#01
(1788787770.403776) can0 04FF3604#0004000300C80100
(1788787770.408776) can0 02203607#0000000300000000
(1788787770.433778) can0 04FF3604#0002000300C80100
(1788787770.460779) can0 03FF1000#0840112200000001
(1788787770.463779) can0 04FF3604#0004000300C80100
(1788787770.471008) can0 03FF1001#0000000000000000
(1788787770.481780) can0 03FF1603#0000D10E00000000
(1788787770.492781) can0 03FF1605#0100000000000000
(1788787770.493777) can0 04FF3604#0006000300C80100
(1788787770.502781) can0 03FF1600#142B000104001319
(1788787770.513014) can0 03FF1601#6E50000000000000
(1788787770.523781) can0 04FF3604#0006000300C80100
(1788787770.524023) can0 03FF1602#000005000000157C
(1788787770.534030) can0 03FF1604#0000000000000000
(1788787770.553784) can0 04FF3604#0006000300C80100
(1788787770.565780) can0 03FF1000#0840112200000001
(1788787770.570781) can0 05FF4610#0000D151FFFFFFB9
(1788787770.576025) can0 03FF1001#0000000000000000
(1788787770.583783) can0 04FF3604#0004000300C80100
(1788787770.586782) can0 03FF1603#0000D10E00000000
(1788787770.597002) can0 03FF1605#0100000000000000
(1788787770.613784) can0 04FF3604#0007000300C80100
(1788787770.643787) can0 04FF3604#0004000300C80100
(1788787770.653786) can0 04FF3602#0000000000000000
(1788787770.657831) can0 02181606#0100190001030200
(1788787770.667856) can0 13B76400#01
(1788787770.670785) can0 03FF1000#0840112200000001
(1788787770.673787) can0 04FF3604#0006000300C80100
(1788787770.681017) can0 03FF1001#0000000000000000
(1788787770.689787) can0 02203606#0101000100010000
(1788787770.691786) can0 03FF1603#0000D10E00000000
(1788787770.702788) can0 03FF1605#0100000000000000
(1788787770.703787) can0 04FF3604#0005000400C80100
(1788787770.712787) can0 03121606#0000000000000000
(1788787770.718020) can0 02181608#0500000001000000
(1788787770.733789) can0 04FF3604#0004000300C80100
(1788787770.749790) can0 02181609#0000000000000000
(1788787770.763791) can0 04FF3604#0004000300C80100
(1788787770.775791) can0 03FF1000#0840112200000001
(1788787770.779791) can0 02488600#0000000000000000
(1788787770.786000) can0 03FF1001#0000000000000000
(1788787770.793792) can0 04FF3604#0006000300C80100
(1788787770.796791) can0 03FF1603#0000D10E00000000
(1788787770.807025) can0 03FF1605#0100000000000000
(1788787770.808792) can0 02191501#
(1788787770.823794) can0 04FF3604#0004000300C80100
(1788787770.828036) can0 03FF1501#0000004A00000000
(1788787770.843794) can0 05FF4610#0000D151FFFFFFB9
(1788787770.853796) can0 04FF3604#0003000300C80100
(1788787770.880797) can0 03FF1000#0840112200000001
(1788787770.883796) can0 04FF3604#0004000300C80100
(1788787770.891023) can0 03FF1001#0000000000000000
(1788787770.901798) can0 03FF1603#0000D10E00000000
(1788787770.912029) can0 03FF1605#0100000000000000
(1788787770.913797) can0 04FF3604#0005000300C80100
(1788787770.928799) can0 05FF4001#0000000000000000
(1788787770.930809) can0 05FF4000#0000000000000000
(1788787770.943799) can0 04FF3604#0005000300C80100
(1788787770.948800) can0 13B76400#01
(1788787770.973801) can0 04FF3604#0005000300C80100
(1788787770.985801) can0 03FF1000#0840112200000001
(1788787770.996033) can0 03FF1001#0000000000000000
(1788787771.003803) can0 04FF3604#0004000300C80100
(1788787771.006802) can0 03FF1603#0000D10E00000000
(1788787771.010801) can0 05FF4602#1210171017101610
(1788787771.017022) can0 03FF1605#0100000000000000
(1788787771.020802) can0 05FF4603#18101A101D101D10
(1788787771.030804) can0 05FF4604#1B101C101E101F10
(1788787771.033809) can0 04FF3604#0004000300C80100
(1788787771.040827) can0 05FF4605#1B10000000000000
(1788787771.063808) can0 04FF3604#0006000300C80100
(1788787771.090809) can0 03FF1000#0840112200000001
(1788787771.093811) can0 04FF3604#0005000300C80100
(1788787771.097806) can0 05FF4606#1D1D1C
(1788787771.101041) can0 03FF1001#0000000000000000
(1788787771.107807) can0 05FF4607#1D1C1C
(1788787771.111807) can0 03FF1603#0000D10E00000000
(1788787771.117808) can0 05FF4608#0019007C
(1788787771.122015) can0 03FF1605#0100000000000000
(1788787771.123807) can0 04FF3604#0005000300C80100
(1788787771.127821) can0 05FF4609#030003D403CA00
(1788787771.131843) can0 05FF4610#0000D150FFFFFFA3
(1788787771.153810) can0 04FF3602#0000000000000000
(1788787771.153997) can0 04FF3604#0004000300C80100
(1788787771.157913) can0 02FF2605#0000060907030901
(1788787771.183812) can0 04FF3604#0003000300C80100
(1788787771.187914) can0 02FF2604#0000000000000000
(1788787771.195812) can0 03FF1000#0840112200000001
(1788787771.206813) can0 03FF1001#0000000000000000
(1788787771.213812) can0 04FF3604#0005000300C80100
(1788787771.216811) can0 03FF1603#0000D10E00000000
(1788787771.217939) can0 02FF2704#0200000000000000
(1788787771.227045) can0 03FF1605#0100000000000000
(1788787771.228812) can0 13B76400#01
(1788787771.243813) can0 04FF3604#0006000300C80100
(1788787771.247913) can0 0260B606#0100000000000000
(1788787771.273817) can0 04FF3604#0004000300C80100
(1788787771.277966) can0 02203607#0000000300000000
(1788787771.300817) can0 03FF1000#0840112200000001
(1788787771.303816) can0 04FF3604#0005000300C80100
(1788787771.311014) can0 03FF1001#0000000000000000
(1788787771.321817) can0 03FF1603#0000D10E00000000
(1788787771.332040) can0 03FF1605#0100000000000000
(1788787771.333817) can0 04FF3604#0005000300C80100
(1788787771.363820) can0 04FF3604#0006000300C80100
(1788787771.393821) can0 04FF3604#0006000300C80100
(1788787771.393991) can0 05FF4610#0000D150FFFFFFA3
(1788787771.405822) can0 03FF1000#0840112200000001
(1788787771.416029) can0 03FF1001#0000000000000000
(1788787771.418821) can0 02181606#0100190001030200
(1788787771.423821) can0 04FF3604#0005000300C80100
(1788787771.426823) can0 03FF1603#0000D10E00000000
(1788787771.437031) can0 03FF1605#0100000000000000
(1788787771.448076) can0 02203606#0101000100010000
(1788787771.453824) can0 04FF3604#0003000300C80100
(1788787771.478825) can0 02181608#0500000001000000
(1788787771.483824) can0 04FF3604#0005000300C80100
(1788787771.489825) can0 03FF1600#142B000104001319
(1788787771.499999) can0 03FF1601#6E50000000000000
(1788787771.507927) can0 13B76400#01
(1788787771.508825) can0 02181609#0000000000000000
(1788787771.510826) can0 03FF1602#000005000000157C
(1788787771.513826) can0 04FF3604#0003000300C80100
(1788787771.521029) can0 03FF1604#0000000000000000
(1788787771.531828) can0 03FF1000#0840112200000001
(1788787771.538833) can0 02488600#0000000000000000
(1788787771.542059) can0 03FF1001#0000000000000000
(1788787771.543832) can0 04FF3604#0004000300C80100
(1788787771.552832) can0 03FF1603#0000D10E00000000
(1788787771.563039) can0 03FF1605#0100000000000000
(1788787771.568831) can0 02213500#
(1788787771.573830) can0 04FF3604#0006000300C80100
(1788787771.573987) can0 03121606#0000000000000000
(1788787771.578830) can0 04F93500#000000EB00000000
(1788787771.603831) can0 04FF3604#0004000300C80100
(1788787771.615832) can0 03FF1000#0840112200000001
(1788787771.626039) can0 03FF1001#0000000000000000
(1788787771.633833) can0 04FF3604#0005000300C80100
(1788787771.636832) can0 03FF1603#0000D10E00000000
(1788787771.647018) can0 03FF1605#0100000000000000
(1788787771.653834) can0 04FF3602#0000000000000000
(1788787771.655833) can0 05FF4610#0000D150FFFFFFA3
(1788787771.663833) can0 04FF3604#0006000300C80100
(1788787771.693839) can0 04FF3604#0003000300C80100
(1788787771.720840) can0 03FF1000#0840112200000001
(1788787771.723836) can0 04FF3604#0004000300C80100
(1788787771.731087) can0 03FF1001#0000000000000000
(1788787771.741838) can0 03FF1603#0000D10E00000000
(1788787771.752036) can0 03FF1605#0100000000000000
(1788787771.753839) can0 04FF3604#0005000400C80100
(1788787771.783843) can0 04FF3604#0005000400C80100
(1788787771.788839) can0 13B76400#01
(1788787771.813842) can0 04FF3604#0005000300C80100
(1788787771.825842) can0 03FF1000#0840112200000001
(1788787771.836012) can0 03FF1001#0000000000000000
(1788787771.843842) can0 04FF3604#0004000300C80100
(1788787771.846842) can0 03FF1603#0000D10E00000000
(1788787771.857052) can0 03FF1605#0100000000000000
(1788787771.873844) can0 04FF3604#0005000300C80100
(1788787771.903846) can0 04FF3604#0005000300C80100
(1788787771.930848) can0 05FF4610#0000D150FFFFFFA3
(1788787771.930902) can0 03FF1000#0840112200000001
(1788787771.933846) can0 04FF3604#0004000300C80100
(1788787771.941043) can0 03FF1001#0000000000000000
(1788787771.951847) can0 03FF1603#0000D10E00000000
(1788787771.962057) can0 03FF1605#0100000000000000
(1788787771.963848) can0 04FF3604#0006000300C80100
(1788787771.972848) can0 05FF4001#0000000000000000
(1788787771.975847) can0 05FF4000#0000000000000000
(1788787771.993851) can0 04FF3604#0003000300C80100
(1788787772.023857) can0 04FF3604#0005000300C80100
(1788787772.035853) can0 03FF1000#0840112200000001
(1788787772.046055) can0 03FF1001#0000000000000000
(1788787772.053857) can0 04FF3604#0006000300C80100
(1788787772.055856) can0 05FF4602#1110171017101710
(1788787772.056852) can0 03FF1603#0000D10E00000000
(1788787772.067030) can0 03FF1605#0100000000000000
(1788787772.083855) can0 04FF3604#0004000300C80100
(1788787772.091854) can0 05FF4603#18101A101C101D10
(1788787772.098854) can0 13B76400#01
(1788787772.102854) can0 05FF4604#1B101C101D101F10
(1788787772.112856) can0 05FF4605#1A10000000000000
(1788787772.113854) can0 04FF3604#0004000300C80100
(1788787772.140858) can0 03FF1000#0840112200000001
(1788787772.141971) can0 05FF4606#1D1D1C
(1788787772.143855) can0 04FF3604#0005000300C80100
(1788787772.151054) can0 03FF1001#0000000000000000
(1788787772.151983) can0 05FF4607#1D1C1C
(1788787772.153856) can0 04FF3602#0000000000000000
(1788787772.161859) can0 03FF1603#0000D10E00000000
(1788787772.162023) can0 05FF4608#0019007C
(1788787772.168858) can0 02FF2605#0000060907030902
(1788787772.172054) can0 03FF1605#0100000000000000
(1788787772.172857) can0 05FF4609#030003D403CA00
(1788787772.173857) can0 04FF3604#0006000300C80100
(1788787772.200861) can0 02FF2604#0000000000000000
(1788787772.203859) can0 04FF3604#0003000300C80100
(1788787772.219862) can0 05FF4610#0000D14EFFFFFF9E
(1788787772.229895) can0 02FF2704#0200000000000000
(1788787772.233861) can0 04FF3604#0003000300C80100
(1788787772.245861) can0 03FF1000#0840112200000001
(1788787772.256059) can0 03FF1001#0000000000000000
(1788787772.258892) can0 0260B606#0100000000000000
(1788787772.263862) can0 04FF3604#0006000300C80100
(1788787772.266862) can0 03FF1603#0000D10E00000000
(1788787772.277048) can0 03FF1605#0100000000000000
(1788787772.288941) can0 02203607#0000000300000000
(1788787772.293864) can0 04FF3604#0004000300C80100
(1788787772.318936) can0 02181606#0100190001030200
(1788787772.323864) can0 04FF3604#0005000300C80100
(1788787772.348983) can0 02203606#0101000100010000
(1788787772.350866) can0 03FF1000#0840112200000001
(1788787772.353866) can0 04FF3604#0005000300C80100
(1788787772.361053) can0 03FF1001#0000000000000000
(1788787772.371868) can0 03FF1603#0000D10E00000000
(1788787772.378868) can0 13B76400#01
(1788787772.379867) can0 02181608#0500000001000000
(1788787772.382054) can0 03FF1605#0100000000000000
(1788787772.383867) can0 04FF3604#0003000300C80100
(1788787772.392868) can0 03121606#0000000000000000
(1788787772.409089) can0 02181609#0000000000000000
(1788787772.413869) can0 04FF3604#0005000300C80100
(1788787772.439079) can0 02488600#0000000000000000
(1788787772.443870) can0 04FF3604#0003000300C80100
(1788787772.455871) can0 03FF1000#0840112200000001
(1788787772.466059) can0 03FF1001#0000000000000000
(1788787772.468871) can0 02213501#
(1788787772.473872) can0 04FF3604#0005000300C80100
(1788787772.476872) can0 03FF1603#0000D10E00000000
(1788787772.478872) can0 04F93501#0000000400000000
(1788787772.482874) can0 05FF4610#0000D14EFFFFFF9E
(1788787772.487058) can0 03FF1605#0100000000000000
(1788787772.497873) can0 03FF1600#142B000104001319
(1788787772.503873) can0 04FF3604#0004000300C80100
(1788787772.508071) can0 03FF1601#6E50000000000000
(1788787772.518876) can0 03FF1602#000005000000157C
(1788787772.529059) can0 03FF1604#0000000000000000
(1788787772.533876) can0 04FF3604#0003000300C80100
(1788787772.560877) can0 03FF1000#0840112200000001
(1788787772.563882) can0 04FF3604#0005000300C80100
(1788787772.571064) can0 03FF1001#0000000000000000
(1788787772.581882) can0 03FF1603#0000D10E00000000
(1788787772.592038) can0 03FF1605#0100000000000000
(1788787772.593878) can0 04FF3604#0004000400C80100
(1788787772.623880) can0 04FF3604#0004000300C80100
(1788787772.653883) can0 04FF3602#0000000000000000
(1788787772.654005) can0 04FF3604#0006000300C80100
(1788787772.659079) can0 13B76400#01
(1788787772.665882) can0 03FF1000#0840112200000001
(1788787772.676045) can0 03FF1001#0000000000000000
(1788787772.683883) can0 04FF3604#0005000300C80100
(1788787772.686882) can0 03FF1603#0000D10E00000000
(1788787772.697034) can0 03FF1605#0100000000000000
(1788787772.713885) can0 04FF3604#0003000300C80100
(1788787772.743887) can0 04FF3604#0004000300C80100
(1788787772.744885) can0 05FF4610#0000D14EFFFFFF9E
(1788787772.770890) can0 03FF1000#0840112200000001
(1788787772.773886) can0 04FF3604#0004000300C80100
(1788787772.781060) can0 03FF1001#0000000000000000
(1788787772.791889) can0 03FF1603#0000D10E00000000
(1788787772.802049) can0 03FF1605#0100000000000000
(1788787772.803893) can0 04FF3604#0003000300C80100
(1788787772.833893) can0 04FF3604#0004000300C80100
(1788787772.863893) can0 04FF3604#0003000300C80100
(1788787772.875892) can0 03FF1000#0840112200000001
(1788787772.886032) can0 03FF1001#0000000000000000
(1788787772.893893) can0 04FF3604#0006000300C80100
(1788787772.896892) can0 03FF1603#0000D10E00000000
(1788787772.907067) can0 03FF1605#0100000000000000
(1788787772.923895) can0 04FF3604#0005000300C80100
(1788787772.941896) can0 13B76400#01
(1788787772.941950) can0 02181606#0100190001030200
(1788787772.953895) can0 04FF3604#0006000300C80100
(1788787772.969897) can0 02203606#0101000100010000
(1788787772.980897) can0 03FF1000#0840112200000001
(1788787772.983897) can0 04FF3604#0004000300C80100
(1788787772.991060) can0 03FF1001#0000000000000000
(1788787772.999898) can0 02181608#0500000001000000
(1788787773.001897) can0 03FF1603#0000D10E00000000
(1788787773.012060) can0 03FF1605#0100000000000000
(1788787773.013898) can0 04FF3604#0004000300C80100
(1788787773.016898) can0 05FF4001#0000000000000000
(1788787773.017898) can0 05FF4610#0000D14EFFFFFF9E
(1788787773.018897) can0 05FF4000#0000000000000000
(1788787773.022899) can0 03121606#0000000000000000
(1788787773.029899) can0 02181609#0000000000000000
(1788787773.043901) can0 04FF3604#0005000300C80100
(1788787773.073903) can0 04FF3604#0003000300C80100
(1788787773.079907) can0 02488600#0000000000000000
(1788787773.085905) can0 03FF1000#0840112200000001
(1788787773.096063) can0 03FF1001#0000000000000000
(1788787773.103904) can0 04FF3604#0003000300C80100
(1788787773.106903) can0 03FF1603#0000D10E00000000
(1788787773.109902) can0 02294502#
(1788787773.110903) can0 05124502#5250313353333541
(1788787773.117053) can0 03FF1605#0100000000000000
(1788787773.125903) can0 05FF4602#1110171017101710
(1788787773.133904) can0 04FF3604#0005000300C80100
(1788787773.135905) can0 05FF4603#18101A101C101D10
(1788787773.146160) can0 05FF4604#1B101C101D101F10
(1788787773.153904) can0 04FF3602#0000000000000000
(1788787773.155904) can0 05FF4605#1A10000000000000
(1788787773.163906) can0 04FF3604#0006000300C80100
(1788787773.179907) can0 02FF2605#0000060907030903
(1788787773.185908) can0 05FF4606#1D1D1C
(1788787773.190906) can0 03FF1000#0840112200000001
(1788787773.193906) can0 04FF3604#0004000300C80100
(1788787773.195906) can0 05FF4607#1D1C1C
(1788787773.201069) can0 03FF1001#0000000000000000
(1788787773.205907) can0 05FF4608#0019007C
(1788787773.209907) can0 02FF2604#0000000000000000
(1788787773.211908) can0 03FF1603#0000D10E00000000
(1788787773.215907) can0 05FF4609#030003D403CA00
(1788787773.219908) can0 13B76400#01
(1788787773.222053) can0 03FF1605#0100000000000000
(1788787773.223908) can0 04FF3604#0004000400C80100
(1788787773.239910) can0 02FF2704#0200000000000000
(1788787773.253910) can0 04FF3604#0004000300C80100
(1788787773.269911) can0 0260B606#0100000000000000
(1788787773.283910) can0 04FF3604#0005000300C80100
(1788787773.295913) can0 03FF1000#0840112200000001
(1788787773.299911) can0 02203607#0000000300000000
(1788787773.305917) can0 05FF4610#0000D14EFFFFFFA3
(1788787773.306912) can0 03FF1001#0000000000000000
(1788787773.313915) can0 04FF3604#0005000300C80100
(1788787773.316912) can0 03FF1603#0000D10E00000000
(1788787773.327058) can0 03FF1605#0100000000000000
(1788787773.343915) can0 04FF3604#0004000300C80100
(1788787773.373917) can0 04FF3604#0006000300C80100
(1788787773.400918) can0 03FF1000#0840112200000001
(1788787773.403917) can0 04FF3604#0006000300C80100
(1788787773.411045) can0 03FF1001#0000000000000000
(1788787773.421918) can0 03FF1603#0000D10E00000000
(1788787773.432057) can0 03FF1605#0100000000000000
(1788787773.433918) can0 04FF3604#0003000300C80100
(1788787773.463920) can0 04FF3604#0005000400C80100
(1788787773.493922) can0 04FF3604#0005000300C80100
(1788787773.500921) can0 13B76400#01
(1788787773.505922) can0 03FF1000#0840112200000001
(1788787773.516074) can0 03FF1001#0000000000000000
(1788787773.523922) can0 04FF3604#0006000300C80100
(1788787773.526922) can0 03FF1600#142B000104001319
(1788787773.537121) can0 03FF1601#6E50000000000000
(1788787773.547924) can0 03FF1602#000005000000157C
(1788787773.553924) can0 04FF3604#0003000300C80100
(1788787773.558062) can0 03FF1603#0000D10E00000000
(1788787773.567927) can0 05FF4610#0000D14EFFFFFFA3
(1788787773.568924) can0 03FF1604#0000000000000000
(1788787773.579076) can0 03FF1605#0100000000000000
(1788787773.583931) can0 04FF3604#0006000300C80100
(1788787773.610931) can0 03FF1000#0840112200000001
(1788787773.613929) can0 04FF3604#0003000300C80100
(1788787773.621077) can0 03FF1001#0000000000000000
(1788787773.631929) can0 03FF1603#0000D10E00000000
(1788787773.642092) can0 03FF1605#0100000000000000
(1788787773.643929) can0 04FF3604#0004000300C80100
(1788787773.653929) can0 04FF3602#0000000000000000
(1788787773.673934) can0 04FF3604#0003000300C80100
(1788787773.700932) can0 02181606#0100190001030200
(1788787773.703931) can0 04FF3604#0005000300C80100
(1788787773.715933) can0 03FF1000#0840112200000001
(1788787773.726083) can0 03FF1001#0000000000000000
(1788787773.730932) can0 02203606#0101000100010000
(1788787773.733932) can0 04FF3604#0006000300C80100
(1788787773.736932) can0 03FF1603#0000D10E00000000
(1788787773.747050) can0 03FF1605#0100000000000000
(1788787773.757934) can0 03121606#0000000000000000
(1788787773.760933) can0 02181608#0500000001000000
(1788787773.763935) can0 04FF3604#0004000300C80100
(1788787773.780086) can0 13B76400#01
(1788787773.790936) can0 02181609#0000000000000000
(1788787773.793935) can0 04FF3604#0005000300C80100
(1788787773.820940) can0 02488600#0000000000000000
(1788787773.821003) can0 03FF1000#0840112200000001
(1788787773.823937) can0 04FF3604#0005000300C80100
(1788787773.831065) can0 03FF1001#0000000000000000
(1788787773.841941) can0 03FF1603#0000D10E00000000
(1788787773.842108) can0 05FF4610#0000D14EFFFFFFA3
(1788787773.850193) can0 02294503#
(1788787773.851937) can0 05124503#00150C0900000C62
(1788787773.852938) can0 03FF1605#0100000000000000
(1788787773.853938) can0 04FF3604#0002000300C80100
(1788787773.883942) can0 04FF3604#0004000300C80100
(1788787773.913942) can0 04FF3604#0003000300C80100
(1788787773.925942) can0 03FF1000#0840112200000001
(1788787773.936077) can0 03FF1001#0000000000000000
(1788787773.943944) can0 04FF3604#0003000300C80100
(1788787773.946943) can0 03FF1603#0000D10E00000000
(1788787773.957082) can0 03FF1605#0100000000000000
(1788787773.973945) can0 04FF3604#0005000300C80100
(1788787774.003947) can0 04FF3604#0004000300C80100
(1788787774.030948) can0 03FF1000#0840112200000001
(1788787774.033947) can0 04FF3604#0005000300C80100
(1788787774.041071) can0 03FF1001#0000000000000000
(1788787774.051949) can0 03FF1603#0000D10E00000000
(1788787774.062076) can0 03FF1605#0100000000000000
(1788787774.062948) can0 05FF4001#0000000000000000
(1788787774.063949) can0 04FF3604#0002000300C80100
(1788787774.064948) can0 05FF4000#0000000000000000
(1788787774.079950) can0 13B76400#01
(1788787774.093955) can0 04FF3604#0005000300C80100
(1788787774.123954) can0 04FF3604#0005000300C80100
(1788787774.133953) can0 05FF4610#0000D14EFFFFFF9E
(1788787774.135952) can0 03FF1000#0840112200000001
(1788787774.146081) can0 03FF1001#0000000000000000
(1788787774.153954) can0 04FF3602#0000000000000000
(1788787774.154008) can0 04FF3604#0005000300C80100
(1788787774.156952) can0 03FF1603#0000D10E00000000
(1788787774.167059) can0 03FF1605#0100000000000000
(1788787774.172954) can0 05FF4602#1110171017101710
(1788787774.182955) can0 05FF4603#18101A101C101D10
(1788787774.183954) can0 04FF3604#0006000300C80100
(1788787774.190956) can0 02FF2605#0000060907030904
(1788787774.192954) can0 05FF4604#1B101C101D101F10
(1788787774.202955) can0 05FF4605#1A10000000000000
(1788787774.213956) can0 04FF3604#0004000300C80100
(1788787774.220957) can0 02FF2604#0000000000000000
(1788787774.232956) can0 05FF4606#1D1D1C
(1788787774.240959) can0 03FF1000#0840112200000001
(1788787774.243957) can0 04FF3604#0003000300C80100
(1788787774.244011) can0 05FF4607#1D1C1C
(1788787774.250958) can0 02FF2704#0200000000000000
(1788787774.251957) can0 03FF1001#0000000000000000
(1788787774.253957) can0 05FF4608#0019007C
(1788787774.261959) can0 03FF1603#0000D10E00000000
(1788787774.263958) can0 05FF4609#030003D403CA00
(1788787774.272064) can0 03FF1605#0100000000000000
(1788787774.273958) can0 04FF3604#0002000300C80100
(1788787774.280959) can0 0260B606#0100000000000000
(1788787774.303965) can0 04FF3604#0004000300C80100
(1788787774.312962) can0 02203607#0000000300000000
(1788787774.333966) can0 04FF3604#0005000300C80100
(1788787774.345963) can0 03FF1000#0840112200000001
(1788787774.350962) can0 13B76400#01
(1788787774.356078) can0 03FF1001#0000000000000000
(1788787774.363965) can0 04FF3604#0006000300C80100
(1788787774.366965) can0 03FF1603#0000D10E00000000
(1788787774.377079) can0 03FF1605#0100000000000000
(1788787774.393965) can0 04FF3604#0005000300C80100
(1788787774.396964) can0 05FF4610#0000D14EFFFFFF9E
(1788787774.423967) can0 04FF3604#0004000300C80100
(1788787774.450969) can0 03FF1000#0840112200000001
(1788787774.453966) can0 04FF3604#0005000300C80100
(1788787774.461024) can0 02181606#0100190001030200
(1788787774.461967) can0 03FF1001#0000000000000000
(1788787774.471970) can0 03FF1603#0000D10E00000000
(1788787774.482096) can0 03FF1605#0100000000000000
(1788787774.483968) can0 04FF3604#0004000300C80100
(1788787774.491166) can0 02203606#0101000100010000
(1788787774.513971) can0 04FF3604#0003000300C80100
(1788787774.514025) can0 03FF1600#142B000104001319
(1788787774.521180) can0 02181608#0500000001000000
(1788787774.524074) can0 03FF1601#6E50000000000000
(1788787774.534971) can0 03FF1602#000005000000157C
(1788787774.543972) can0 04FF3604#0003000300C80100
(1788787774.545122) can0 03FF1604#0000000000000000
(1788787774.551227) can0 02181609#0000000000000000
(1788787774.555972) can0 03FF1000#0840112200000001
(1788787774.566124) can0 03FF1001#0000000000000000
(1788787774.573973) can0 04FF3604#0006000300C80100
(1788787774.576973) can0 03FF1603#0000D10E00000000
(1788787774.581974) can0 02488600#0000000000000000
(1788787774.587094) can0 03FF1605#0100000000000000
(1788787774.597978) can0 03121606#0000000000000000
(1788787774.603975) can0 04FF3604#0006000300C80100
(1788787774.610975) can0 02294504#
(1788787774.611974) can0 05124504#1D
(1788787774.630978) can0 13B76400#01
(1788787774.633976) can0 04FF3604#0004000300C80100
(1788787774.653978) can0 04FF3602#0000000000000000
(1788787774.659977) can0 05FF4610#0000D14EFFFFFF9E
(1788787774.660977) can0 03FF1000#0840112200000001
(1788787774.663977) can0 04FF3604#0006000400C80100
(1788787774.671094) can0 03FF1001#0000000000000000
(1788787774.681979) can0 03FF1603#0000D10E00000000
(1788787774.692106) can0 03FF1605#0100000000000000
(1788787774.693979) can0 04FF3604#0004000300C80100
(1788787774.723981) can0 04FF3604#0005000300C80100
(1788787774.753983) can0 04FF3604#0004000300C80100
(1788787774.765983) can0 03FF1000#0840112200000001
(1788787774.776100) can0 03FF1001#0000000000000000
(1788787774.783983) can0 04FF3604#0004000300C80100
(1788787774.786983) can0 03FF1603#0000D10E00000000
(1788787774.797100) can0 03FF1605#0100000000000000
(1788787774.813988) can0 04FF3604#0004000300C80100
(1788787774.843990) can0 04FF3604#0004000300C80100
(1788787774.870989) can0 03FF1000#0840112200000001
(1788787774.873987) can0 04FF3604#0007000300C80100
(1788787774.881114) can0 03FF1001#0000000000000000
(1788787774.891989) can0 03FF1603#0000D10E00000000
(1788787774.902095) can0 03FF1605#0100000000000000
(1788787774.903988) can0 04FF3604#0005000300C80100
(1788787774.933992) can0 04FF3604#0004000300C80100
(1788787774.936078) can0 05FF4610#0000D14EFFFFFF9E
(1788787774.963994) can0 04FF3604#0005000300C80100
(1788787774.975994) can0 03FF1000#0840112200000001
(1788787774.986109) can0 03FF1001#0000000000000000
(1788787774.993994) can0 04FF3604#0006000300C80100
(1788787774.996993) can0 03FF1603#0000D10E00000000
(1788787775.007110) can0 03FF1605#0100000000000000
(1788787775.023996) can0 04FF3604#0004000400C80100
(1788787775.053998) can0 04FF3604#0004000300C80100
(1788787775.080999) can0 03FF1000#0840112200000001
(1788787775.083997) can0 04FF3604#0003000300C80100
(1788787775.091118) can0 03FF1001#0000000000000000
(1788787775.102004) can0 03FF1603#0000D10E00000000
(1788787775.112104) can0 03FF1605#0100000000000000
(1788787775.113999) can0 04FF3604#0006000300C80100
(1788787775.140165) can0 05FF4001#0000000000000000
(1788787775.142185) can0 05FF4000#0000000000000000
(1788787775.144001) can0 04FF3604#0003000300C80100
(1788787775.154001) can0 04FF3602#0000000000000000
(1788787775.174003) can0 04FF3604#0004000300C80100
(1788787775.186003) can0 03FF1000#0840112200000001
(1788787775.196096) can0 03FF1001#0000000000000000
(1788787775.202003) can0 02FF2605#0000060907030905
(1788787775.204003) can0 04FF3604#0004000300C80100
(1788787775.207002) can0 03FF1603#0000D10E00000000
(1788787775.217131) can0 03FF1605#0100000000000000
(1788787775.223178) can0 05FF4602#1110171017101710
(1788787775.228178) can0 05FF4610#0000D14FFFFFFFA3
(1788787775.232004) can0 02FF2604#0000000000000000
(1788787775.233166) can0 05FF4603#18101A101D101D10
(1788787775.234004) can0 04FF3604#0004000300C80100
(1788787775.243179) can0 05FF4604#1B101C101D101F10
(1788787775.253211) can0 05FF4605#1A10000000000000
(1788787775.264007) can0 04FF3604#0003000300C80100
(1788787775.264061) can0 02FF2704#0200000000000000
(1788787775.283044) can0 05FF4606#1D1D1C
(1788787775.291007) can0 03FF1000#0840112200000001
(1788787775.292007) can0 0260B606#0100000000000000
(1788787775.293042) can0 05FF4607#1D1B1C
(1788787775.294007) can0 04FF3604#0006000300C80100
(1788787775.301102) can0 03FF1001#0000000000000000
(1788787775.303077) can0 05FF4608#0019007C
(1788787775.312013) can0 03FF1603#0000D10E00000000
(1788787775.313170) can0 05FF4609#030003D403CA00
(1788787775.322011) can0 02203607#0000000300000000
(1788787775.323009) can0 03FF1605#0100000000000000
(1788787775.324008) can0 04FF3604#0004000400C80100
(1788787775.352011) can0 02181606#0100190001030200
(1788787775.354010) can0 04FF3604#0003000300C80100
(1788787775.383013) can0 02203606#0101000100010000
(1788787775.384011) can0 04FF3604#0004000300C80100
(1788787775.396013) can0 03FF1000#0840112200000001
(1788787775.406118) can0 03FF1001#0000000000000000
(1788787775.412013) can0 02181608#0500000001000000
(1788787775.414013) can0 04FF3604#0005000300C80100
(1788787775.417013) can0 03FF1603#0000D10E00000000
(1788787775.427105) can0 03FF1605#0100000000000000
(1788787775.438015) can0 03121606#0000000000000000
(1788787775.444015) can0 04FF3604#0005000300C80100
(1788787775.444254) can0 02181609#0000000000000000
(1788787775.472017) can0 02488600#0000000000000000
(1788787775.474016) can0 04FF3604#0005000300C80100
(1788787775.490017) can0 05FF4610#0000D14FFFFFFFA3
(1788787775.501020) can0 03FF1000#0840112200000001
(1788787775.502017) can0 02191502#
(1788787775.504017) can0 04FF3604#0004000300C80100
(1788787775.509260) can0 05FF4600#0D0300900303
(1788787775.511075) can0 03FF1001#0000000000000000
(1788787775.522020) can0 03FF1603#0000D10E00000000
(1788787775.532112) can0 03FF1605#0100000000000000
(1788787775.534018) can0 04FF3604#0005000300C80100
(1788787775.543019) can0 03FF1502#0100000000000000
(1788787775.553074) can0 03FF1600#142B000104001319
(1788787775.564021) can0 04FF3604#0004000400C80100
(1788787775.564086) can0 03FF1601#6E50000000000000
(1788787775.574080) can0 03FF1602#000005000000157C
(1788787775.585021) can0 03FF1604#0000000000000000
(1788787775.594028) can0 04FF3604#0005000300C80100
(1788787775.606028) can0 03FF1000#0840112200000001
(1788787775.616104) can0 03FF1001#0000000000000000
(1788787775.624025) can0 04FF3604#0006000300C80100
(1788787775.627024) can0 03FF1603#0000D10E00000000
(1788787775.637106) can0 03FF1605#0100000000000000
(1788787775.654026) can0 04FF3602#0000000000000000
(1788787775.654086) can0 04FF3604#0004000300C80100
(1788787775.684027) can0 04FF3604#0004000300C80100
(1788787775.711029) can0 03FF1000#0840112200000001
(1788787775.714027) can0 04FF3604#0007000300C80100
(1788787775.721097) can0 03FF1001#0000000000000000
(1788787775.732030) can0 03FF1603#0000D10E00000000
(1788787775.742110) can0 03FF1605#0100000000000000
(1788787775.744029) can0 04FF3604#0006000300C80100
(1788787775.764031) can0 05FF4610#0000D14FFFFFFFA3
(1788787775.774031) can0 04FF3604#0006000300C80100
(1788787775.804034) can0 04FF3604#0006000300C80100
(1788787775.816037) can0 03FF1000#0840112200000001
(1788787775.826100) can0 03FF1001#0000000000000000
(1788787775.834036) can0 04FF3604#0004000300C80100
(1788787775.837033) can0 03FF1603#0000D10E00000000
(1788787775.847118) can0 03FF1605#0100000000000000
(1788787775.864036) can0 04FF3604#0005000300C80100
(1788787775.894038) can0 04FF3604#0005000300C80100
(1788787775.921040) can0 03FF1000#0840112200000001
(1788787775.924039) can0 04FF3604#0005000300C80100
(1788787775.931091) can0 03FF1001#0000000000000000
(1788787775.942039) can0 03FF1603#0000D10E00000000
(1788787775.952110) can0 03FF1605#0100000000000000
(1788787775.954039) can0 04FF3604#0004000300C80100
(1788787775.983042) can0 02181606#0100190001030200
(1788787775.984040) can0 04FF3604#0005000300C80100
(1788787776.013044) can0 02203606#0101000100010000
(1788787776.014042) can0 04FF3604#0004000300C80100
(1788787776.025043) can0 05FF4610#0000D14FFFFFFFA3
(1788787776.026042) can0 03FF1000#0840112200000001
(1788787776.036136) can0 03FF1001#0000000000000000
(1788787776.043043) can0 02181608#0500000001000000
(1788787776.044043) can0 04FF3604#0004000300C80100
(1788787776.047045) can0 03FF1603#0000D10E00000000
(1788787776.057114) can0 03FF1605#0100000000000000
(1788787776.068044) can0 03121606#0000000000000000
(1788787776.074045) can0 04FF3604#0007000300C80100
(1788787776.093046) can0 02181609#0000000000000000
(1788787776.104054) can0 04FF3604#0005000300C80100
(1788787776.123054) can0 02488600#0000000000000000
(1788787776.131050) can0 03FF1000#0840112200000001
(1788787776.134048) can0 04FF3604#0004000300C80100
(1788787776.141129) can0 03FF1001#0000000000000000
(1788787776.152050) can0 03FF1603#0000D10E00000000
(1788787776.153048) can0 02191503#
(1788787776.154048) can0 04FF3602#0000000000000000
(1788787776.162108) can0 03FF1605#0100000000000000
(1788787776.164049) can0 04FF3604#0004000300C80100
(1788787776.173049) can0 03FF1503#0100000000000000
(1788787776.185052) can0 05FF4001#0000000000000000
(1788787776.187050) can0 05FF4000#0000000000000000
(1788787776.194051) can0 04FF3604#0005000300C80100
(1788787776.214053) can0 02FF2605#0000060907030906
(1788787776.224053) can0 04FF3604#0005000300C80100
(1788787776.236053) can0 03FF1000#0840112200000001
(1788787776.243054) can0 02FF2604#0000000000000000
(1788787776.246106) can0 03FF1001#0000000000000000
(1788787776.254055) can0 04FF3604#0004000300C80100
(1788787776.257054) can0 03FF1603#0000D10E00000000
(1788787776.267101) can0 03FF1605#0100000000000000
(1788787776.268054) can0 05FF4602#1110171017101710
(1788787776.273054) can0 02FF2704#0200000000000000
(1788787776.278056) can0 05FF4603#17101A101D101D10
(1788787776.284054) can0 04FF3604#0004000300C80100
(1788787776.289054) can0 05FF4604#1B101C101D101E10
(1788787776.299056) can0 05FF4605#1A10000000000000
(1788787776.303059) can0 0260B606#0100000000000000
(1788787776.314060) can0 04FF3604#0005000300C80100
(1788787776.317061) can0 05FF4610#0000D14DFFFFFF9E
(1788787776.329059) can0 05FF4606#1D1D1C
(1788787776.333057) can0 02203607#0000000300000000
(1788787776.339058) can0 05FF4607#1D1B1C
(1788787776.341060) can0 03FF1000#0840112200000001
(1788787776.344058) can0 04FF3604#0004000300C80100
(1788787776.349058) can0 05FF4608#0019007C
(1788787776.351117) can0 03FF1001#0000000000000000
(1788787776.359060) can0 05FF4609#030003D403CA00
(1788787776.362059) can0 03FF1603#0000D10E00000000
(1788787776.372129) can0 03FF1605#0100000000000000
(1788787776.374058) can0 04FF3604#0005000300C80100
(1788787776.404062) can0 04FF3604#0005000300C80100
(1788787776.434064) can0 04FF3604#0005000300C80100
(1788787776.446063) can0 03FF1000#0840112200000001
(1788787776.456119) can0 03FF1001#0000000000000000
(1788787776.464064) can0 04FF3604#0004000300C80100
(1788787776.467064) can0 03FF1603#0000D10E00000000
(1788787776.477123) can0 03FF1605#0100000000000000
(1788787776.494065) can0 04FF3604#0004000300C80100
(1788787776.524068) can0 04FF3604#0004000300C80100
(1788787776.530068) can0 03FF1600#142B000104001319
(1788787776.540103) can0 03FF1601#6E50000000000000
(1788787776.551069) can0 03FF1602#000005000000157C
(1788787776.554067) can0 04FF3604#0005000300C80100
(1788787776.561125) can0 03FF1604#0000000000000000
(1788787776.572068) can0 03FF1000#0840112200000001
(1788787776.580071) can0 05FF4610#0000D14DFFFFFF9E
(1788787776.582115) can0 03FF1001#0000000000000000
(1788787776.583323) can0 04FF3604#0003000300C80100
(1788787776.593070) can0 03FF1603#0000D10E00000000
(1788787776.603122) can0 03FF1605#0100000000000000
(1788787776.614075) can0 04FF3604#0007000400C80100
(1788787776.644074) can0 04FF3604#0005000300C80100
(1788787776.654073) can0 04FF3602#0000000000000000
(1788787776.656072) can0 03FF1000#0840112200000001
(1788787776.666132) can0 03FF1001#0000000000000000
(1788787776.674074) can0 04FF3604#0005000200C80100
(1788787776.677073) can0 03FF1603#0000D10E00000000
(1788787776.687116) can0 03FF1605#0100000000000000
(1788787776.703329) can0 04FF3604#0003000300C80100
(1788787776.733331) can0 04FF3604#0003000300C80100
(1788787776.743274) can0 02181606#0100190001030200
(1788787776.761081) can0 03FF1000#0840112200000001
(1788787776.763333) can0 04FF3604#0008000300C80100
(1788787776.771125) can0 03FF1001#0000000000000000
(1788787776.774079) can0 02203606#0101000100010000
(1788787776.782080) can0 03FF1603#0000D10E00000000
(1788787776.792149) can0 03FF1605#0100000000000000
(1788787776.794079) can0 04FF3604#0005000300C80100
(1788787776.803079) can0 03121606#0000000000000000
(1788787776.804079) can0 02181608#0500000001000000
(1788787776.824084) can0 04FF3604#0003000300C80100
(1788787776.834083) can0 02181609#0000000000000000
(1788787776.853337) can0 04FF3604#0004000300C80100
(1788787776.857082) can0 05FF4610#0000D14DFFFFFF9E
(1788787776.864083) can0 02488600#0000000000000000
(1788787776.866082) can0 03FF1000#0840112200000001
(1788787776.876118) can0 03FF1001#0000000000000000
(1788787776.883334) can0 04FF3604#0006000300C80100
(1788787776.887083) can0 03FF1603#0000D10E00000000
(1788787776.893199) can0 02191504#
(1788787776.897165) can0 03FF1605#0100000000000000
(1788787776.908084) can0 03FF1504#0000001D00000000
(1788787776.913340) can0 04FF3604#0002000300C80100
(1788787776.924086) can0 02F82400#D303000000000000
(1788787776.943342) can0 04FF3604#0003000300C80100
(1788787776.954087) can0 02FF2602#6143115D14C757AF
(1788787776.971088) can0 03FF1000#0840112200000001
(1788787776.973342) can0 04FF3604#0005000300C80100
(1788787776.981146) can0 03FF1001#0000000000000000
(1788787776.992089) can0 03FF1603#0000D10E00000000
(1788787777.002123) can0 03FF1605#0100000000000000
(1788787777.003332) can0 04FF3604#0004000300C80100
(1788787777.033322) can0 04FF3604#0003000300C80100
(1788787777.063331) can0 04FF3604#0006000300C80100
(1788787777.076093) can0 03FF1000#0840112200000001
(1788787777.086140) can0 03FF1001#0000000000000000
(1788787777.093338) can0 04FF3604#0006000300C80100
(1788787777.097100) can0 03FF1603#0000D10E00000000
(1788787777.107133) can0 03FF1605#0100000000000000
(1788787777.122096) can0 05FF4610#0000D14DFFFFFF9E
(1788787777.123349) can0 04FF3604#0006000300C80100
(1788787777.153336) can0 04FF3602#0000000000000000
(1788787777.154100) can0 04FF3604#0003000300C80100
(1788787777.181099) can0 03FF1000#0840112200000001
(1788787777.183330) can0 04FF3604#0004000300C80100
(1788787777.191140) can0 03FF1001#0000000000000000
(1788787777.202099) can0 03FF1603#0000D10E00000000
(1788787777.212136) can0 03FF1605#0100000000000000
(1788787777.213330) can0 04FF3604#0007000300C80100
(1788787777.223100) can0 03FF1400#0000000B00000000
(1788787777.224099) can0 02FF2605#0000060907030907
(1788787777.239102) can0 05FF4001#0000000000000000
(1788787777.241100) can0 05FF4000#0000000000000000
(1788787777.243304) can0 04FF3604#0003000300C80100
(1788787777.254103) can0 02FF2604#0000000000000000
(1788787777.273347) can0 04FF3604#0004000300C80100
(1788787777.284106) can0 02FF2704#0200000000000000
(1788787777.286103) can0 03FF1000#0840112200000001
(1788787777.296139) can0 03FF1001#0000000000000000
(1788787777.303338) can0 04FF3604#0004000300C80100
(1788787777.307105) can0 03FF1603#0000D10E00000000
(1788787777.314109) can0 0260B606#0100000000000000
(1788787777.317128) can0 03FF1605#0100000000000000
(1788787777.322106) can0 05FF4602#1110171017101710
(1788787777.332106) can0 05FF4603#18101A101C101D10
(1788787777.333331) can0 04FF3604#0004000400C80100
(1788787777.342106) can0 05FF4604#1B101C101D101F10
(1788787777.344105) can0 02203607#0000000300000000
(1788787777.352106) can0 05FF4605#1A10000000000000
(1788787777.363312) can0 04FF3604#0004000300C80100
(1788787777.383109) can0 05FF4606#1D1D1C
(1788787777.391109) can0 03FF1000#0840112200000001
(1788787777.393107) can0 05FF4607#1D1C1C
(1788787777.394108) can0 04FF3604#0004000300C80100
(1788787777.401143) can0 03FF1001#0000000000000000
(1788787777.403108) can0 05FF4608#0019007C
(1788787777.412112) can0 03FF1603#0000D10E00000000
(1788787777.413109) can0 05FF4609#030003D403CA00
(1788787777.414109) can0 05FF4610#0000D14EFFFFFFA9
(1788787777.422109) can0 03FF1605#0100000000000000
(1788787777.423329) can0 04FF3604#0006000300C80100
(1788787777.453329) can0 04FF3604#0003000300C80100
(1788787777.483322) can0 04FF3604#0005000300C80100
(1788787777.496114) can0 03FF1000#0840112200000001
(1788787777.504114) can0 02181606#0100190001030200
(1788787777.506126) can0 03FF1001#0000000000000000
(1788787777.513334) can0 04FF3604#0005000300C80100
(1788787777.517113) can0 03FF1603#0000D10E00000000
(1788787777.527137) can0 03FF1605#0100000000000000
(1788787777.534116) can0 02203606#0101000100010000
(1788787777.538115) can0 03FF1600#142B000104001319
(1788787777.543323) can0 04FF3604#0004000300C80100
(1788787777.548115) can0 03FF1601#6E50000000000000
(1788787777.559117) can0 03FF1602#000005000000157C
(1788787777.564116) can0 02181608#0500000001000000
(1788787777.569151) can0 03FF1604#0000000000000000
(1788787777.573313) can0 04FF3604#0004000300C80100
(1788787777.594119) can0 02181609#0000000000000000
(1788787777.601124) can0 03FF1000#0840112200000001
(1788787777.603341) can0 04FF3604#0006000300C80100
(1788787777.611123) can0 03FF1001#0000000000000000
(1788787777.622120) can0 03FF1603#0000D10E00000000
(1788787777.624130) can0 02488600#0000000000000000
(1788787777.632146) can0 03FF1605#0100000000000000
(1788787777.633339) can0 04FF3604#0005000300C80100
(1788787777.643122) can0 03121606#0000000000000000
(1788787777.653341) can0 04FF3400#0000057A00000000
(1788787777.654120) can0 04FF3602#0000000000000000
(1788787777.654198) can0 02213502#
(1788787777.664124) can0 04F93502#0000000000000000
(1788787777.664187) can0 04FF3604#0004000400C80100
(1788787777.675157) can0 05FF4610#0000D14EFFFFFFA9
(1788787777.693320) can0 04FF3604#0005000400C80100
(1788787777.706125) can0 03FF1000#0840112200000001
(1788787777.716147) can0 03FF1001#0000000000000000
(1788787777.723344) can0 04FF3604#0004000300C80100
(1788787777.727124) can0 03FF1603#0000D10E00000000
(1788787777.737144) can0 03FF1605#0100000000000000
(1788787777.753334) can0 04FF3604#0004000300C80100
(1788787777.783325) can0 04FF3604#0004000300C80100
(1788787777.811133) can0 03FF1000#0840112200000001
(1788787777.813313) can0 04FF3604#0004000300C80100
(1788787777.821140) can0 03FF1001#0000000000000000
(1788787777.832133) can0 03FF1603#0000D10E00000000
(1788787777.842157) can0 03FF1605#0100000000000000
(1788787777.843310) can0 04FF3604#0007000300C80100
(1788787777.873331) can0 04FF3604#0004000300C80100
(1788787777.903319) can0 04FF3604#0006000300C80100
(1788787777.916135) can0 03FF1000#0840112200000001
(1788787777.926176) can0 03FF1001#0000000000000000
(1788787777.933320) can0 04FF3604#0007000300C80100
(1788787777.937134) can0 03FF1603#0000D10E00000000
(1788787777.947158) can0 03FF1605#0100000000000000
(1788787777.949262) can0 05FF4610#0000D14EFFFFFFA9
(1788787777.963334) can0 04FF3604#0006000300C80100
(1788787777.993312) can0 04FF3604#0005000400C80100
(1788787778.021140) can0 03FF1000#0840112200000001
(1788787778.023319) can0 04FF3604#0005000300C80100
(1788787778.031150) can0 03FF1001#0000000000000000
(1788787778.042141) can0 03FF1603#0000D10E00000000
(1788787778.052163) can0 03FF1605#0100000000000000
(1788787778.053308) can0 04FF3604#0005000300C80100
(1788787778.083328) can0 04FF3604#0008000300C80100
(1788787778.113318) can0 04FF3604#0005000300C80100
(1788787778.126150) can0 03FF1000#0840112200000001
(1788787778.136158) can0 03FF1001#0000000000000000
(1788787778.143330) can0 04FF3604#0005000300C80100
(1788787778.147144) can0 03FF1603#0000D10E00000000
(1788787778.153320) can0 04FF3602#0000000000000000
(1788787778.157145) can0 03FF1605#0100000000000000
(1788787778.173320) can0 04FF3604#0005000300C80100
(1788787778.203334) can0 04FF3604#0005000300C80100
(1788787778.231153) can0 03FF1000#0840112200000001
(1788787778.233306) can0 04FF3604#0004000300C80100
(1788787778.235149) can0 02FF2605#0000060907030908
(1788787778.239357) can0 05FF4610#0000D14DFFFFFFA3
(1788787778.241148) can0 03FF1001#0000000000000000
(1788787778.252150) can0 03FF1603#0000D10E00000000
(1788787778.262163) can0 03FF1605#0100000000000000
(1788787778.263334) can0 04FF3604#0004000400C80100
(1788787778.265404) can0 02FF2604#0000000000000000
(1788787778.285367) can0 05FF4001#0000000000000000
(1788787778.288151) can0 05FF4000#0000000000000000
(1788787778.293313) can0 04FF3604#0004000300C80100
(1788787778.295313) can0 02FF2704#0200000000000000
(1788787778.323315) can0 04FF3604#0003000300C80100
(1788787778.325153) can0 0260B606#0100000000000000
(1788787778.336156) can0 03FF1000#0840112200000001
(1788787778.346155) can0 03FF1001#0000000000000000
(1788787778.353316) can0 04FF3604#0004000300C80100
(1788787778.357156) can0 03FF1603#0000D10E00000000
(1788787778.357220) can0 02203607#0000000300000000
(1788787778.367157) can0 03FF1605#0100000000000000
(1788787778.368404) can0 05FF4602#1110171017101610
(1788787778.378399) can0 05FF4603#18101A101C101D10
(1788787778.383318) can0 04FF3604#0004000300C80100
(1788787778.385156) can0 02181606#0100190001030200
(1788787778.388406) can0 05FF4604#1B101C101D101F10
(1788787778.398412) can0 05FF4605#1A10000000000000
(1788787778.413320) can0 04FF3604#0005000300C80100
(1788787778.415157) can0 02203606#0101000100010000
(1788787778.428216) can0 05FF4606#1D1D1C
(1788787778.438217) can0 05FF4607#1D1B1C
(1788787778.441158) can0 03FF1000#0840112200000001
(1788787778.443320) can0 04FF3604#0006000300C80100
(1788787778.445158) can0 02181608#0500000001000000
(1788787778.448274) can0 05FF4608#0019007C
(1788787778.451159) can0 03FF1001#0000000000000000
(1788787778.458414) can0 05FF4609#030003D403CA00
(1788787778.462161) can0 03FF1603#0000D10E00000000
(1788787778.472161) can0 03FF1605#0100000000000000
(1788787778.473310) can0 04FF3604#0003000300C80100
(1788787778.475159) can0 02181609#0000000000000000
(1788787778.483161) can0 03121606#0000000000000000
(1788787778.503163) can0 05FF4610#0000D14DFFFFFFA3
(1788787778.503320) can0 04FF3604#0004000400C80100
(1788787778.505161) can0 02488600#0000000000000000
(1788787778.533298) can0 04FF3604#0004000300C80100
(1788787778.535163) can0 02213503#
(1788787778.543315) can0 04F93503#0000000000000000
(1788787778.546163) can0 03FF1000#0840112200000001
(1788787778.556182) can0 03FF1001#0000000000000000
(1788787778.563327) can0 04FF3604#0006000300C80100
(1788787778.567164) can0 03FF1600#142B000104001319
(1788787778.577166) can0 03FF1601#6E50000000000000
(1788787778.588167) can0 03FF1602#000005000000157C
(1788787778.593316) can0 04FF3604#0006000300C80100
(1788787778.598166) can0 03FF1603#0000D10E00000000
(1788787778.609167) can0 03FF1604#0000000000000000
(1788787778.619169) can0 03FF1605#0100000000000000
(1788787778.623324) can0 04FF3604#0004000300C80100
(1788787778.651173) can0 03FF1000#0840112200000001
(1788787778.653314) can0 04FF3602#0000000000000000
(1788787778.654169) can0 04FF3604#0005000300C80100
(1788787778.661172) can0 03FF1001#0000000000000000
(1788787778.672171) can0 03FF1603#0000D10E00000000
(1788787778.682170) can0 03FF1605#0100000000000000
(1788787778.683320) can0 04FF3604#0004000300C80100
(1788787778.713312) can0 04FF3604#0003000300C80100
(1788787778.743313) can0 04FF3604#0005000300C80100
(1788787778.756174) can0 03FF1000#0840112200000001
(1788787778.766175) can0 03FF1001#0000000000000000
(1788787778.773313) can0 04FF3604#0005000300C80100
(1788787778.777175) can0 03FF1603#0000D10E00000000
(1788787778.779175) can0 05FF4610#0000D14DFFFFFFA3
(1788787778.787176) can0 03FF1605#0100000000000000
(1788787778.803315) can0 04FF3604#0004000300C80100
(1788787778.833308) can0 04FF3604#0005000300C80100
(1788787778.861182) can0 03FF1000#0840112200000001
(1788787778.863306) can0 04FF3604#0005000300C80100
(1788787778.871179) can0 03FF1001#0000000000000000
(1788787778.882180) can0 03FF1603#0000D10E00000000
(1788787778.892181) can0 03FF1605#0100000000000000
(1788787778.893330) can0 04FF3604#0005000300C80100
(1788787778.923311) can0 04FF3604#0003000300C80100
(1788787778.953312) can0 04FF3604#0005000300C80100
(1788787778.966186) can0 03FF1000#0840112200000001
(1788787778.976184) can0 03FF1001#0000000000000000
(1788787778.983312) can0 04FF3604#0005000300C80100
(1788787778.987185) can0 03FF1603#0000D10E00000000
(1788787778.997186) can0 03FF1605#0100000000000000
(1788787779.013302) can0 04FF3604#0004000300C80100
(1788787779.026187) can0 02181606#0100190001030200
(1788787779.043305) can0 04FF3604#0007000300C80100
(1788787779.044188) can0 05FF4610#0000D14DFFFFFFA3
(1788787779.071191) can0 03FF1000#0840112200000001
(1788787779.073304) can0 04FF3604#0004000300C80100
(1788787779.078189) can0 02203606#0101000100010000
(1788787779.081188) can0 03FF1001#0000000000000000
(1788787779.092191) can0 03FF1603#0000D10E00000000
(1788787779.102190) can0 03FF1605#0100000000000000
(1788787779.103317) can0 04FF3604#0004000300C80100
(1788787779.106191) can0 02181608#0500000001000000
(1788787779.113192) can0 03121606#0000000000000000
(1788787779.133308) can0 04FF3604#0005000300C80100
(1788787779.136197) can0 02181609#0000000000000000
(1788787779.153309) can0 04FF3602#0000000000000000
(1788787779.163451) can0 04FF3604#0004000300C80100
(1788787779.166196) can0 02488600#0000000000000000
(1788787779.176194) can0 03FF1000#0840112200000001
(1788787779.186194) can0 03FF1001#0000000000000000
(1788787779.193311) can0 04FF3604#0005000300C80100
(1788787779.195426) can0 02213504#
(1788787779.197194) can0 03FF1603#0000D10E00000000
(1788787779.203323) can0 04F93504#0000000000000000
(1788787779.207195) can0 03FF1605#0100000000000000
(1788787779.223304) can0 04FF3604#0003000300C80100
(1788787779.246199) can0 02FF2605#0000060907030909
(1788787779.253297) can0 04FF3604#0005000300C80100
(1788787779.276294) can0 02FF2604#0000000000000000
(1788787779.281199) can0 03FF1000#0840112200000001
(1788787779.283291) can0 04FF3604#0004000300C80100
(1788787779.291201) can0 03FF1001#0000000000000000
(1788787779.302200) can0 03FF1603#0000D10E00000000
(1788787779.306200) can0 02FF2704#0200000000000000
(1788787779.312204) can0 03FF1605#0100000000000000
(1788787779.313304) can0 04FF3604#0005000300C80100
(1788787779.336205) can0 0260B606#0100000000000000
(1788787779.336326) can0 05FF4610#0000D14CFFFFFFA3
(1788787779.338201) can0 05FF4001#0000000000000000
(1788787779.340202) can0 05FF4000#0000000000000000
(1788787779.343295) can0 04FF3604#0006000300C80100
(1788787779.366204) can0 02203607#0000000300000000
(1788787779.373296) can0 04FF3604#0005000300C80100
(1788787779.386204) can0 03FF1000#0840112200000001
(1788787779.396206) can0 03FF1001#0000000000000000
(1788787779.403298) can0 04FF3604#0004000300C80100
(1788787779.407204) can0 03FF1603#0000D10E00000000
(1788787779.417206) can0 03FF1605#0100000000000000
(1788787779.421205) can0 05FF4602#1110171017101710
(1788787779.431206) can0 05FF4603#17101A101C101D10
(1788787779.433310) can0 04FF3604#0005000300C80100
(1788787779.441207) can0 05FF4604#1B101C101D101E10
(1788787779.451207) can0 05FF4605#1A10000000000000
(1788787779.463300) can0 04FF3604#0004000300C80100
(1788787779.481210) can0 05FF4606#1D1D1C
(1788787779.491210) can0 03FF1000#0840112200000001
(1788787779.491276) can0 05FF4607#1D1C1C
(1788787779.493313) can0 04FF3604#0003000300C80100
(1788787779.501209) can0 05FF4608#0019007C
(1788787779.501368) can0 03FF1001#0000000000000000
(1788787779.511211) can0 05FF4609#030003D403CA00
(1788787779.512209) can0 03FF1603#0000D10E00000000
(1788787779.522211) can0 03FF1605#0100000000000000
(1788787779.523298) can0 04FF3604#0004000300C80100
(1788787779.553294) can0 04FF3604#0005000300C80100
(1788787779.554212) can0 03FF1600#142B000104001319
(1788787779.564213) can0 03FF1601#6E50000000000000
(1788787779.575215) can0 03FF1602#000005000000157C
(1788787779.583283) can0 04FF3604#0003000300C80100
(1788787779.585213) can0 03FF1604#0000000000000000
(1788787779.596215) can0 03FF1000#0840112200000001
(1788787779.598215) can0 05FF4610#0000D14CFFFFFFA3
(1788787779.606215) can0 03FF1001#0000000000000000
(1788787779.613295) can0 04FF3604#0005000300C80100
(1788787779.617216) can0 03FF1603#0000D10E00000000
(1788787779.627216) can0 03FF1605#0100000000000000
(1788787779.643298) can0 04FF3604#0007000300C80100
(1788787779.653315) can0 04FF3602#0000000000000000
(1788787779.673315) can0 04FF3604#0005000300C80100
(1788787779.701221) can0 03FF1000#0840112200000001
(1788787779.703277) can0 04FF3604#0003000300C80100
(1788787779.711220) can0 03FF1001#0000000000000000
(1788787779.722221) can0 03FF1603#0000D10E00000000
(1788787779.732220) can0 03FF1605#0100000000000000
(1788787779.733289) can0 04FF3604#0004000300C80100
(1788787779.763304) can0 04FF3604#0005000300C80100
(1788787779.786225) can0 02181606#0100190001030200
(1788787779.793289) can0 04FF3604#0003000300C80100
(1788787779.806225) can0 03FF1000#0840112200000001
(1788787779.816229) can0 03FF1001#0000000000000000
(1788787779.817228) can0 02203606#0101000100010000
(1788787779.823289) can0 04FF3604#0004000300C80100
(1788787779.827225) can0 03FF1603#0000D10E00000000
(1788787779.837229) can0 03FF1605#0100000000000000
(1788787779.847230) can0 02181608#0500000001000000
(1788787779.848226) can0 03121606#0000000000000000
(1788787779.853296) can0 04FF3604#0004000300C80100
(1788787779.871229) can0 05FF4610#0000D14CFFFFFFA3
(1788787779.876343) can0 02181609#0000000000000000
(1788787779.883292) can0 04FF3604#0006000300C80100
(1788787779.906347) can0 02488600#0000000000000000
(1788787779.911229) can0 03FF1000#0840112200000001
(1788787779.913286) can0 04FF3604#0003000300C80100
(1788787779.921231) can0 03FF1001#0000000000000000
(1788787779.932230) can0 03FF1603#0000D10E00000000
(1788787779.936231) can0 02213600#
(1788787779.942232) can0 03FF1605#0100000000000000
(1788787779.943288) can0 04FF3604#0006000300C80100
(1788787779.973303) can0 04FF3604#0004000300C80100
(1788787780.003293) can0 04FF3604#0005000300C80100
(1788787780.016234) can0 03FF1000#0840112200000001
(1788787780.026236) can0 03FF1001#0000000000000000
(1788787780.033272) can0 04FF3604#0003000300C80100
(1788787780.037237) can0 03FF1603#0000D10E00000000
(1788787780.047236) can0 03FF1605#0100000000000000
(1788787780.063278) can0 04FF3604#0005000300C80100
(1788787780.093309) can0 04FF3604#0004000400C80100
(1788787780.121241) can0 03FF1000#0840112200000001
(1788787780.123297) can0 04FF3604#0004000300C80100
(1788787780.131239) can0 03FF1001#0000000000000000
(1788787780.133241) can0 05FF4610#0000D14CFFFFFFA3
(1788787780.142241) can0 03FF1603#0000D10E00000000
(1788787780.152241) can0 03FF1605#0100000000000000
(1788787780.153312) can0 04FF3602#0000000000000000
(1788787780.154242) can0 04FF3604#0004000300C80100
(1788787780.183293) can0 04FF3604#0006000300C80100
(1788787780.213281) can0 04FF3604#0002000300C80100
(1788787780.226246) can0 03FF1000#0840112200000001
(1788787780.236246) can0 03FF1001#0000000000000000
(1788787780.243292) can0 04FF3604#0005000300C80100
(1788787780.247246) can0 03FF1603#0000D10E00000000
(1788787780.257248) can0 02FF2605#0000060907030900
(1788787780.257314) can0 03FF1605#0100000000000000
(1788787780.273284) can0 04FF3604#0004000300C80100
(1788787780.287247) can0 02FF2604#0000000000000000
(1788787780.303290) can0 04FF3604#0006000300C80100
(1788787780.317253) can0 02FF2704#0200000000000000
(1788787780.331252) can0 03FF1000#0840112200000001
(1788787780.333285) can0 04FF3604#0005000300C80100
(1788787780.341251) can0 03FF1001#0000000000000000
(1788787780.347251) can0 0260B606#0100000000000000
(1788787780.352250) can0 03FF1603#0000D10E00000000
(1788787780.362253) can0 03FF1605#0100000000000000
(1788787780.363285) can0 04FF3604#0003000300C80100
(1788787780.377253) can0 02203607#0000000300000000
(1788787780.383321) can0 05FF4001#0000000000000000
(1788787780.385321) can0 05FF4000#0000000000000000
(1788787780.393283) can0 04FF3604#0004000300C80100
(1788787780.423294) can0 04FF3604#0005000300C80100
(1788787780.424339) can0 05FF4610#0000D14DFFFFFFA3
(1788787780.436255) can0 03FF1000#0840112200000001
(1788787780.446255) can0 03FF1001#0000000000000000
(1788787780.453290) can0 04FF3604#0005000300C80100
(1788787780.457255) can0 03FF1603#0000D10E00000000
(1788787780.465314) can0 05FF4602#1110171017101710
(1788787780.467256) can0 03FF1605#0100000000000000
(1788787780.475327) can0 05FF4603#17101A101C101D10
(1788787780.483292) can0 04FF3604#0005000300C80100
(1788787780.485326) can0 05FF4604#1B101C101D101F10
(1788787780.495346) can0 05FF4605#1A10000000000000
(1788787780.513293) can0 04FF3604#0004000300C80100
(1788787780.525259) can0 05FF4606#1D1D1C
(1788787780.535260) can0 05FF4607#1D1B1C
(1788787780.541259) can0 03FF1000#0840112200000001
(1788787780.543294) can0 04FF3604#0006000300C80100
(1788787780.545260) can0 05FF4608#0019007C
(1788787780.547294) can0 02181606#0100190001030200
(1788787780.551260) can0 03FF1001#0000000000000000
(1788787780.555329) can0 05FF4609#030003D403CA00
(1788787780.562261) can0 03FF1603#0000D10E00000000
(1788787780.572262) can0 03FF1605#0100000000000000
(1788787780.573279) can0 04FF3604#0004000300C80100
(1788787780.577260) can0 02203606#0101000100010000
(1788787780.583262) can0 03FF1600#142B000104001319
(1788787780.593262) can0 03FF1601#6E50000000000000
(1788787780.603293) can0 04FF3604#0008000300C80100
(1788787780.604262) can0 03FF1602#000005000000157C
(1788787780.607262) can0 02181608#0500000001000000
(1788787780.614263) can0 03FF1604#0000000000000000
(1788787780.633287) can0 04FF3604#0003000300C80100
(1788787780.640264) can0 02181609#0000000000000000
(1788787780.646265) can0 03FF1000#0840112200000001
(1788787780.653311) can0 04FF3602#0000000000000000
(1788787780.656270) can0 03FF1001#0000000000000000
(1788787780.663290) can0 04FF3604#0004000300C80100
(1788787780.667269) can0 03FF1603#0000D10E00000000
(1788787780.667331) can0 02488600#0000000000000000
(1788787780.677269) can0 03FF1605#0100000000000000
(1788787780.685418) can0 05FF4610#0000D14DFFFFFFA3
(1788787780.688268) can0 03121606#0000000000000000
(1788787780.693293) can0 04FF3604#0007000300C80100
(1788787780.696279) can0 05FF4400#0000000A
(1788787780.697268) can0 02213601#
(1788787780.723293) can0 04FF3604#0006000300C80100
(1788787780.747375) can0 05FF4600#0D0300900303
(1788787780.751269) can0 03FF1000#0840112200000001
(1788787780.753292) can0 04FF3604#0006000300C80100
(1788787780.761271) can0 03FF1001#0000000000000000
(1788787780.772271) can0 03FF1603#0000D10E00000000
(1788787780.782271) can0 03FF1605#0100000000000000
(1788787780.783305) can0 04FF3604#0004000300C80100
(1788787780.809273) can0 05FF4601#007300000000
(1788787780.813288) can0 04FF3604#0003000300C80100
(1788787780.843302) can0 04FF3604#0006000300C80100
(1788787780.856278) can0 03FF1000#0840112200000001
(1788787780.866276) can0 03FF1001#0000000000000000
(1788787780.873288) can0 04FF3604#0005000300C80100
(1788787780.877276) can0 03FF1603#0000D10E00000000
(1788787780.887276) can0 03FF1605#0100000000000000
(1788787780.903302) can0 04FF3604#0004000300C80100
(1788787780.933291) can0 04FF3604#0004000300C80100
(1788787780.959508) can0 05FF4610#0000D14DFFFFFFA3
(1788787780.961279) can0 03FF1000#0840112200000001
(1788787780.963291) can0 04FF3604#0004000300C80100
(1788787780.971280) can0 03FF1001#0000000000000000
(1788787780.982282) can0 03FF1603#0000D10E00000000
(1788787780.992281) can0 03FF1605#0100000000000000
(1788787780.993303) can0 04FF3604#0006000300C80100
(1788787781.023284) can0 04FF3604#0005000300C80100
(1788787781.053285) can0 04FF3604#0003000300C80100
(1788787781.066285) can0 03FF1000#0840112200000001
(1788787781.076286) can0 03FF1001#0000000000000000
(1788787781.083286) can0 04FF3604#0007000300C80100
(1788787781.087286) can0 03FF1603#0000D10E00000000
(1788787781.097293) can0 03FF1605#0100000000000000
(1788787781.113289) can0 04FF3604#0005000300C80100
(1788787781.143290) can0 04FF3604#0002000300C80100
(1788787781.153290) can0 04FF3602#0000000000000000
(1788787781.171289) can0 03FF1000#0840112200000001
(1788787781.173295) can0 04FF3604#0005000300C80100
(1788787781.181290) can0 03FF1001#0000000000000000
(1788787781.192297) can0 03FF1603#0000D10E00000000
(1788787781.202295) can0 03FF1605#0100000000000000
(1788787781.203291) can0 04FF3604#0004000300C80100
(1788787781.233295) can0 04FF3604#0005000400C80100
(1788787781.249296) can0 05FF4610#0000D14CFFFFFF98
(1788787781.263297) can0 04FF3604#0003000300C80100
(1788787781.268295) can0 02FF2605#0000060907030901
(1788787781.276298) can0 03FF1000#0840112200000001
(1788787781.286295) can0 03FF1001#0000000000000000
(1788787781.293295) can0 04FF3604#0005000300C80100
(1788787781.297295) can0 03FF1603#0000D10E00000000
(1788787781.298295) can0 02FF2604#0000000000000000
(1788787781.307297) can0 03FF1605#0100000000000000
(1788787781.323300) can0 04FF3604#0006000300C80100
(1788787781.328301) can0 02FF2704#0200000000000000
(1788787781.353300) can0 04FF3604#0005000300C80100
(1788787781.358299) can0 0260B606#0100000000000000
(1788787781.381301) can0 03FF1000#0840112200000001
(1788787781.383299) can0 04FF3604#0005000300C80100
(1788787781.388299) can0 02203607#0000000300000000
(1788787781.391300) can0 03FF1001#0000000000000000
(1788787781.402302) can0 03FF1603#0000D10E00000000
(1788787781.412301) can0 03FF1605#0100000000000000
(1788787781.413300) can0 04FF3604#0005000300C80100
(1788787781.418301) can0 02181606#0100190001030200
(1788787781.428303) can0 05FF4001#0000000000000000
(1788787781.430302) can0 05FF4000#0000000000000000
(1788787781.443304) can0 04FF3604#0004000300C80100
(1788787781.448302) can0 02203606#0101000100010000
(1788787781.473306) can0 04FF3604#0005000300C80100
(1788787781.478305) can0 02181608#0500000001000000
(1788787781.486305) can0 03FF1000#0840112200000001
(1788787781.496305) can0 03FF1001#0000000000000000
(1788787781.503307) can0 04FF3604#0005000300C80100
(1788787781.507305) can0 03FF1603#0000D10E00000000
(1788787781.508305) can0 02181609#0000000000000000
(1788787781.511306) can0 05FF4602#1110171017101610
(1788787781.513306) can0 05FF4610#0000D14CFFFFFF98
(1788787781.517306) can0 03FF1605#0100000000000000
(1788787781.521306) can0 05FF4603#18101A101C101D10
(1788787781.528308) can0 03121606#0000000000000000
(1788787781.531306) can0 05FF4604#1B101C101D101E10
(1788787781.533306) can0 04FF3604#0003000300C80100
(1788787781.538308) can0 02488600#0000000000000000
(1788787781.542307) can0 05FF4605#1A10000000000000
(1788787781.563310) can0 04FF3604#0006000300C80100
(1788787781.568308) can0 02294611#
(1788787781.569308) can0 05124611#0061368C000035B1
(1788787781.570308) can0 03FF1600#142B000104001319
(1788787781.572470) can0 05FF4606#1D1D1C
(1788787781.580310) can0 03FF1601#6E50000000000000
(1788787781.582454) can0 05FF4607#1D1C1C
(1788787781.591310) can0 03FF1602#000005000000157C
(1788787781.592506) can0 05FF4608#0019007C
(1788787781.593309) can0 04FF3604#0004000300C80100
(1788787781.601311) can0 03FF1604#0000000000000000
(1788787781.603310) can0 05FF4609#030003D403CA00
(1788787781.612311) can0 03FF1000#0840112200000001
(1788787781.622311) can0 03FF1001#0000000000000000
(1788787781.623311) can0 04FF3604#0005000300C80100
(1788787781.633313) can0 03FF1603#0000D10E00000000
(1788787781.643313) can0 03FF1605#0100000000000000
(1788787781.653313) can0 04FF3602#0000000000000000
(1788787781.654312) can0 04FF3604#0005000300C80100
(1788787781.683317) can0 04FF3604#0004000300C80100
(1788787781.696321) can0 03FF1000#0840112200000001
(1788787781.706319) can0 03FF1001#0000000000000000
(1788787781.713318) can0 04FF3604#0005000300C80100
(1788787781.717316) can0 03FF1603#0000D10E00000000
(1788787781.727318) can0 03FF1605#0100000000000000
(1788787781.743318) can0 04FF3604#0004000300C80100
(1788787781.773323) can0 04FF3604#0005000300C80100
(1788787781.791321) can0 05FF4610#0000D14CFFFFFF98
(1788787781.801321) can0 03FF1000#0840112200000001
(1788787781.803320) can0 04FF3604#0004000300C80100
(1788787781.811321) can0 03FF1001#0000000000000000
(1788787781.822325) can0 03FF1603#0000D10E00000000
(1788787781.832325) can0 03FF1605#0100000000000000
(1788787781.833321) can0 04FF3604#0003000300C80100
(1788787781.863328) can0 04FF3604#0004000300C80100
(1788787781.893325) can0 04FF3604#0003000300C80100
(1788787781.906326) can0 03FF1000#0840112200000001
(1788787781.916326) can0 03FF1001#0000000000000000
(1788787781.923326) can0 04FF3604#0004000300C80100
(1788787781.927327) can0 03FF1603#0000D10E00000000
(1788787781.937327) can0 03FF1605#0100000000000000
(1788787781.953328) can0 04FF3604#0007000300C80100
(1788787781.983330) can0 04FF3604#0006000300C80100
(1788787782.011332) can0 03FF1000#0840112200000001
(1788787782.013330) can0 04FF3604#0004000300C80100
(1788787782.021330) can0 03FF1001#0000000000000000
(1788787782.032333) can0 03FF1603#0000D10E00000000
(1788787782.042333) can0 03FF1605#0100000000000000
(1788787782.043331) can0 04FF3604#0004000300C80100
(1788787782.056333) can0 05FF4610#0000D14CFFFFFF98
(1788787782.073333) can0 04FF3604#0003000300C80100
(1788787782.089335) can0 02181606#0100190001030200
(1788787782.103335) can0 04FF3604#0003000300C80100
(1788787782.116335) can0 03FF1000#0840112200000001
(1788787782.118492) can0 02203606#0101000100010000
(1788787782.126336) can0 03FF1001#0000000000000000
(1788787782.133335) can0 04FF3604#0005000300C80100
(1788787782.137336) can0 03FF1603#0000D10E00000000
(1788787782.147337) can0 03FF1605#0100000000000000
(1788787782.148591) can0 02181608#0500000001000000
(1788787782.153337) can0 04FF3602#0000000000000000
(1788787782.158338) can0 03121606#0000000000000000
(1788787782.163337) can0 04FF3604#0006000400C80100
(1788787782.178570) can0 02181609#0000000000000000
(1788787782.193339) can0 04FF3604#0003000300C80100
(1788787782.210345) can0 02488600#0000000000000000
(1788787782.221343) can0 03FF1000#0840112200000001
(1788787782.223341) can0 04FF3604#0003000300C80100
(1788787782.231342) can0 03FF1001#0000000000000000
(1788787782.238343) can0 02294612#
(1788787782.240340) can0 05124612#0000000000000000
(1788787782.242341) can0 03FF1603#0000D10E00000000
(1788787782.252341) can0 03FF1605#0100000000000000
(1788787782.253342) can0 04FF3604#0004000300C80100
(1788787782.279344) can0 02FF2605#0000060907030902
(1788787782.283343) can0 04FF3604#0005000300C80100
(1788787782.309346) can0 02FF2604#0000000000000000
(1788787782.313349) can0 04FF3604#0004000300C80100
(1788787782.326347) can0 03FF1000#0840112200000001
(1788787782.336350) can0 03FF1001#0000000000000000
(1788787782.339346) can0 02FF2704#0200000000000000
(1788787782.343346) can0 04FF3604#0004000300C80100
(1788787782.347346) can0 03FF1603#0000D10E00000000
(1788787782.347401) can0 05FF4610#0000D14FFFFFFFA3
(1788787782.357348) can0 03FF1605#0100000000000000
(1788787782.369348) can0 0260B606#0100000000000000
(1788787782.373347) can0 04FF3604#0004000300C80100
(1788787782.399350) can0 02203607#0000000300000000
(1788787782.403350) can0 04FF3604#0004000300C80100
(1788787782.431351) can0 03FF1000#0840112200000001
(1788787782.433350) can0 04FF3604#0004000300C80100
(1788787782.441352) can0 03FF1001#0000000000000000
(1788787782.452352) can0 03FF1603#0000D10E00000000
(1788787782.462353) can0 03FF1605#0100000000000000
(1788787782.463351) can0 04FF3604#0004000300C80100
(1788787782.481353) can0 05FF4001#0000000000000000
(1788787782.483353) can0 05FF4000#0000000000000000
(1788787782.493353) can0 04FF3604#0005000300C80100
(1788787782.523356) can0 04FF3604#0006000300C80100
(1788787782.536356) can0 03FF1000#0840112200000001
(1788787782.546356) can0 03FF1001#0000000000000000
(1788787782.553356) can0 04FF3604#0005000300C80100
(1788787782.557358) can0 03FF1603#0000D10E00000000
(1788787782.564358) can0 05FF4602#1110171017101710
(1788787782.567356) can0 03FF1605#0100000000000000
(1788787782.574357) can0 05FF4603#18101A101C101D10
(1788787782.578357) can0 03FF1600#142B000104001319
(1788787782.583359) can0 04FF3604#0003000300C80100
(1788787782.584357) can0 05FF4604#1B101C101D101F10
(1788787782.588357) can0 03FF1601#6E50000000000000
(1788787782.594358) can0 05FF4605#1B10000000000000
(1788787782.599358) can0 03FF1602#000005000000157C
(1788787782.609360) can0 05FF4610#0000D14FFFFFFFA3
(1788787782.609610) can0 03FF1604#0000000000000000
(1788787782.613359) can0 04FF3604#0004000300C80100
(1788787782.624360) can0 05FF4606#1D1D1C
(1788787782.634361) can0 05FF4607#1D1C1C
(1788787782.641361) can0 03FF1000#0840112200000001
(1788787782.643360) can0 04FF3604#0006000300C80100
(1788787782.644360) can0 05FF4608#0019007C
(1788787782.651361) can0 03FF1001#0000000000000000
(1788787782.653360) can0 04FF3602#0000000000000000
(1788787782.654362) can0 05FF4609#030003D403CA00
(1788787782.662362) can0 03FF1603#0000D10E00000000
(1788787782.672362) can0 03FF1605#0100000000000000
(1788787782.673362) can0 04FF3604#0004000300C80100
(1788787782.703365) can0 04FF3604#0004000300C80100
(1788787782.733371) can0 04FF3604#0005000400C80100
(1788787782.746368) can0 03FF1000#0840112200000001
(1788787782.756368) can0 03FF1001#0000000000000000
(1788787782.763367) can0 04FF3604#0005000300C80100
(1788787782.767367) can0 03FF1603#0000D10E00000000
(1788787782.777367) can0 03FF1605#0100000000000000
(1788787782.793368) can0 04FF3604#0007000300C80100
(1788787782.823373) can0 04FF3604#0004000300C80100
(1788787782.829369) can0 02181606#0100190001030200
(1788787782.851375) can0 03FF1000#0840112200000001
(1788787782.853370) can0 04FF3604#0005000300C80100
(1788787782.859370) can0 02203606#0101000100010000
(1788787782.861370) can0 03FF1001#0000000000000000
(1788787782.872372) can0 03FF1603#0000D10E00000000
(1788787782.882371) can0 03FF1605#0100000000000000
(1788787782.883371) can0 04FF3604#0006000400C80100
(1788787782.884372) can0 05FF4610#0000D14FFFFFFFA3
(1788787782.889371) can0 02181608#0500000001000000
(1788787782.893372) can0 03121606#0000000000000000
(1788787782.913374) can0 04FF3604#0005000300C80100
(1788787782.919374) can0 02181609#0000000000000000
(1788787782.943378) can0 04FF3604#0006000300C80100
(1788787782.949375) can0 02488600#0000000000000000
(1788787782.956375) can0 03FF1000#0840112200000001
(1788787782.966376) can0 03FF1001#0000000000000000
(1788787782.973376) can0 04FF3604#0003000300C80100
(1788787782.977376) can0 03FF1603#0000D10E00000000
(1788787782.979376) can0 02294613#
(1788787782.980376) can0 05124613#0000000000000000
(1788787782.987377) can0 03FF1605#0100000000000000
(1788787783.003378) can0 04FF3604#0004000300C80100
(1788787783.033379) can0 04FF3604#0003000300C80100
(1788787783.061382) can0 03FF1000#0840112200000001
(1788787783.063380) can0 04FF3604#0004000300C80100
(1788787783.071381) can0 03FF1001#0000000000000000
(1788787783.082381) can0 03FF1603#0000D10E00000000
(1788787783.092385) can0 03FF1605#0100000000000000
(1788787783.093382) can0 04FF3604#0004000300C80100
(1788787783.123387) can0 04FF3604#0005000300C80100
(1788787783.148389) can0 05FF4610#0000D14FFFFFFFA3
(1788787783.153385) can0 04FF3602#0000000000000000
(1788787783.154384) can0 04FF3604#0003000300C80100
(1788787783.166386) can0 03FF1000#0840112200000001
(1788787783.176386) can0 03FF1001#0000000000000000
(1788787783.183387) can0 04FF3604#0002000300C80100
(1788787783.187386) can0 03FF1603#0000D10E00000000
(1788787783.197387) can0 03FF1605#0100000000000000
(1788787783.213387) can0 04FF3604#0005000300C80100
(1788787783.243395) can0 04FF3604#0004000400C80100
(1788787783.271394) can0 03FF1000#0840112200000001
(1788787783.273390) can0 04FF3604#0005000300C80100
(1788787783.281391) can0 03FF1001#0000000000000000
(1788787783.290392) can0 02FF2605#0000060907030903
(1788787783.292391) can0 03FF1603#0000D10E00000000
(1788787783.302392) can0 03FF1605#0100000000000000
(1788787783.303392) can0 04FF3604#0003000300C80100
(1788787783.320397) can0 02FF2604#0000000000000000
(1788787783.333394) can0 04FF3604#0003000300C80100
(1788787783.350397) can0 02FF2704#0200000000000000
(1788787783.363395) can0 04FF3604#0004000300C80100
(1788787783.376396) can0 03FF1000#0840112200000001
(1788787783.380396) can0 0260B606#0100000000000000
(1788787783.386396) can0 03FF1001#0000000000000000
(1788787783.393396) can0 04FF3604#0004000300C80100
(1788787783.397396) can0 03FF1603#0000D10E00000000
(1788787783.407397) can0 03FF1605#0100000000000000
(1788787783.410397) can0 02203607#0000000300000000
(1788787783.423398) can0 04FF3604#0006000300C80100
(1788787783.439401) can0 05FF4610#0000D14CFFFFFFA9
(1788787783.453400) can0 04FF3604#0004000300C80100
(1788787783.481403) can0 03FF1000#0840112200000001
(1788787783.483401) can0 04FF3604#0005000300C80100
(1788787783.491402) can0 03FF1001#0000000000000000
(1788787783.502403) can0 03FF1603#0000D10E00000000
(1788787783.512402) can0 03FF1605#0100000000000000
(1788787783.513402) can0 04FF3604#0003000300C80100
(1788787783.530404) can0 05FF4001#0000000000000000
(1788787783.532402) can0 05FF4000#0000000000000000
(1788787783.543405) can0 04FF3604#0005000300C80100
(1788787783.573406) can0 04FF3604#0005000300C80100
(1788787783.586406) can0 03FF1000#0840112200000001
(1788787783.590406) can0 02181606#0100190001030200
(1788787783.596406) can0 03FF1001#0000000000000000
(1788787783.603407) can0 04FF3604#0003000300C80100
(1788787783.607407) can0 03FF1600#142B000104001319
(1788787783.614407) can0 05FF4602#1110171017101610
(1788787783.617407) can0 03FF1601#6E50000000000000
(1788787783.620408) can0 02203606#0101000100010000
(1788787783.624407) can0 05FF4603#17101A101C101D10
(1788787783.628407) can0 03FF1602#000005000000157C
(1788787783.633408) can0 04FF3604#0005000300C80100
(1788787783.634408) can0 05FF4604#1B101C101D101F10
(1788787783.638409) can0 03FF1603#0000D10E00000000
(1788787783.644408) can0 05FF4605#1A10000000000000
(1788787783.649408) can0 03FF1604#0000000000000000
(1788787783.650408) can0 02181608#0500000001000000
(1788787783.653409) can0 04FF3602#0000000000000000
(1788787783.659409) can0 03FF1605#0100000000000000
(1788787783.663409) can0 04FF3604#0004000300C80100
(1788787783.674410) can0 05FF4606#1D1D1C
(1788787783.680410) can0 02181609#0000000000000000
(1788787783.684410) can0 05FF4607#1D1B1C
(1788787783.691411) can0 03FF1000#0840112200000001
(1788787783.693410) can0 04FF3604#0004000300C80100
(1788787783.694410) can0 05FF4608#0019007C
(1788787783.701411) can0 03FF1001#0000000000000000
(1788787783.702411) can0 05FF4610#0000D14CFFFFFFA9
(1788787783.704411) can0 05FF4609#030003D403CA00
(1788787783.710412) can0 02488600#0000000000000000
(1788787783.712411) can0 03FF1603#0000D10E00000000
(1788787783.722413) can0 03FF1605#0100000000000000
(1788787783.723417) can0 04FF3604#0006000300C80100
(1788787783.733415) can0 03121606#0000000000000000
(1788787783.740417) can0 02294614#
(1788787783.741413) can0 05124614#101F0B101100000E
(1788787783.753414) can0 04FF3604#0008000300C80100
(1788787783.783417) can0 04FF3604#0003000300C80100
(1788787783.796416) can0 03FF1000#0840112200000001
(1788787783.806416) can0 03FF1001#0000000000000000
(1788787783.813416) can0 04FF3604#0005000300C80100
(1788787783.817421) can0 03FF1603#0000D10E00000000
(1788787783.827417) can0 03FF1605#0100000000000000
(1788787783.843421) can0 04FF3604#0003000300C80100
(1788787783.873420) can0 04FF3604#0006000300C80100
(1788787783.901421) can0 03FF1000#0840112200000001
(1788787783.903420) can0 04FF3604#0005000300C80100
(1788787783.911421) can0 03FF1001#0000000000000000
(1788787783.922422) can0 03FF1603#0000D10E00000000
(1788787783.932422) can0 03FF1605#0100000000000000
(1788787783.933422) can0 04FF3604#0005000300C80100
(1788787783.963426) can0 04FF3604#0004000300C80100
(1788787783.975425) can0 05FF4610#0000D14CFFFFFFA9
(1788787783.993426) can0 04FF3604#0004000300C80100
(1788787784.006426) can0 03FF1000#0840112200000001
(1788787784.016427) can0 03FF1001#0000000000000000
(1788787784.023427) can0 04FF3604#0007000300C80100
(1788787784.027426) can0 03FF1603#0000D10E00000000
(1788787784.037428) can0 03FF1605#0100000000000000
(1788787784.053428) can0 04FF3604#0003000300C80100
(1788787784.083430) can0 04FF3604#0004000300C80100
(1788787784.111431) can0 03FF1000#0840112200000001
(1788787784.113430) can0 04FF3604#0004000300C80100
(1788787784.121432) can0 03FF1001#0000000000000000
(1788787784.132432) can0 03FF1603#0000D10E00000000
(1788787784.142433) can0 03FF1605#0100000000000000
(1788787784.143432) can0 04FF3604#0004000300C80100
(1788787784.153433) can0 04FF3602#0000000000000000
(1788787784.173435) can0 04FF3604#0003000300C80100
(1788787784.203436) can0 04FF3604#0006000300C80100
(1788787784.216435) can0 03FF1000#0840112200000001
(1788787784.226437) can0 03FF1001#0000000000000000
(1788787784.233442) can0 04FF3604#0006000300C80100
(1788787784.237441) can0 03FF1603#0000D10E00000000
(1788787784.247440) can0 03FF1605#0100000000000000
(1788787784.263440) can0 04FF3604#0005000300C80100
(1788787784.264438) can0 05FF4610#0000D14DFFFFFFA3
(1788787784.293440) can0 04FF3604#0005000300C80100
(1788787784.300695) can0 02FF2605#0000060907030904
(1788787784.321445) can0 03FF1000#0840112200000001
(1788787784.323441) can0 04FF3604#0004000300C80100
(1788787784.330684) can0 02FF2604#0000000000000000
(1788787784.331441) can0 03FF1001#0000000000000000
(1788787784.342446) can0 03FF1603#0000D10E00000000
(1788787784.352443) can0 03FF1605#0100000000000000
(1788787784.353442) can0 04FF3604#0007000300C80100
(1788787784.362443) can0 02FF2704#0200000000000000
(1788787784.383445) can0 04FF3604#0005000300C80100
(1788787784.391444) can0 0260B606#0100000000000000
(1788787784.413445) can0 04FF3604#0004000300C80100
(1788787784.421445) can0 02203607#0000000300000000
(1788787784.426446) can0 03FF1000#0840112200000001
(1788787784.436446) can0 03FF1001#0000000000000000
(1788787784.443450) can0 04FF3604#0006000300C80100
(1788787784.447447) can0 03FF1603#0000D10E00000000
(1788787784.451447) can0 02181606#0100190001030200
(1788787784.457447) can0 03FF1605#0100000000000000
(1788787784.473449) can0 04FF3604#0003000300C80100
(1788787784.481449) can0 02203606#0101000100010000
(1788787784.503451) can0 04FF3604#0004000300C80100
(1788787784.511451) can0 02181608#0500000001000000
(1788787784.526451) can0 05FF4610#0000D14DFFFFFFA3
(1788787784.531451) can0 03FF1000#0840112200000001
(1788787784.533451) can0 04FF3604#0003000300C80100
(1788787784.541453) can0 03FF1001#0000000000000000
(1788787784.542451) can0 02181609#0000000000000000
(1788787784.552453) can0 03FF1603#0000D10E00000000
(1788787784.562452) can0 03FF1605#0100000000000000
(1788787784.563452) can0 04FF3604#0005000300C80100
(1788787784.571453) can0 02488600#0000000000000000
(1788787784.573452) can0 03121606#0000000000000000
(1788787784.576453) can0 05FF4001#0000000000000000
(1788787784.578453) can0 05FF4000#0000000000000000
(1788787784.593454) can0 04FF3604#0005000300C80100
(1788787784.594454) can0 03FF1600#142B000104001319
(1788787784.600697) can0 02294615#
(1788787784.601454) can0 05124615#1D011C030100
(1788787784.604454) can0 03FF1601#6E50000000000000
(1788787784.615455) can0 03FF1602#000005000000157C
(1788787784.623456) can0 04FF3604#0005000300C80100
(1788787784.625455) can0 03FF1604#0000000000000000
(1788787784.636456) can0 03FF1000#0840112200000001
(1788787784.646458) can0 03FF1001#0000000000000000
(1788787784.653457) can0 04FF3602#0000000000000000
(1788787784.654457) can0 04FF3604#0005000300C80100
(1788787784.657457) can0 03FF1603#0000D10E00000000
(1788787784.659539) can0 05FF4602#1110171017101610
(1788787784.667458) can0 03FF1605#0100000000000000
(1788787784.670457) can0 05FF4603#18101A101C101D10
(1788787784.681459) can0 05FF4604#1B101C101D101F10
(1788787784.683458) can0 04FF3604#0004000300C80100
(1788787784.691458) can0 05FF4605#1A10000000000000
(1788787784.713459) can0 04FF3604#0006000300C80100
(1788787784.721461) can0 05FF4606#1D1D1C
(1788787784.731461) can0 05FF4607#1D1C1C
(1788787784.741467) can0 03FF1000#0840112200000001
(1788787784.741513) can0 05FF4608#0019007C
(1788787784.743465) can0 04FF3604#0004000300C80100
(1788787784.751463) can0 03FF1001#0000000000000000
(1788787784.762463) can0 03FF1603#0000D10E00000000
(1788787784.763462) can0 05FF4609#030003D403CA00
(1788787784.772464) can0 03FF1605#0100000000000000
(1788787784.773462) can0 04FF3604#0005000300C80100
(1788787784.803465) can0 04FF3604#0005000300C80100
(1788787784.804464) can0 05FF4610#0000D14DFFFFFFA3
(1788787784.833469) can0 04FF3604#0005000300C80100
(1788787784.846470) can0 03FF1000#0840112200000001
(1788787784.856468) can0 03FF1001#0000000000000000
(1788787784.863467) can0 04FF3604#0005000300C80100
(1788787784.867467) can0 03FF1603#0000D10E00000000
(1788787784.877468) can0 03FF1605#0100000000000000
(1788787784.893468) can0 04FF3604#0007000300C80100
(1788787784.923470) can0 04FF3604#0003000300C80100
(1788787784.951473) can0 03FF1000#0840112200000001
(1788787784.953471) can0 04FF3604#0006000300C80100
(1788787784.961472) can0 03FF1001#0000000000000000
(1788787784.971727) can0 03FF1603#0000D10E00000000
(1788787784.982473) can0 03FF1605#0100000000000000
(1788787784.983472) can0 04FF3604#0004000300C80100
(1788787785.013475) can0 04FF3604#0005000300C80100
(1788787785.043476) can0 04FF3604#0004000300C80100
(1788787785.056477) can0 03FF1000#0840112200000001
(1788787785.066476) can0 03FF1001#0000000000000000
(1788787785.067523) can0 05FF4610#0000D14DFFFFFFA3
(1788787785.073477) can0 04FF3604#0006000300C80100
(1788787785.077477) can0 03FF1603#0000D10E00000000
(1788787785.087478) can0 03FF1605#0100000000000000
(1788787785.103479) can0 04FF3604#0005000300C80100
(1788787785.111479) can0 02181606#0100190001030200
(1788787785.133480) can0 04FF3604#0006000300C80100
(1788787785.143643) can0 02203606#0101000100010000
(1788787785.153482) can0 04FF3602#0000000000000000
(1788787785.161481) can0 03FF1000#0840112200000001
(1788787785.163481) can0 04FF3604#0006000400C80100
(1788787785.171482) can0 03FF1001#0000000000000000
(1788787785.172481) can0 02181608#0500000001000000
(1788787785.182482) can0 03FF1603#0000D10E00000000
(1788787785.192482) can0 03FF1605#0100000000000000
(1788787785.193482) can0 04FF3604#0003000300C80100
(1788787785.201664) can0 02181609#0000000000000000
(1788787785.202725) can0 03121606#0000000000000000
(1788787785.223485) can0 04FF3604#0004000300C80100
(1788787785.231566) can0 02488600#0000000000000000
(1788787785.253492) can0 04FF3604#0003000300C80100
(1788787785.261488) can0 02294616#
(1788787785.262567) can0 05124616#00000000000030C6
(1788787785.266486) can0 03FF1000#0840112200000001
(1788787785.276487) can0 03FF1001#0000000000000000
(1788787785.283489) can0 04FF3604#0003000300C80100
(1788787785.286742) can0 03FF1603#0000D10E00000000
(1788787785.297488) can0 03FF1605#0100000000000000
(1788787785.311577) can0 02FF2605#0000060907030905
(1788787785.313488) can0 04FF3604#0003000300C80100
(1788787785.341657) can0 02FF2604#0000000000000000
(1788787785.343491) can0 04FF3604#0005000300C80100
(1788787785.355603) can0 05FF4610#0000D14DFFFFFFA3
(1788787785.371491) can0 03FF1000#0840112200000001
(1788787785.371731) can0 02FF2704#0200000000000000
(1788787785.373491) can0 04FF3604#0004000300C80100
(1788787785.381492) can0 03FF1001#0000000000000000
(1788787785.391736) can0 03FF1603#0000D10E00000000
(1788787785.401749) can0 0260B606#0100000000000000
(1788787785.402493) can0 03FF1605#0100000000000000
(1788787785.403493) can0 04FF3604#0004000300C80100
(1788787785.431719) can0 02203607#0000000300000000
(1788787785.433494) can0 04FF3604#0004000300C80100
(1788787785.463500) can0 04FF3604#0003000400C80100
(1788787785.476497) can0 03FF1000#0840112200000001
(1788787785.486498) can0 03FF1001#0000000000000000
(1788787785.493497) can0 04FF3604#0004000300C80100
(1788787785.496729) can0 03FF1603#0000D10E00000000
(1788787785.507499) can0 03FF1605#0100000000000000
(1788787785.523500) can0 04FF3604#0005000300C80100
(1788787785.553502) can0 04FF3604#0002000400C80100
(1788787785.581502) can0 03FF1000#0840112200000001
(1788787785.583501) can0 04FF3604#0004000300C80100
(1788787785.591502) can0 03FF1001#0000000000000000
(1788787785.602503) can0 03FF1603#0000D10E00000000
(1788787785.612503) can0 03FF1605#0100000000000000
(1788787785.613503) can0 04FF3604#0004000300C80100
(1788787785.617691) can0 05FF4610#0000D14DFFFFFFA3
(1788787785.622712) can0 05FF4001#0000000000000000
(1788787785.623503) can0 03FF1600#142B000104001319
(1788787785.624722) can0 05FF4000#0000000000000000
(1788787785.633504) can0 03FF1601#6E50000000000000
(1788787785.643506) can0 04FF3604#0004000300C80100
(1788787785.644504) can0 03FF1602#000005000000157C
(1788787785.653505) can0 04FF3602#0000000000000000
(1788787785.654505) can0 03FF1604#0000000000000000
(1788787785.673506) can0 04FF3604#0005000300C80100
(1788787785.685761) can0 03FF1000#0840112200000001
(1788787785.696507) can0 03FF1001#0000000000000000
(1788787785.703508) can0 04FF3604#0003000300C80100
(1788787785.705715) can0 05FF4602#1110171017101710
(1788787785.706762) can0 03FF1603#0000D10E00000000
(1788787785.715728) can0 05FF4603#17101A101C101D10
(1788787785.717508) can0 03FF1605#0100000000000000
(1788787785.725728) can0 05FF4604#1B101C101D101F10
(1788787785.733508) can0 04FF3604#0004000300C80100
(1788787785.735741) can0 05FF4605#1A10000000000000
(1788787785.763515) can0 04FF3604#0003000300C80100
(1788787785.777569) can0 05FF4606#1D1D1C
(1788787785.787569) can0 05FF4607#1D1C1C
(1788787785.790761) can0 03FF1000#0840112200000001
(1788787785.793511) can0 04FF3604#0007000300C80100
(1788787785.797627) can0 05FF4608#0019007C
(1788787785.801511) can0 03FF1001#0000000000000000
(1788787785.807733) can0 05FF4609#030003D403CA00
(1788787785.811755) can0 03FF1603#0000D10E00000000
(1788787785.822513) can0 03FF1605#0100000000000000
(1788787785.823513) can0 04FF3604#0006000300C80100
(1788787785.853518) can0 04FF3604#0005000300C80100
(1788787785.872515) can0 02181606#0100190001030200
(1788787785.883516) can0 04FF3604#0004000300C80100
(1788787785.893517) can0 05FF4610#0000D14DFFFFFFA3
(1788787785.895771) can0 03FF1000#0840112200000001
(1788787785.902517) can0 02203606#0101000100010000
(1788787785.906517) can0 03FF1001#0000000000000000
(1788787785.913517) can0 04FF3604#0004000300C80100
(1788787785.916749) can0 03FF1603#0000D10E00000000
(1788787785.927519) can0 03FF1605#0100000000000000
(1788787785.932518) can0 02181608#0500000001000000
(1788787785.938519) can0 03121606#0000000000000000
(1788787785.943520) can0 04FF3604#0002000300C80100
(1788787785.962521) can0 02181609#0000000000000000
(1788787785.973520) can0 04FF3604#0005000300C80100
(1788787785.992522) can0 02488600#0000000000000000
(1788787785.998521) can0 05FF4600#0D0300900303
(1788787786.001521) can0 03FF1000#0840112200000001
(1788787786.003522) can0 04FF3604#0003000300C80100
(1788787786.011522) can0 03FF1001#0000000000000000
(1788787786.021742) can0 03FF1603#0000D10E00000000
(1788787786.022522) can0 02294617#
(1788787786.024522) can0 05124617#0000000000000000
(1788787786.032523) can0 03FF1605#0100000000000000
(1788787786.033523) can0 04FF3604#0003000300C80100
(1788787786.063526) can0 04FF3604#0007000300C80100
(1788787786.093527) can0 04FF3604#0003000400C80100
(1788787786.105777) can0 03FF1000#0840112200000001
(1788787786.116528) can0 03FF1001#0000000000000000
(1788787786.123528) can0 04FF3604#0006000300C80100
(1788787786.126758) can0 03FF1603#0000D10E00000000
(1788787786.137528) can0 03FF1605#0100000000000000
(1788787786.153530) can0 04FF3602#0000000000000000
(1788787786.153792) can0 04FF3604#0003000300C80100
(1788787786.155529) can0 05FF4610#0000D14DFFFFFFA3
(1788787786.183531) can0 04FF3604#0003000300C80100
(1788787786.210775) can0 03FF1000#0840112200000001
(1788787786.213532) can0 04FF3604#0006000300C80100
(1788787786.221533) can0 03FF1001#0000000000000000
(1788787786.231760) can0 03FF1603#0000D10E00000000
(1788787786.242535) can0 03FF1605#0100000000000000
(1788787786.243533) can0 04FF3604#0005000300C80100
(1788787786.273536) can0 04FF3604#0005000300C80100
(1788787786.303537) can0 04FF3604#0004000300C80100
(1788787786.315780) can0 03FF1000#0840112200000001
(1788787786.326538) can0 03FF1001#0000000000000000
(1788787786.333537) can0 04FF3604#0005000300C80100
(1788787786.336754) can0 03FF1603#0000D10E00000000
(1788787786.347543) can0 03FF1605#0100000000000000
(1788787786.363540) can0 04FF3604#0005000300C80100
(1788787786.393541) can0 04FF3604#0004000300C80100
(1788787786.420780) can0 03FF1000#0840112200000001
(1788787786.422703) can0 02FF2605#0000060907030906
(1788787786.423542) can0 04FF3604#0003000300C80100
(1788787786.431543) can0 03FF1001#0000000000000000
(1788787786.441746) can0 03FF1603#0000D10E00000000
(1788787786.444544) can0 05FF4610#0000D14CFFFFFF9E
(1788787786.452543) can0 03FF1605#0100000000000000
(1788787786.453543) can0 02FF2604#0000000000000000
(1788787786.453593) can0 04FF3604#0005000300C80100
(1788787786.482742) can0 02FF2704#0200000000000000
(1788787786.483545) can0 04FF3604#0004000300C80100
(1788787786.512756) can0 0260B606#0100000000000000
(1788787786.513546) can0 04FF3604#0004000300C80100
(1788787786.525801) can0 03FF1000#0840112200000001
(1788787786.536548) can0 03FF1001#0000000000000000
(1788787786.543549) can0 02203607#0000000300000000
(1788787786.543603) can0 04FF3604#0003000300C80100
(1788787786.546744) can0 03FF1603#0000D10E00000000
(1788787786.557549) can0 03FF1605#0100000000000000
(1788787786.573548) can0 04FF3604#0007000300C80100
(1788787786.603550) can0 04FF3604#0004000300C80100
(1788787786.609772) can0 03FF1600#142B000104001319
(1788787786.620551) can0 03FF1601#6E50000000000000
(1788787786.630796) can0 03FF1602#000005000000157C
(1788787786.633552) can0 02181606#0000000000030200
(1788787786.633608) can0 04FF3604#0004000300C80100
(1788787786.641554) can0 03FF1604#0000000000000000
(1788787786.642552) can0 03FF1605#0000000000000000
(1788787786.653553) can0 04FF3602#0000000000000000
(1788787786.663554) can0 04FF3604#0005000400C80100
(1788787786.693557) can0 04FF3604#0004000300C80100
(1788787786.700556) can0 13B76400#00
(1788787786.700825) can0 02203606#0201000000000000
(1788787786.723557) can0 02181608#0500000001000000
(1788787786.753559) can0 02181609#0000000000000000
(1788787786.783561) can0 02488600#0000000000000000
(1788787786.808562) can0 03FF1000#0840112200000001
(1788787786.813560) can0 02294618#
(1788787786.814560) can0 05124618#00000E7600
(1788787786.818561) can0 03FF1001#0000000000000000
(1788787786.829561) can0 03FF1603#0000D10E00000000
(1788787786.839562) can0 03FF1605#0100000000000000
(1788787786.841563) can0 05FF4610#0000D14CFFFFFF9E
(1788787786.843562) can0 02F82400#D403000000000000
(1788787786.850563) can0 1FF8B028#0000000000000000
(1788787786.860564) can0 03FF1000#0840112200000001
(1788787786.871564) can0 03FF1605#0000000000000000
(1788787786.873564) can0 02FF2602#1673EA55224B601F
(1788787786.881564) can0 03121606#0100000000000000
(1788787786.913565) can0 03FF1000#0840112200000001
(1788787786.993571) can0 13B76400#00
(1788787787.018571) can0 03FF1000#0840112200000001
(1788787787.123578) can0 03FF1000#0840112200000001
(1788787787.228582) can0 03FF1000#0840112200000001
(1788787787.273585) can0 13B76400#00
(1788787787.333589) can0 03FF1000#0840112200000001
(1788787787.396592) can0 02181606#0000000000030200
(1788787787.425591) can0 02203606#0200000000000000
(1788787787.438592) can0 03FF1000#0840112200000001
(1788787787.448595) can0 03121606#0100000000000000
(1788787787.455592) can0 02181608#0500000001000000
(1788787787.504595) can0 02181609#0000000000000000
(1788787787.533839) can0 02488600#0000000000000000
(1788787787.543597) can0 03FF1000#0840112200000001
(1788787787.564598) can0 02498601#
(1788787787.595599) can0 02FF2605#0000060907030907
(1788787787.648602) can0 03FF1000#0840112200000001
(1788787787.653601) can0 04FF3400#0000057B00000000
(1788787787.653767) can0 04FF3603#0300000000000000
(1788787787.666602) can0 02FF2604#0000000000000000
(1788787787.694604) can0 02FF2704#0200000000000000
(1788787787.716605) can0 02181606#0000000000030200
(1788787787.716758) can0 02203606#0200000000000000
(1788787787.724605) can0 02181606#0000000000030200
(1788787787.724671) can0 02203606#0200000000000000
(1788787787.734606) can0 02181606#0000000000030200
(1788787787.734672) can0 02203606#0200000000000000
(1788787787.753607) can0 03FF1000#0840112200000001
(1788787787.763607) can0 03121606#0100000000000000
(1788787787.858613) can0 03FF1000#0840112200000001
(1788787787.868614) can0 03121606#0100000000000000
(1788787787.963619) can0 03FF1000#0840112200000001
(1788787787.973617) can0 03121606#0100000000000000
(1788787788.067877) can0 03FF1000#0840112200000001
(1788787788.173628) can0 03FF1000#0840112200000001
(1788787788.278633) can0 03FF1000#0840112200000001
(1788787788.382893) can0 03FF1000#0840112200000001
(1788787788.487900) can0 03FF1000#0840112200000001
(1788787788.592902) can0 03FF1000#0840112200000001
(1788787788.698653) can0 03FF1000#0840112200000001
(1788787788.803659) can0 03FF1000#0840112200000001
(1788787788.907921) can0 03FF1000#0840112200000001
(1788787789.012896) can0 03FF1000#0840112200000001
(1788787789.117924) can0 03FF1000#0840112200000001
(1788787789.222924) can0 03FF1000#0840112200000001
(1788787789.327930) can0 03FF1000#0840112200000001
(1788787789.432918) can0 03FF1000#0840112200000001
(1788787789.537916) can0 03FF1000#0840112200000001
(1788787789.642907) can0 03FF1000#0840112200000001
(1788787789.747948) can0 03FF1000#0840112200000001
(1788787789.852944) can0 03FF1000#0840112200000001
(1788787789.957937) can0 03FF1000#0840112200000001
(1788787790.062919) can0 03FF1000#0840112200000001
(1788787790.086719) can0 13B76400#00
(1788787790.167927) can0 03FF1000#0840112200000001
(1788787790.272949) can0 03FF1000#0840112200000001
(1788787790.366737) can0 13B76400#00
(1788787790.377931) can0 03FF1000#0840112200000001
(1788787790.482922) can0 03FF1000#0840112200000001
(1788787790.587933) can0 03FF1000#0840112200000001
(1788787790.646750) can0 13B76400#00
(1788787790.692933) can0 03FF1000#0840112200000001
(1788787790.797950) can0 03FF1000#0840112200000001
(1788787790.902959) can0 03FF1000#0840112200000001
(1788787791.007998) can0 03FF1000#0840112200000001
(1788787791.112935) can0 03FF1000#0840112200000001
(1788787791.217946) can0 03FF1000#0840112200000001
(1788787791.322965) can0 03FF1000#0840112200000001
(1788787791.427960) can0 03FF1000#0840112200000001
(1788787791.533010) can0 03FF1000#0840112200000001
(1788787791.637931) can0 03FF1000#0840112200000001
(1788787791.742951) can0 03FF1000#0840112200000001
(1788787791.847973) can0 03FF1000#0840112200000001
(1788787791.952962) can0 03FF1000#0840112200000001
(1788787792.058025) can0 03FF1000#0840112200000001
(1788787792.162964) can0 03FF1000#0840112200000001
(1788787792.267953) can0 03FF1000#0840112200000001
(1788787792.372984) can0 03FF1000#0840112200000001
(1788787792.477970) can0 03FF1000#0840112200000001
(1788787792.582968) can0 03FF1000#0840112200000001
(1788787792.687964) can0 03FF1000#0840112200000001
(1788787792.792966) can0 03FF1000#0840112200000001
(1788787792.897981) can0 03FF1000#0840112200000001
(1788787793.002977) can0 03FF1000#0840112200000001
(1788787793.107981) can0 03FF1000#0840112200000001
(1788787793.212978) can0 03FF1000#0840112200000001
(1788787793.317969) can0 03FF1000#0840112200000001
(1788787793.422999) can0 03FF1000#0840112200000001
(1788787793.439881) can0 13B76400#00
(1788787793.528002) can0 03FF1000#0840112200000001
(1788787793.632990) can0 03FF1000#0840112200000001
(1788787793.719896) can0 13B76400#00
(1788787793.737965) can0 03FF1000#0840112200000001
(1788787793.842985) can0 03FF1000#0840112200000001
(1788787793.948008) can0 03FF1000#0840112200000001
(1788787794.002908) can0 13B76400#00
(1788787794.052993) can0 03FF1000#0840112200000001
(1788787794.158008) can0 03FF1000#0840112200000001
(1788787794.262992) can0 03FF1000#0840112200000001
(1788787794.368057) can0 03FF1000#0840112200000001
(1788787794.473014) can0 03FF1000#0840112200000001
(1788787794.578018) can0 03FF1000#0840112200000001
(1788787794.683009) can0 03FF1000#0840112200000001
(1788787794.788007) can0 03FF1000#0840112200000001
(1788787794.893048) can0 03FF1000#0840112200000001
(1788787794.998029) can0 03FF1000#0840112200000001
(1788787795.103021) can0 03FF1000#0840112200000001
(1788787795.208016) can0 03FF1000#0840112200000001
(1788787795.313021) can0 03FF1000#0840112200000001
(1788787795.418049) can0 03FF1000#0840112200000001
(1788787795.523031) can0 03FF1000#0840112200000001
(1788787795.628034) can0 03FF1000#0840112200000001
(1788787795.733028) can0 03FF1000#0840112200000001
(1788787795.838013) can0 03FF1000#0840112200000001
(1788787795.943005) can0 03FF1000#0840112200000001
(1788787796.048043) can0 03FF1000#0840112200000001
(1788787796.153050) can0 03FF1000#0840112200000001
(1788787796.258030) can0 03FF1000#0840112200000001
(1788787796.363028) can0 03FF1000#0840112200000001
(1788787796.468030) can0 03FF1000#0840112200000001
(1788787796.573056) can0 03FF1000#0840112200000001
(1788787796.678050) can0 03FF1000#0840112200000001
(1788787796.783043) can0 03FF1000#0840112200000001
(1788787796.888055) can0 03FF1000#0840112200000001
(1788787796.993053) can0 03FF1000#0840112200000001
(1788787797.098059) can0 03FF1000#0840112200000001
(1788787797.203082) can0 03FF1000#0840112200000001
(1788787797.308069) can0 03FF1000#0840112200000001
(1788787797.413078) can0 03FF1000#0840112200000001
(1788787797.518080) can0 03FF1000#0840112200000001
(1788787797.623083) can0 03FF1000#0840112200000001
(1788787797.653084) can0 04FF3400#0000057C00000000
(1788787797.728111) can0 03FF1000#0840112200000001
(1788787797.833097) can0 03FF1000#0840112200000001
(1788787797.938104) can0 03FF1000#0840112200000001
(1788787798.043105) can0 03FF1000#0840112200000001
(1788787798.148110) can0 03FF1000#0840112200000001
(1788787798.253113) can0 03FF1000#0840112200000001
(1788787798.358121) can0 03FF1000#0840112200000001
(1788787798.463129) can0 03FF1000#0840112200000001
(1788787798.568130) can0 03FF1000#0840112200000001
(1788787798.673137) can0 03FF1000#0840112200000001
(1788787798.778141) can0 03FF1000#0840112200000001
(1788787798.883148) can0 03FF1000#0840112200000001
(1788787798.988156) can0 03FF1000#0840112200000001
(1788787799.093154) can0 03FF1000#0840112200000001
(1788787799.198159) can0 03FF1000#0840112200000001
(1788787799.303166) can0 03FF1000#0840112200000001
(1788787799.408173) can0 03FF1000#0840112200000001
(1788787799.513181) can0 03FF1000#0840112200000001
(1788787799.618181) can0 03FF1000#0840112200000001
(1788787799.723186) can0 03FF1000#0840112200000001
(1788787799.828191) can0 03FF1000#0840112200000001
(1788787799.933199) can0 03FF1000#0840112200000001
(1788787800.038204) can0 03FF1000#0840112200000001
(1788787800.143206) can0 03FF1000#0840112200000001
(1788787800.248211) can0 03FF1000#0840112200000001
(1788787800.353219) can0 03FF1000#0840112200000001
(1788787800.458222) can0 03FF1000#0840112200000001
(1788787800.563230) can0 03FF1000#0840112200000001
(1788787800.668230) can0 03FF1000#0840112200000001
(1788787800.773236) can0 03FF1000#0840112200000001
(1788787800.878244) can0 03FF1000#0840112200000001
(1788787800.983246) can0 03FF1000#0840112200000001
(1788787801.088255) can0 03FF1000#0840112200000001
(1788787801.193261) can0 03FF1000#0840112200000001
(1788787801.298262) can0 03FF1000#0840112200000001
(1788787801.403269) can0 03FF1000#0840112200000001
(1788787801.508273) can0 03FF1000#0840112200000001
(1788787801.613282) can0 03FF1000#0840112200000001
(1788787801.718283) can0 03FF1000#0840112200000001
(1788787801.823287) can0 03FF1000#0840112200000001
(1788787801.928295) can0 03FF1000#0840112200000001
(1788787802.033301) can0 03FF1000#0840112200000001
(1788787802.138307) can0 03FF1000#0840112200000001
(1788787802.243308) can0 03FF1000#0840112200000001
(1788787802.348315) can0 03FF1000#0840112200000001
(1788787802.453319) can0 03FF1000#0840112200000001
(1788787802.558322) can0 03FF1000#0840112200000001
(1788787802.663331) can0 03FF1000#0840112200000001
(1788787802.768333) can0 03FF1000#0840112200000001
(1788787802.873340) can0 03FF1000#0840112200000001
(1788787802.978346) can0 03FF1000#0840112200000001
(1788787803.083347) can0 03FF1000#0840112200000001
(1788787803.188358) can0 03FF1000#0840112200000001
(1788787803.293359) can0 03FF1000#0840112200000001
(1788787803.398365) can0 03FF1000#0840112200000001
(1788787803.503368) can0 03FF1000#0840112200000001
(1788787803.608374) can0 03FF1000#0840112200000001
(1788787803.713383) can0 03FF1000#0840112200000001
(1788787803.818385) can0 03FF1000#0840112200000001
(1788787803.923392) can0 03FF1000#0840112200000001
(1788787804.028395) can0 03FF1000#0840112200000001
(1788787804.133398) can0 03FF1000#0840112200000001
(1788787804.238407) can0 03FF1000#0840112200000001
(1788787804.343412) can0 03FF1000#0840112200000001
(1788787804.448415) can0 03FF1000#0840112200000001
(1788787804.553419) can0 03FF1000#0840112200000001
(1788787804.658424) can0 03FF1000#0840112200000001
(1788787804.763432) can0 03FF1000#0840112200000001
(1788787804.868437) can0 03FF1000#0840112200000001
(1788787804.973441) can0 03FF1000#0840112200000001
(1788787805.078444) can0 03FF1000#0840112200000001
(1788787805.183448) can0 03FF1000#0840112200000001
(1788787805.288459) can0 03FF1000#0840112200000001
(1788787805.393462) can0 03FF1000#0840112200000001
(1788787805.498467) can0 03FF1000#0840112200000001
(1788787805.603470) can0 03FF1000#0840112200000001
(1788787805.708475) can0 03FF1000#0840112200000001
(1788787805.813483) can0 03FF1000#0840112200000001
(1788787805.918488) can0 03FF1000#0840112200000001
(1788787806.023491) can0 03FF1000#0840112200000001
(1788787806.128496) can0 03FF1000#0840112200000001
(1788787806.233500) can0 03FF1000#0840112200000001
(1788787806.338508) can0 03FF1000#0840112200000001
(1788787806.443518) can0 03FF1000#0840112200000001
(1788787806.548517) can0 03FF1000#0840112200000001
(1788787806.653520) can0 03FF1000#0840112200000001
(1788787806.758525) can0 03FF1000#0840112200000001
(1788787806.863538) can0 03FF1000#0840112200000001
(1788787806.968535) can0 03FF1000#0840112200000001
(1788787807.073540) can0 03FF1000#0840112200000001
(1788787807.178550) can0 03FF1000#0840112200000001
(1788787807.283552) can0 03FF1000#0840112200000001
(1788787807.388562) can0 03FF1000#0840112200000001
(1788787807.493561) can0 03FF1000#0840112200000001
(1788787807.598566) can0 03FF1000#0840112200000001
(1788787807.653567) can0 04FF3400#0000057D00000000
(1788787807.703571) can0 03FF1000#0840112200000001
(1788787807.808576) can0 03FF1000#0840112200000001
(1788787807.913587) can0 03FF1000#0840112200000001
(1788787808.018588) can0 03FF1000#0840112200000001
(1788787808.123591) can0 03FF1000#0840112200000001
(1788787808.228597) can0 03FF1000#0840112200000001
(1788787808.333601) can0 03FF1000#0840112200000001
(1788787808.438611) can0 03FF1000#0840112200000001
(1788787808.543612) can0 03FF1000#0840112200000001
(1788787808.648616) can0 03FF1000#0840112200000001
(1788787808.753621) can0 03FF1000#0840112200000001
(1788787808.858631) can0 03FF1000#0840112200000001
(1788787808.963637) can0 03FF1000#0840112200000001
(1788787809.068638) can0 03FF1000#0840112200000001
(1788787809.173642) can0 03FF1000#0840112200000001
(1788787809.278646) can0 03FF1000#0840112200000001
(1788787809.383656) can0 03FF1000#0840112200000001
(1788787809.488663) can0 03FF1000#0840112200000001
(1788787809.593662) can0 03FF1000#0840112200000001
(1788787809.698667) can0 03FF1000#0840112200000001
(1788787809.803672) can0 03FF1000#0840112200000001
(1788787809.908681) can0 03FF1000#0840112200000001
(1788787810.013688) can0 03FF1000#0840112200000001
(1788787810.118688) can0 03FF1000#0840112200000001
(1788787810.223692) can0 03FF1000#0840112200000001
(1788787810.328698) can0 03FF1000#0840112200000001
(1788787810.433705) can0 03FF1000#0840112200000001
(1788787810.538712) can0 03FF1000#0840112200000001
(1788787810.643713) can0 03FF1000#0840112200000001
(1788787810.748718) can0 03FF1000#0840112200000001
(1788787810.853727) can0 03FF1000#0840112200000001
(1788787810.958730) can0 03FF1000#0840112200000001
(1788787811.063738) can0 03FF1000#0840112200000001
(1788787811.168740) can0 03FF1000#0840112200000001
(1788787811.273743) can0 03FF1000#0840112200000001
(1788787811.378751) can0 03FF1000#0840112200000001
(1788787811.483755) can0 03FF1000#0840112200000001
(1788787811.588764) can0 03FF1000#0840112200000001
(1788787811.693765) can0 03FF1000#0840112200000001
(1788787811.798772) can0 03FF1000#0840112200000001
(1788787811.903779) can0 03FF1000#0840112200000001
(1788787812.008780) can0 03FF1000#0840112200000001
(1788787812.113789) can0 03FF1000#0840112200000001
(1788787812.218794) can0 03FF1000#0840112200000001
(1788787812.323794) can0 03FF1000#0840112200000001
(1788787812.428802) can0 03FF1000#0840112200000001
(1788787812.533807) can0 03FF1000#0840112200000001
(1788787812.638813) can0 03FF1000#0840112200000001
(1788787812.743815) can0 03FF1000#0840112200000001
(1788787812.848823) can0 03FF1000#0840112200000001
(1788787812.953828) can0 03FF1000#0840112200000001
(1788787813.058831) can0 03FF1000#0840112200000001
(1788787813.163842) can0 03FF1000#0840112200000001
(1788787813.268842) can0 03FF1000#0840112200000001
(1788787813.373848) can0 03FF1000#0840112200000001
(1788787813.478851) can0 03FF1000#0840112200000001
(1788787813.583855) can0 03FF1000#0840112200000001
(1788787813.688866) can0 03FF1000#0840112200000001
(1788787813.793866) can0 03FF1000#0840112200000001
(1788787813.898873) can0 03FF1000#0840112200000001
(1788787814.003877) can0 03FF1000#0840112200000001
(1788787814.108883) can0 03FF1000#0840112200000001
(1788787814.213889) can0 03FF1000#0840112200000001
(1788787814.318892) can0 03FF1000#0840112200000001
(1788787814.423898) can0 03FF1000#0840112200000001
(1788787814.528902) can0 03FF1000#0840112200000001
(1788787814.633906) can0 03FF1000#0840112200000001
(1788787814.738915) can0 03FF1000#0840112200000001
(1788787814.843916) can0 03FF1000#0840112200000001
(1788787814.948926) can0 03FF1000#0840112200000001
(1788787815.053928) can0 03FF1000#0840112200000001
(1788787815.158932) can0 03FF1000#0840112200000001
(1788787815.263942) can0 03FF1000#0840112200000001
(1788787815.368945) can0 03FF1000#0840112200000001
(1788787815.473950) can0 03FF1000#0840112200000001
(1788787815.578952) can0 03FF1000#0840112200000001
(1788787815.683960) can0 03FF1000#0840112200000001
(1788787815.788967) can0 03FF1000#0840112200000001
(1788787815.893971) can0 03FF1000#0840112200000001
(1788787815.998974) can0 03FF1000#0840112200000001
(1788787816.103978) can0 03FF1000#0840112200000001
(1788787816.208984) can0 03FF1000#0840112200000001
(1788787816.313991) can0 03FF1000#0840112200000001
(1788787816.418996) can0 03FF1000#0840112200000001
(1788787816.523999) can0 03FF1000#0840112200000001
(1788787816.629005) can0 03FF1000#0840112200000001
(1788787816.734008) can0 03FF1000#0840112200000001
(1788787816.839018) can0 03FF1000#0840112200000001
(1788787816.944021) can0 03FF1000#0840112200000001
(1788787817.049027) can0 03FF1000#0840112200000001
(1788787817.154032) can0 03FF1000#0840112200000001
(1788787817.259034) can0 03FF1000#0840112200000001
(1788787817.364044) can0 03FF1000#0840112200000001
(1788787817.469046) can0 03FF1000#0840112200000001
(1788787817.574049) can0 03FF1000#0840112200000001
(1788787817.653052) can0 04FF3400#0000057E00000000
(1788787817.679055) can0 03FF1000#0840112200000001
(1788787817.784058) can0 03FF1000#0840112200000001
(1788787817.889070) can0 03FF1000#0840112200000001
(1788787817.994074) can0 03FF1000#0840112200000001
(1788787818.099076) can0 03FF1000#0840112200000001
(1788787818.204086) can0 03FF1000#0840112200000001
(1788787818.309095) can0 03FF1000#0840112200000001
(1788787818.414098) can0 03FF1000#0840112200000001
(1788787818.519096) can0 03FF1000#0840112200000001
(1788787818.624100) can0 03FF1000#0840112200000001
(1788787818.729106) can0 03FF1000#0840112200000001
(1788787818.834110) can0 03FF1000#0840112200000001
(1788787818.939121) can0 03FF1000#0840112200000001
(1788787819.044121) can0 03FF1000#0840112200000001
(1788787819.149129) can0 03FF1000#0840112200000001
(1788787819.254131) can0 03FF1000#0840112200000001
(1788787819.359135) can0 03FF1000#0840112200000001
(1788787819.464146) can0 03FF1000#0840112200000001
(1788787819.569147) can0 03FF1000#0840112200000001
(1788787819.674151) can0 03FF1000#0840112200000001
(1788787819.778410) can0 03FF1000#0840112200000001
(1788787819.883415) can0 03FF1000#0840112200000001
(1788787819.989170) can0 03FF1000#0840112200000001
(1788787820.093426) can0 03FF1000#0840112200000001
(1788787820.199177) can0 03FF1000#0840112200000001
(1788787820.303401) can0 03FF1000#0840112200000001
(1788787820.408410) can0 03FF1000#0840112200000001
(1788787820.513451) can0 03FF1000#0840112200000001
(1788787820.618430) can0 03FF1000#0840112200000001
(1788787820.724202) can0 03FF1000#0840112200000001
(1788787820.828414) can0 03FF1000#0840112200000001
(1788787820.933457) can0 03FF1000#0840112200000001
(1788787821.038450) can0 03FF1000#0840112200000001
(1788787821.143437) can0 03FF1000#0840112200000001
(1788787821.248435) can0 03FF1000#0840112200000001
(1788787821.353431) can0 03FF1000#0840112200000001
(1788787821.458448) can0 03FF1000#0840112200000001
(1788787821.563467) can0 03FF1000#0840112200000001
(1788787821.668456) can0 03FF1000#0840112200000001
(1788787821.773449) can0 03FF1000#0840112200000001
(1788787821.878435) can0 03FF1000#0840112200000001
(1788787821.983444) can0 03FF1000#0840112200000001
(1788787822.088469) can0 03FF1000#0840112200000001
(1788787822.193457) can0 03FF1000#0840112200000001
(1788787822.298440) can0 03FF1000#0840112200000001
(1788787822.403444) can0 03FF1000#0840112200000001
(1788787822.508452) can0 03FF1000#0840112200000001
(1788787822.613471) can0 03FF1000#0840112200000001
(1788787822.718463) can0 03FF1000#0840112200000001
(1788787822.823467) can0 03FF1000#0840112200000001
(1788787822.928450) can0 03FF1000#0840112200000001
(1788787823.033511) can0 03FF1000#0840112200000001
(1788787823.138486) can0 03FF1000#0840112200000001
(1788787823.243483) can0 03FF1000#0840112200000001
(1788787823.348459) can0 03FF1000#0840112200000001
(1788787823.453475) can0 03FF1000#0840112200000001
(1788787823.558527) can0 03FF1000#0840112200000001
(1788787823.663495) can0 03FF1000#0840112200000001
(1788787823.768488) can0 03FF1000#0840112200000001
(1788787823.873485) can0 03FF1000#0840112200000001
(1788787823.978477) can0 03FF1000#0840112200000001
(1788787824.083505) can0 03FF1000#0840112200000001
(1788787824.188514) can0 03FF1000#0840112200000001
(1788787824.293491) can0 03FF1000#0840112200000001
(1788787824.398487) can0 03FF1000#0840112200000001
(1788787824.503476) can0 03FF1000#0840112200000001
(1788787824.608495) can0 03FF1000#0840112200000001
(1788787824.713504) can0 03FF1000#0840112200000001
(1788787824.818518) can0 03FF1000#0840112200000001
(1788787824.923499) can0 03FF1000#0840112200000001
(1788787825.028493) can0 03FF1000#0840112200000001
(1788787825.133501) can0 03FF1000#0840112200000001
(1788787825.238529) can0 03FF1000#0840112200000001
(1788787825.343519) can0 03FF1000#0840112200000001
(1788787825.448502) can0 03FF1000#0840112200000001
(1788787825.553495) can0 03FF1000#0840112200000001
(1788787825.658499) can0 03FF1000#0840112200000001
(1788787825.763526) can0 03FF1000#0840112200000001
(1788787825.868571) can0 03FF1000#0840112200000001
(1788787825.973517) can0 03FF1000#0840112200000001
(1788787826.078508) can0 03FF1000#0840112200000001
(1788787826.183508) can0 03FF1000#0840112200000001
(1788787826.288534) can0 03FF1000#0840112200000001
(1788787826.393596) can0 03FF1000#0840112200000001
(1788787826.498530) can0 03FF1000#0840112200000001
(1788787826.603534) can0 03FF1000#0840112200000001
(1788787826.708526) can0 03FF1000#0840112200000001
(1788787826.813548) can0 03FF1000#0840112200000001
(1788787826.918610) can0 03FF1000#0840112200000001
(1788787827.023544) can0 03FF1000#0840112200000001
(1788787827.128536) can0 03FF1000#0840112200000001
(1788787827.233535) can0 03FF1000#0840112200000001
(1788787827.338558) can0 03FF1000#0840112200000001
(1788787827.443565) can0 03FF1000#0840112200000001
(1788787827.548547) can0 03FF1000#0840112200000001
(1788787827.652665) can0 04FF3400#0000057F00000000
(1788787827.653536) can0 03FF1000#0840112200000001
(1788787827.758542) can0 03FF1000#0840112200000001
(1788787827.863566) can0 03FF1000#0840112200000001
(1788787827.968567) can0 03FF1000#0840112200000001
(1788787828.073559) can0 03FF1000#0840112200000001
(1788787828.178564) can0 03FF1000#0840112200000001
(1788787828.283569) can0 03FF1000#0840112200000001
(1788787828.388579) can0 03FF1000#0840112200000001
(1788787828.493580) can0 03FF1000#0840112200000001
(1788787828.598584) can0 03FF1000#0840112200000001
(1788787828.703589) can0 03FF1000#0840112200000001
(1788787828.808595) can0 03FF1000#0840112200000001
(1788787828.913605) can0 03FF1000#0840112200000001
(1788787829.018606) can0 03FF1000#0840112200000001
(1788787829.123610) can0 03FF1000#0840112200000001
(1788787829.228626) can0 03FF1000#0840112200000001
(1788787829.333621) can0 03FF1000#0840112200000001
(1788787829.438629) can0 03FF1000#0840112200000001
(1788787829.543631) can0 03FF1000#0840112200000001
(1788787829.648637) can0 03FF1000#0840112200000001
(1788787829.753642) can0 03FF1000#0840112200000001
(1788787829.858648) can0 03FF1000#0840112200000001
(1788787829.963655) can0 03FF1000#0840112200000001
(1788787830.068657) can0 03FF1000#0840112200000001
(1788787830.173662) can0 03FF1000#0840112200000001
(1788787830.278668) can0 03FF1000#0840112200000001
(1788787830.383674) can0 03FF1000#0840112200000001
(1788787830.488679) can0 03FF1000#0840112200000001
(1788787830.593683) can0 03FF1000#0840112200000001
(1788787830.698689) can0 03FF1000#0840112200000001
(1788787830.803694) can0 03FF1000#0840112200000001
(1788787830.908701) can0 03FF1000#0840112200000001
(1788787831.013707) can0 03FF1000#0840112200000001
(1788787831.118713) can0 03FF1000#0840112200000001
(1788787831.223714) can0 03FF1000#0840112200000001
(1788787831.328718) can0 03FF1000#0840112200000001
(1788787831.433727) can0 03FF1000#0840112200000001
(1788787831.538731) can0 03FF1000#0840112200000001
(1788787831.643734) can0 03FF1000#0840112200000001
(1788787831.748740) can0 03FF1000#0840112200000001
(1788787831.853747) can0 03FF1000#0840112200000001
(1788787831.958751) can0 03FF1000#0840112200000001
(1788787832.063758) can0 03FF1000#0840112200000001
(1788787832.168762) can0 03FF1000#0840112200000001
(1788787832.273766) can0 03FF1000#0840112200000001
(1788787832.378771) can0 03FF1000#0840112200000001
(1788787832.483778) can0 03FF1000#0840112200000001
(1788787832.588784) can0 03FF1000#0840112200000001
(1788787832.693787) can0 03FF1000#0840112200000001
(1788787832.798792) can0 03FF1000#0840112200000001
(1788787832.903796) can0 03FF1000#0840112200000001
(1788787833.008801) can0 03FF1000#0840112200000001
(1788787833.113808) can0 03FF1000#0840112200000001
(1788787833.218812) can0 03FF1000#0840112200000001
(1788787833.323816) can0 03FF1000#0840112200000001
(1788787833.428822) can0 03FF1000#0840112200000001
(1788787833.533826) can0 03FF1000#0840112200000001
(1788787833.638835) can0 03FF1000#0840112200000001
(1788787833.743837) can0 03FF1000#0840112200000001
(1788787833.848842) can0 03FF1000#0840112200000001
(1788787833.953848) can0 03FF1000#0840112200000001
(1788787834.058851) can0 03FF1000#0840112200000001
(1788787834.163858) can0 03FF1000#0840112200000001
(1788787834.268863) can0 03FF1000#0840112200000001
(1788787834.373867) can0 03FF1000#0840112200000001
(1788787834.478873) can0 03FF1000#0840112200000001
(1788787834.583877) can0 03FF1000#0840112200000001
(1788787834.688883) can0 03FF1000#0840112200000001
(1788787834.793888) can0 03FF1000#0840112200000001
(1788787834.898896) can0 03FF1000#0840112200000001
(1788787835.003899) can0 03FF1000#0840112200000001
(1788787835.108903) can0 03FF1000#0840112200000001
(1788787835.213909) can0 03FF1000#0840112200000001
(1788787835.318912) can0 03FF1000#0840112200000001
(1788787835.423920) can0 03FF1000#0840112200000001
(1788787835.528925) can0 03FF1000#0840112200000001
(1788787835.633929) can0 03FF1000#0840112200000001
(1788787835.738936) can0 03FF1000#0840112200000001
(1788787835.843939) can0 03FF1000#0840112200000001
(1788787835.948944) can0 03FF1000#0840112200000001
(1788787836.053950) can0 03FF1000#0840112200000001
(1788787836.158953) can0 03FF1000#0840112200000001
(1788787836.263962) can0 03FF1000#0840112200000001
(1788787836.368965) can0 03FF1000#0840112200000001
(1788787836.473970) can0 03FF1000#0840112200000001
(1788787836.578975) can0 03FF1000#0840112200000001
(1788787836.683980) can0 03FF1000#0840112200000001
(1788787836.788986) can0 03FF1000#0840112200000001
(1788787836.893993) can0 03FF1000#0840112200000001
(1788787836.998994) can0 03FF1000#0840112200000001
(1788787837.104003) can0 03FF1000#0840112200000001
(1788787837.209006) can0 03FF1000#0840112200000001
(1788787837.314011) can0 03FF1000#0840112200000001
(1788787837.419018) can0 03FF1000#0840112200000001
(1788787837.524021) can0 03FF1000#0840112200000001
(1788787837.629026) can0 03FF1000#0840112200000001
(1788787837.653026) can0 04FF3400#0000058000000000
(1788787837.734031) can0 03FF1000#0840112200000001
(1788787837.839038) can0 03FF1000#0840112200000001
(1788787837.944045) can0 03FF1000#0840112200000001
(1788787838.049046) can0 03FF1000#0840112200000001
(1788787838.154051) can0 03FF1000#0840112200000001
(1788787838.259060) can0 03FF1000#0840112200000001
(1788787838.364065) can0 03FF1000#0840112200000001
(1788787838.469067) can0 03FF1000#0840112200000001
(1788787838.574074) can0 03FF1000#0840112200000001
(1788787838.679078) can0 03FF1000#0840112200000001
(1788787838.784081) can0 03FF1000#0840112200000001
(1788787838.889090) can0 03FF1000#0840112200000001
(1788787838.994093) can0 03FF1000#0840112200000001
(1788787839.099097) can0 03FF1000#0840112200000001
(1788787839.204104) can0 03FF1000#0840112200000001
(1788787839.309107) can0 03FF1000#0840112200000001
(1788787839.414118) can0 03FF1000#0840112200000001
(1788787839.519118) can0 03FF1000#0840112200000001
(1788787839.624124) can0 03FF1000#0840112200000001
(1788787839.729128) can0 03FF1000#0840112200000001
(1788787839.834134) can0 03FF1000#0840112200000001
(1788787839.939141) can0 03FF1000#0840112200000001
(1788787840.044143) can0 03FF1000#0840112200000001
(1788787840.149148) can0 03FF1000#0840112200000001
(1788787840.254152) can0 03FF1000#0840112200000001
(1788787840.359158) can0 03FF1000#0840112200000001
(1788787840.464168) can0 03FF1000#0840112200000001
(1788787840.569169) can0 03FF1000#0840112200000001
(1788787840.674175) can0 03FF1000#0840112200000001
(1788787840.779179) can0 03FF1000#0840112200000001
(1788787840.884186) can0 03FF1000#0840112200000001
(1788787840.989192) can0 03FF1000#0840112200000001
(1788787841.094194) can0 03FF1000#0840112200000001
(1788787841.199200) can0 03FF1000#0840112200000001
(1788787841.304204) can0 03FF1000#0840112200000001
(1788787841.409211) can0 03FF1000#0840112200000001
(1788787841.514217) can0 03FF1000#0840112200000001
(1788787841.619219) can0 03FF1000#0840112200000001
(1788787841.724226) can0 03FF1000#0840112200000001
(1788787841.829229) can0 03FF1000#0840112200000001
(1788787841.934236) can0 03FF1000#0840112200000001
(1788787842.039243) can0 03FF1000#0840112200000001
(1788787842.144246) can0 03FF1000#0840112200000001
(1788787842.249250) can0 03FF1000#0840112200000001
(1788787842.354254) can0 03FF1000#0840112200000001
(1788787842.459261) can0 03FF1000#0840112200000001
(1788787842.564269) can0 03FF1000#0840112200000001
(1788787842.669271) can0 03FF1000#0840112200000001
(1788787842.774275) can0 03FF1000#0840112200000001
(1788787842.879283) can0 03FF1000#0840112200000001
(1788787842.984287) can0 03FF1000#0840112200000001
(1788787843.089295) can0 03FF1000#0840112200000001
(1788787843.194297) can0 03FF1000#0840112200000001
(1788787843.299301) can0 03FF1000#0840112200000001
(1788787843.404308) can0 03FF1000#0840112200000001
(1788787843.509312) can0 03FF1000#0840112200000001
(1788787843.614320) can0 03FF1000#0840112200000001
(1788787843.719323) can0 03FF1000#0840112200000001
(1788787843.824327) can0 03FF1000#0840112200000001
(1788787843.929334) can0 03FF1000#0840112200000001
(1788787844.034338) can0 03FF1000#0840112200000001
(1788787844.139345) can0 03FF1000#0840112200000001
(1788787844.244347) can0 03FF1000#0840112200000001
(1788787844.349353) can0 03FF1000#0840112200000001
(1788787844.454358) can0 03FF1000#0840112200000001
(1788787844.559364) can0 03FF1000#0840112200000001
(1788787844.664371) can0 03FF1000#0840112200000001
(1788787844.769374) can0 03FF1000#0840112200000001
(1788787844.874381) can0 03FF1000#0840112200000001
(1788787844.979384) can0 03FF1000#0840112200000001
(1788787845.084388) can0 03FF1000#0840112200000001
(1788787845.189396) can0 03FF1000#0840112200000001
(1788787845.294399) can0 03FF1000#0840112200000001
(1788787845.399404) can0 03FF1000#0840112200000001
(1788787845.504410) can0 03FF1000#0840112200000001
(1788787845.609413) can0 03FF1000#0840112200000001
(1788787845.714423) can0 03FF1000#0840112200000001
(1788787845.819425) can0 03FF1000#0840112200000001
(1788787845.924430) can0 03FF1000#0840112200000001
(1788787846.029436) can0 03FF1000#0840112200000001
(1788787846.134439) can0 03FF1000#0840112200000001
(1788787846.239446) can0 03FF1000#0840112200000001
(1788787846.344449) can0 03FF1000#0840112200000001
(1788787846.449456) can0 03FF1000#0840112200000001
(1788787846.554460) can0 03FF1000#0840112200000001
(1788787846.659465) can0 03FF1000#0840112200000001
(1788787846.764473) can0 03FF1000#0840112200000001
(1788787846.869478) can0 03FF1000#0840112200000001
(1788787846.974482) can0 03FF1000#0840112200000001
(1788787847.079488) can0 03FF1000#0840112200000001
(1788787847.184491) can0 03FF1000#0840112200000001
(1788787847.289498) can0 03FF1000#0840112200000001
(1788787847.394503) can0 03FF1000#0840112200000001
(1788787847.499506) can0 03FF1000#0840112200000001
(1788787847.604513) can0 03FF1000#0840112200000001
(1788787847.652514) can0 04FF3400#0000058100000000
(1788787847.653513) can0 04FF3603#0300000000000000
(1788787847.709516) can0 03FF1000#0840112200000001
(1788787847.814524) can0 03FF1000#0840112200000001
(1788787847.919527) can0 03FF1000#0840112200000001
(1788787848.024532) can0 03FF1000#0840112200000001
(1788787848.129538) can0 03FF1000#0840112200000001
(1788787848.234541) can0 03FF1000#0840112200000001
(1788787848.339551) can0 03FF1000#0840112200000001
(1788787848.444553) can0 03FF1000#0840112200000001
(1788787848.549557) can0 03FF1000#0840112200000001
(1788787848.654562) can0 03FF1000#0840112200000001
(1788787848.759569) can0 03FF1000#0840112200000001
(1788787848.864576) can0 03FF1000#0840112200000001
(1788787848.969578) can0 03FF1000#0840112200000001
(1788787849.074583) can0 03FF1000#0840112200000001
(1788787849.179589) can0 03FF1000#0840112200000001
(1788787849.284593) can0 03FF1000#0840112200000001
(1788787849.389601) can0 03FF1000#0840112200000001
(1788787849.494606) can0 03FF1000#0840112200000001
(1788787849.599608) can0 03FF1000#0840112200000001
(1788787849.704616) can0 03FF1000#0840112200000001
(1788787849.809621) can0 03FF1000#0840112200000001
(1788787849.914628) can0 03FF1000#0840112200000001
(1788787850.019630) can0 03FF1000#0840112200000001
(1788787850.124636) can0 03FF1000#0840112200000001
(1788787850.229640) can0 03FF1000#0840112200000001
(1788787850.334646) can0 03FF1000#0840112200000001
(1788787850.439652) can0 03FF1000#0840112200000001
(1788787850.544655) can0 03FF1000#0840112200000001
(1788787850.649660) can0 03FF1000#0840112200000001
(1788787850.754665) can0 03FF1000#0840112200000001
(1788787850.858922) can0 03FF1000#0840112200000001
(1788787850.963932) can0 03FF1000#0840112200000001
(1788787851.068935) can0 03FF1000#0840112200000001
(1788787851.174685) can0 03FF1000#0840112200000001
(1788787851.279690) can0 03FF1000#0840112200000001
(1788787851.383939) can0 03FF1000#0840112200000001
(1788787851.488934) can0 03FF1000#0840112200000001
(1788787851.593960) can0 03FF1000#0840112200000001
(1788787851.699711) can0 03FF1000#0840112200000001
(1788787851.803950) can0 03FF1000#0840112200000001
(1788787851.908943) can0 03FF1000#0840112200000001
(1788787852.013937) can0 03FF1000#0840112200000001
(1788787852.118936) can0 03FF1000#0840112200000001
(1788787852.224734) can0 03FF1000#0840112200000001
(1788787852.328959) can0 03FF1000#0840112200000001
(1788787852.433958) can0 03FF1000#0840112200000001
(1788787852.538963) can0 03FF1000#0840112200000001
(1788787852.643955) can0 03FF1000#0840112200000001
(1788787852.748971) can0 03FF1000#0840112200000001
(1788787852.853977) can0 03FF1000#0840112200000001
(1788787852.958958) can0 03FF1000#0840112200000001
(1788787853.063966) can0 03FF1000#0840112200000001
(1788787853.168977) can0 03FF1000#0840112200000001
(1788787853.273977) can0 03FF1000#0840112200000001
(1788787853.378975) can0 03FF1000#0840112200000001
(1788787853.483973) can0 03FF1000#0840112200000001
(1788787853.588980) can0 03FF1000#0840112200000001
(1788787853.693967) can0 03FF1000#0840112200000001
(1788787853.798996) can0 03FF1000#0840112200000001
(1788787853.903993) can0 03FF1000#0840112200000001
(1788787854.008984) can0 03FF1000#0840112200000001
(1788787854.113965) can0 03FF1000#0840112200000001
(1788787854.219005) can0 03FF1000#0840112200000001
(1788787854.324009) can0 03FF1000#0840112200000001
(1788787854.429007) can0 03FF1000#0840112200000001
(1788787854.534040) can0 03FF1000#0840112200000001
(1788787854.638984) can0 03FF1000#0840112200000001
(1788787854.743995) can0 03FF1000#0840112200000001
(1788787854.849000) can0 03FF1000#0840112200000001
(1788787854.954022) can0 03FF1000#0840112200000001
(1788787855.059046) can0 03FF1000#0840112200000001
(1788787855.163999) can0 03FF1000#0840112200000001
(1788787855.268986) can0 03FF1000#0840112200000001
(1788787855.374010) can0 03FF1000#0840112200000001
(1788787855.479013) can0 03FF1000#0840112200000001
(1788787855.584063) can0 03FF1000#0840112200000001
(1788787855.689012) can0 03FF1000#0840112200000001
(1788787855.793996) can0 03FF1000#0840112200000001
(1788787855.899033) can0 03FF1000#0840112200000001
(1788787856.004036) can0 03FF1000#0840112200000001
(1788787856.109017) can0 03FF1000#0840112200000001
(1788787856.214015) can0 03FF1000#0840112200000001
(1788787856.319016) can0 03FF1000#0840112200000001
(1788787856.424036) can0 03FF1000#0840112200000001
(1788787856.529037) can0 03FF1000#0840112200000001
(1788787856.634025) can0 03FF1000#0840112200000001
(1788787856.739041) can0 03FF1000#0840112200000001
(1788787856.844017) can0 03FF1000#0840112200000001
(1788787856.949051) can0 03FF1000#0840112200000001
(1788787857.054047) can0 03FF1000#0840112200000001
(1788787857.159033) can0 03FF1000#0840112200000001
(1788787857.264031) can0 03FF1000#0840112200000001
(1788787857.369032) can0 03FF1000#0840112200000001
(1788787857.474076) can0 03FF1000#0840112200000001
(1788787857.579065) can0 03FF1000#0840112200000001
(1788787857.652999) can0 04FF3400#0000058200000000
(1788787857.684057) can0 03FF1000#0840112200000001
(1788787857.789040) can0 03FF1000#0840112200000001
(1788787857.894096) can0 03FF1000#0840112200000001
(1788787857.999077) can0 03FF1000#0840112200000001
(1788787858.104068) can0 03FF1000#0840112200000001
(1788787858.209056) can0 03FF1000#0840112200000001
(1788787858.314059) can0 03FF1000#0840112200000001
(1788787858.419098) can0 03FF1000#0840112200000001
(1788787858.524077) can0 03FF1000#0840112200000001
(1788787858.629070) can0 03FF1000#0840112200000001
(1788787858.734063) can0 03FF1000#0840112200000001
(1788787858.839061) can0 03FF1000#0840112200000001
(1788787858.944112) can0 03FF1000#0840112200000001
(1788787859.049086) can0 03FF1000#0840112200000001
(1788787859.154085) can0 03FF1000#0840112200000001
(1788787859.259078) can0 03FF1000#0840112200000001
(1788787859.364088) can0 03FF1000#0840112200000001
(1788787859.469092) can0 03FF1000#0840112200000001
(1788787859.574094) can0 03FF1000#0840112200000001
(1788787859.679098) can0 03FF1000#0840112200000001
(1788787859.784103) can0 03FF1000#0840112200000001
(1788787859.889113) can0 03FF1000#0840112200000001
(1788787859.994115) can0 03FF1000#0840112200000001
(1788787860.099120) can0 03FF1000#0840112200000001
(1788787860.204124) can0 03FF1000#0840112200000001
(1788787860.309134) can0 03FF1000#0840112200000001
(1788787860.414140) can0 03FF1000#0840112200000001
(1788787860.519143) can0 03FF1000#0840112200000001
(1788787860.624145) can0 03FF1000#0840112200000001
(1788787860.729151) can0 03FF1000#0840112200000001
(1788787860.834156) can0 03FF1000#0840112200000001
(1788787860.939167) can0 03FF1000#0840112200000001
(1788787861.044168) can0 03FF1000#0840112200000001
(1788787861.149173) can0 03FF1000#0840112200000001
(1788787861.254176) can0 03FF1000#0840112200000001
(1788787861.359182) can0 03FF1000#0840112200000001
(1788787861.464193) can0 03FF1000#0840112200000001
(1788787861.569193) can0 03FF1000#0840112200000001
(1788787861.674197) can0 03FF1000#0840112200000001
(1788787861.779202) can0 03FF1000#0840112200000001
(1788787861.884209) can0 03FF1000#0840112200000001
(1788787861.989217) can0 03FF1000#0840112200000001
(1788787862.094221) can0 03FF1000#0840112200000001
(1788787862.199223) can0 03FF1000#0840112200000001
(1788787862.304226) can0 03FF1000#0840112200000001
(1788787862.409231) can0 03FF1000#0840112200000001
(1788787862.514243) can0 03FF1000#0840112200000001
(1788787862.619244) can0 03FF1000#0840112200000001
(1788787862.724248) can0 03FF1000#0840112200000001
(1788787862.829253) can0 03FF1000#0840112200000001
(1788787862.934263) can0 03FF1000#0840112200000001
(1788787863.039267) can0 03FF1000#0840112200000001
(1788787863.144270) can0 03FF1000#0840112200000001
(1788787863.249274) can0 03FF1000#0840112200000001
(1788787863.354279) can0 03FF1000#0840112200000001
(1788787863.459287) can0 03FF1000#0840112200000001
(1788787863.564293) can0 03FF1000#0840112200000001
(1788787863.669294) can0 03FF1000#0840112200000001
(1788787863.774298) can0 03FF1000#0840112200000001
(1788787863.879307) can0 03FF1000#0840112200000001
(1788787863.984311) can0 03FF1000#0840112200000001
(1788787864.089319) can0 03FF1000#0840112200000001
(1788787864.194319) can0 03FF1000#0840112200000001
(1788787864.299325) can0 03FF1000#0840112200000001
(1788787864.404330) can0 03FF1000#0840112200000001
(1788787864.509338) can0 03FF1000#0840112200000001
(1788787864.614344) can0 03FF1000#0840112200000001
(1788787864.719345) can0 03FF1000#0840112200000001
(1788787864.824350) can0 03FF1000#0840112200000001
(1788787864.929359) can0 03FF1000#0840112200000001
(1788787865.019360) can0 02294609#
(1788787865.034365) can0 03FF1000#0840112200000001
(1788787865.139367) can0 03FF1000#0840112200000001
(1788787865.244371) can0 03FF1000#0840112200000001
(1788787865.349376) can0 03FF1000#0840112200000001
(1788787865.454386) can0 03FF1000#0840112200000001
(1788787865.539504) can0 02294609#
(1788787865.541390) can0 05124609#010003D403CA00
(1788787865.559388) can0 03FF1000#0840112200000001
(1788787865.664391) can0 03FF1000#0840112200000001
(1788787865.769396) can0 03FF1000#0840112200000001
(1788787865.874411) can0 03FF1000#0840112200000001
(1788787865.979412) can0 03FF1000#0840112200000001
(1788787866.084415) can0 03FF1000#0840112200000001
(1788787866.189422) can0 03FF1000#0840112200000001
(1788787866.294426) can0 03FF1000#0840112200000001
(1788787866.399436) can0 03FF1000#0840112200000001
(1788787866.504438) can0 03FF1000#0840112200000001
(1788787866.609442) can0 03FF1000#0840112200000001
(1788787866.714448) can0 03FF1000#0840112200000001
(1788787866.819452) can0 03FF1000#0840112200000001
(1788787866.924459) can0 03FF1000#0840112200000001
(1788787867.029462) can0 03FF1000#0840112200000001
(1788787867.134467) can0 03FF1000#0840112200000001
(1788787867.239473) can0 03FF1000#0840112200000001
(1788787867.344478) can0 03FF1000#0840112200000001
(1788787867.449484) can0 03FF1000#0840112200000001
(1788787867.554488) can0 03FF1000#0840112200000001
(1788787867.652493) can0 04FF3400#0000058300000000
(1788787867.659493) can0 03FF1000#0840112200000001
(1788787867.764499) can0 03FF1000#0840112200000001
(1788787867.869503) can0 03FF1000#0840112200000001
(1788787867.974508) can0 03FF1000#0840112200000001
(1788787868.079513) can0 03FF1000#0840112200000001
(1788787868.184518) can0 03FF1000#0840112200000001
(1788787868.289525) can0 03FF1000#0840112200000001
(1788787868.394529) can0 03FF1000#0840112200000001
(1788787868.499535) can0 03FF1000#0840112200000001
(1788787868.604540) can0 03FF1000#0840112200000001
(1788787868.709544) can0 03FF1000#0840112200000001
(1788787868.814550) can0 03FF1000#0840112200000001
(1788787868.919556) can0 03FF1000#0840112200000001
(1788787869.024561) can0 03FF1000#0840112200000001
(1788787869.129565) can0 03FF1000#0840112200000001
(1788787869.234570) can0 03FF1000#0840112200000001
(1788787869.339577) can0 03FF1000#0840112200000001
(1788787869.444580) can0 03FF1000#0840112200000001
(1788787869.549585) can0 03FF1000#0840112200000001
(1788787869.654591) can0 03FF1000#0840112200000001
(1788787869.759595) can0 03FF1000#0840112200000001
(1788787869.864603) can0 03FF1000#0840112200000001
(1788787869.969606) can0 03FF1000#0840112200000001
(1788787870.074611) can0 03FF1000#0840112200000001
(1788787870.179617) can0 03FF1000#0840112200000001
(1788787870.284621) can0 03FF1000#0840112200000001
(1788787870.389626) can0 03FF1000#0840112200000001
(1788787870.494631) can0 03FF1000#0840112200000001
(1788787870.599635) can0 03FF1000#0840112200000001
(1788787870.704639) can0 03FF1000#0840112200000001
(1788787870.809644) can0 03FF1000#0840112200000001
(1788787870.914655) can0 03FF1000#0840112200000001
(1788787871.019657) can0 03FF1000#0840112200000001
(1788787871.124661) can0 03FF1000#0840112200000001
(1788787871.229665) can0 03FF1000#0840112200000001
(1788787871.334671) can0 03FF1000#0840112200000001
(1788787871.439678) can0 03FF1000#0840112200000001
(1788787871.544681) can0 03FF1000#0840112200000001
(1788787871.649685) can0 03FF1000#0840112200000001
(1788787871.754690) can0 03FF1000#0840112200000001
(1788787871.859698) can0 03FF1000#0840112200000001
(1788787871.964705) can0 03FF1000#0840112200000001
(1788787872.069708) can0 03FF1000#0840112200000001
(1788787872.174711) can0 03FF1000#0840112200000001
(1788787872.279715) can0 03FF1000#0840112200000001
(1788787872.384721) can0 03FF1000#0840112200000001
(1788787872.489731) can0 03FF1000#0840112200000001
(1788787872.594735) can0 03FF1000#0840112200000001
(1788787872.699741) can0 03FF1000#0840112200000001
(1788787872.804743) can0 03FF1000#0840112200000001
(1788787872.909750) can0 03FF1000#0840112200000001
(1788787873.014757) can0 03FF1000#0840112200000001
(1788787873.119762) can0 03FF1000#0840112200000001
(1788787873.224767) can0 03FF1000#0840112200000001
(1788787873.329769) can0 03FF1000#0840112200000001
(1788787873.434776) can0 03FF1000#0840112200000001
(1788787873.539782) can0 03FF1000#0840112200000001
(1788787873.644785) can0 03FF1000#0840112200000001
(1788787873.749791) can0 03FF1000#0840112200000001
(1788787873.854796) can0 03FF1000#0840112200000001
(1788787873.959808) can0 03FF1000#0840112200000001
(1788787874.064810) can0 03FF1000#0840112200000001
(1788787874.169811) can0 03FF1000#0840112200000001
(1788787874.274816) can0 03FF1000#0840112200000001
(1788787874.379821) can0 03FF1000#0840112200000001
(1788787874.484827) can0 03FF1000#0840112200000001
(1788787874.589832) can0 03FF1000#0840112200000001
(1788787874.694838) can0 03FF1000#0840112200000001
(1788787874.799841) can0 03FF1000#0840112200000001
(1788787874.904849) can0 03FF1000#0840112200000001
(1788787875.009853) can0 03FF1000#0840112200000001
(1788787875.114858) can0 03FF1000#0840112200000001
(1788787875.219862) can0 03FF1000#0840112200000001
(1788787875.324867) can0 03FF1000#0840112200000001
(1788787875.429874) can0 03FF1000#0840112200000001
(1788787875.534878) can0 03FF1000#0840112200000001
(1788787875.639884) can0 03FF1000#0840112200000001
(1788787875.744887) can0 03FF1000#0840112200000001
(1788787875.849893) can0 03FF1000#0840112200000001
(1788787875.954901) can0 03FF1000#0840112200000001
(1788787876.059906) can0 03FF1000#0840112200000001
(1788787876.164911) can0 03FF1000#0840112200000001
(1788787876.269913) can0 03FF1000#0840112200000001
(1788787876.374920) can0 03FF1000#0840112200000001
(1788787876.479924) can0 03FF1000#0840112200000001
(1788787876.584929) can0 03FF1000#0840112200000001
(1788787876.689937) can0 03FF1000#0840112200000001
(1788787876.794940) can0 03FF1000#0840112200000001
(1788787876.899945) can0 03FF1000#0840112200000001
(1788787877.004950) can0 03FF1000#0840112200000001
(1788787877.109955) can0 03FF1000#0840112200000001
(1788787877.214961) can0 03FF1000#0840112200000001
(1788787877.319966) can0 03FF1000#0840112200000001
(1788787877.424977) can0 03FF1000#0840112200000001
(1788787877.529976) can0 03FF1000#0840112200000001
(1788787877.634981) can0 03FF1000#0840112200000001
(1788787877.652028) can0 04FF3400#0000058400000000
(1788787877.739986) can0 03FF1000#0840112200000001
(1788787877.844990) can0 03FF1000#0840112200000001
(1788787877.949998) can0 03FF1000#0840112200000001
(1788787878.055001) can0 03FF1000#0840112200000001
(1788787878.160007) can0 03FF1000#0840112200000001
(1788787878.265023) can0 03FF1000#0840112200000001
(1788787878.370018) can0 03FF1000#0840112200000001
(1788787878.475025) can0 03FF1000#0840112200000001
(1788787878.580026) can0 03FF1000#0840112200000001
(1788787878.685033) can0 03FF1000#0840112200000001
(1788787878.790038) can0 03FF1000#0840112200000001
(1788787878.895043) can0 03FF1000#0840112200000001
(1788787879.000048) can0 03FF1000#0840112200000001
(1788787879.105054) can0 03FF1000#0840112200000001
(1788787879.210058) can0 03FF1000#0840112200000001
(1788787879.315064) can0 03FF1000#0840112200000001
(1788787879.420067) can0 03FF1000#0840112200000001
(1788787879.525073) can0 03FF1000#0840112200000001
(1788787879.630079) can0 03FF1000#0840112200000001
(1788787879.735083) can0 03FF1000#0840112200000001
(1788787879.840089) can0 03FF1000#0840112200000001
(1788787879.945095) can0 03FF1000#0840112200000001
(1788787880.050100) can0 03FF1000#0840112200000001
(1788787880.155104) can0 03FF1000#0840112200000001
(1788787880.260111) can0 03FF1000#0840112200000001
(1788787880.365116) can0 03FF1000#0840112200000001
(1788787880.470120) can0 03FF1000#0840112200000001
(1788787880.575125) can0 03FF1000#0840112200000001
(1788787880.680129) can0 03FF1000#0840112200000001
(1788787880.785135) can0 03FF1000#0840112200000001
(1788787880.890142) can0 03FF1000#0840112200000001
(1788787880.995147) can0 03FF1000#0840112200000001
(1788787881.100151) can0 03FF1000#0840112200000001
(1788787881.205156) can0 03FF1000#0840112200000001
(1788787881.310162) can0 03FF1000#0840112200000001
(1788787881.415167) can0 03FF1000#0840112200000001
(1788787881.520171) can0 03FF1000#0840112200000001
(1788787881.625175) can0 03FF1000#0840112200000001
(1788787881.730181) can0 03FF1000#0840112200000001
(1788787881.835187) can0 03FF1000#0840112200000001
(1788787881.940194) can0 03FF1000#0840112200000001
(1788787882.044452) can0 03FF1000#0840112200000001
(1788787882.149458) can0 03FF1000#0840112200000001
(1788787882.254462) can0 03FF1000#0840112200000001
(1788787882.360213) can0 03FF1000#0840112200000001
(1788787882.465218) can0 03FF1000#0840112200000001
(1788787882.569478) can0 03FF1000#0840112200000001
(1788787882.674472) can0 03FF1000#0840112200000001
(1788787882.779460) can0 03FF1000#0840112200000001
(1788787882.885239) can0 03FF1000#0840112200000001
(1788787882.989500) can0 03FF1000#0840112200000001
(1788787883.094480) can0 03FF1000#0840112200000001
(1788787883.200253) can0 03FF1000#0840112200000001
(1788787883.304479) can0 03FF1000#0840112200000001
(1788787883.409508) can0 03FF1000#0840112200000001
(1788787883.514502) can0 03FF1000#0840112200000001
(1788787883.619491) can0 03FF1000#0840112200000001
(1788787883.724535) can0 03FF1000#0840112200000001
(1788787883.829506) can0 03FF1000#0840112200000001
(1788787883.934510) can0 03FF1000#0840112200000001
(1788787884.039501) can0 03FF1000#0840112200000001
(1788787884.144509) can0 03FF1000#0840112200000001
(1788787884.249537) can0 03FF1000#0840112200000001
(1788787884.354496) can0 03FF1000#0840112200000001
(1788787884.459525) can0 03FF1000#0840112200000001
(1788787884.564517) can0 03FF1000#0840112200000001
(1788787884.669499) can0 03FF1000#0840112200000001
(1788787884.774504) can0 03FF1000#0840112200000001
(1788787884.879506) can0 03FF1000#0840112200000001
(1788787884.984527) can0 03FF1000#0840112200000001
(1788787885.089544) can0 03FF1000#0840112200000001
(1788787885.194514) can0 03FF1000#0840112200000001
(1788787885.299504) can0 03FF1000#0840112200000001
(1788787885.404511) can0 03FF1000#0840112200000001
(1788787885.509541) can0 03FF1000#0840112200000001
(1788787885.614548) can0 03FF1000#0840112200000001
(1788787885.719527) can0 03FF1000#0840112200000001
(1788787885.824520) can0 03FF1000#0840112200000001
(1788787885.929526) can0 03FF1000#0840112200000001
(1788787886.034543) can0 03FF1000#0840112200000001
(1788787886.139533) can0 03FF1000#0840112200000001
(1788787886.244542) can0 03FF1000#0840112200000001
(1788787886.349522) can0 03FF1000#0840112200000001
(1788787886.454539) can0 03FF1000#0840112200000001
(1788787886.559587) can0 03FF1000#0840112200000001
(1788787886.664552) can0 03FF1000#0840112200000001
(1788787886.769544) can0 03FF1000#0840112200000001
(1788787886.874526) can0 03FF1000#0840112200000001
(1788787886.979544) can0 03FF1000#0840112200000001
(1788787887.084595) can0 03FF1000#0840112200000001
(1788787887.189554) can0 03FF1000#0840112200000001
(1788787887.294558) can0 03FF1000#0840112200000001
(1788787887.399546) can0 03FF1000#0840112200000001
(1788787887.504557) can0 03FF1000#0840112200000001
(1788787887.609563) can0 03FF1000#0840112200000001
(1788787887.652472) can0 04FF3400#0000058500000000
(1788787887.714575) can0 03FF1000#0840112200000001
(1788787887.819571) can0 03FF1000#0840112200000001
(1788787887.924555) can0 03FF1000#0840112200000001
(1788787888.029559) can0 03FF1000#0840112200000001
(1788787888.134553) can0 03FF1000#0840112200000001
(1788787888.239583) can0 03FF1000#0840112200000001
(1788787888.344586) can0 03FF1000#0840112200000001
(1788787888.449569) can0 03FF1000#0840112200000001
(1788787888.554569) can0 03FF1000#0840112200000001
(1788787888.659578) can0 03FF1000#0840112200000001
(1788787888.764596) can0 03FF1000#0840112200000001
(1788787888.869591) can0 03FF1000#0840112200000001
(1788787888.974568) can0 03FF1000#0840112200000001
(1788787889.079587) can0 03FF1000#0840112200000001
(1788787889.184593) can0 03FF1000#0840112200000001
(1788787889.289599) can0 03FF1000#0840112200000001
(1788787889.394650) can0 03FF1000#0840112200000001
(1788787889.499597) can0 03FF1000#0840112200000001
(1788787889.604591) can0 03FF1000#0840112200000001
(1788787889.709606) can0 03FF1000#0840112200000001
(1788787889.814620) can0 03FF1000#0840112200000001
(1788787889.919653) can0 03FF1000#0840112200000001
(1788787890.024588) can0 03FF1000#0840112200000001
(1788787890.129606) can0 03FF1000#0840112200000001
(1788787890.234599) can0 03FF1000#0840112200000001
(1788787890.339629) can0 03FF1000#0840112200000001
(1788787890.444656) can0 03FF1000#0840112200000001
(1788787890.549613) can0 03FF1000#0840112200000001
(1788787890.654618) can0 03FF1000#0840112200000001
(1788787890.759624) can0 03FF1000#0840112200000001
(1788787890.864632) can0 03FF1000#0840112200000001
(1788787890.969635) can0 03FF1000#0840112200000001
(1788787891.074639) can0 03FF1000#0840112200000001
(1788787891.179646) can0 03FF1000#0840112200000001
(1788787891.284651) can0 03FF1000#0840112200000001
(1788787891.389656) can0 03FF1000#0840112200000001
(1788787891.494660) can0 03FF1000#0840112200000001
(1788787891.599666) can0 03FF1000#0840112200000001
(1788787891.704671) can0 03FF1000#0840112200000001
(1788787891.809676) can0 03FF1000#0840112200000001
(1788787891.914684) can0 03FF1000#0840112200000001
(1788787892.019687) can0 03FF1000#0840112200000001
(1788787892.124692) can0 03FF1000#0840112200000001
(1788787892.229696) can0 03FF1000#0840112200000001
(1788787892.334702) can0 03FF1000#0840112200000001
(1788787892.439707) can0 03FF1000#0840112200000001
(1788787892.544712) can0 03FF1000#0840112200000001
(1788787892.649715) can0 03FF1000#0840112200000001
(1788787892.754721) can0 03FF1000#0840112200000001
(1788787892.859727) can0 03FF1000#0840112200000001
(1788787892.964734) can0 03FF1000#0840112200000001
(1788787893.069737) can0 03FF1000#0840112200000001
(1788787893.174741) can0 03FF1000#0840112200000001
(1788787893.279748) can0 03FF1000#0840112200000001
(1788787893.384754) can0 03FF1000#0840112200000001
(1788787893.489759) can0 03FF1000#0840112200000001
(1788787893.594764) can0 03FF1000#0840112200000001
(1788787893.699767) can0 03FF1000#0840112200000001
(1788787893.804774) can0 03FF1000#0840112200000001
(1788787893.909778) can0 03FF1000#0840112200000001
(1788787894.014785) can0 03FF1000#0840112200000001
(1788787894.119788) can0 03FF1000#0840112200000001
(1788787894.224793) can0 03FF1000#0840112200000001
(1788787894.329799) can0 03FF1000#0840112200000001
(1788787894.434805) can0 03FF1000#0840112200000001
(1788787894.539811) can0 03FF1000#0840112200000001
(1788787894.644813) can0 03FF1000#0840112200000001
(1788787894.749818) can0 03FF1000#0840112200000001
(1788787894.854824) can0 03FF1000#0840112200000001
(1788787894.959830) can0 03FF1000#0840112200000001
(1788787895.064837) can0 03FF1000#0840112200000001
(1788787895.169841) can0 03FF1000#0840112200000001
(1788787895.274844) can0 03FF1000#0840112200000001
(1788787895.379852) can0 03FF1000#0840112200000001
(1788787895.484857) can0 03FF1000#0840112200000001
(1788787895.589862) can0 03FF1000#0840112200000001
(1788787895.694867) can0 03FF1000#0840112200000001
(1788787895.799872) can0 03FF1000#0840112200000001
(1788787895.904887) can0 03FF1000#0840112200000001
(1788787896.009895) can0 03FF1000#0840112200000001
(1788787896.114893) can0 03FF1000#0840112200000001
(1788787896.219892) can0 03FF1000#0840112200000001
(1788787896.324899) can0 03FF1000#0840112200000001
(1788787896.429903) can0 03FF1000#0840112200000001
(1788787896.534907) can0 03FF1000#0840112200000001
(1788787896.639913) can0 03FF1000#0840112200000001
(1788787896.744917) can0 03FF1000#0840112200000001
(1788787896.849922) can0 03FF1000#0840112200000001
(1788787896.954929) can0 03FF1000#0840112200000001
(1788787897.059932) can0 03FF1000#0840112200000001
(1788787897.164943) can0 03FF1000#0840112200000001
(1788787897.269942) can0 03FF1000#0840112200000001
(1788787897.374949) can0 03FF1000#0840112200000001
(1788787897.479955) can0 03FF1000#0840112200000001
(1788787897.584959) can0 03FF1000#0840112200000001
(1788787897.651961) can0 04FF3400#0000058600000000
(1788787897.689962) can0 03FF1000#0840112200000001
(1788787897.794966) can0 03FF1000#0840112200000001
(1788787897.899974) can0 03FF1000#0840112200000001
(1788787898.004980) can0 03FF1000#0840112200000001
(1788787898.109984) can0 03FF1000#0840112200000001
(1788787898.214989) can0 03FF1000#0840112200000001
(1788787898.319991) can0 03FF1000#0840112200000001
(1788787898.424996) can0 03FF1000#0840112200000001
(1788787898.530006) can0 03FF1000#0840112200000001
(1788787898.635010) can0 03FF1000#0840112200000001
(1788787898.740015) can0 03FF1000#0840112200000001
(1788787898.845017) can0 03FF1000#0840112200000001
(1788787898.950027) can0 03FF1000#0840112200000001
(1788787899.055030) can0 03FF1000#0840112200000001
(1788787899.160036) can0 03FF1000#0840112200000001
(1788787899.265040) can0 03FF1000#0840112200000001
(1788787899.370044) can0 03FF1000#0840112200000001
(1788787899.475052) can0 03FF1000#0840112200000001
(1788787899.580056) can0 03FF1000#0840112200000001
(1788787899.685058) can0 03FF1000#0840112200000001
(1788787899.790067) can0 03FF1000#0840112200000001
(1788787899.895073) can0 03FF1000#0840112200000001
(1788787900.000077) can0 03FF1000#0840112200000001
(1788787900.105083) can0 03FF1000#0840112200000001
(1788787900.210084) can0 03FF1000#0840112200000001
(1788787900.315093) can0 03FF1000#0840112200000001
(1788787900.420095) can0 03FF1000#0840112200000001
(1788787900.525103) can0 03FF1000#0840112200000001
(1788787900.630107) can0 03FF1000#0840112200000001
(1788787900.735110) can0 03FF1000#0840112200000001
(1788787900.840117) can0 03FF1000#0840112200000001
(1788787900.945124) can0 03FF1000#0840112200000001
(1788787901.050129) can0 03FF1000#0840112200000001
(1788787901.155133) can0 03FF1000#0840112200000001
(1788787901.260139) can0 03FF1000#0840112200000001
(1788787901.365145) can0 03FF1000#0840112200000001
(1788787901.470150) can0 03FF1000#0840112200000001
(1788787901.575155) can0 03FF1000#0840112200000001
(1788787901.680160) can0 03FF1000#0840112200000001
(1788787901.785164) can0 03FF1000#0840112200000001
(1788787901.890172) can0 03FF1000#0840112200000001
(1788787901.995176) can0 03FF1000#0840112200000001
(1788787902.100180) can0 03FF1000#0840112200000001
(1788787902.205185) can0 03FF1000#0840112200000001
(1788787902.310191) can0 03FF1000#0840112200000001
(1788787902.415197) can0 03FF1000#0840112200000001
(1788787902.520201) can0 03FF1000#0840112200000001
(1788787902.625207) can0 03FF1000#0840112200000001
(1788787902.730210) can0 03FF1000#0840112200000001
(1788787902.835216) can0 03FF1000#0840112200000001
(1788787902.940225) can0 03FF1000#0840112200000001
(1788787903.045227) can0 03FF1000#0840112200000001
(1788787903.150234) can0 03FF1000#0840112200000001
(1788787903.255236) can0 03FF1000#0840112200000001
(1788787903.360241) can0 03FF1000#0840112200000001
(1788787903.465249) can0 03FF1000#0840112200000001
(1788787903.570253) can0 03FF1000#0840112200000001
(1788787903.675257) can0 03FF1000#0840112200000001
(1788787903.780263) can0 03FF1000#0840112200000001
(1788787903.885268) can0 03FF1000#0840112200000001
(1788787903.990275) can0 03FF1000#0840112200000001
(1788787904.095279) can0 03FF1000#0840112200000001
(1788787904.200282) can0 03FF1000#0840112200000001
(1788787904.305287) can0 03FF1000#0840112200000001
(1788787904.410293) can0 03FF1000#0840112200000001
(1788787904.515300) can0 03FF1000#0840112200000001
(1788787904.620304) can0 03FF1000#0840112200000001
(1788787904.725309) can0 03FF1000#0840112200000001
(1788787904.830313) can0 03FF1000#0840112200000001
(1788787904.935320) can0 03FF1000#0840112200000001
(1788787905.040326) can0 03FF1000#0840112200000001
(1788787905.145330) can0 03FF1000#0840112200000001
(1788787905.250334) can0 03FF1000#0840112200000001
(1788787905.355338) can0 03FF1000#0840112200000001
(1788787905.460346) can0 03FF1000#0840112200000001
(1788787905.565353) can0 03FF1000#0840112200000001
(1788787905.670356) can0 03FF1000#0840112200000001
(1788787905.775360) can0 03FF1000#0840112200000001
(1788787905.880366) can0 03FF1000#0840112200000001
(1788787905.985371) can0 03FF1000#0840112200000001
(1788787906.090378) can0 03FF1000#0840112200000001
(1788787906.195382) can0 03FF1000#0840112200000001
(1788787906.300386) can0 03FF1000#0840112200000001
(1788787906.405392) can0 03FF1000#0840112200000001
(1788787906.510396) can0 03FF1000#0840112200000001
(1788787906.615404) can0 03FF1000#0840112200000001
(1788787906.720407) can0 03FF1000#0840112200000001
(1788787906.825411) can0 03FF1000#0840112200000001
(1788787906.930417) can0 03FF1000#0840112200000001
(1788787907.035423) can0 03FF1000#0840112200000001
(1788787907.140429) can0 03FF1000#0840112200000001
(1788787907.245431) can0 03FF1000#0840112200000001
(1788787907.350438) can0 03FF1000#0840112200000001
(1788787907.455442) can0 03FF1000#0840112200000001
(1788787907.560447) can0 03FF1000#0840112200000001
(1788787907.651645) can0 04FF3400#0000058700000000
(1788787907.652453) can0 04FF3603#0300000000000000
(1788787907.665452) can0 03FF1000#0840112200000001
(1788787907.770457) can0 03FF1000#0840112200000001
(1788787907.875465) can0 03FF1000#0840112200000001
(1788787907.980469) can0 03FF1000#0840112200000001
(1788787908.085474) can0 03FF1000#0840112200000001
(1788787908.190480) can0 03FF1000#0840112200000001
(1788787908.295483) can0 03FF1000#0840112200000001
(1788787908.400489) can0 03FF1000#0840112200000001
(1788787908.505495) can0 03FF1000#0840112200000001
(1788787908.610501) can0 03FF1000#0840112200000001
(1788787908.715506) can0 03FF1000#0840112200000001
(1788787908.820510) can0 03FF1000#0840112200000001
(1788787908.925515) can0 03FF1000#0840112200000001
(1788787909.030521) can0 03FF1000#0840112200000001
(1788787909.135527) can0 03FF1000#0840112200000001
(1788787909.240532) can0 03FF1000#0840112200000001
(1788787909.345535) can0 03FF1000#0840112200000001
(1788787909.450540) can0 03FF1000#0840112200000001
(1788787909.555546) can0 03FF1000#0840112200000001
(1788787909.660551) can0 03FF1000#0840112200000001
(1788787909.765557) can0 03FF1000#0840112200000001
(1788787909.870563) can0 03FF1000#0840112200000001
(1788787909.975567) can0 03FF1000#0840112200000001
(1788787910.080571) can0 03FF1000#0840112200000001
(1788787910.185578) can0 03FF1000#0840112200000001
(1788787910.290583) can0 03FF1000#0840112200000001
(1788787910.395587) can0 03FF1000#0840112200000001
(1788787910.500593) can0 03FF1000#0840112200000001
(1788787910.605597) can0 03FF1000#0840112200000001
(1788787910.710601) can0 03FF1000#0840112200000001
(1788787910.815610) can0 03FF1000#0840112200000001
(1788787910.920615) can0 03FF1000#0840112200000001
(1788787911.025618) can0 03FF1000#0840112200000001
(1788787911.130624) can0 03FF1000#0840112200000001
(1788787911.235628) can0 03FF1000#0840112200000001
(1788787911.340634) can0 03FF1000#0840112200000001
(1788787911.445639) can0 03FF1000#0840112200000001
(1788787911.550644) can0 03FF1000#0840112200000001
(1788787911.655649) can0 03FF1000#0840112200000001
(1788787911.760654) can0 03FF1000#0840112200000001
(1788787911.865662) can0 03FF1000#0840112200000001
(1788787911.970666) can0 03FF1000#0840112200000001
(1788787912.075670) can0 03FF1000#0840112200000001
(1788787912.180674) can0 03FF1000#0840112200000001
(1788787912.285680) can0 03FF1000#0840112200000001
(1788787912.390687) can0 03FF1000#0840112200000001
(1788787912.495691) can0 03FF1000#0840112200000001
(1788787912.600696) can0 03FF1000#0840112200000001
(1788787912.705701) can0 03FF1000#0840112200000001
(1788787912.810705) can0 03FF1000#0840112200000001
(1788787912.915713) can0 03FF1000#0840112200000001
(1788787913.020717) can0 03FF1000#0840112200000001
(1788787913.125721) can0 03FF1000#0840112200000001
(1788787913.230727) can0 03FF1000#0840112200000001
(1788787913.334981) can0 03FF1000#0840112200000001
(1788787913.439992) can0 03FF1000#0840112200000001
(1788787913.545742) can0 03FF1000#0840112200000001
(1788787913.650747) can0 03FF1000#0840112200000001
(1788787913.755002) can0 03FF1000#0840112200000001
(1788787913.859990) can0 03FF1000#0840112200000001
(1788787913.965008) can0 03FF1000#0840112200000001
(1788787914.070022) can0 03FF1000#0840112200000001
(1788787914.175027) can0 03FF1000#0840112200000001
(1788787914.280009) can0 03FF1000#0840112200000001
(1788787914.385015) can0 03FF1000#0840112200000001
(1788787914.490010) can0 03FF1000#0840112200000001
(1788787914.595019) can0 03FF1000#0840112200000001
(1788787914.700797) can0 03FF1000#0840112200000001
(1788787914.805023) can0 03FF1000#0840112200000001
(1788787914.910018) can0 03FF1000#0840112200000001
(1788787915.015020) can0 03FF1000#0840112200000001
(1788787915.120051) can0 03FF1000#0840112200000001
(1788787915.225824) can0 03FF1000#0840112200000001
(1788787915.330026) can0 03FF1000#0840112200000001
(1788787915.435031) can0 03FF1000#0840112200000001
(1788787915.540027) can0 03FF1000#0840112200000001
(1788787915.645053) can0 03FF1000#0840112200000001
(1788787915.750104) can0 03FF1000#0840112200000001
(1788787915.855035) can0 03FF1000#0840112200000001
(1788787915.960046) can0 03FF1000#0840112200000001
(1788787916.065029) can0 03FF1000#0840112200000001
(1788787916.170068) can0 03FF1000#0840112200000001
(1788787916.275055) can0 03FF1000#0840112200000001
(1788787916.380054) can0 03FF1000#0840112200000001
(1788787916.485049) can0 03FF1000#0840112200000001
(1788787916.590043) can0 03FF1000#0840112200000001
(1788787916.695070) can0 03FF1000#0840112200000001
(1788787916.800075) can0 03FF1000#0840112200000001
(1788787916.905069) can0 03FF1000#0840112200000001
(1788787917.010052) can0 03FF1000#0840112200000001
(1788787917.115053) can0 03FF1000#0840112200000001
(1788787917.220084) can0 03FF1000#0840112200000001
(1788787917.325078) can0 03FF1000#0840112200000001
(1788787917.430082) can0 03FF1000#0840112200000001
(1788787917.535061) can0 03FF1000#0840112200000001
(1788787917.640072) can0 03FF1000#0840112200000001
(1788787917.651944) can0 04FF3400#0000058800000000
(1788787917.745086) can0 03FF1000#0840112200000001
(1788787917.850104) can0 03FF1000#0840112200000001
(1788787917.955075) can0 03FF1000#0840112200000001
(1788787918.060126) can0 03FF1000#0840112200000001
(1788787918.165075) can0 03FF1000#0840112200000001
(1788787918.270096) can0 03FF1000#0840112200000001
(1788787918.375095) can0 03FF1000#0840112200000001
(1788787918.480090) can0 03FF1000#0840112200000001
(1788787918.585139) can0 03FF1000#0840112200000001
(1788787918.690073) can0 03FF1000#0840112200000001
(1788787918.795115) can0 03FF1000#0840112200000001
(1788787918.900097) can0 03FF1000#0840112200000001
(1788787919.005115) can0 03FF1000#0840112200000001
(1788787919.110133) can0 03FF1000#0840112200000001
(1788787919.215091) can0 03FF1000#0840112200000001
(1788787919.320084) can0 03FF1000#0840112200000001
(1788787919.425112) can0 03FF1000#0840112200000001
(1788787919.530102) can0 03FF1000#0840112200000001
(1788787919.635098) can0 03FF1000#0840112200000001
(1788787919.740105) can0 03FF1000#0840112200000001
(1788787919.845098) can0 03FF1000#0840112200000001
(1788787919.950134) can0 03FF1000#0840112200000001
(1788787920.055120) can0 03FF1000#0840112200000001
(1788787920.160101) can0 03FF1000#0840112200000001
(1788787920.265108) can0 03FF1000#0840112200000001
(1788787920.370135) can0 03FF1000#0840112200000001
(1788787920.475139) can0 03FF1000#0840112200000001
(1788787920.580134) can0 03FF1000#0840112200000001
(1788787920.685128) can0 03FF1000#0840112200000001
(1788787920.790128) can0 03FF1000#0840112200000001
(1788787920.895127) can0 03FF1000#0840112200000001
(1788787921.000155) can0 03FF1000#0840112200000001
(1788787921.105161) can0 03FF1000#0840112200000001
(1788787921.210125) can0 03FF1000#0840112200000001
(1788787921.315137) can0 03FF1000#0840112200000001
(1788787921.420174) can0 03FF1000#0840112200000001
(1788787921.525171) can0 03FF1000#0840112200000001
(1788787921.630150) can0 03FF1000#0840112200000001
(1788787921.735157) can0 03FF1000#0840112200000001
(1788787921.840152) can0 03FF1000#0840112200000001
(1788787921.945202) can0 03FF1000#0840112200000001
(1788787922.050169) can0 03FF1000#0840112200000001
(1788787922.155166) can0 03FF1000#0840112200000001
(1788787922.260169) can0 03FF1000#0840112200000001
(1788787922.365176) can0 03FF1000#0840112200000001
(1788787922.470187) can0 03FF1000#0840112200000001
(1788787922.575186) can0 03FF1000#0840112200000001
(1788787922.680190) can0 03FF1000#0840112200000001
(1788787922.785196) can0 03FF1000#0840112200000001
(1788787922.890203) can0 03FF1000#0840112200000001
(1788787922.995208) can0 03FF1000#0840112200000001
(1788787923.100211) can0 03FF1000#0840112200000001
(1788787923.205217) can0 03FF1000#0840112200000001
(1788787923.310223) can0 03FF1000#0840112200000001
(1788787923.415228) can0 03FF1000#0840112200000001
(1788787923.520233) can0 03FF1000#0840112200000001
(1788787923.625237) can0 03FF1000#0840112200000001
(1788787923.730242) can0 03FF1000#0840112200000001
(1788787923.835249) can0 03FF1000#0840112200000001
(1788787923.940255) can0 03FF1000#0840112200000001
(1788787924.045259) can0 03FF1000#0840112200000001
(1788787924.150263) can0 03FF1000#0840112200000001
(1788787924.255267) can0 03FF1000#0840112200000001
(1788787924.360273) can0 03FF1000#0840112200000001
(1788787924.465280) can0 03FF1000#0840112200000001
(1788787924.570284) can0 03FF1000#0840112200000001
(1788787924.675289) can0 03FF1000#0840112200000001
(1788787924.780293) can0 03FF1000#0840112200000001
(1788787924.885299) can0 03FF1000#0840112200000001
(1788787924.990308) can0 03FF1000#0840112200000001
(1788787925.095309) can0 03FF1000#0840112200000001
(1788787925.200314) can0 03FF1000#0840112200000001
(1788787925.305321) can0 03FF1000#0840112200000001
(1788787925.410325) can0 03FF1000#0840112200000001
(1788787925.515333) can0 03FF1000#0840112200000001
(1788787925.620336) can0 03FF1000#0840112200000001
(1788787925.725340) can0 03FF1000#0840112200000001
(1788787925.830346) can0 03FF1000#0840112200000001
(1788787925.935352) can0 03FF1000#0840112200000001
(1788787926.040359) can0 03FF1000#0840112200000001
(1788787926.145361) can0 03FF1000#0840112200000001
(1788787926.250366) can0 03FF1000#0840112200000001
(1788787926.355381) can0 03FF1000#0840112200000001
(1788787926.460381) can0 03FF1000#0840112200000001
(1788787926.565385) can0 03FF1000#0840112200000001
(1788787926.670388) can0 03FF1000#0840112200000001
(1788787926.775391) can0 03FF1000#0840112200000001
(1788787926.880398) can0 03FF1000#0840112200000001
(1788787926.985403) can0 03FF1000#0840112200000001
(1788787927.090408) can0 03FF1000#0840112200000001
(1788787927.195412) can0 03FF1000#0840112200000001
(1788787927.300416) can0 03FF1000#0840112200000001
(1788787927.405420) can0 03FF1000#0840112200000001
(1788787927.510429) can0 03FF1000#0840112200000001
(1788787927.615435) can0 03FF1000#0840112200000001
(1788787927.651433) can0 04FF3400#0000058900000000
(1788787927.720436) can0 03FF1000#0840112200000001
(1788787927.825442) can0 03FF1000#0840112200000001
(1788787927.930449) can0 03FF1000#0840112200000001
(1788787928.035456) can0 03FF1000#0840112200000001
(1788787928.140460) can0 03FF1000#0840112200000001
(1788787928.245469) can0 03FF1000#0840112200000001
(1788787928.350468) can0 03FF1000#0840112200000001
(1788787928.455472) can0 03FF1000#0840112200000001
(1788787928.560481) can0 03FF1000#0840112200000001
(1788787928.665487) can0 03FF1000#0840112200000001
(1788787928.770490) can0 03FF1000#0840112200000001
(1788787928.875496) can0 03FF1000#0840112200000001
(1788787928.980501) can0 03FF1000#0840112200000001
(1788787929.085507) can0 03FF1000#0840112200000001
(1788787929.190513) can0 03FF1000#0840112200000001
(1788787929.295514) can0 03FF1000#0840112200000001
(1788787929.400519) can0 03FF1000#0840112200000001
(1788787929.505526) can0 03FF1000#0840112200000001
(1788787929.610532) can0 03FF1000#0840112200000001
(1788787929.715536) can0 03FF1000#0840112200000001
(1788787929.820539) can0 03FF1000#0840112200000001
(1788787929.925548) can0 03FF1000#0840112200000001
(1788787930.030555) can0 03FF1000#0840112200000001
(1788787930.135558) can0 03FF1000#0840112200000001
(1788787930.240565) can0 03FF1000#0840112200000001
(1788787930.345568) can0 03FF1000#0840112200000001
(1788787930.450573) can0 03FF1000#0840112200000001
(1788787930.555580) can0 03FF1000#0840112200000001
(1788787930.660583) can0 03FF1000#0840112200000001
(1788787930.765590) can0 03FF1000#0840112200000001
(1788787930.870593) can0 03FF1000#0840112200000001
(1788787930.975599) can0 03FF1000#0840112200000001
(1788787931.080605) can0 03FF1000#0840112200000001
(1788787931.185609) can0 03FF1000#0840112200000001
(1788787931.290617) can0 03FF1000#0840112200000001
(1788787931.395619) can0 03FF1000#0840112200000001
(1788787931.500625) can0 03FF1000#0840112200000001
(1788787931.605629) can0 03FF1000#0840112200000001
(1788787931.710637) can0 03FF1000#0840112200000001
(1788787931.815643) can0 03FF1000#0840112200000001
(1788787931.920646) can0 03FF1000#0840112200000001
(1788787932.025652) can0 03FF1000#0840112200000001
(1788787932.130656) can0 03FF1000#0840112200000001
(1788787932.235661) can0 03FF1000#0840112200000001
(1788787932.340668) can0 03FF1000#0840112200000001
(1788787932.445671) can0 03FF1000#0840112200000001
(1788787932.550678) can0 03FF1000#0840112200000001
(1788787932.655683) can0 03FF1000#0840112200000001
(1788787932.760687) can0 03FF1000#0840112200000001
(1788787932.865694) can0 03FF1000#0840112200000001
(1788787932.970699) can0 03FF1000#0840112200000001
(1788787933.075704) can0 03FF1000#0840112200000001
(1788787933.180711) can0 03FF1000#0840112200000001
(1788787933.285715) can0 03FF1000#0840112200000001
(1788787933.390720) can0 03FF1000#0840112200000001
(1788787933.495725) can0 03FF1000#0840112200000001
(1788787933.600730) can0 03FF1000#0840112200000001
(1788787933.705739) can0 03FF1000#0840112200000001
(1788787933.810740) can0 03FF1000#0840112200000001
(1788787933.915746) can0 03FF1000#0840112200000001
(1788787934.020750) can0 03FF1000#0840112200000001
(1788787934.125755) can0 03FF1000#0840112200000001
(1788787934.230760) can0 03FF1000#0840112200000001
(1788787934.335766) can0 03FF1000#0840112200000001
(1788787934.440771) can0 03FF1000#0840112200000001
(1788787934.545776) can0 03FF1000#0840112200000001
(1788787934.650781) can0 03FF1000#0840112200000001
(1788787934.755787) can0 03FF1000#0840112200000001
(1788787934.860791) can0 03FF1000#0840112200000001
(1788787934.965800) can0 03FF1000#0840112200000001
(1788787935.070803) can0 03FF1000#0840112200000001
(1788787935.175807) can0 03FF1000#0840112200000001
(1788787935.280809) can0 03FF1000#0840112200000001
(1788787935.385814) can0 03FF1000#0840112200000001
(1788787935.490821) can0 03FF1000#0840112200000001
(1788787935.595828) can0 03FF1000#0840112200000001
(1788787935.700834) can0 03FF1000#0840112200000001
(1788787935.805838) can0 03FF1000#0840112200000001
(1788787935.910844) can0 03FF1000#0840112200000001
(1788787936.015850) can0 03FF1000#0840112200000001
(1788787936.120853) can0 03FF1000#0840112200000001
(1788787936.225856) can0 03FF1000#0840112200000001
(1788787936.330862) can0 03FF1000#0840112200000001
(1788787936.435867) can0 03FF1000#0840112200000001
(1788787936.540877) can0 03FF1000#0840112200000001
(1788787936.645878) can0 03FF1000#0840112200000001
(1788787936.750883) can0 03FF1000#0840112200000001
(1788787936.855887) can0 03FF1000#0840112200000001
(1788787936.960895) can0 03FF1000#0840112200000001
(1788787937.065901) can0 03FF1000#0840112200000001
(1788787937.170906) can0 03FF1000#0840112200000001
(1788787937.275908) can0 03FF1000#0840112200000001
(1788787937.380913) can0 03FF1000#0840112200000001
(1788787937.485918) can0 03FF1000#0840112200000001
(1788787937.590929) can0 03FF1000#0840112200000001
(1788787937.651928) can0 04FF3400#0000058A00000000
(1788787937.695927) can0 03FF1000#0840112200000001
(1788787937.800933) can0 03FF1000#0840112200000001
(1788787937.905943) can0 03FF1000#0840112200000001
(1788787938.010947) can0 03FF1000#0840112200000001
(1788787938.115955) can0 03FF1000#0840112200000001
(1788787938.220957) can0 03FF1000#0840112200000001
(1788787938.325970) can0 03FF1000#0840112200000001
(1788787938.430971) can0 03FF1000#0840112200000001
(1788787938.535975) can0 03FF1000#0840112200000001
(1788787938.640980) can0 03FF1000#0840112200000001
(1788787938.745984) can0 03FF1000#0840112200000001
(1788787938.850988) can0 03FF1000#0840112200000001
(1788787938.955993) can0 03FF1000#0840112200000001
(1788787939.060999) can0 03FF1000#0840112200000001
(1788787939.166005) can0 03FF1000#0840112200000001
(1788787939.271009) can0 03FF1000#0840112200000001
(1788787939.376015) can0 03FF1000#0840112200000001
(1788787939.481020) can0 03FF1000#0840112200000001
(1788787939.586024) can0 03FF1000#0840112200000001
(1788787939.691031) can0 03FF1000#0840112200000001
(1788787939.796033) can0 03FF1000#0840112200000001
(1788787939.901042) can0 03FF1000#0840112200000001
(1788787940.006045) can0 03FF1000#0840112200000001
(1788787940.111051) can0 03FF1000#0840112200000001
(1788787940.216056) can0 03FF1000#0840112200000001
(1788787940.321061) can0 03FF1000#0840112200000001
(1788787940.426066) can0 03FF1000#0840112200000001
(1788787940.531073) can0 03FF1000#0840112200000001
(1788787940.636077) can0 03FF1000#0840112200000001
(1788787940.741084) can0 03FF1000#0840112200000001
(1788787940.846087) can0 03FF1000#0840112200000001
(1788787940.951094) can0 03FF1000#0840112200000001
(1788787941.056098) can0 03FF1000#0840112200000001
(1788787941.161102) can0 03FF1000#0840112200000001
(1788787941.266109) can0 03FF1000#0840112200000001
(1788787941.371112) can0 03FF1000#0840112200000001
(1788787941.476117) can0 03FF1000#0840112200000001
(1788787941.581123) can0 03FF1000#0840112200000001
(1788787941.686127) can0 03FF1000#0840112200000001
(1788787941.791134) can0 03FF1000#0840112200000001
(1788787941.896140) can0 03FF1000#0840112200000001
(1788787942.001144) can0 03FF1000#0840112200000001
(1788787942.106148) can0 03FF1000#0840112200000001
(1788787942.211155) can0 03FF1000#0840112200000001
(1788787942.316162) can0 03FF1000#0840112200000001
(1788787942.421164) can0 03FF1000#0840112200000001
(1788787942.526170) can0 03FF1000#0840112200000001
(1788787942.631175) can0 03FF1000#0840112200000001
(1788787942.736180) can0 03FF1000#0840112200000001
(1788787942.841188) can0 03FF1000#0840112200000001
(1788787942.946191) can0 03FF1000#0840112200000001
(1788787943.051197) can0 03FF1000#0840112200000001
(1788787943.156201) can0 03FF1000#0840112200000001
(1788787943.261205) can0 03FF1000#0840112200000001
(1788787943.366214) can0 03FF1000#0840112200000001
(1788787943.471217) can0 03FF1000#0840112200000001
(1788787943.576222) can0 03FF1000#0840112200000001
(1788787943.681226) can0 03FF1000#0840112200000001
(1788787943.786231) can0 03FF1000#0840112200000001
(1788787943.891242) can0 03FF1000#0840112200000001
(1788787943.996242) can0 03FF1000#0840112200000001
(1788787944.101248) can0 03FF1000#0840112200000001
(1788787944.206252) can0 03FF1000#0840112200000001
(1788787944.311259) can0 03FF1000#0840112200000001
(1788787944.416265) can0 03FF1000#0840112200000001
(1788787944.520524) can0 03FF1000#0840112200000001
(1788787944.625529) can0 03FF1000#0840112200000001
(1788787944.731280) can0 03FF1000#0840112200000001
(1788787944.836283) can0 03FF1000#0840112200000001
(1788787944.941294) can0 03FF1000#0840112200000001
(1788787945.045538) can0 03FF1000#0840112200000001
(1788787945.150532) can0 03FF1000#0840112200000001
(1788787945.255560) can0 03FF1000#0840112200000001
(1788787945.360563) can0 03FF1000#0840112200000001
(1788787945.465559) can0 03FF1000#0840112200000001
(1788787945.570540) can0 03FF1000#0840112200000001
(1788787945.675541) can0 03FF1000#0840112200000001
(1788787945.780550) can0 03FF1000#0840112200000001
(1788787945.885568) can0 03FF1000#0840112200000001
(1788787945.990574) can0 03FF1000#0840112200000001
(1788787946.095550) can0 03FF1000#0840112200000001
(1788787946.200560) can0 03FF1000#0840112200000001
(1788787946.305575) can0 03FF1000#0840112200000001
(1788787946.410592) can0 03FF1000#0840112200000001
(1788787946.515577) can0 03FF1000#0840112200000001
(1788787946.620569) can0 03FF1000#0840112200000001
(1788787946.725620) can0 03FF1000#0840112200000001
(1788787946.830590) can0 03FF1000#0840112200000001
(1788787946.935581) can0 03FF1000#0840112200000001
(1788787947.040580) can0 03FF1000#0840112200000001
(1788787947.145583) can0 03FF1000#0840112200000001
(1788787947.250634) can0 03FF1000#0840112200000001
(1788787947.355600) can0 03FF1000#0840112200000001
(1788787947.460598) can0 03FF1000#0840112200000001
(1788787947.565605) can0 03FF1000#0840112200000001
(1788787947.651425) can0 04FF3400#0000058B00000000
(1788787947.670573) can0 03FF1000#0840112200000001
(1788787947.775624) can0 03FF1000#0840112200000001
(1788787947.880608) can0 03FF1000#0840112200000001
(1788787947.985602) can0 03FF1000#0840112200000001
(1788787948.090615) can0 03FF1000#0840112200000001
(1788787948.195589) can0 03FF1000#0840112200000001
(1788787948.300594) can0 03FF1000#0840112200000001
(1788787948.405589) can0 03FF1000#0840112200000001
(1788787948.510623) can0 03FF1000#0840112200000001
(1788787948.615612) can0 03FF1000#0840112200000001
(1788787948.720603) can0 03FF1000#0840112200000001
(1788787948.825596) can0 03FF1000#0840112200000001
(1788787948.930626) can0 03FF1000#0840112200000001
(1788787949.035632) can0 03FF1000#0840112200000001
(1788787949.140626) can0 03FF1000#0840112200000001
(1788787949.245605) can0 03FF1000#0840112200000001
(1788787949.350606) can0 03FF1000#0840112200000001
(1788787949.455616) can0 03FF1000#0840112200000001
(1788787949.560669) can0 03FF1000#0840112200000001
(1788787949.665639) can0 03FF1000#0840112200000001
(1788787949.770616) can0 03FF1000#0840112200000001
(1788787949.875627) can0 03FF1000#0840112200000001
(1788787949.980642) can0 03FF1000#0840112200000001
(1788787950.085682) can0 03FF1000#0840112200000001
(1788787950.190642) can0 03FF1000#0840112200000001
(1788787950.295646) can0 03FF1000#0840112200000001
(1788787950.400629) can0 03FF1000#0840112200000001
(1788787950.505633) can0 03FF1000#0840112200000001
(1788787950.610693) can0 03FF1000#0840112200000001
(1788787950.715668) can0 03FF1000#0840112200000001
(1788787950.820649) can0 03FF1000#0840112200000001
(1788787950.925645) can0 03FF1000#0840112200000001
(1788787951.030633) can0 03FF1000#0840112200000001
(1788787951.135665) can0 03FF1000#0840112200000001
(1788787951.240673) can0 03FF1000#0840112200000001
(1788787951.345652) can0 03FF1000#0840112200000001
(1788787951.450646) can0 03FF1000#0840112200000001
(1788787951.555651) can0 03FF1000#0840112200000001
(1788787951.660668) can0 03FF1000#0840112200000001
(1788787951.765685) can0 03FF1000#0840112200000001
(1788787951.870649) can0 03FF1000#0840112200000001
(1788787951.975660) can0 03FF1000#0840112200000001
(1788787952.080678) can0 03FF1000#0840112200000001
(1788787952.185693) can0 03FF1000#0840112200000001
(1788787952.290695) can0 03FF1000#0840112200000001
(1788787952.395681) can0 03FF1000#0840112200000001
(1788787952.500685) can0 03FF1000#0840112200000001
(1788787952.605681) can0 03FF1000#0840112200000001
(1788787952.710697) can0 03FF1000#0840112200000001
(1788787952.815704) can0 03FF1000#0840112200000001
(1788787952.920743) can0 03FF1000#0840112200000001
(1788787953.025689) can0 03FF1000#0840112200000001
(1788787953.130694) can0 03FF1000#0840112200000001
(1788787953.235710) can0 03FF1000#0840112200000001
(1788787953.340707) can0 03FF1000#0840112200000001
(1788787953.445747) can0 03FF1000#0840112200000001
(1788787953.550716) can0 03FF1000#0840112200000001
(1788787953.655722) can0 03FF1000#0840112200000001
(1788787953.760726) can0 03FF1000#0840112200000001
(1788787953.865732) can0 03FF1000#0840112200000001
(1788787953.970760) can0 03FF1000#0840112200000001
(1788787954.075741) can0 03FF1000#0840112200000001
(1788787954.180746) can0 03FF1000#0840112200000001
(1788787954.285752) can0 03FF1000#0840112200000001
(1788787954.390759) can0 03FF1000#0840112200000001
(1788787954.495761) can0 03FF1000#0840112200000001
(1788787954.600767) can0 03FF1000#0840112200000001
(1788787954.705774) can0 03FF1000#0840112200000001
(1788787954.810779) can0 03FF1000#0840112200000001
(1788787954.915783) can0 03FF1000#0840112200000001
(1788787955.020791) can0 03FF1000#0840112200000001
(1788787955.125793) can0 03FF1000#0840112200000001
(1788787955.230798) can0 03FF1000#0840112200000001
(1788787955.335805) can0 03FF1000#0840112200000001
(1788787955.440811) can0 03FF1000#0840112200000001
(1788787955.545814) can0 03FF1000#0840112200000001
(1788787955.650821) can0 03FF1000#0840112200000001
(1788787955.755824) can0 03FF1000#0840112200000001
(1788787955.860829) can0 03FF1000#0840112200000001
(1788787955.965837) can0 03FF1000#0840112200000001
(1788787956.070841) can0 03FF1000#0840112200000001
(1788787956.175845) can0 03FF1000#0840112200000001
(1788787956.280851) can0 03FF1000#0840112200000001
(1788787956.385855) can0 03FF1000#0840112200000001
(1788787956.490862) can0 03FF1000#0840112200000001
(1788787956.595867) can0 03FF1000#0840112200000001
(1788787956.700872) can0 03FF1000#0840112200000001
(1788787956.805877) can0 03FF1000#0840112200000001
(1788787956.910883) can0 03FF1000#0840112200000001
(1788787957.015889) can0 03FF1000#0840112200000001
(1788787957.120894) can0 03FF1000#0840112200000001
(1788787957.225898) can0 03FF1000#0840112200000001
(1788787957.330903) can0 03FF1000#0840112200000001
(1788787957.435908) can0 03FF1000#0840112200000001
(1788787957.540916) can0 03FF1000#0840112200000001
(1788787957.645920) can0 03FF1000#0840112200000001
(1788787957.651022) can0 04FF3400#0000058C00000000
(1788787957.750923) can0 03FF1000#0840112200000001
(1788787957.855927) can0 03FF1000#0840112200000001
(1788787957.960935) can0 03FF1000#0840112200000001
(1788787958.065941) can0 03FF1000#0840112200000001
(1788787958.170944) can0 03FF1000#0840112200000001
(1788787958.275950) can0 03FF1000#0840112200000001
(1788787958.380955) can0 03FF1000#0840112200000001
(1788787958.485959) can0 03FF1000#0840112200000001
(1788787958.590967) can0 03FF1000#0840112200000001
(1788787958.695970) can0 03FF1000#0840112200000001
(1788787958.800975) can0 03FF1000#0840112200000001
(1788787958.905982) can0 03FF1000#0840112200000001
(1788787959.010986) can0 03FF1000#0840112200000001
(1788787959.115994) can0 03FF1000#0840112200000001
(1788787959.220996) can0 03FF1000#0840112200000001
(1788787959.326001) can0 03FF1000#0840112200000001
(1788787959.431007) can0 03FF1000#0840112200000001
(1788787959.536013) can0 03FF1000#0840112200000001
(1788787959.641018) can0 03FF1000#0840112200000001
(1788787959.746023) can0 03FF1000#0840112200000001
(1788787959.851028) can0 03FF1000#0840112200000001
(1788787959.956035) can0 03FF1000#0840112200000001
(1788787960.061039) can0 03FF1000#0840112200000001
(1788787960.166045) can0 03FF1000#0840112200000001
(1788787960.271050) can0 03FF1000#0840112200000001
(1788787960.376054) can0 03FF1000#0840112200000001
(1788787960.481058) can0 03FF1000#0840112200000001
(1788787960.586065) can0 03FF1000#0840112200000001
(1788787960.691071) can0 03FF1000#0840112200000001
(1788787960.796074) can0 03FF1000#0840112200000001
(1788787960.901081) can0 03FF1000#0840112200000001
(1788787961.006085) can0 03FF1000#0840112200000001
(1788787961.111091) can0 03FF1000#0840112200000001
(1788787961.216096) can0 03FF1000#0840112200000001
(1788787961.321100) can0 03FF1000#0840112200000001
(1788787961.426105) can0 03FF1000#0840112200000001
(1788787961.531111) can0 03FF1000#0840112200000001
(1788787961.636116) can0 03FF1000#0840112200000001
(1788787961.741122) can0 03FF1000#0840112200000001
(1788787961.846126) can0 03FF1000#0840112200000001
(1788787961.951132) can0 03FF1000#0840112200000001
(1788787962.056138) can0 03FF1000#0840112200000001
(1788787962.161142) can0 03FF1000#0840112200000001
(1788787962.266149) can0 03FF1000#0840112200000001
(1788787962.371153) can0 03FF1000#0840112200000001
(1788787962.476158) can0 03FF1000#0840112200000001
(1788787962.581163) can0 03FF1000#0840112200000001
(1788787962.686168) can0 03FF1000#0840112200000001
(1788787962.791174) can0 03FF1000#0840112200000001
(1788787962.896179) can0 03FF1000#0840112200000001
(1788787963.001185) can0 03FF1000#0840112200000001
(1788787963.106193) can0 03FF1000#0840112200000001
(1788787963.211196) can0 03FF1000#0840112200000001
(1788787963.316200) can0 03FF1000#0840112200000001
(1788787963.421204) can0 03FF1000#0840112200000001
(1788787963.526211) can0 03FF1000#0840112200000001
(1788787963.631216) can0 03FF1000#0840112200000001
(1788787963.736221) can0 03FF1000#0840112200000001
(1788787963.841227) can0 03FF1000#0840112200000001
(1788787963.946231) can0 03FF1000#0840112200000001
(1788787964.051238) can0 03FF1000#0840112200000001
(1788787964.156242) can0 03FF1000#0840112200000001
(1788787964.261247) can0 03FF1000#0840112200000001
(1788787964.366254) can0 03FF1000#0840112200000001
(1788787964.471257) can0 03FF1000#0840112200000001
(1788787964.576263) can0 03FF1000#0840112200000001
(1788787964.681267) can0 03FF1000#0840112200000001
(1788787964.786272) can0 03FF1000#0840112200000001
(1788787964.891280) can0 03FF1000#0840112200000001
(1788787964.996285) can0 03FF1000#0840112200000001
(1788787965.101289) can0 03FF1000#0840112200000001
(1788787965.206295) can0 03FF1000#0840112200000001
(1788787965.311298) can0 03FF1000#0840112200000001
(1788787965.416305) can0 03FF1000#0840112200000001
(1788787965.521309) can0 03FF1000#0840112200000001
(1788787965.626316) can0 03FF1000#0840112200000001
(1788787965.731319) can0 03FF1000#0840112200000001
(1788787965.836325) can0 03FF1000#0840112200000001
(1788787965.941333) can0 03FF1000#0840112200000001
(1788787966.046336) can0 03FF1000#0840112200000001
(1788787966.151340) can0 03FF1000#0840112200000001
(1788787966.256345) can0 03FF1000#0840112200000001
(1788787966.361350) can0 03FF1000#0840112200000001
(1788787966.466356) can0 03FF1000#0840112200000001
(1788787966.571363) can0 03FF1000#0840112200000001
(1788787966.676366) can0 03FF1000#0840112200000001
(1788787966.781372) can0 03FF1000#0840112200000001
(1788787966.886377) can0 03FF1000#0840112200000001
(1788787966.991384) can0 03FF1000#0840112200000001
(1788787967.096389) can0 03FF1000#0840112200000001
(1788787967.201394) can0 03FF1000#0840112200000001
(1788787967.306398) can0 03FF1000#0840112200000001
(1788787967.411404) can0 03FF1000#0840112200000001
(1788787967.516409) can0 03FF1000#0840112200000001
(1788787967.621414) can0 03FF1000#0840112200000001
(1788787967.651417) can0 04FF3400#0000058D00000000
(1788787967.651478) can0 04FF3603#0300000000000000
(1788787967.726418) can0 03FF1000#0840112200000001
(1788787967.831423) can0 03FF1000#0840112200000001
(1788787967.936429) can0 03FF1000#0840112200000001
(1788787968.041436) can0 03FF1000#0840112200000001
(1788787968.146442) can0 03FF1000#0840112200000001
(1788787968.251445) can0 03FF1000#0840112200000001
(1788787968.356451) can0 03FF1000#0840112200000001
(1788787968.461456) can0 03FF1000#0840112200000001
(1788787968.566463) can0 03FF1000#0840112200000001
(1788787968.671466) can0 03FF1000#0840112200000001
(1788787968.776471) can0 03FF1000#0840112200000001
(1788787968.881477) can0 03FF1000#0840112200000001
(1788787968.986482) can0 03FF1000#0840112200000001
(1788787969.091488) can0 03FF1000#0840112200000001
(1788787969.196494) can0 03FF1000#0840112200000001
(1788787969.301497) can0 03FF1000#0840112200000001
(1788787969.406503) can0 03FF1000#0840112200000001
(1788787969.511507) can0 03FF1000#0840112200000001
(1788787969.616514) can0 03FF1000#0840112200000001
(1788787969.721517) can0 03FF1000#0840112200000001
(1788787969.826523) can0 03FF1000#0840112200000001
(1788787969.931528) can0 03FF1000#0840112200000001
(1788787970.036535) can0 03FF1000#0840112200000001
(1788787970.141539) can0 03FF1000#0840112200000001
(1788787970.246544) can0 03FF1000#0840112200000001
(1788787970.351548) can0 03FF1000#0840112200000001
(1788787970.456555) can0 03FF1000#0840112200000001
(1788787970.561560) can0 03FF1000#0840112200000001
(1788787970.666566) can0 03FF1000#0840112200000001
(1788787970.771569) can0 03FF1000#0840112200000001
(1788787970.876575) can0 03FF1000#0840112200000001
(1788787970.981580) can0 03FF1000#0840112200000001
(1788787971.086588) can0 03FF1000#0840112200000001
(1788787971.191592) can0 03FF1000#0840112200000001
(1788787971.296596) can0 03FF1000#0840112200000001
(1788787971.401601) can0 03FF1000#0840112200000001
(1788787971.506605) can0 03FF1000#0840112200000001
(1788787971.611612) can0 03FF1000#0840112200000001
(1788787971.716619) can0 03FF1000#0840112200000001
(1788787971.821622) can0 03FF1000#0840112200000001
(1788787971.926629) can0 03FF1000#0840112200000001
(1788787972.031634) can0 03FF1000#0840112200000001
(1788787972.136639) can0 03FF1000#0840112200000001
(1788787972.241645) can0 03FF1000#0840112200000001
(1788787972.346647) can0 03FF1000#0840112200000001
(1788787972.451653) can0 03FF1000#0840112200000001
(1788787972.556659) can0 03FF1000#0840112200000001
(1788787972.661663) can0 03FF1000#0840112200000001
(1788787972.766670) can0 03FF1000#0840112200000001
(1788787972.871674) can0 03FF1000#0840112200000001
(1788787972.976681) can0 03FF1000#0840112200000001
(1788787973.081686) can0 03FF1000#0840112200000001
(1788787973.186690) can0 03FF1000#0840112200000001
(1788787973.291696) can0 03FF1000#0840112200000001
(1788787973.396700) can0 03FF1000#0840112200000001
(1788787973.501706) can0 03FF1000#0840112200000001
(1788787973.606712) can0 03FF1000#0840112200000001
(1788787973.711716) can0 03FF1000#0840112200000001
(1788787973.816722) can0 03FF1000#0840112200000001
(1788787973.921728) can0 03FF1000#0840112200000001
(1788787974.026733) can0 03FF1000#0840112200000001
(1788787974.131738) can0 03FF1000#0840112200000001
(1788787974.236750) can0 03FF1000#0840112200000001
(1788787974.341759) can0 03FF1000#0840112200000001
(1788787974.446757) can0 03FF1000#0840112200000001
(1788787974.551759) can0 03FF1000#0840112200000001
(1788787974.656763) can0 03FF1000#0840112200000001
(1788787974.761769) can0 03FF1000#0840112200000001
(1788787974.866774) can0 03FF1000#0840112200000001
(1788787974.971779) can0 03FF1000#0840112200000001
(1788787975.076786) can0 03FF1000#0840112200000001
(1788787975.181792) can0 03FF1000#0840112200000001
(1788787975.286796) can0 03FF1000#0840112200000001
(1788787975.391801) can0 03FF1000#0840112200000001
(1788787975.496804) can0 03FF1000#0840112200000001
(1788787975.601811) can0 03FF1000#0840112200000001
(1788787975.706816) can0 03FF1000#0840112200000001
(1788787975.811821) can0 03FF1000#0840112200000001
(1788787975.916828) can0 03FF1000#0840112200000001
(1788787976.021832) can0 03FF1000#0840112200000001
(1788787976.126836) can0 03FF1000#0840112200000001
(1788787976.231095) can0 03FF1000#0840112200000001
(1788787976.336101) can0 03FF1000#0840112200000001
(1788787976.441854) can0 03FF1000#0840112200000001
(1788787976.546859) can0 03FF1000#0840112200000001
(1788787976.651101) can0 03FF1000#0840112200000001
(1788787976.756110) can0 03FF1000#0840112200000001
(1788787976.861093) can0 03FF1000#0840112200000001
(1788787976.966123) can0 03FF1000#0840112200000001
(1788787977.071124) can0 03FF1000#0840112200000001
(1788787977.176120) can0 03FF1000#0840112200000001
(1788787977.281114) can0 03FF1000#0840112200000001
(1788787977.386108) can0 03FF1000#0840112200000001
(1788787977.491114) can0 03FF1000#0840112200000001
(1788787977.596129) can0 03FF1000#0840112200000001
(1788787977.650912) can0 04FF3400#0000058E00000000
(1788787977.701122) can0 03FF1000#0840112200000001
(1788787977.806111) can0 03FF1000#0840112200000001
(1788787977.911109) can0 03FF1000#0840112200000001
(1788787978.016152) can0 03FF1000#0840112200000001
(1788787978.121144) can0 03FF1000#0840112200000001
(1788787978.226191) can0 03FF1000#0840112200000001
(1788787978.331130) can0 03FF1000#0840112200000001
(1788787978.436135) can0 03FF1000#0840112200000001
(1788787978.541143) can0 03FF1000#0840112200000001
(1788787978.646148) can0 03FF1000#0840112200000001
(1788787978.751210) can0 03FF1000#0840112200000001
(1788787978.856146) can0 03FF1000#0840112200000001
(1788787978.961139) can0 03FF1000#0840112200000001
(1788787979.066142) can0 03FF1000#0840112200000001
(1788787979.171161) can0 03FF1000#0840112200000001
(1788787979.276213) can0 03FF1000#0840112200000001
(1788787979.381150) can0 03FF1000#0840112200000001
(1788787979.486137) can0 03FF1000#0840112200000001
(1788787979.591149) can0 03FF1000#0840112200000001
(1788787979.696164) can0 03FF1000#0840112200000001
(1788787979.801181) can0 03FF1000#0840112200000001
(1788787979.906163) can0 03FF1000#0840112200000001
(1788787980.011159) can0 03FF1000#0840112200000001
(1788787980.116165) can0 03FF1000#0840112200000001
(1788787980.221179) can0 03FF1000#0840112200000001
(1788787980.326179) can0 03FF1000#0840112200000001
(1788787980.431167) can0 03FF1000#0840112200000001
(1788787980.536171) can0 03FF1000#0840112200000001
(1788787980.641168) can0 03FF1000#0840112200000001
(1788787980.746177) can0 03FF1000#0840112200000001
(1788787980.851199) can0 03FF1000#0840112200000001
(1788787980.956181) can0 03FF1000#0840112200000001
(1788787981.061176) can0 03FF1000#0840112200000001
(1788787981.166183) can0 03FF1000#0840112200000001
(1788787981.271185) can0 03FF1000#0840112200000001
(1788787981.376190) can0 03FF1000#0840112200000001
(1788787981.481184) can0 03FF1000#0840112200000001
(1788787981.586232) can0 03FF1000#0840112200000001
(1788787981.691196) can0 03FF1000#0840112200000001
(1788787981.796199) can0 03FF1000#0840112200000001
(1788787981.901204) can0 03FF1000#0840112200000001
(1788787982.006194) can0 03FF1000#0840112200000001
(1788787982.111240) can0 03FF1000#0840112200000001
(1788787982.216188) can0 03FF1000#0840112200000001
(1788787982.321215) can0 03FF1000#0840112200000001
(1788787982.426219) can0 03FF1000#0840112200000001
(1788787982.531224) can0 03FF1000#0840112200000001
(1788787982.636265) can0 03FF1000#0840112200000001
(1788787982.741214) can0 03FF1000#0840112200000001
(1788787982.846224) can0 03FF1000#0840112200000001
(1788787982.951234) can0 03FF1000#0840112200000001
(1788787983.056217) can0 03FF1000#0840112200000001
(1788787983.161221) can0 03FF1000#0840112200000001
(1788787983.266224) can0 03FF1000#0840112200000001
(1788787983.371231) can0 03FF1000#0840112200000001
(1788787983.476238) can0 03FF1000#0840112200000001
(1788787983.581232) can0 03FF1000#0840112200000001
(1788787983.686224) can0 03FF1000#0840112200000001
(1788787983.791230) can0 03FF1000#0840112200000001
(1788787983.896258) can0 03FF1000#0840112200000001
(1788787984.001253) can0 03FF1000#0840112200000001
(1788787984.106241) can0 03FF1000#0840112200000001
(1788787984.211238) can0 03FF1000#0840112200000001
(1788787984.316245) can0 03FF1000#0840112200000001
(1788787984.421249) can0 03FF1000#0840112200000001
(1788787984.526262) can0 03FF1000#0840112200000001
(1788787984.631261) can0 03FF1000#0840112200000001
(1788787984.736265) can0 03FF1000#0840112200000001
(1788787984.841272) can0 03FF1000#0840112200000001
(1788787984.946310) can0 03FF1000#0840112200000001
(1788787985.051282) can0 03FF1000#0840112200000001
(1788787985.156286) can0 03FF1000#0840112200000001
(1788787985.261291) can0 03FF1000#0840112200000001
(1788787985.366297) can0 03FF1000#0840112200000001
(1788787985.471301) can0 03FF1000#0840112200000001
(1788787985.576309) can0 03FF1000#0840112200000001
(1788787985.681313) can0 03FF1000#0840112200000001
(1788787985.786318) can0 03FF1000#0840112200000001
(1788787985.891323) can0 03FF1000#0840112200000001
(1788787985.996327) can0 03FF1000#0840112200000001
(1788787986.101333) can0 03FF1000#0840112200000001
(1788787986.206338) can0 03FF1000#0840112200000001
(1788787986.311344) can0 03FF1000#0840112200000001
(1788787986.416358) can0 03FF1000#0840112200000001
(1788787986.521354) can0 03FF1000#0840112200000001
(1788787986.626360) can0 03FF1000#0840112200000001
(1788787986.731366) can0 03FF1000#0840112200000001
(1788787986.836370) can0 03FF1000#0840112200000001
(1788787986.941377) can0 03FF1000#0840112200000001
(1788787987.046381) can0 03FF1000#0840112200000001
(1788787987.151386) can0 03FF1000#0840112200000001
(1788787987.256391) can0 03FF1000#0840112200000001
(1788787987.361396) can0 03FF1000#0840112200000001
(1788787987.466403) can0 03FF1000#0840112200000001
(1788787987.571407) can0 03FF1000#0840112200000001
(1788787987.650654) can0 04FF3400#0000058F00000000
(1788787987.676413) can0 03FF1000#0840112200000001
(1788787987.781416) can0 03FF1000#0840112200000001
(1788787987.886421) can0 03FF1000#0840112200000001
(1788787987.991429) can0 03FF1000#0840112200000001
(1788787988.096433) can0 03FF1000#0840112200000001
(1788787988.201438) can0 03FF1000#0840112200000001
(1788787988.306442) can0 03FF1000#0840112200000001
(1788787988.411449) can0 03FF1000#0840112200000001
(1788787988.516456) can0 03FF1000#0840112200000001
(1788787988.621459) can0 03FF1000#0840112200000001
(1788787988.726464) can0 03FF1000#0840112200000001
(1788787988.831470) can0 03FF1000#0840112200000001
(1788787988.936475) can0 03FF1000#0840112200000001
(1788787989.041482) can0 03FF1000#0840112200000001
(1788787989.146485) can0 03FF1000#0840112200000001
(1788787989.251490) can0 03FF1000#0840112200000001
(1788787989.356496) can0 03FF1000#0840112200000001
(1788787989.461500) can0 03FF1000#0840112200000001
(1788787989.566508) can0 03FF1000#0840112200000001
(1788787989.671511) can0 03FF1000#0840112200000001
(1788787989.776516) can0 03FF1000#0840112200000001
(1788787989.881521) can0 03FF1000#0840112200000001
(1788787989.986526) can0 03FF1000#0840112200000001
(1788787990.091535) can0 03FF1000#0840112200000001
(1788787990.196537) can0 03FF1000#0840112200000001
(1788787990.301544) can0 03FF1000#0840112200000001
(1788787990.406548) can0 03FF1000#0840112200000001
(1788787990.511551) can0 03FF1000#0840112200000001
(1788787990.616559) can0 03FF1000#0840112200000001
(1788787990.721564) can0 03FF1000#0840112200000001
(1788787990.826569) can0 03FF1000#0840112200000001
(1788787990.931573) can0 03FF1000#0840112200000001
(1788787991.036580) can0 03FF1000#0840112200000001
(1788787991.141586) can0 03FF1000#0840112200000001
(1788787991.246588) can0 03FF1000#0840112200000001
(1788787991.351594) can0 03FF1000#0840112200000001
(1788787991.456600) can0 03FF1000#0840112200000001
(1788787991.561606) can0 03FF1000#0840112200000001
(1788787991.666613) can0 03FF1000#0840112200000001
(1788787991.771616) can0 03FF1000#0840112200000001
(1788787991.876621) can0 03FF1000#0840112200000001
(1788787991.981626) can0 03FF1000#0840112200000001
(1788787992.086634) can0 03FF1000#0840112200000001
(1788787992.191638) can0 03FF1000#0840112200000001
(1788787992.296641) can0 03FF1000#0840112200000001
(1788787992.401646) can0 03FF1000#0840112200000001
(1788787992.506652) can0 03FF1000#0840112200000001
(1788787992.611657) can0 03FF1000#0840112200000001
(1788787992.716663) can0 03FF1000#0840112200000001
(1788787992.821667) can0 03FF1000#0840112200000001
(1788787992.926673) can0 03FF1000#0840112200000001
(1788787993.031679) can0 03FF1000#0840112200000001
(1788787993.136688) can0 03FF1000#0840112200000001
(1788787993.241691) can0 03FF1000#0840112200000001
(1788787993.346694) can0 03FF1000#0840112200000001
(1788787993.451700) can0 03FF1000#0840112200000001
(1788787993.556705) can0 03FF1000#0840112200000001
(1788787993.661709) can0 03FF1000#0840112200000001
(1788787993.766717) can0 03FF1000#0840112200000001
(1788787993.871720) can0 03FF1000#0840112200000001
(1788787993.976729) can0 03FF1000#0840112200000001
(1788787994.081743) can0 03FF1000#0840112200000001
(1788787994.186736) can0 03FF1000#0840112200000001
(1788787994.291743) can0 03FF1000#0840112200000001
(1788787994.396746) can0 03FF1000#0840112200000001
(1788787994.501751) can0 03FF1000#0840112200000001
(1788787994.606758) can0 03FF1000#0840112200000001
(1788787994.711762) can0 03FF1000#0840112200000001
(1788787994.816770) can0 03FF1000#0840112200000001
(1788787994.921773) can0 03FF1000#0840112200000001
(1788787995.026779) can0 03FF1000#0840112200000001
(1788787995.131784) can0 03FF1000#0840112200000001
(1788787995.236788) can0 03FF1000#0840112200000001
(1788787995.341795) can0 03FF1000#0840112200000001
(1788787995.446799) can0 03FF1000#0840112200000001
(1788787995.551805) can0 03FF1000#0840112200000001
(1788787995.656810) can0 03FF1000#0840112200000001
(1788787995.761815) can0 03FF1000#0840112200000001
(1788787995.866822) can0 03FF1000#0840112200000001
(1788787995.971826) can0 03FF1000#0840112200000001
(1788787996.076833) can0 03FF1000#0840112200000001
(1788787996.181836) can0 03FF1000#0840112200000001
(1788787996.286841) can0 03FF1000#0840112200000001
(1788787996.391849) can0 03FF1000#0840112200000001
(1788787996.496851) can0 03FF1000#0840112200000001
(1788787996.601858) can0 03FF1000#0840112200000001
(1788787996.706863) can0 03FF1000#0840112200000001
(1788787996.811868) can0 03FF1000#0840112200000001
(1788787996.916874) can0 03FF1000#0840112200000001
(1788787997.021880) can0 03FF1000#0840112200000001
(1788787997.126883) can0 03FF1000#0840112200000001
(1788787997.231889) can0 03FF1000#0840112200000001
(1788787997.336894) can0 03FF1000#0840112200000001
(1788787997.441900) can0 03FF1000#0840112200000001
(1788787997.546903) can0 03FF1000#0840112200000001
(1788787997.650909) can0 04FF3400#0000059000000000
(1788787997.651909) can0 03FF1000#0840112200000001
(1788787997.756916) can0 03FF1000#0840112200000001
(1788787997.861920) can0 03FF1000#0840112200000001
(1788787997.966927) can0 03FF1000#0840112200000001
(1788787998.071932) can0 03FF1000#0840112200000001
(1788787998.176936) can0 03FF1000#0840112200000001
(1788787998.281940) can0 03FF1000#0840112200000001
(1788787998.386956) can0 03FF1000#0840112200000001
(1788787998.491958) can0 03FF1000#0840112200000001
(1788787998.596958) can0 03FF1000#0840112200000001
(1788787998.701963) can0 03FF1000#0840112200000001
(1788787998.806965) can0 03FF1000#0840112200000001
(1788787998.911972) can0 03FF1000#0840112200000001
(1788787999.016980) can0 03FF1000#0840112200000001
(1788787999.121984) can0 03FF1000#0840112200000001
(1788787999.226991) can0 03FF1000#0840112200000001
(1788787999.331993) can0 03FF1000#0840112200000001
(1788787999.436998) can0 03FF1000#0840112200000001
(1788787999.542005) can0 03FF1000#0840112200000001
(1788787999.647010) can0 03FF1000#0840112200000001
(1788787999.752013) can0 03FF1000#0840112200000001
(1788787999.857021) can0 03FF1000#0840112200000001
(1788787999.962025) can0 03FF1000#0840112200000001
(1788788000.067031) can0 03FF1000#0840112200000001
(1788788000.172036) can0 03FF1000#0840112200000001
(1788788000.277041) can0 03FF1000#0840112200000001
(1788788000.382047) can0 03FF1000#0840112200000001
(1788788000.487049) can0 03FF1000#0840112200000001
(1788788000.592057) can0 03FF1000#0840112200000001
(1788788000.697061) can0 03FF1000#0840112200000001
(1788788000.802065) can0 03FF1000#0840112200000001
(1788788000.907072) can0 03FF1000#0840112200000001
(1788788001.012077) can0 03FF1000#0840112200000001
(1788788001.117083) can0 03FF1000#0840112200000001
(1788788001.222088) can0 03FF1000#0840112200000001
(1788788001.327090) can0 03FF1000#0840112200000001
(1788788001.432097) can0 03FF1000#0840112200000001
(1788788001.537100) can0 03FF1000#0840112200000001
(1788788001.642110) can0 03FF1000#0840112200000001
(1788788001.747113) can0 03FF1000#0840112200000001
(1788788001.852117) can0 03FF1000#0840112200000001
(1788788001.957123) can0 03FF1000#0840112200000001
(1788788002.062129) can0 03FF1000#0840112200000001
(1788788002.167136) can0 03FF1000#0840112200000001
(1788788002.272140) can0 03FF1000#0840112200000001
(1788788002.377144) can0 03FF1000#0840112200000001
(1788788002.482148) can0 03FF1000#0840112200000001
(1788788002.587155) can0 03FF1000#0840112200000001
(1788788002.692161) can0 03FF1000#0840112200000001
(1788788002.797163) can0 03FF1000#0840112200000001
(1788788002.902171) can0 03FF1000#0840112200000001
(1788788003.007176) can0 03FF1000#0840112200000001
(1788788003.112182) can0 03FF1000#0840112200000001
(1788788003.217188) can0 03FF1000#0840112200000001
(1788788003.322191) can0 03FF1000#0840112200000001
(1788788003.427196) can0 03FF1000#0840112200000001
(1788788003.532201) can0 03FF1000#0840112200000001
(1788788003.637208) can0 03FF1000#0840112200000001
(1788788003.742215) can0 03FF1000#0840112200000001
(1788788003.847217) can0 03FF1000#0840112200000001
(1788788003.952225) can0 03FF1000#0840112200000001
(1788788004.057230) can0 03FF1000#0840112200000001
(1788788004.162234) can0 03FF1000#0840112200000001
(1788788004.267241) can0 03FF1000#0840112200000001
(1788788004.372242) can0 03FF1000#0840112200000001
(1788788004.477249) can0 03FF1000#0840112200000001
(1788788004.582255) can0 03FF1000#0840112200000001
(1788788004.687261) can0 03FF1000#0840112200000001
(1788788004.792266) can0 03FF1000#0840112200000001
(1788788004.897274) can0 03FF1000#0840112200000001
(1788788005.002278) can0 03FF1000#0840112200000001
(1788788005.107282) can0 03FF1000#0840112200000001
(1788788005.212287) can0 03FF1000#0840112200000001
(1788788005.317291) can0 03FF1000#0840112200000001
(1788788005.422294) can0 03FF1000#0840112200000001
(1788788005.527300) can0 03FF1000#0840112200000001
(1788788005.632308) can0 03FF1000#0840112200000001
(1788788005.737313) can0 03FF1000#0840112200000001
(1788788005.842317) can0 03FF1000#0840112200000001
(1788788005.947323) can0 03FF1000#0840112200000001
(1788788006.052328) can0 03FF1000#0840112200000001
(1788788006.157335) can0 03FF1000#0840112200000001
(1788788006.262339) can0 03FF1000#0840112200000001
(1788788006.367343) can0 03FF1000#0840112200000001
(1788788006.472348) can0 03FF1000#0840112200000001
(1788788006.577353) can0 03FF1000#0840112200000001
(1788788006.682360) can0 03FF1000#0840112200000001
(1788788006.787365) can0 03FF1000#0840112200000001
(1788788006.892372) can0 03FF1000#0840112200000001
(1788788006.997376) can0 03FF1000#0840112200000001
(1788788007.102382) can0 03FF1000#0840112200000001
(1788788007.207386) can0 03FF1000#0840112200000001
(1788788007.312390) can0 03FF1000#0840112200000001
(1788788007.417396) can0 03FF1000#0840112200000001
(1788788007.521643) can0 03FF1000#0840112200000001
(1788788007.626662) can0 03FF1000#0840112200000001
(1788788007.650426) can0 04FF3400#0000059100000000
(1788788007.732410) can0 03FF1000#0840112200000001
(1788788007.836670) can0 03FF1000#0840112200000001
(1788788007.942424) can0 03FF1000#0840112200000001
(1788788008.046645) can0 03FF1000#0840112200000001
(1788788008.151655) can0 03FF1000#0840112200000001
(1788788008.256693) can0 03FF1000#0840112200000001
(1788788008.361684) can0 03FF1000#0840112200000001
(1788788008.466680) can0 03FF1000#0840112200000001
(1788788008.571672) can0 03FF1000#0840112200000001
(1788788008.676668) can0 03FF1000#0840112200000001
(1788788008.781696) can0 03FF1000#0840112200000001
(1788788008.886698) can0 03FF1000#0840112200000001
(1788788008.991696) can0 03FF1000#0840112200000001
(1788788009.096690) can0 03FF1000#0840112200000001
(1788788009.201683) can0 03FF1000#0840112200000001
(1788788009.306694) can0 03FF1000#0840112200000001
(1788788009.411703) can0 03FF1000#0840112200000001
(1788788009.516697) can0 03FF1000#0840112200000001
(1788788009.621693) can0 03FF1000#0840112200000001
(1788788009.726686) can0 03FF1000#0840112200000001
(1788788009.831713) can0 03FF1000#0840112200000001
(1788788009.936708) can0 03FF1000#0840112200000001
(1788788010.041702) can0 03FF1000#0840112200000001
(1788788010.146692) can0 03FF1000#0840112200000001
(1788788010.251747) can0 03FF1000#0840112200000001
(1788788010.356726) can0 03FF1000#0840112200000001
(1788788010.461732) can0 03FF1000#0840112200000001
(1788788010.566711) can0 03FF1000#0840112200000001
(1788788010.671698) can0 03FF1000#0840112200000001
(1788788010.776759) can0 03FF1000#0840112200000001
(1788788010.881729) can0 03FF1000#0840112200000001
(1788788010.986734) can0 03FF1000#0840112200000001
(1788788011.091718) can0 03FF1000#0840112200000001
(1788788011.196723) can0 03FF1000#0840112200000001
(1788788011.301749) can0 03FF1000#0840112200000001
(1788788011.406732) can0 03FF1000#0840112200000001
(1788788011.511749) can0 03FF1000#0840112200000001
(1788788011.616733) can0 03FF1000#0840112200000001
(1788788011.721720) can0 03FF1000#0840112200000001
(1788788011.826730) can0 03FF1000#0840112200000001
(1788788011.931747) can0 03FF1000#0840112200000001
(1788788012.036751) can0 03FF1000#0840112200000001
(1788788012.141735) can0 03FF1000#0840112200000001
(1788788012.246728) can0 03FF1000#0840112200000001
(1788788012.351733) can0 03FF1000#0840112200000001
(1788788012.456760) can0 03FF1000#0840112200000001
(1788788012.561737) can0 03FF1000#0840112200000001
(1788788012.666751) can0 03FF1000#0840112200000001
(1788788012.771730) can0 03FF1000#0840112200000001
(1788788012.876736) can0 03FF1000#0840112200000001
(1788788012.981760) can0 03FF1000#0840112200000001
(1788788013.086816) can0 03FF1000#0840112200000001
(1788788013.191765) can0 03FF1000#0840112200000001
(1788788013.296756) can0 03FF1000#0840112200000001
(1788788013.401750) can0 03FF1000#0840112200000001
(1788788013.506769) can0 03FF1000#0840112200000001
(1788788013.611808) can0 03FF1000#0840112200000001
(1788788013.716757) can0 03FF1000#0840112200000001
(1788788013.821756) can0 03FF1000#0840112200000001
(1788788013.926767) can0 03FF1000#0840112200000001
(1788788014.031794) can0 03FF1000#0840112200000001
(1788788014.136822) can0 03FF1000#0840112200000001
(1788788014.241766) can0 03FF1000#0840112200000001
(1788788014.346775) can0 03FF1000#0840112200000001
(1788788014.451768) can0 03FF1000#0840112200000001
(1788788014.556773) can0 03FF1000#0840112200000001
(1788788014.661803) can0 03FF1000#0840112200000001
(1788788014.766785) can0 03FF1000#0840112200000001
(1788788014.871789) can0 03FF1000#0840112200000001
(1788788014.976773) can0 03FF1000#0840112200000001
(1788788015.081807) can0 03FF1000#0840112200000001
(1788788015.186808) can0 03FF1000#0840112200000001
(1788788015.291801) can0 03FF1000#0840112200000001
(1788788015.396793) can0 03FF1000#0840112200000001
(1788788015.501798) can0 03FF1000#0840112200000001
