(1788797240.488754) can0 03FF1000#0840112200000001
(1788797240.593742) can0 03FF1000#0840112200000001
(1788797240.698741) can0 03FF1000#0840112200000001
(1788797240.803746) can0 03FF1000#0840112200000001
(1788797240.908749) can0 03FF1000#0840112200000001
(1788797241.013755) can0 03FF1000#0840112200000001
(1788797241.118765) can0 03FF1000#0840112200000001
(1788797241.223764) can0 03FF1000#0840112200000001
(1788797241.328770) can0 03FF1000#0840112200000001
(1788797241.433775) can0 03FF1000#0840112200000001
(1788797241.538782) can0 03FF1000#0840112200000001
(1788797241.643791) can0 03FF1000#0840112200000001
(1788797241.748794) can0 03FF1000#0840112200000001
(1788797241.853801) can0 03FF1000#0840112200000001
(1788797241.958806) can0 03FF1000#0840112200000001
(1788797242.063811) can0 03FF1000#0840112200000001
(1788797242.168818) can0 03FF1000#0840112200000001
(1788797242.273822) can0 03FF1000#0840112200000001
(1788797242.378827) can0 03FF1000#0840112200000001
(1788797242.483832) can0 03FF1000#0840112200000001
(1788797242.588836) can0 03FF1000#0840112200000001
(1788797242.693845) can0 03FF1000#0840112200000001
(1788797242.798848) can0 03FF1000#0840112200000001
(1788797242.903856) can0 03FF1000#0840112200000001
(1788797243.008862) can0 03FF1000#0840112200000001
(1788797243.113873) can0 03FF1000#0840112200000001
(1788797243.218875) can0 03FF1000#0840112200000001
(1788797243.323878) can0 03FF1000#0840112200000001
(1788797243.428882) can0 03FF1000#0840112200000001
(1788797243.533887) can0 03FF1000#0840112200000001
(1788797243.638892) can0 03FF1000#0840112200000001
(1788797243.743900) can0 03FF1000#0840112200000001
(1788797243.848906) can0 03FF1000#0840112200000001
(1788797243.953911) can0 03FF1000#0840112200000001
(1788797244.058915) can0 03FF1000#0840112200000001
(1788797244.163923) can0 03FF1000#0840112200000001
(1788797244.268929) can0 03FF1000#0840112200000001
(1788797244.373932) can0 03FF1000#0840112200000001
(1788797244.478940) can0 03FF1000#0840112200000001
(1788797244.583945) can0 03FF1000#0840112200000001
(1788797244.688948) can0 03FF1000#0840112200000001
(1788797244.793958) can0 03FF1000#0840112200000001
(1788797244.898963) can0 03FF1000#0840112200000001
(1788797245.003968) can0 03FF1000#0840112200000001
(1788797245.108974) can0 03FF1000#0840112200000001
(1788797245.213977) can0 03FF1000#0840112200000001
(1788797245.318985) can0 03FF1000#0840112200000001
(1788797245.423991) can0 03FF1000#0840112200000001
(1788797245.528996) can0 03FF1000#0840112200000001
(1788797245.634001) can0 03FF1000#0840112200000001
(1788797245.739006) can0 03FF1000#0840112200000001
(1788797245.844016) can0 03FF1000#0840112200000001
(1788797245.949018) can0 03FF1000#0840112200000001
(1788797246.054025) can0 03FF1000#0840112200000001
(1788797246.159030) can0 03FF1000#0840112200000001
(1788797246.264035) can0 03FF1000#0840112200000001
(1788797246.369044) can0 03FF1000#0840112200000001
(1788797246.474045) can0 03FF1000#0840112200000001
(1788797246.579052) can0 03FF1000#0840112200000001
(1788797246.684056) can0 03FF1000#0840112200000001
(1788797246.789062) can0 03FF1000#0840112200000001
(1788797246.894071) can0 03FF1000#0840112200000001
(1788797246.999074) can0 03FF1000#0840112200000001
(1788797247.104080) can0 03FF1000#0840112200000001
(1788797247.209085) can0 03FF1000#0840112200000001
(1788797247.314090) can0 03FF1000#0840112200000001
(1788797247.419098) can0 03FF1000#0840112200000001
(1788797247.524101) can0 03FF1000#0840112200000001
(1788797247.629107) can0 03FF1000#0840112200000001
(1788797247.734113) can0 03FF1000#0840112200000001
(1788797247.839118) can0 03FF1000#0840112200000001
(1788797247.944126) can0 03FF1000#0840112200000001
(1788797248.049129) can0 03FF1000#0840112200000001
(1788797248.154136) can0 03FF1000#0840112200000001
(1788797248.259140) can0 03FF1000#0840112200000001
(1788797248.364146) can0 03FF1000#0840112200000001
(1788797248.469155) can0 03FF1000#0840112200000001
(1788797248.574158) can0 03FF1000#0840112200000001
(1788797248.679162) can0 03FF1000#0840112200000001
(1788797248.784168) can0 03FF1000#0840112200000001
(1788797248.889174) can0 03FF1000#0840112200000001
(1788797248.994191) can0 03FF1000#0840112200000001
(1788797249.099184) can0 03FF1000#0840112200000001
(1788797249.204190) can0 03FF1000#0840112200000001
(1788797249.309194) can0 03FF1000#0840112200000001
(1788797249.414200) can0 03FF1000#0840112200000001
(1788797249.431207) can0 04FF3400#0000003000000000
(1788797249.519208) can0 03FF1000#0840112200000001
(1788797249.624212) can0 03FF1000#0840112200000001
(1788797249.729217) can0 03FF1000#0840112200000001
(1788797249.834224) can0 03FF1000#0840112200000001
(1788797249.939229) can0 03FF1000#0840112200000001
(1788797250.044239) can0 03FF1000#0840112200000001
(1788797250.149241) can0 03FF1000#0840112200000001
(1788797250.254246) can0 03FF1000#0840112200000001
(1788797250.359252) can0 03FF1000#0840112200000001
(1788797250.464258) can0 03FF1000#0840112200000001
(1788797250.569267) can0 03FF1000#0840112200000001
(1788797250.674269) can0 03FF1000#0840112200000001
(1788797250.779273) can0 03FF1000#0840112200000001
(1788797250.884280) can0 03FF1000#0840112200000001
(1788797250.989286) can0 03FF1000#0840112200000001
(1788797251.094294) can0 03FF1000#0840112200000001
(1788797251.199300) can0 03FF1000#0840112200000001
(1788797251.304301) can0 03FF1000#0840112200000001
(1788797251.409307) can0 03FF1000#0840112200000001
(1788797251.514312) can0 03FF1000#0840112200000001
(1788797251.619322) can0 03FF1000#0840112200000001
(1788797251.724324) can0 03FF1000#0840112200000001
(1788797251.829329) can0 03FF1000#0840112200000001
(1788797251.934334) can0 03FF1000#0840112200000001
(1788797252.039341) can0 03FF1000#0840112200000001
(1788797252.144349) can0 03FF1000#0840112200000001
(1788797252.249352) can0 03FF1000#0840112200000001
(1788797252.354358) can0 03FF1000#0840112200000001
(1788797252.459363) can0 03FF1000#0840112200000001
(1788797252.564369) can0 03FF1000#0840112200000001
(1788797252.669377) can0 03FF1000#0840112200000001
(1788797252.774380) can0 03FF1000#0840112200000001
(1788797252.879385) can0 03FF1000#0840112200000001
(1788797252.984392) can0 03FF1000#0840112200000001
(1788797253.089397) can0 03FF1000#0840112200000001
(1788797253.194407) can0 03FF1000#0840112200000001
(1788797253.299408) can0 03FF1000#0840112200000001
(1788797253.404413) can0 03FF1000#0840112200000001
(1788797253.509420) can0 03FF1000#0840112200000001
(1788797253.614424) can0 03FF1000#0840112200000001
(1788797253.719433) can0 03FF1000#0840112200000001
(1788797253.824437) can0 03FF1000#0840112200000001
(1788797253.929441) can0 03FF1000#0840112200000001
(1788797254.034451) can0 03FF1000#0840112200000001
(1788797254.139454) can0 03FF1000#0840112200000001
(1788797254.244461) can0 03FF1000#0840112200000001
(1788797254.349463) can0 03FF1000#0840112200000001
(1788797254.454473) can0 03FF1000#0840112200000001
(1788797254.559479) can0 03FF1000#0840112200000001
(1788797254.664483) can0 03FF1000#0840112200000001
(1788797254.769490) can0 03FF1000#0840112200000001
(1788797254.874496) can0 03FF1000#0840112200000001
(1788797254.979500) can0 03FF1000#0840112200000001
(1788797255.084503) can0 03FF1000#0840112200000001
(1788797255.189512) can0 03FF1000#0840112200000001
(1788797255.294517) can0 03FF1000#0840112200000001
(1788797255.399522) can0 03FF1000#0840112200000001
(1788797255.503780) can0 03FF1000#0840112200000001
(1788797255.608774) can0 03FF1000#0840112200000001
(1788797255.713770) can0 03FF1000#0840112200000001
(1788797255.818801) can0 03FF1000#0840112200000001
(1788797255.924549) can0 03FF1000#0840112200000001
(1788797256.028784) can0 03FF1000#0840112200000001
(1788797256.133801) can0 03FF1000#0840112200000001
(1788797256.238802) can0 03FF1000#0840112200000001
(1788797256.343816) can0 03FF1000#0840112200000001
(1788797256.449577) can0 03FF1000#0840112200000001
(1788797256.553800) can0 03FF1000#0840112200000001
(1788797256.658789) can0 03FF1000#0840112200000001
(1788797256.763811) can0 03FF1000#0840112200000001
(1788797256.868832) can0 03FF1000#0840112200000001
(1788797256.974604) can0 03FF1000#0840112200000001
(1788797257.078817) can0 03FF1000#0840112200000001
(1788797257.183814) can0 03FF1000#0840112200000001
(1788797257.288818) can0 03FF1000#0840112200000001
(1788797257.393848) can0 03FF1000#0840112200000001
(1788797257.498880) can0 03FF1000#0840112200000001
(1788797257.603821) can0 03FF1000#0840112200000001
(1788797257.708815) can0 03FF1000#0840112200000001
(1788797257.813820) can0 03FF1000#0840112200000001
(1788797257.918848) can0 03FF1000#0840112200000001
(1788797258.023844) can0 03FF1000#0840112200000001
(1788797258.128848) can0 03FF1000#0840112200000001
(1788797258.233823) can0 03FF1000#0840112200000001
(1788797258.338829) can0 03FF1000#0840112200000001
(1788797258.443858) can0 03FF1000#0840112200000001
(1788797258.548874) can0 03FF1000#0840112200000001
(1788797258.653857) can0 03FF1000#0840112200000001
(1788797258.758846) can0 03FF1000#0840112200000001
(1788797258.863846) can0 03FF1000#0840112200000001
(1788797258.968875) can0 03FF1000#0840112200000001
(1788797259.073867) can0 03FF1000#0840112200000001
(1788797259.178857) can0 03FF1000#0840112200000001
(1788797259.283856) can0 03FF1000#0840112200000001
(1788797259.388862) can0 03FF1000#0840112200000001
(1788797259.431738) can0 04FF3400#0000003100000000
(1788797259.493890) can0 03FF1000#0840112200000001
(1788797259.598882) can0 03FF1000#0840112200000001
(1788797259.703878) can0 03FF1000#0840112200000001
(1788797259.808918) can0 03FF1000#0840112200000001
(1788797259.913862) can0 03FF1000#0840112200000001
(1788797260.018896) can0 03FF1000#0840112200000001
(1788797260.123888) can0 03FF1000#0840112200000001
(1788797260.228882) can0 03FF1000#0840112200000001
(1788797260.333918) can0 03FF1000#0840112200000001
(1788797260.438894) can0 03FF1000#0840112200000001
(1788797260.543900) can0 03FF1000#0840112200000001
(1788797260.648916) can0 03FF1000#0840112200000001
(1788797260.753900) can0 03FF1000#0840112200000001
(1788797260.858941) can0 03FF1000#0840112200000001
(1788797260.963897) can0 03FF1000#0840112200000001
(1788797261.068928) can0 03FF1000#0840112200000001
(1788797261.173904) can0 03FF1000#0840112200000001
(1788797261.278915) can0 03FF1000#0840112200000001
(1788797261.383898) can0 03FF1000#0840112200000001
(1788797261.488904) can0 03FF1000#0840112200000001
(1788797261.593917) can0 03FF1000#0840112200000001
(1788797261.698937) can0 03FF1000#0840112200000001
(1788797261.803933) can0 03FF1000#0840112200000001
(1788797261.908914) can0 03FF1000#0840112200000001
(1788797262.013931) can0 03FF1000#0840112200000001
(1788797262.118914) can0 03FF1000#0840112200000001
(1788797262.223941) can0 03FF1000#0840112200000001
(1788797262.328936) can0 03FF1000#0840112200000001
(1788797262.433925) can0 03FF1000#0840112200000001
(1788797262.538936) can0 03FF1000#0840112200000001
(1788797262.643942) can0 03FF1000#0840112200000001
(1788797262.748957) can0 03FF1000#0840112200000001
(1788797262.853937) can0 03FF1000#0840112200000001
(1788797262.958936) can0 03FF1000#0840112200000001
(1788797263.063930) can0 03FF1000#0840112200000001
(1788797263.169009) can0 03FF1000#0840112200000001
(1788797263.273964) can0 03FF1000#0840112200000001
(1788797263.378968) can0 03FF1000#0840112200000001
(1788797263.483951) can0 03FF1000#0840112200000001
(1788797263.588957) can0 03FF1000#0840112200000001
(1788797263.694008) can0 03FF1000#0840112200000001
(1788797263.798982) can0 03FF1000#0840112200000001
(1788797263.903977) can0 03FF1000#0840112200000001
(1788797264.008981) can0 03FF1000#0840112200000001
(1788797264.113990) can0 03FF1000#0840112200000001
(1788797264.218993) can0 03FF1000#0840112200000001
(1788797264.323998) can0 03FF1000#0840112200000001
(1788797264.429003) can0 03FF1000#0840112200000001
(1788797264.534010) can0 03FF1000#0840112200000001
(1788797264.639016) can0 03FF1000#0840112200000001
(1788797264.744022) can0 03FF1000#0840112200000001
(1788797264.849026) can0 03FF1000#0840112200000001
(1788797264.954032) can0 03FF1000#0840112200000001
(1788797265.059039) can0 03FF1000#0840112200000001
(1788797265.164044) can0 03FF1000#0840112200000001
(1788797265.269047) can0 03FF1000#0840112200000001
(1788797265.374050) can0 03FF1000#0840112200000001
(1788797265.479055) can0 03FF1000#0840112200000001
(1788797265.584062) can0 03FF1000#0840112200000001
(1788797265.689068) can0 03FF1000#0840112200000001
(1788797265.794079) can0 03FF1000#0840112200000001
(1788797265.899083) can0 03FF1000#0840112200000001
(1788797266.004083) can0 03FF1000#0840112200000001
(1788797266.109088) can0 03FF1000#0840112200000001
(1788797266.214094) can0 03FF1000#0840112200000001
(1788797266.319104) can0 03FF1000#0840112200000001
(1788797266.424107) can0 03FF1000#0840112200000001
(1788797266.529112) can0 03FF1000#0840112200000001
(1788797266.634118) can0 03FF1000#0840112200000001
(1788797266.739124) can0 03FF1000#0840112200000001
(1788797266.755123) can0 02417500#
(1788797266.755178) can0 02417500#
(1788797266.755381) can0 02417500#
(1788797266.763124) can0 08F97500#000000F400000000
(1788797266.768125) can0 08F97500#000000F400000000
(1788797266.773122) can0 08F97500#000000F400000000
(1788797266.773174) can0 02417501#
(1788797266.773325) can0 02417501#
(1788797266.774123) can0 02417501#
(1788797266.782381) can0 08F97501#0000001500000000
(1788797266.787341) can0 08F97501#0000001500000000
(1788797266.792297) can0 08F97501#0000001500000000
(1788797266.793123) can0 02519500#
(1788797266.793351) can0 02519500#
(1788797266.794124) can0 02519500#
(1788797266.844130) can0 03FF1000#0840112200000001
(1788797266.949135) can0 03FF1000#0840112200000001
(1788797267.053186) can0 02294609#
(1788797267.054140) can0 03FF1000#0840112200000001
(1788797267.055137) can0 05124609#010003CA03CA00
(1788797267.159146) can0 03FF1000#0840112200000001
(1788797267.254181) can0 0258A604#0000000000000000
(1788797267.264152) can0 03FF1000#0840112200000001
(1788797267.369158) can0 03FF1000#0840112200000001
(1788797267.474164) can0 03FF1000#0840112200000001
(1788797267.544166) can0 02294601#
(1788797267.545329) can0 05124601#007300000000
(1788797267.579169) can0 03FF1000#0840112200000001
(1788797267.684174) can0 03FF1000#0840112200000001
(1788797267.764243) can0 0258A604#0000000000000000
(1788797267.789180) can0 03FF1000#0840112200000001
(1788797267.814181) can0 02519501#
(1788797267.814247) can0 02519501#
(1788797267.815178) can0 02519501#
(1788797267.894184) can0 03FF1000#0840112200000001
(1788797267.999188) can0 03FF1000#0840112200000001
(1788797268.054191) can0 02294602#
(1788797268.055341) can0 05124602#0B10101011101010
(1788797268.104194) can0 03FF1000#0840112200000001
(1788797268.154324) can0 02294500#
(1788797268.155196) can0 02294501#
(1788797268.155246) can0 02203607#0000000300000000
(1788797268.156195) can0 05124500#0500
(1788797268.156262) can0 05124501#0103
(1788797268.174266) can0 02294503#
(1788797268.176197) can0 05124503#00150C0900000C62
(1788797268.209199) can0 03FF1000#0840112200000001
(1788797268.213199) can0 02294609#
(1788797268.214199) can0 05124609#010003CA03CA00
(1788797268.244305) can0 02294611#
(1788797268.245339) can0 05124611#0061368C00003528
(1788797268.287423) can0 0258A604#0000000000000000
(1788797268.314206) can0 03FF1000#0840112200000001
(1788797268.419211) can0 03FF1000#0840112200000001
(1788797268.427211) can0 02181606#0100190001030200
(1788797268.476213) can0 03FF1600#142B000104001319
(1788797268.486456) can0 03FF1601#6E50000000000000
(1788797268.497214) can0 03FF1602#000005000000157C
(1788797268.507469) can0 03FF1604#0000000000000000
(1788797268.529216) can0 03FF1000#0840112200000001
(1788797268.535216) can0 02181606#0100190001030200
(1788797268.539215) can0 03FF1001#0000000000000000
(1788797268.549483) can0 03FF1603#0000D05700000000
(1788797268.560216) can0 03FF1605#0100000000000000
(1788797268.562256) can0 05FF4610#0000D0DDFFFFFFDA
(1788797268.570444) can0 03121606#0100000000000000
(1788797268.572218) can0 02294603#
(1788797268.572284) can0 05124603#1110101013101310
(1788797268.634223) can0 03FF1000#0840112200000001
(1788797268.644222) can0 03FF1001#0000000000000000
(1788797268.645222) can0 02181606#0100190001030200
(1788797268.654443) can0 03FF1603#0000D05700000000
(1788797268.665223) can0 03FF1605#0100000000000000
(1788797268.675466) can0 03121606#0000000000000000
(1788797268.690271) can0 05FF4001#0000000000000000
(1788797268.692295) can0 05FF4000#0000000000000000
(1788797268.739227) can0 03FF1000#0840112200000001
(1788797268.749227) can0 03FF1001#0000000000000000
(1788797268.759472) can0 03FF1603#0000D05700000000
(1788797268.770229) can0 03FF1605#0100000000000000
(1788797268.772263) can0 05FF4602#0B10101011100F10
(1788797268.780467) can0 03121606#0000000000000000
(1788797268.794253) can0 05FF4603#1110101013101310
(1788797268.795231) can0 0258A604#0000000000000000
(1788797268.804243) can0 05FF4604#1110111014101510
(1788797268.814277) can0 05FF4605#1010000000000000
(1788797268.835406) can0 05FF4610#0000D0DDFFFFFFDA
(1788797268.843487) can0 03FF1000#0840112200000001
(1788797268.845232) can0 05FF4606#1E1E1D
(1788797268.854233) can0 03FF1001#0000000000000000
(1788797268.854346) can0 05FF4607#1E1D1D
(1788797268.864234) can0 05FF4608#0019007C
(1788797268.865233) can0 03FF1603#0000D05700000000
(1788797268.874234) can0 05FF4609#010003CA03CA00
(1788797268.875234) can0 03FF1605#0100000000000000
(1788797268.948481) can0 03FF1000#0840112200000001
(1788797268.959239) can0 03FF1001#0000000000000000
(1788797268.969459) can0 03FF1603#0000D05700000000
(1788797268.980239) can0 03FF1605#0100000000000000
(1788797269.024242) can0 05FF4400#0000000C
(1788797269.054244) can0 03FF1000#0840112200000001
(1788797269.064245) can0 03FF1001#0000000000000000
(1788797269.074453) can0 03FF1603#0000D05700000000
(1788797269.075244) can0 05FF4600#0D0300900303
(1788797269.075311) can0 02294604#
(1788797269.076244) can0 05124604#1110111014101510
(1788797269.085245) can0 03FF1605#0100000000000000
(1788797269.096275) can0 05FF4610#0000D0DDFFFFFFDA
(1788797269.124250) can0 05FF4601#007300000000
(1788797269.156250) can0 02191602#0000000000000000
(1788797269.158480) can0 03FF1000#0840112200000001
(1788797269.169249) can0 03FF1001#0000000000000000
(1788797269.179482) can0 03FF1603#0000D05700000000
(1788797269.190251) can0 03FF1605#0100000000000000
(1788797269.263510) can0 03FF1000#0840112200000001
(1788797269.274256) can0 03FF1001#0000000000000000
(1788797269.284464) can0 03FF1603#0000D05700000000
(1788797269.295256) can0 03FF1605#0100000000000000
(1788797269.306259) can0 0258A604#0000000000000000
(1788797269.358284) can0 05FF4610#0000D0DDFFFFFFDA
(1788797269.368504) can0 03FF1000#0840112200000001
(1788797269.379261) can0 03FF1001#0000000000000000
(1788797269.389481) can0 03FF1603#0000D05700000000
(1788797269.400262) can0 03FF1605#0100000000000000
(1788797269.431264) can0 04FF3400#0000003200000000
(1788797269.473493) can0 03FF1000#0840112200000001
(1788797269.484267) can0 03FF1001#0000000000000000
(1788797269.494487) can0 03FF1603#0000D05700000000
(1788797269.505268) can0 03FF1605#0100000000000000
(1788797269.515484) can0 03FF1600#142B000104001319
(1788797269.526269) can0 03FF1601#6E50000000000000
(1788797269.536466) can0 03FF1602#000005000000157C
(1788797269.547270) can0 03FF1604#0000000000000000
(1788797269.578502) can0 03FF1000#0840112200000001
(1788797269.586272) can0 02294605#
(1788797269.587283) can0 05124605#1010000000000000
(1788797269.589271) can0 03FF1001#0000000000000000
(1788797269.599476) can0 03FF1603#0000D05700000000
(1788797269.610274) can0 03FF1605#0100000000000000
(1788797269.647276) can0 05FF4610#0000D0DBFFFFFFCA
(1788797269.683532) can0 03FF1000#0840112200000001
(1788797269.694277) can0 03FF1001#0000000000000000
(1788797269.704464) can0 03FF1603#0000D05700000000
(1788797269.715280) can0 03FF1605#0100000000000000
(1788797269.733314) can0 05FF4001#0000000000000000
(1788797269.735441) can0 05FF4000#0000000000000000
(1788797269.788538) can0 03FF1000#0840112200000001
(1788797269.799283) can0 03FF1001#0000000000000000
(1788797269.809494) can0 03FF1400#0000000200000000
(1788797269.820285) can0 03FF1603#0000D05700000000
(1788797269.827285) can0 05FF4602#0B10101010101010
(1788797269.830539) can0 03FF1605#0100000000000000
(1788797269.837285) can0 05FF4603#11100F1012101310
(1788797269.847285) can0 05FF4604#1110111014101510
(1788797269.857287) can0 05FF4605#1010000000000000
(1788797269.888288) can0 05FF4606#1E1E1D
(1788797269.893519) can0 03FF1000#0840112200000001
(1788797269.898289) can0 05FF4607#1E1D1D
(1788797269.904289) can0 03FF1001#0000000000000000
(1788797269.908288) can0 05FF4608#0019007C
(1788797269.914487) can0 03FF1603#0000D05700000000
(1788797269.918290) can0 05FF4609#010003CA03CA00
(1788797269.922290) can0 05FF4610#0000D0DBFFFFFFCA
(1788797269.925289) can0 03FF1605#0100000000000000
(1788797269.998502) can0 03FF1000#0840112200000001
(1788797270.009295) can0 03FF1001#0000000000000000
(1788797270.019492) can0 03FF1603#0000D05700000000
(1788797270.030295) can0 03FF1605#0100000000000000
(1788797270.103531) can0 03FF1000#0840112200000001
(1788797270.114300) can0 03FF1001#0000000000000000
(1788797270.116300) can0 02294606#
(1788797270.117300) can0 05124606#1E1E1D
(1788797270.124485) can0 03FF1603#0000D05700000000
(1788797270.135302) can0 03FF1605#0100000000000000
(1788797270.177303) can0 02FF2602#EFAB9FC5367D8DEB
(1788797270.177358) can0 02294609#0000000000000000
(1788797270.179303) can0 05124609#030003CA03CA00
(1788797270.184303) can0 05FF4610#0000D0DBFFFFFFCA
(1788797270.209306) can0 03FF1000#0840112200000001
(1788797270.219491) can0 03FF1001#0000000000000000
(1788797270.230307) can0 03FF1603#0000D05700000000
(1788797270.240515) can0 03FF1605#0100000000000000
(1788797270.314311) can0 03FF1000#0840112200000001
(1788797270.324521) can0 03FF1001#0000000000000000
(1788797270.335312) can0 03FF1603#0000D05700000000
(1788797270.345516) can0 03FF1605#0100000000000000
(1788797270.419317) can0 03FF1000#0840112200000001
(1788797270.429513) can0 03FF1001#0000000000000000
(1788797270.440317) can0 03FF1603#0000D05700000000
(1788797270.449330) can0 05FF4610#0000D0DBFFFFFFCA
(1788797270.450537) can0 03FF1605#0100000000000000
(1788797270.492548) can0 03FF1600#142B000104001319
(1788797270.503324) can0 03FF1601#6E50000000000000
(1788797270.513471) can0 03FF1602#000005000000157C
(1788797270.524321) can0 03FF1604#0000000000000000
(1788797270.534565) can0 03FF1000#0840112200000001
(1788797270.545322) can0 03FF1001#0000000000000000
(1788797270.555480) can0 03FF1603#0000D05700000000
(1788797270.566324) can0 03FF1605#0100000000000000
(1788797270.617326) can0 02294607#
(1788797270.618326) can0 05124607#1E1D1D
(1788797270.629326) can0 03FF1000#0840112200000001
(1788797270.639523) can0 03FF1001#0000000000000000
(1788797270.650327) can0 03FF1603#0000D05700000000
(1788797270.660525) can0 03FF1605#0100000000000000
(1788797270.687330) can0 02FF2602#EFAB9FC5367D8DEB
(1788797270.688330) can0 02294609#0000000000000000
(1788797270.689329) can0 05124609#030003CA03CA00
(1788797270.734333) can0 03FF1000#0840112200000001
(1788797270.743340) can0 05FF4610#0000D0DCFFFFFFCA
(1788797270.744541) can0 03FF1001#0000000000000000
(1788797270.755333) can0 03FF1603#0000D05700000000
(1788797270.765519) can0 03FF1605#0100000000000000
(1788797270.797355) can0 05FF4001#0000000000000000
(1788797270.799358) can0 05FF4000#0000000000000000
(1788797270.827337) can0 02181606#0100190001030200
(1788797270.839342) can0 03FF1000#0840112200000001
(1788797270.849538) can0 03FF1001#0000000000000000
(1788797270.860341) can0 03FF1603#0000D05700000000
(1788797270.870537) can0 03FF1605#0100000000000000
(1788797270.879340) can0 05FF4602#0B10101011101010
(1788797270.881343) can0 03121606#0000000000000000
(1788797270.890344) can0 05FF4603#11100F1012101310
(1788797270.900342) can0 05FF4604#1110111014101510
(1788797270.910364) can0 05FF4605#1010000000000000
(1788797270.940344) can0 05FF4606#1E1E1D
(1788797270.944343) can0 03FF1000#0840112200000001
(1788797270.950343) can0 05FF4607#1E1D1D
(1788797270.954529) can0 03FF1001#0000000000000000
(1788797270.960344) can0 05FF4608#0019007C
(1788797270.965344) can0 03FF1603#0000D05700000000
(1788797270.970344) can0 05FF4609#030003CA03CA00
(1788797270.975518) can0 03FF1605#0100000000000000
(1788797271.019348) can0 05FF4610#0000D0DCFFFFFFCA
(1788797271.049349) can0 03FF1000#0840112200000001
(1788797271.059558) can0 03FF1001#0000000000000000
(1788797271.070350) can0 03FF1603#0000D05700000000
(1788797271.080531) can0 03FF1605#0100000000000000
(1788797271.127358) can0 02294609#
(1788797271.128356) can0 05124609#030003CA03CA00
(1788797271.154355) can0 03FF1000#0840112200000001
(1788797271.164563) can0 03FF1001#0000000000000000
(1788797271.175357) can0 03FF1603#0000D05700000000
(1788797271.185530) can0 03FF1605#0100000000000000
(1788797271.259361) can0 03FF1000#0840112200000001
(1788797271.269529) can0 03FF1001#0000000000000000
(1788797271.280362) can0 03FF1603#0000D05700000000
(1788797271.284361) can0 05FF4610#0000D0DCFFFFFFCA
(1788797271.290547) can0 03FF1605#0100000000000000
(1788797271.338364) can0 02191602#0000000000000000
(1788797271.364369) can0 03FF1000#0840112200000001
(1788797271.374543) can0 03FF1001#0000000000000000
(1788797271.385367) can0 03FF1603#0000D05700000000
(1788797271.395529) can0 03FF1605#0100000000000000
(1788797271.469372) can0 03FF1000#0840112200000001
(1788797271.479533) can0 03FF1001#0000000000000000
(1788797271.490372) can0 03FF1603#0000D05700000000
(1788797271.500565) can0 03FF1605#0100000000000000
(1788797271.511374) can0 03FF1600#142B000104001319
(1788797271.521524) can0 03FF1601#6E50000000000000
(1788797271.532375) can0 03FF1602#000005000000157C
(1788797271.542533) can0 03FF1604#0000000000000000
(1788797271.574377) can0 03FF1000#0840112200000001
(1788797271.576377) can0 05FF4610#0000D0DBFFFFFFCA
(1788797271.584539) can0 03FF1001#0000000000000000
(1788797271.595378) can0 03FF1603#0000D05700000000
(1788797271.605505) can0 03FF1605#0100000000000000
(1788797271.638384) can0 02294610#
(1788797271.638433) can0 05124610#0000D0DBFFFFFFCA
(1788797271.679383) can0 03FF1000#0840112200000001
(1788797271.689545) can0 03FF1001#0000000000000000
(1788797271.700383) can0 03FF1603#0000D05700000000
(1788797271.710547) can0 03FF1605#0100000000000000
(1788797271.784388) can0 03FF1000#0840112200000001
(1788797271.794550) can0 03FF1001#0000000000000000
(1788797271.805389) can0 03FF1603#0000D05700000000
(1788797271.815529) can0 03FF1605#0100000000000000
(1788797271.853392) can0 05FF4001#0000000000000000
(1788797271.854396) can0 05FF4610#0000D0DBFFFFFFCA
(1788797271.855533) can0 05FF4000#0000000000000000
(1788797271.889396) can0 03FF1000#0840112200000001
(1788797271.898397) can0 13B16001#
(1788797271.898451) can0 13B16001#
(1788797271.898582) can0 13B16001#
(1788797271.899539) can0 03FF1001#0000000000000000
(1788797271.910394) can0 03FF1603#0000D05700000000
(1788797271.920546) can0 03FF1605#0100000000000000
(1788797271.935430) can0 05FF4602#0B10101010101010
(1788797271.945419) can0 05FF4603#11100F1012101310
(1788797271.955420) can0 05FF4604#1110111014101510
(1788797271.965466) can0 05FF4605#1010000000000000
(1788797271.994399) can0 03FF1000#0840112200000001
(1788797271.995399) can0 05FF4606#1E1E1D
(1788797272.004551) can0 03FF1001#0000000000000000
(1788797272.005399) can0 05FF4607#1E1D1D
(1788797272.015400) can0 03FF1603#0000D05700000000
(1788797272.015462) can0 05FF4608#0019007C
(1788797272.025424) can0 05FF4609#030003CA03CA00
(1788797272.026400) can0 03FF1605#0100000000000000
(1788797272.099405) can0 03FF1000#0840112200000001
(1788797272.109544) can0 03FF1001#0000000000000000
(1788797272.116406) can0 05FF4610#0000D0DBFFFFFFCA
(1788797272.120405) can0 03FF1603#0000D05700000000
(1788797272.130572) can0 03FF1605#0100000000000000
(1788797272.148411) can0 02294611#
(1788797272.149407) can0 05124611#0061368C00003527
(1788797272.204411) can0 03FF1000#0840112200000001
(1788797272.214585) can0 03FF1001#0000000000000000
(1788797272.225411) can0 03FF1603#0000D05700000000
(1788797272.235550) can0 03FF1605#0100000000000000
(1788797272.309415) can0 03FF1000#0840112200000001
(1788797272.319543) can0 03FF1001#0000000000000000
(1788797272.330417) can0 03FF1603#0000D05700000000
(1788797272.340556) can0 03FF1605#0100000000000000
(1788797272.359418) can0 02FF2602#45A31D8D26E3313F
(1788797272.359473) can0 02294609#0000000000000000
(1788797272.361422) can0 05124609#030003CA03CA00
(1788797272.369421) can0 02181606#0000000000030200
(1788797272.372423) can0 03FF1605#0000000000000000
(1788797272.499430) can0 02181606#0100190001030200
(1788797272.539429) can0 1FF8B028#0000000000000000
(1788797272.575430) can0 03FF1000#0840112200000001
(1788797272.585546) can0 03FF1605#0000000000000000
(1788797272.596431) can0 03121606#0100000000000000
(1788797272.609512) can0 02181606#0100190001030200
(1788797272.648566) can0 03FF1000#0840112200000001
(1788797272.659437) can0 03FF1001#0000000000000000
(1788797272.661434) can0 02294500#
(1788797272.662434) can0 05124500#0500
(1788797272.669550) can0 03FF1603#0000D05700000000
(1788797272.680436) can0 03FF1605#0100000000000000
(1788797272.682436) can0 05FF4610#0000D0DDFFFFFFCA
(1788797272.690524) can0 03121606#0000000000000000
(1788797272.719437) can0 02181606#0100190001030200
(1788797272.753555) can0 03FF1000#0840112200000001
(1788797272.764439) can0 03FF1001#0000000000000000
(1788797272.774544) can0 03FF1603#0000D05700000000
(1788797272.785441) can0 03FF1605#0100000000000000
(1788797272.795557) can0 03121606#0000000000000000
(1788797272.825479) can0 05FF4001#0000000000000000
(1788797272.827443) can0 05FF4000#0000000000000000
(1788797272.858573) can0 03FF1000#0840112200000001
(1788797272.869446) can0 03FF1001#0000000000000000
(1788797272.879543) can0 03FF1603#0000D05700000000
(1788797272.890450) can0 03FF1605#0100000000000000
(1788797272.900566) can0 03121606#0000000000000000
(1788797272.907448) can0 05FF4602#0B10101011101010
(1788797272.917448) can0 05FF4603#11100F1013101310
(1788797272.919448) can0 02519500#
(1788797272.919514) can0 02519500#
(1788797272.919569) can0 02519500#
(1788797272.927448) can0 05FF4604#1110111014101510
(1788797272.937449) can0 05FF4605#1010000000000000
(1788797272.958451) can0 05FF4610#0000D0DDFFFFFFCA
(1788797272.963588) can0 03FF1000#0840112200000001
(1788797272.967450) can0 05FF4606#1E1E1D
(1788797272.974451) can0 03FF1001#0000000000000000
(1788797272.977451) can0 05FF4607#1E1D1D
(1788797272.984521) can0 03FF1603#0000D05700000000
(1788797272.987451) can0 05FF4608#0019007C
(1788797272.995452) can0 03FF1605#0100000000000000
(1788797272.997452) can0 05FF4609#010003CA03CA00
(1788797273.068573) can0 03FF1000#0840112200000001
(1788797273.079457) can0 03FF1001#0000000000000000
(1788797273.089557) can0 03FF1603#0000D05700000000
(1788797273.100457) can0 03FF1605#0100000000000000
(1788797273.147464) can0 05FF4400#0000000D
(1788797273.169464) can0 02294501#
(1788797273.170461) can0 05124501#0103
(1788797273.173660) can0 03FF1000#0840112200000001
(1788797273.184462) can0 03FF1001#0000000000000000
(1788797273.194557) can0 03FF1603#0000D05700000000
(1788797273.198462) can0 05FF4600#0D0300900303
(1788797273.205462) can0 03FF1605#0100000000000000
(1788797273.219488) can0 02181606#0000000000030200
(1788797273.220464) can0 02203606#0200000000000000
(1788797273.220618) can0 05FF4610#0000D0DDFFFFFFCA
(1788797273.226465) can0 03FF1605#0000000000000000
(1788797273.229464) can0 02181606#0000000000030200
(1788797273.230464) can0 02203606#0200000000000000
(1788797273.239465) can0 02181606#0000000000030200
(1788797273.240465) can0 02203606#0200000000000000
(1788797273.249628) can0 02203607#0000000300000000
(1788797273.393474) can0 1FF8B028#0000000000000000
(1788797273.403480) can0 03FF1000#0840112200000001
(1788797273.413674) can0 03FF1605#0000000000000000
(1788797273.424478) can0 03121606#0100000000000000
(1788797273.497666) can0 03FF1000#0840112200000001
(1788797273.508479) can0 03121606#0100000000000000
(1788797273.602717) can0 03FF1000#0840112200000001
(1788797273.613485) can0 03121606#0100000000000000
(1788797273.707692) can0 03FF1000#0840112200000001
(1788797273.812678) can0 03FF1000#0840112200000001
(1788797273.917664) can0 03FF1000#0840112200000001
(1788797273.941504) can0 02519501#
(1788797273.941559) can0 02519501#
(1788797273.941613) can0 02519501#
(1788797274.022670) can0 03FF1000#0840112200000001
(1788797274.127734) can0 03FF1000#0840112200000001
(1788797274.232705) can0 03FF1000#0840112200000001
(1788797274.260619) can0 02203607#0000000300000000
(1788797274.337687) can0 03FF1000#0840112200000001
(1788797274.442680) can0 03FF1000#0840112200000001
(1788797274.547699) can0 03FF1000#0840112200000001
(1788797274.652734) can0 03FF1000#0840112200000001
(1788797274.757710) can0 03FF1000#0840112200000001
(1788797274.862691) can0 03FF1000#0840112200000001
(1788797274.967685) can0 03FF1000#0840112200000001
(1788797275.072704) can0 03FF1000#0840112200000001
(1788797275.177726) can0 03FF1000#0840112200000001
(1788797275.271578) can0 02203607#0000000300000000
(1788797275.282724) can0 03FF1000#0840112200000001
(1788797275.387703) can0 03FF1000#0840112200000001
(1788797275.492701) can0 03FF1000#0840112200000001
(1788797275.597709) can0 03FF1000#0840112200000001
(1788797275.702736) can0 03FF1000#0840112200000001
(1788797275.807725) can0 03FF1000#0840112200000001
(1788797275.912724) can0 03FF1000#0840112200000001
(1788797276.017718) can0 03FF1000#0840112200000001
(1788797276.122714) can0 03FF1000#0840112200000001
(1788797276.227730) can0 03FF1000#0840112200000001
(1788797276.301652) can0 02203607#0000000300000000
(1788797276.332745) can0 03FF1000#0840112200000001
(1788797276.437729) can0 03FF1000#0840112200000001
(1788797276.542717) can0 03FF1000#0840112200000001
(1788797276.647728) can0 03FF1000#0840112200000001
(1788797276.752756) can0 03FF1000#0840112200000001
(1788797276.857750) can0 03FF1000#0840112200000001
(1788797276.962797) can0 03FF1000#0840112200000001
(1788797277.067739) can0 03FF1000#0840112200000001
(1788797277.172734) can0 03FF1000#0840112200000001
(1788797277.277773) can0 03FF1000#0840112200000001
(1788797277.382767) can0 03FF1000#0840112200000001
(1788797277.487807) can0 03FF1000#0840112200000001
(1788797277.592743) can0 03FF1000#0840112200000001
(1788797277.697751) can0 03FF1000#0840112200000001
(1788797277.802773) can0 03FF1000#0840112200000001
(1788797277.907784) can0 03FF1000#0840112200000001
(1788797278.012823) can0 03FF1000#0840112200000001
(1788797278.023939) can0 13B16001#
(1788797278.024719) can0 13B16001#
(1788797278.024775) can0 13B16001#
(1788797278.117765) can0 03FF1000#0840112200000001
(1788797278.222778) can0 03FF1000#0840112200000001
(1788797278.327782) can0 03FF1000#0840112200000001
(1788797278.432800) can0 03FF1000#0840112200000001
(1788797278.537783) can0 03FF1000#0840112200000001
(1788797278.642764) can0 03FF1000#0840112200000001
(1788797278.747778) can0 03FF1000#0840112200000001
(1788797278.852799) can0 03FF1000#0840112200000001
(1788797278.957805) can0 03FF1000#0840112200000001
(1788797279.062798) can0 03FF1000#0840112200000001
(1788797279.167788) can0 03FF1000#0840112200000001
(1788797279.272787) can0 03FF1000#0840112200000001
(1788797279.377816) can0 03FF1000#0840112200000001
(1788797279.430875) can0 04FF3400#0000003300000000
(1788797279.482810) can0 03FF1000#0840112200000001
(1788797279.587803) can0 03FF1000#0840112200000001
(1788797279.692812) can0 03FF1000#0840112200000001
(1788797279.797814) can0 03FF1000#0840112200000001
(1788797279.902820) can0 03FF1000#0840112200000001
(1788797280.007826) can0 03FF1000#0840112200000001
(1788797280.112832) can0 03FF1000#0840112200000001
(1788797280.217837) can0 03FF1000#0840112200000001
(1788797280.322851) can0 03FF1000#0840112200000001
(1788797280.427848) can0 03FF1000#0840112200000001
(1788797280.532853) can0 03FF1000#0840112200000001
(1788797280.637859) can0 03FF1000#0840112200000001
(1788797280.742865) can0 03FF1000#0840112200000001
(1788797280.847883) can0 03FF1000#0840112200000001
(1788797280.952877) can0 03FF1000#0840112200000001
(1788797281.057883) can0 03FF1000#0840112200000001
(1788797281.162894) can0 03FF1000#0840112200000001
(1788797281.267896) can0 03FF1000#0840112200000001
(1788797281.372901) can0 03FF1000#0840112200000001
(1788797281.477904) can0 03FF1000#0840112200000001
(1788797281.582911) can0 03FF1000#0840112200000001
(1788797281.687915) can0 03FF1000#0840112200000001
(1788797281.792920) can0 03FF1000#0840112200000001
(1788797281.897929) can0 03FF1000#0840112200000001
(1788797282.002933) can0 03FF1000#0840112200000001
(1788797282.107938) can0 03FF1000#0840112200000001
(1788797282.212943) can0 03FF1000#0840112200000001
(1788797282.317950) can0 03FF1000#0840112200000001
(1788797282.422958) can0 03FF1000#0840112200000001
(1788797282.527961) can0 03FF1000#0840112200000001
(1788797282.632966) can0 03FF1000#0840112200000001
(1788797282.737971) can0 03FF1000#0840112200000001
(1788797282.842977) can0 03FF1000#0840112200000001
(1788797282.947985) can0 03FF1000#0840112200000001
(1788797283.052988) can0 03FF1000#0840112200000001
(1788797283.157995) can0 03FF1000#0840112200000001
(1788797283.262999) can0 03FF1000#0840112200000001
(1788797283.368004) can0 03FF1000#0840112200000001
(1788797283.473012) can0 03FF1000#0840112200000001
(1788797283.578016) can0 03FF1000#0840112200000001
(1788797283.683021) can0 03FF1000#0840112200000001
(1788797283.788027) can0 03FF1000#0840112200000001
(1788797283.893031) can0 03FF1000#0840112200000001
(1788797283.998040) can0 03FF1000#0840112200000001
(1788797284.103045) can0 03FF1000#0840112200000001
(1788797284.208051) can0 03FF1000#0840112200000001
(1788797284.313055) can0 03FF1000#0840112200000001
(1788797284.418061) can0 03FF1000#0840112200000001
(1788797284.523068) can0 03FF1000#0840112200000001
(1788797284.628072) can0 03FF1000#0840112200000001
(1788797284.733077) can0 03FF1000#0840112200000001
(1788797284.838083) can0 03FF1000#0840112200000001
(1788797284.943088) can0 03FF1000#0840112200000001
(1788797285.048096) can0 03FF1000#0840112200000001
(1788797285.153099) can0 03FF1000#0840112200000001
(1788797285.258105) can0 03FF1000#0840112200000001
(1788797285.363112) can0 03FF1000#0840112200000001
(1788797285.468117) can0 03FF1000#0840112200000001
(1788797285.573124) can0 03FF1000#0840112200000001
(1788797285.678128) can0 03FF1000#0840112200000001
(1788797285.783133) can0 03FF1000#0840112200000001
(1788797285.888139) can0 03FF1000#0840112200000001
(1788797285.993145) can0 03FF1000#0840112200000001
(1788797286.098151) can0 03FF1000#0840112200000001
(1788797286.203158) can0 03FF1000#0840112200000001
(1788797286.308161) can0 03FF1000#0840112200000001
(1788797286.413172) can0 03FF1000#0840112200000001
(1788797286.518173) can0 03FF1000#0840112200000001
(1788797286.623180) can0 03FF1000#0840112200000001
(1788797286.728183) can0 03FF1000#0840112200000001
(1788797286.833189) can0 03FF1000#0840112200000001
(1788797286.938194) can0 03FF1000#0840112200000001
(1788797287.043201) can0 03FF1000#0840112200000001
(1788797287.148214) can0 03FF1000#0840112200000001
(1788797287.253214) can0 03FF1000#0840112200000001
(1788797287.358216) can0 03FF1000#0840112200000001
(1788797287.463225) can0 03FF1000#0840112200000001
(1788797287.568230) can0 03FF1000#0840112200000001
(1788797287.673235) can0 03FF1000#0840112200000001
(1788797287.778240) can0 03FF1000#0840112200000001
(1788797287.883244) can0 03FF1000#0840112200000001
(1788797287.988250) can0 03FF1000#0840112200000001
(1788797288.093257) can0 03FF1000#0840112200000001
(1788797288.198263) can0 03FF1000#0840112200000001
(1788797288.303267) can0 03FF1000#0840112200000001
(1788797288.408274) can0 03FF1000#0840112200000001
(1788797288.513277) can0 03FF1000#0840112200000001
(1788797288.618285) can0 03FF1000#0840112200000001
(1788797288.723291) can0 03FF1000#0840112200000001
(1788797288.828294) can0 03FF1000#0840112200000001
(1788797288.933299) can0 03FF1000#0840112200000001
(1788797289.038307) can0 03FF1000#0840112200000001
(1788797289.143313) can0 03FF1000#0840112200000001
(1788797289.248320) can0 03FF1000#0840112200000001
(1788797289.353324) can0 03FF1000#0840112200000001
(1788797289.431327) can0 04FF3400#0000003400000000
(1788797289.458328) can0 03FF1000#0840112200000001
(1788797289.563333) can0 03FF1000#0840112200000001
(1788797289.668340) can0 03FF1000#0840112200000001
(1788797289.773346) can0 03FF1000#0840112200000001
(1788797289.878350) can0 03FF1000#0840112200000001
(1788797289.983357) can0 03FF1000#0840112200000001
(1788797290.088362) can0 03FF1000#0840112200000001
(1788797290.193367) can0 03FF1000#0840112200000001
(1788797290.298374) can0 03FF1000#0840112200000001
(1788797290.403378) can0 03FF1000#0840112200000001
(1788797290.508384) can0 03FF1000#0840112200000001
(1788797290.613390) can0 03FF1000#0840112200000001
(1788797290.718395) can0 03FF1000#0840112200000001
(1788797290.823405) can0 03FF1000#0840112200000001
(1788797290.928406) can0 03FF1000#0840112200000001
(1788797291.033412) can0 03FF1000#0840112200000001
(1788797291.138419) can0 03FF1000#0840112200000001
(1788797291.243423) can0 03FF1000#0840112200000001
(1788797291.348430) can0 03FF1000#0840112200000001
(1788797291.453434) can0 03FF1000#0840112200000001
(1788797291.558439) can0 03FF1000#0840112200000001
(1788797291.663445) can0 03FF1000#0840112200000001
(1788797291.768451) can0 03FF1000#0840112200000001
(1788797291.873457) can0 03FF1000#0840112200000001
(1788797291.978462) can0 03FF1000#0840112200000001
(1788797292.083468) can0 03FF1000#0840112200000001
(1788797292.188473) can0 03FF1000#0840112200000001
(1788797292.293478) can0 03FF1000#0840112200000001
(1788797292.398485) can0 03FF1000#0840112200000001
(1788797292.503490) can0 03FF1000#0840112200000001
(1788797292.608497) can0 03FF1000#0840112200000001
(1788797292.713502) can0 03FF1000#0840112200000001
(1788797292.818507) can0 03FF1000#0840112200000001
(1788797292.923515) can0 03FF1000#0840112200000001
(1788797293.028517) can0 03FF1000#0840112200000001
(1788797293.133529) can0 03FF1000#0840112200000001
(1788797293.238533) can0 03FF1000#0840112200000001
(1788797293.343534) can0 03FF1000#0840112200000001
(1788797293.448543) can0 03FF1000#0840112200000001
(1788797293.553546) can0 03FF1000#0840112200000001
(1788797293.658552) can0 03FF1000#0840112200000001
(1788797293.763557) can0 03FF1000#0840112200000001
(1788797293.868563) can0 03FF1000#0840112200000001
(1788797293.973570) can0 03FF1000#0840112200000001
(1788797294.078574) can0 03FF1000#0840112200000001
(1788797294.183582) can0 03FF1000#0840112200000001
(1788797294.288585) can0 03FF1000#0840112200000001
(1788797294.393591) can0 03FF1000#0840112200000001
(1788797294.498597) can0 03FF1000#0840112200000001
(1788797294.603601) can0 03FF1000#0840112200000001
(1788797294.708608) can0 03FF1000#0840112200000001
(1788797294.813613) can0 03FF1000#0840112200000001
(1788797294.918619) can0 03FF1000#0840112200000001
(1788797295.023627) can0 03FF1000#0840112200000001
(1788797295.128631) can0 03FF1000#0840112200000001
(1788797295.233635) can0 03FF1000#0840112200000001
(1788797295.338640) can0 03FF1000#0840112200000001
(1788797295.443647) can0 03FF1000#0840112200000001
(1788797295.548655) can0 03FF1000#0840112200000001
(1788797295.653657) can0 03FF1000#0840112200000001
(1788797295.758663) can0 03FF1000#0840112200000001
(1788797295.863668) can0 03FF1000#0840112200000001
(1788797295.968675) can0 03FF1000#0840112200000001
(1788797296.073682) can0 03FF1000#0840112200000001
(1788797296.178686) can0 03FF1000#0840112200000001
(1788797296.283691) can0 03FF1000#0840112200000001
(1788797296.388696) can0 03FF1000#0840112200000001
(1788797296.493702) can0 03FF1000#0840112200000001
(1788797296.598711) can0 03FF1000#0840112200000001
(1788797296.703715) can0 03FF1000#0840112200000001
(1788797296.808719) can0 03FF1000#0840112200000001
(1788797296.913725) can0 03FF1000#0840112200000001
(1788797297.018731) can0 03FF1000#0840112200000001
(1788797297.123738) can0 03FF1000#0840112200000001
(1788797297.228741) can0 03FF1000#0840112200000001
(1788797297.333749) can0 03FF1000#0840112200000001
(1788797297.438752) can0 03FF1000#0840112200000001
(1788797297.543757) can0 03FF1000#0840112200000001
(1788797297.648765) can0 03FF1000#0840112200000001
(1788797297.753769) can0 03FF1000#0840112200000001
(1788797297.858775) can0 03FF1000#0840112200000001
(1788797297.963780) can0 03FF1000#0840112200000001
(1788797298.068785) can0 03FF1000#0840112200000001
(1788797298.173794) can0 03FF1000#0840112200000001
(1788797298.278798) can0 03FF1000#0840112200000001
(1788797298.383803) can0 03FF1000#0840112200000001
(1788797298.488808) can0 03FF1000#0840112200000001
(1788797298.593814) can0 03FF1000#0840112200000001
(1788797298.698822) can0 03FF1000#0840112200000001
(1788797298.803826) can0 03FF1000#0840112200000001
(1788797298.908830) can0 03FF1000#0840112200000001
(1788797299.013836) can0 03FF1000#0840112200000001
(1788797299.118852) can0 03FF1000#0840112200000001
(1788797299.223852) can0 03FF1000#0840112200000001
(1788797299.328853) can0 03FF1000#0840112200000001
(1788797299.430859) can0 04FF3400#0000003500000000
(1788797299.431857) can0 04FF3603#0300000000000000
(1788797299.433857) can0 03FF1000#0840112200000001
(1788797299.538864) can0 03FF1000#0840112200000001
(1788797299.643870) can0 03FF1000#0840112200000001
(1788797299.748878) can0 03FF1000#0840112200000001
(1788797299.853881) can0 03FF1000#0840112200000001
(1788797299.958885) can0 03FF1000#0840112200000001
(1788797300.063893) can0 03FF1000#0840112200000001
(1788797300.168898) can0 03FF1000#0840112200000001
(1788797300.273904) can0 03FF1000#0840112200000001
(1788797300.378911) can0 03FF1000#0840112200000001
(1788797300.483914) can0 03FF1000#0840112200000001
(1788797300.588919) can0 03FF1000#0840112200000001
(1788797300.693928) can0 03FF1000#0840112200000001
(1788797300.798934) can0 03FF1000#0840112200000001
(1788797300.903936) can0 03FF1000#0840112200000001
(1788797301.008944) can0 03FF1000#0840112200000001
(1788797301.113948) can0 03FF1000#0840112200000001
(1788797301.218952) can0 03FF1000#0840112200000001
(1788797301.323962) can0 03FF1000#0840112200000001
(1788797301.428965) can0 03FF1000#0840112200000001
(1788797301.533969) can0 03FF1000#0840112200000001
(1788797301.638975) can0 03FF1000#0840112200000001
(1788797301.743981) can0 03FF1000#0840112200000001
(1788797301.848988) can0 03FF1000#0840112200000001
(1788797301.953992) can0 03FF1000#0840112200000001
(1788797302.058998) can0 03FF1000#0840112200000001
(1788797302.164011) can0 03FF1000#0840112200000001
(1788797302.269015) can0 03FF1000#0840112200000001
(1788797302.374020) can0 03FF1000#0840112200000001
(1788797302.479025) can0 03FF1000#0840112200000001
(1788797302.584027) can0 03FF1000#0840112200000001
(1788797302.689032) can0 03FF1000#0840112200000001
(1788797302.794036) can0 03FF1000#0840112200000001
(1788797302.898303) can0 03FF1000#0840112200000001
(1788797303.003305) can0 03FF1000#0840112200000001
(1788797303.108300) can0 03FF1000#0840112200000001
(1788797303.213313) can0 03FF1000#0840112200000001
(1788797303.319064) can0 03FF1000#0840112200000001
(1788797303.423326) can0 03FF1000#0840112200000001
(1788797303.528310) can0 03FF1000#0840112200000001
(1788797303.633314) can0 03FF1000#0840112200000001
(1788797303.738341) can0 03FF1000#0840112200000001
(1788797303.843319) can0 03FF1000#0840112200000001
(1788797303.948322) can0 03FF1000#0840112200000001
(1788797304.053324) can0 03FF1000#0840112200000001
(1788797304.158320) can0 03FF1000#0840112200000001
(1788797304.263346) can0 03FF1000#0840112200000001
(1788797304.368344) can0 03FF1000#0840112200000001
(1788797304.473350) can0 03FF1000#0840112200000001
(1788797304.578328) can0 03FF1000#0840112200000001
(1788797304.683319) can0 03FF1000#0840112200000001
(1788797304.788363) can0 03FF1000#0840112200000001
(1788797304.893359) can0 03FF1000#0840112200000001
(1788797304.998357) can0 03FF1000#0840112200000001
(1788797305.103334) can0 03FF1000#0840112200000001
(1788797305.208352) can0 03FF1000#0840112200000001
(1788797305.313366) can0 03FF1000#0840112200000001
(1788797305.418361) can0 03FF1000#0840112200000001
(1788797305.523362) can0 03FF1000#0840112200000001
(1788797305.628397) can0 03FF1000#0840112200000001
(1788797305.733354) can0 03FF1000#0840112200000001
(1788797305.838383) can0 03FF1000#0840112200000001
(1788797305.943375) can0 03FF1000#0840112200000001
(1788797306.048388) can0 03FF1000#0840112200000001
(1788797306.153424) can0 03FF1000#0840112200000001
(1788797306.258373) can0 03FF1000#0840112200000001
(1788797306.363397) can0 03FF1000#0840112200000001
(1788797306.468396) can0 03FF1000#0840112200000001
(1788797306.573392) can0 03FF1000#0840112200000001
(1788797306.678442) can0 03FF1000#0840112200000001
(1788797306.783377) can0 03FF1000#0840112200000001
(1788797306.888370) can0 03FF1000#0840112200000001
(1788797306.993400) can0 03FF1000#0840112200000001
(1788797307.098412) can0 03FF1000#0840112200000001
(1788797307.203383) can0 03FF1000#0840112200000001
(1788797307.308392) can0 03FF1000#0840112200000001
(1788797307.413411) can0 03FF1000#0840112200000001
(1788797307.518415) can0 03FF1000#0840112200000001
(1788797307.623400) can0 03FF1000#0840112200000001
(1788797307.728394) can0 03FF1000#0840112200000001
(1788797307.833397) can0 03FF1000#0840112200000001
(1788797307.938424) can0 03FF1000#0840112200000001
(1788797308.043434) can0 03FF1000#0840112200000001
(1788797308.148420) can0 03FF1000#0840112200000001
(1788797308.253407) can0 03FF1000#0840112200000001
(1788797308.358415) can0 03FF1000#0840112200000001
(1788797308.463426) can0 03FF1000#0840112200000001
(1788797308.568424) can0 03FF1000#0840112200000001
(1788797308.673446) can0 03FF1000#0840112200000001
(1788797308.778413) can0 03FF1000#0840112200000001
(1788797308.883413) can0 03FF1000#0840112200000001
(1788797308.988495) can0 03FF1000#0840112200000001
(1788797309.093443) can0 03FF1000#0840112200000001
(1788797309.198454) can0 03FF1000#0840112200000001
(1788797309.303429) can0 03FF1000#0840112200000001
(1788797309.408437) can0 03FF1000#0840112200000001
(1788797309.430634) can0 04FF3400#0000003600000000
(1788797309.513498) can0 03FF1000#0840112200000001
(1788797309.618466) can0 03FF1000#0840112200000001
(1788797309.723468) can0 03FF1000#0840112200000001
(1788797309.828446) can0 03FF1000#0840112200000001
(1788797309.933452) can0 03FF1000#0840112200000001
(1788797310.038463) can0 03FF1000#0840112200000001
(1788797310.143475) can0 03FF1000#0840112200000001
(1788797310.248472) can0 03FF1000#0840112200000001
(1788797310.353449) can0 03FF1000#0840112200000001
(1788797310.458444) can0 03FF1000#0840112200000001
(1788797310.563485) can0 03FF1000#0840112200000001
(1788797310.668491) can0 03FF1000#0840112200000001
(1788797310.773489) can0 03FF1000#0840112200000001
(1788797310.878466) can0 03FF1000#0840112200000001
(1788797310.983472) can0 03FF1000#0840112200000001
(1788797311.088503) can0 03FF1000#0840112200000001
(1788797311.193489) can0 03FF1000#0840112200000001
(1788797311.298494) can0 03FF1000#0840112200000001
(1788797311.403494) can0 03FF1000#0840112200000001
(1788797311.508499) can0 03FF1000#0840112200000001
(1788797311.613508) can0 03FF1000#0840112200000001
(1788797311.718513) can0 03FF1000#0840112200000001
(1788797311.823567) can0 03FF1000#0840112200000001
(1788797311.928522) can0 03FF1000#0840112200000001
(1788797312.033528) can0 03FF1000#0840112200000001
(1788797312.138535) can0 03FF1000#0840112200000001
(1788797312.243539) can0 03FF1000#0840112200000001
(1788797312.348572) can0 03FF1000#0840112200000001
(1788797312.453551) can0 03FF1000#0840112200000001
(1788797312.558557) can0 03FF1000#0840112200000001
(1788797312.663565) can0 03FF1000#0840112200000001
(1788797312.768566) can0 03FF1000#0840112200000001
(1788797312.873589) can0 03FF1000#0840112200000001
(1788797312.978580) can0 03FF1000#0840112200000001
(1788797313.083585) can0 03FF1000#0840112200000001
(1788797313.188590) can0 03FF1000#0840112200000001
(1788797313.293597) can0 03FF1000#0840112200000001
(1788797313.398606) can0 03FF1000#0840112200000001
(1788797313.503605) can0 03FF1000#0840112200000001
(1788797313.608614) can0 03FF1000#0840112200000001
(1788797313.713617) can0 03FF1000#0840112200000001
(1788797313.818622) can0 03FF1000#0840112200000001
(1788797313.923633) can0 03FF1000#0840112200000001
(1788797314.028635) can0 03FF1000#0840112200000001
(1788797314.133641) can0 03FF1000#0840112200000001
(1788797314.238646) can0 03FF1000#0840112200000001
(1788797314.343651) can0 03FF1000#0840112200000001
(1788797314.448660) can0 03FF1000#0840112200000001
(1788797314.553662) can0 03FF1000#0840112200000001
(1788797314.658669) can0 03FF1000#0840112200000001
(1788797314.763674) can0 03FF1000#0840112200000001
(1788797314.868679) can0 03FF1000#0840112200000001
(1788797314.973688) can0 03FF1000#0840112200000001
(1788797315.078691) can0 03FF1000#0840112200000001
(1788797315.183701) can0 03FF1000#0840112200000001
(1788797315.288701) can0 03FF1000#0840112200000001
(1788797315.393706) can0 03FF1000#0840112200000001
(1788797315.498719) can0 03FF1000#0840112200000001
(1788797315.603717) can0 03FF1000#0840112200000001
(1788797315.708724) can0 03FF1000#0840112200000001
(1788797315.813728) can0 03FF1000#0840112200000001
(1788797315.918735) can0 03FF1000#0840112200000001
(1788797316.023747) can0 03FF1000#0840112200000001
(1788797316.128745) can0 03FF1000#0840112200000001
(1788797316.233752) can0 03FF1000#0840112200000001
(1788797316.338756) can0 03FF1000#0840112200000001
(1788797316.443762) can0 03FF1000#0840112200000001
(1788797316.548773) can0 03FF1000#0840112200000001
(1788797316.653776) can0 03FF1000#0840112200000001
(1788797316.758780) can0 03FF1000#0840112200000001
(1788797316.863784) can0 03FF1000#0840112200000001
(1788797316.968792) can0 03FF1000#0840112200000001
(1788797317.073800) can0 03FF1000#0840112200000001
(1788797317.178803) can0 03FF1000#0840112200000001
(1788797317.283809) can0 03FF1000#0840112200000001
(1788797317.388812) can0 03FF1000#0840112200000001
(1788797317.493818) can0 03FF1000#0840112200000001
(1788797317.598828) can0 03FF1000#0840112200000001
(1788797317.703830) can0 03FF1000#0840112200000001
(1788797317.808834) can0 03FF1000#0840112200000001
(1788797317.913843) can0 03FF1000#0840112200000001
(1788797318.018846) can0 03FF1000#0840112200000001
(1788797318.123858) can0 03FF1000#0840112200000001
(1788797318.228856) can0 03FF1000#0840112200000001
(1788797318.333863) can0 03FF1000#0840112200000001
(1788797318.438868) can0 03FF1000#0840112200000001
(1788797318.543875) can0 03FF1000#0840112200000001
(1788797318.648884) can0 03FF1000#0840112200000001
(1788797318.753886) can0 03FF1000#0840112200000001
(1788797318.858891) can0 03FF1000#0840112200000001
(1788797318.963896) can0 03FF1000#0840112200000001
(1788797319.068902) can0 03FF1000#0840112200000001
(1788797319.173913) can0 03FF1000#0840112200000001
(1788797319.278914) can0 03FF1000#0840112200000001
(1788797319.383919) can0 03FF1000#0840112200000001
(1788797319.430921) can0 04FF3400#0000003700000000
(1788797319.488924) can0 03FF1000#0840112200000001
(1788797319.593929) can0 03FF1000#0840112200000001
(1788797319.698941) can0 03FF1000#0840112200000001
(1788797319.803941) can0 03FF1000#0840112200000001
(1788797319.908946) can0 03FF1000#0840112200000001
(1788797320.013954) can0 03FF1000#0840112200000001
(1788797320.118958) can0 03FF1000#0840112200000001
(1788797320.223967) can0 03FF1000#0840112200000001
(1788797320.328970) can0 03FF1000#0840112200000001
(1788797320.433973) can0 03FF1000#0840112200000001
(1788797320.538980) can0 03FF1000#0840112200000001
(1788797320.643986) can0 03FF1000#0840112200000001
(1788797320.748995) can0 03FF1000#0840112200000001
(1788797320.853998) can0 03FF1000#0840112200000001
(1788797320.959002) can0 03FF1000#0840112200000001
(1788797321.064009) can0 03FF1000#0840112200000001
(1788797321.169014) can0 03FF1000#0840112200000001
(1788797321.274024) can0 03FF1000#0840112200000001
(1788797321.379026) can0 03FF1000#0840112200000001
(1788797321.484030) can0 03FF1000#0840112200000001
(1788797321.589037) can0 03FF1000#0840112200000001
(1788797321.694040) can0 03FF1000#0840112200000001
(1788797321.799051) can0 03FF1000#0840112200000001
(1788797321.904054) can0 03FF1000#0840112200000001
(1788797322.009058) can0 03FF1000#0840112200000001
(1788797322.114064) can0 03FF1000#0840112200000001
(1788797322.219069) can0 03FF1000#0840112200000001
(1788797322.324080) can0 03FF1000#0840112200000001
(1788797322.429080) can0 03FF1000#0840112200000001
(1788797322.534086) can0 03FF1000#0840112200000001
(1788797322.639092) can0 03FF1000#0840112200000001
(1788797322.744098) can0 03FF1000#0840112200000001
(1788797322.849107) can0 03FF1000#0840112200000001
(1788797322.954110) can0 03FF1000#0840112200000001
(1788797323.059115) can0 03FF1000#0840112200000001
(1788797323.164127) can0 03FF1000#0840112200000001
(1788797323.269126) can0 03FF1000#0840112200000001
(1788797323.374136) can0 03FF1000#0840112200000001
(1788797323.479137) can0 03FF1000#0840112200000001
(1788797323.584142) can0 03FF1000#0840112200000001
(1788797323.689148) can0 03FF1000#0840112200000001
(1788797323.794154) can0 03FF1000#0840112200000001
(1788797323.899162) can0 03FF1000#0840112200000001
(1788797324.004165) can0 03FF1000#0840112200000001
(1788797324.109170) can0 03FF1000#0840112200000001
(1788797324.214177) can0 03FF1000#0840112200000001
(1788797324.319180) can0 03FF1000#0840112200000001
(1788797324.424193) can0 03FF1000#0840112200000001
(1788797324.529191) can0 03FF1000#0840112200000001
(1788797324.634199) can0 03FF1000#0840112200000001
(1788797324.739203) can0 03FF1000#0840112200000001
(1788797324.844209) can0 03FF1000#0840112200000001
(1788797324.949219) can0 03FF1000#0840112200000001
(1788797325.054221) can0 03FF1000#0840112200000001
(1788797325.159227) can0 03FF1000#0840112200000001
(1788797325.264231) can0 03FF1000#0840112200000001
(1788797325.369236) can0 03FF1000#0840112200000001
(1788797325.474246) can0 03FF1000#0840112200000001
(1788797325.579249) can0 03FF1000#0840112200000001
(1788797325.684254) can0 03FF1000#0840112200000001
(1788797325.789261) can0 03FF1000#0840112200000001
(1788797325.894266) can0 03FF1000#0840112200000001
(1788797325.999278) can0 03FF1000#0840112200000001
(1788797326.104277) can0 03FF1000#0840112200000001
(1788797326.209282) can0 03FF1000#0840112200000001
(1788797326.314287) can0 03FF1000#0840112200000001
(1788797326.419293) can0 03FF1000#0840112200000001
(1788797326.524305) can0 03FF1000#0840112200000001
(1788797326.629307) can0 03FF1000#0840112200000001
(1788797326.734310) can0 03FF1000#0840112200000001
(1788797326.839316) can0 03FF1000#0840112200000001
(1788797326.944321) can0 03FF1000#0840112200000001
(1788797327.049334) can0 03FF1000#0840112200000001
(1788797327.154333) can0 03FF1000#0840112200000001
(1788797327.259337) can0 03FF1000#0840112200000001
(1788797327.364343) can0 03FF1000#0840112200000001
(1788797327.469349) can0 03FF1000#0840112200000001
(1788797327.574360) can0 03FF1000#0840112200000001
(1788797327.679363) can0 03FF1000#0840112200000001
(1788797327.784365) can0 03FF1000#0840112200000001
(1788797327.889370) can0 03FF1000#0840112200000001
(1788797327.994378) can0 03FF1000#0840112200000001
(1788797328.099388) can0 03FF1000#0840112200000001
(1788797328.204388) can0 03FF1000#0840112200000001
(1788797328.309392) can0 03FF1000#0840112200000001
(1788797328.414398) can0 03FF1000#0840112200000001
(1788797328.519406) can0 03FF1000#0840112200000001
(1788797328.624416) can0 03FF1000#0840112200000001
(1788797328.729415) can0 03FF1000#0840112200000001
(1788797328.834422) can0 03FF1000#0840112200000001
(1788797328.939427) can0 03FF1000#0840112200000001
(1788797329.044433) can0 03FF1000#0840112200000001
(1788797329.149449) can0 03FF1000#0840112200000001
(1788797329.254445) can0 03FF1000#0840112200000001
(1788797329.359448) can0 03FF1000#0840112200000001
(1788797329.430464) can0 04FF3400#0000003800000000
(1788797329.464454) can0 03FF1000#0840112200000001
(1788797329.569460) can0 03FF1000#0840112200000001
(1788797329.674473) can0 03FF1000#0840112200000001
(1788797329.779473) can0 03FF1000#0840112200000001
(1788797329.884477) can0 03FF1000#0840112200000001
(1788797329.989483) can0 03FF1000#0840112200000001
(1788797330.094493) can0 03FF1000#0840112200000001
(1788797330.199504) can0 03FF1000#0840112200000001
(1788797330.304499) can0 03FF1000#0840112200000001
(1788797330.409505) can0 03FF1000#0840112200000001
(1788797330.514511) can0 03FF1000#0840112200000001
(1788797330.619517) can0 03FF1000#0840112200000001
(1788797330.724528) can0 03FF1000#0840112200000001
(1788797330.829526) can0 03FF1000#0840112200000001
(1788797330.934534) can0 03FF1000#0840112200000001
(1788797331.039541) can0 03FF1000#0840112200000001
(1788797331.144545) can0 03FF1000#0840112200000001
(1788797331.249554) can0 03FF1000#0840112200000001
(1788797331.354556) can0 03FF1000#0840112200000001
(1788797331.459562) can0 03FF1000#0840112200000001
(1788797331.564567) can0 03FF1000#0840112200000001
(1788797331.669575) can0 03FF1000#0840112200000001
(1788797331.774582) can0 03FF1000#0840112200000001
(1788797331.879583) can0 03FF1000#0840112200000001
(1788797331.984593) can0 03FF1000#0840112200000001
(1788797332.089597) can0 03FF1000#0840112200000001
(1788797332.194601) can0 03FF1000#0840112200000001
(1788797332.299612) can0 03FF1000#0840112200000001
(1788797332.404611) can0 03FF1000#0840112200000001
(1788797332.509616) can0 03FF1000#0840112200000001
(1788797332.614626) can0 03FF1000#0840112200000001
(1788797332.719628) can0 03FF1000#0840112200000001
(1788797332.824639) can0 03FF1000#0840112200000001
(1788797332.929640) can0 03FF1000#0840112200000001
(1788797333.034648) can0 03FF1000#0840112200000001
(1788797333.139652) can0 03FF1000#0840112200000001
(1788797333.244655) can0 03FF1000#0840112200000001
(1788797333.349666) can0 03FF1000#0840112200000001
(1788797333.454668) can0 03FF1000#0840112200000001
(1788797333.559673) can0 03FF1000#0840112200000001
(1788797333.664683) can0 03FF1000#0840112200000001
(1788797333.769684) can0 03FF1000#0840112200000001
(1788797333.874695) can0 03FF1000#0840112200000001
(1788797333.979699) can0 03FF1000#0840112200000001
(1788797334.084701) can0 03FF1000#0840112200000001
(1788797334.188966) can0 03FF1000#0840112200000001
(1788797334.294713) can0 03FF1000#0840112200000001
(1788797334.399722) can0 03FF1000#0840112200000001
(1788797334.504723) can0 03FF1000#0840112200000001
(1788797334.609731) can0 03FF1000#0840112200000001
(1788797334.713972) can0 03FF1000#0840112200000001
(1788797334.819740) can0 03FF1000#0840112200000001
(1788797334.923977) can0 03FF1000#0840112200000001
(1788797335.029008) can0 03FF1000#0840112200000001
(1788797335.134004) can0 03FF1000#0840112200000001
(1788797335.238994) can0 03FF1000#0840112200000001
(1788797335.344768) can0 03FF1000#0840112200000001
(1788797335.449021) can0 03FF1000#0840112200000001
(1788797335.554022) can0 03FF1000#0840112200000001
(1788797335.659008) can0 03FF1000#0840112200000001
(1788797335.763992) can0 03FF1000#0840112200000001
(1788797335.869003) can0 03FF1000#0840112200000001
(1788797335.974025) can0 03FF1000#0840112200000001
(1788797336.079039) can0 03FF1000#0840112200000001
(1788797336.184027) can0 03FF1000#0840112200000001
(1788797336.289002) can0 03FF1000#0840112200000001
(1788797336.394020) can0 03FF1000#0840112200000001
(1788797336.499043) can0 03FF1000#0840112200000001
(1788797336.604031) can0 03FF1000#0840112200000001
(1788797336.709042) can0 03FF1000#0840112200000001
(1788797336.814019) can0 03FF1000#0840112200000001
(1788797336.919013) can0 03FF1000#0840112200000001
(1788797337.024042) can0 03FF1000#0840112200000001
(1788797337.129085) can0 03FF1000#0840112200000001
(1788797337.234055) can0 03FF1000#0840112200000001
(1788797337.339047) can0 03FF1000#0840112200000001
(1788797337.444048) can0 03FF1000#0840112200000001
(1788797337.549040) can0 03FF1000#0840112200000001
(1788797337.654103) can0 03FF1000#0840112200000001
(1788797337.759059) can0 03FF1000#0840112200000001
(1788797337.864053) can0 03FF1000#0840112200000001
(1788797337.969047) can0 03FF1000#0840112200000001
(1788797338.074057) can0 03FF1000#0840112200000001
(1788797338.179120) can0 03FF1000#0840112200000001
(1788797338.284070) can0 03FF1000#0840112200000001
(1788797338.389056) can0 03FF1000#0840112200000001
(1788797338.494052) can0 03FF1000#0840112200000001
(1788797338.599085) can0 03FF1000#0840112200000001
(1788797338.704084) can0 03FF1000#0840112200000001
(1788797338.809080) can0 03FF1000#0840112200000001
(1788797338.914074) can0 03FF1000#0840112200000001
(1788797339.019080) can0 03FF1000#0840112200000001
(1788797339.124077) can0 03FF1000#0840112200000001
(1788797339.229090) can0 03FF1000#0840112200000001
(1788797339.334096) can0 03FF1000#0840112200000001
(1788797339.430984) can0 04FF3400#0000003900000000
(1788797339.439085) can0 03FF1000#0840112200000001
(1788797339.544083) can0 03FF1000#0840112200000001
(1788797339.649084) can0 03FF1000#0840112200000001
(1788797339.754107) can0 03FF1000#0840112200000001
(1788797339.859106) can0 03FF1000#0840112200000001
(1788797339.964094) can0 03FF1000#0840112200000001
(1788797340.069101) can0 03FF1000#0840112200000001
(1788797340.174112) can0 03FF1000#0840112200000001
(1788797340.279113) can0 03FF1000#0840112200000001
(1788797340.384130) can0 03FF1000#0840112200000001
(1788797340.489157) can0 03FF1000#0840112200000001
(1788797340.594116) can0 03FF1000#0840112200000001
(1788797340.699118) can0 03FF1000#0840112200000001
(1788797340.804139) can0 03FF1000#0840112200000001
(1788797340.909128) can0 03FF1000#0840112200000001
(1788797341.014157) can0 03FF1000#0840112200000001
(1788797341.119126) can0 03FF1000#0840112200000001
(1788797341.224133) can0 03FF1000#0840112200000001
(1788797341.329144) can0 03FF1000#0840112200000001
(1788797341.434139) can0 03FF1000#0840112200000001
(1788797341.539177) can0 03FF1000#0840112200000001
(1788797341.644140) can0 03FF1000#0840112200000001
(1788797341.749148) can0 03FF1000#0840112200000001
(1788797341.854168) can0 03FF1000#0840112200000001
(1788797341.959166) can0 03FF1000#0840112200000001
(1788797342.064140) can0 03FF1000#0840112200000001
(1788797342.169142) can0 03FF1000#0840112200000001
(1788797342.274160) can0 03FF1000#0840112200000001
(1788797342.379166) can0 03FF1000#0840112200000001
(1788797342.484183) can0 03FF1000#0840112200000001
(1788797342.589153) can0 03FF1000#0840112200000001
(1788797342.694173) can0 03FF1000#0840112200000001
(1788797342.799168) can0 03FF1000#0840112200000001
(1788797342.904181) can0 03FF1000#0840112200000001
(1788797343.009179) can0 03FF1000#0840112200000001
(1788797343.114183) can0 03FF1000#0840112200000001
(1788797343.219188) can0 03FF1000#0840112200000001
(1788797343.324197) can0 03FF1000#0840112200000001
(1788797343.429199) can0 03FF1000#0840112200000001
(1788797343.534203) can0 03FF1000#0840112200000001
(1788797343.639212) can0 03FF1000#0840112200000001
(1788797343.744216) can0 03FF1000#0840112200000001
(1788797343.849237) can0 03FF1000#0840112200000001
(1788797343.954226) can0 03FF1000#0840112200000001
(1788797344.059234) can0 03FF1000#0840112200000001
(1788797344.164238) can0 03FF1000#0840112200000001
(1788797344.269242) can0 03FF1000#0840112200000001
(1788797344.374254) can0 03FF1000#0840112200000001
(1788797344.479253) can0 03FF1000#0840112200000001
(1788797344.584259) can0 03FF1000#0840112200000001
(1788797344.689268) can0 03FF1000#0840112200000001
(1788797344.794272) can0 03FF1000#0840112200000001
(1788797344.899282) can0 03FF1000#0840112200000001
(1788797345.004285) can0 03FF1000#0840112200000001
(1788797345.109287) can0 03FF1000#0840112200000001
(1788797345.214293) can0 03FF1000#0840112200000001
(1788797345.319299) can0 03FF1000#0840112200000001
(1788797345.424310) can0 03FF1000#0840112200000001
(1788797345.529310) can0 03FF1000#0840112200000001
(1788797345.634318) can0 03FF1000#0840112200000001
(1788797345.739321) can0 03FF1000#0840112200000001
(1788797345.844326) can0 03FF1000#0840112200000001
(1788797345.949337) can0 03FF1000#0840112200000001
(1788797346.054341) can0 03FF1000#0840112200000001
(1788797346.159344) can0 03FF1000#0840112200000001
(1788797346.264348) can0 03FF1000#0840112200000001
(1788797346.369355) can0 03FF1000#0840112200000001
(1788797346.474373) can0 03FF1000#0840112200000001
(1788797346.579366) can0 03FF1000#0840112200000001
(1788797346.684375) can0 03FF1000#0840112200000001
(1788797346.789376) can0 03FF1000#0840112200000001
(1788797346.894382) can0 03FF1000#0840112200000001
(1788797346.999394) can0 03FF1000#0840112200000001
(1788797347.104398) can0 03FF1000#0840112200000001
(1788797347.209403) can0 03FF1000#0840112200000001
(1788797347.314406) can0 03FF1000#0840112200000001
(1788797347.419410) can0 03FF1000#0840112200000001
(1788797347.524421) can0 03FF1000#0840112200000001
(1788797347.629425) can0 03FF1000#0840112200000001
(1788797347.734428) can0 03FF1000#0840112200000001
(1788797347.839432) can0 03FF1000#0840112200000001
(1788797347.944439) can0 03FF1000#0840112200000001
(1788797348.049449) can0 03FF1000#0840112200000001
(1788797348.154449) can0 03FF1000#0840112200000001
(1788797348.259455) can0 03FF1000#0840112200000001
(1788797348.364460) can0 03FF1000#0840112200000001
(1788797348.469466) can0 03FF1000#0840112200000001
(1788797348.574477) can0 03FF1000#0840112200000001
(1788797348.679482) can0 03FF1000#0840112200000001
(1788797348.784483) can0 03FF1000#0840112200000001
(1788797348.889487) can0 03FF1000#0840112200000001
(1788797348.994495) can0 03FF1000#0840112200000001
(1788797349.099506) can0 03FF1000#0840112200000001
(1788797349.204509) can0 03FF1000#0840112200000001
(1788797349.309510) can0 03FF1000#0840112200000001
(1788797349.414516) can0 03FF1000#0840112200000001
(1788797349.430516) can0 04FF3400#0000003A00000000
(1788797349.519522) can0 03FF1000#0840112200000001
(1788797349.624532) can0 03FF1000#0840112200000001
(1788797349.729534) can0 03FF1000#0840112200000001
(1788797349.834539) can0 03FF1000#0840112200000001
(1788797349.939544) can0 03FF1000#0840112200000001
(1788797350.044551) can0 03FF1000#0840112200000001
(1788797350.149560) can0 03FF1000#0840112200000001
(1788797350.254561) can0 03FF1000#0840112200000001
(1788797350.359566) can0 03FF1000#0840112200000001
(1788797350.464574) can0 03FF1000#0840112200000001
(1788797350.569578) can0 03FF1000#0840112200000001
(1788797350.674589) can0 03FF1000#0840112200000001
(1788797350.779591) can0 03FF1000#0840112200000001
(1788797350.884593) can0 03FF1000#0840112200000001
(1788797350.989600) can0 03FF1000#0840112200000001
(1788797351.094606) can0 03FF1000#0840112200000001
(1788797351.199617) can0 03FF1000#0840112200000001
(1788797351.304616) can0 03FF1000#0840112200000001
(1788797351.409623) can0 03FF1000#0840112200000001
(1788797351.514627) can0 03FF1000#0840112200000001
(1788797351.619645) can0 03FF1000#0840112200000001
(1788797351.724645) can0 03FF1000#0840112200000001
(1788797351.829644) can0 03FF1000#0840112200000001
(1788797351.934650) can0 03FF1000#0840112200000001
(1788797352.039656) can0 03FF1000#0840112200000001
(1788797352.144661) can0 03FF1000#0840112200000001
(1788797352.249673) can0 03FF1000#0840112200000001
(1788797352.354673) can0 03FF1000#0840112200000001
(1788797352.459678) can0 03FF1000#0840112200000001
(1788797352.564684) can0 03FF1000#0840112200000001
(1788797352.669689) can0 03FF1000#0840112200000001
(1788797352.774697) can0 03FF1000#0840112200000001
(1788797352.806695) can0 02417500#
(1788797352.806807) can0 02417500#
(1788797352.807695) can0 02417500#
(1788797352.816696) can0 08F97500#000000F400000000
(1788797352.821696) can0 08F97500#000000F400000000
(1788797352.826697) can0 08F97500#000000F400000000
(1788797352.826746) can0 02417501#
(1788797352.826841) can0 02417501#
(1788797352.827696) can0 02417501#
(1788797352.835940) can0 08F97501#0000001500000000
(1788797352.840928) can0 08F97501#0000001500000000
(1788797352.845871) can0 08F97501#0000001500000000
(1788797352.846697) can0 02519500#
(1788797352.846844) can0 02519500#
(1788797352.847697) can0 02519500#
(1788797352.879701) can0 03FF1000#0840112200000001
(1788797352.984709) can0 03FF1000#0840112200000001
(1788797353.089712) can0 03FF1000#0840112200000001
(1788797353.107718) can0 02294609#
(1788797353.108839) can0 05124609#010003CA03CA00
(1788797353.194721) can0 03FF1000#0840112200000001
(1788797353.299725) can0 03FF1000#0840112200000001
(1788797353.307907) can0 0258A604#0000000000000000
(1788797353.404727) can0 03FF1000#0840112200000001
(1788797353.509740) can0 03FF1000#0840112200000001
(1788797353.597739) can0 02294601#
(1788797353.597857) can0 05124601#007300000000
(1788797353.614739) can0 03FF1000#0840112200000001
(1788797353.719746) can0 03FF1000#0840112200000001
(1788797353.817751) can0 0258A604#0000000000000000
(1788797353.824750) can0 03FF1000#0840112200000001
(1788797353.867752) can0 02519501#
(1788797353.867887) can0 02519501#
(1788797353.868752) can0 02519501#
(1788797353.929756) can0 03FF1000#0840112200000001
(1788797354.034763) can0 03FF1000#0840112200000001
(1788797354.116859) can0 02294602#
(1788797354.117915) can0 05124602#0B10101010101010
(1788797354.139767) can0 03FF1000#0840112200000001
(1788797354.227818) can0 02294500#
(1788797354.228772) can0 02294501#
(1788797354.228826) can0 02203607#0000000300000000
(1788797354.229026) can0 05124500#0500
(1788797354.229771) can0 05124501#0103
(1788797354.244773) can0 03FF1000#0840112200000001
(1788797354.247830) can0 02294503#
(1788797354.248968) can0 05124503#00150C0900000C62
(1788797354.267797) can0 02294609#
(1788797354.268889) can0 05124609#010003CA03CA00
(1788797354.307845) can0 02294611#
(1788797354.308921) can0 05124611#0061368C00003527
(1788797354.328777) can0 0258A604#0000000000000000
(1788797354.349777) can0 03FF1000#0840112200000001
(1788797354.454785) can0 03FF1000#0840112200000001
(1788797354.488786) can0 02181606#0100190001030200
(1788797354.563836) can0 03FF1000#0840112200000001
(1788797354.574789) can0 03FF1001#0000000000000000
(1788797354.584813) can0 03FF1603#0000D05700000000
(1788797354.595791) can0 03FF1605#0100000000000000
(1788797354.597791) can0 05FF4610#0000D0DCFFFFFFDA
(1788797354.598790) can0 02181606#0100190001030200
(1788797354.605826) can0 03121606#0100000000000000
(1788797354.618793) can0 02294603#
(1788797354.619009) can0 05124603#11100F1012101310
(1788797354.668866) can0 03FF1000#0840112200000001
(1788797354.679797) can0 03FF1001#0000000000000000
(1788797354.689830) can0 03FF1603#0000D05700000000
(1788797354.700796) can0 03FF1605#0100000000000000
(1788797354.710830) can0 03121606#0000000000000000
(1788797354.718797) can0 02181606#0100190001030200
(1788797354.725797) can0 05FF4001#0000000000000000
(1788797354.727797) can0 05FF4000#0000000000000000
(1788797354.773857) can0 03FF1000#0840112200000001
(1788797354.784801) can0 03FF1001#0000000000000000
(1788797354.794809) can0 03FF1603#0000D05700000000
(1788797354.805802) can0 03FF1605#0100000000000000
(1788797354.807056) can0 05FF4602#0B10101011101010
(1788797354.815838) can0 03121606#0000000000000000
(1788797354.817052) can0 05FF4603#11100F1012101310
(1788797354.827046) can0 05FF4604#1110111014101510
(1788797354.837803) can0 05FF4605#1010000000000000
(1788797354.838803) can0 0258A604#0000000000000000
(1788797354.858805) can0 05FF4610#0000D0DCFFFFFFDA
(1788797354.866863) can0 05FF4606#1E1E1D
(1788797354.876863) can0 05FF4607#1E1D1D
(1788797354.878840) can0 03FF1000#0840112200000001
(1788797354.886918) can0 05FF4608#0019007C
(1788797354.889806) can0 03FF1001#0000000000000000
(1788797354.897026) can0 05FF4609#010003CA03CA00
(1788797354.899876) can0 03FF1603#0000D05700000000
(1788797354.910808) can0 03FF1605#0100000000000000
(1788797354.983859) can0 03FF1000#0840112200000001
(1788797354.994813) can0 03FF1001#0000000000000000
(1788797355.004824) can0 03FF1603#0000D05700000000
(1788797355.015814) can0 03FF1605#0100000000000000
(1788797355.046931) can0 05FF4400#0000000E
(1788797355.088852) can0 03FF1000#0840112200000001
(1788797355.099817) can0 03FF1001#0000000000000000
(1788797355.109825) can0 03FF1603#0000D05700000000
(1788797355.117015) can0 05FF4600#0D0300900303
(1788797355.120818) can0 03FF1605#0100000000000000
(1788797355.128818) can0 02294604#
(1788797355.130034) can0 05124604#1110111014101510
(1788797355.139821) can0 05FF4610#0000D0DCFFFFFFDA
(1788797355.167019) can0 05FF4601#007300000000
(1788797355.193892) can0 03FF1000#0840112200000001
(1788797355.204823) can0 03FF1001#0000000000000000
(1788797355.214835) can0 03FF1600#142B000104001319
(1788797355.225824) can0 03FF1601#6E50000000000000
(1788797355.229044) can0 02191602#0000000000000000
(1788797355.235825) can0 03FF1602#000005000000157C
(1788797355.246825) can0 03FF1603#0000D05700000000
(1788797355.256860) can0 03FF1604#0000000000000000
(1788797355.267827) can0 03FF1605#0100000000000000
(1788797355.298870) can0 03FF1000#0840112200000001
(1788797355.309830) can0 03FF1001#0000000000000000
(1788797355.319853) can0 03FF1603#0000D05700000000
(1788797355.330830) can0 03FF1605#0100000000000000
(1788797355.349831) can0 0258A604#0000000000000000
(1788797355.400834) can0 05FF4610#0000D0DCFFFFFFDA
(1788797355.403868) can0 03FF1000#0840112200000001
(1788797355.414834) can0 03FF1001#0000000000000000
(1788797355.424853) can0 03FF1603#0000D05700000000
(1788797355.435836) can0 03FF1605#0100000000000000
(1788797355.508874) can0 03FF1000#0840112200000001
(1788797355.519839) can0 03FF1001#0000000000000000
(1788797355.529840) can0 03FF1603#0000D05700000000
(1788797355.540841) can0 03FF1605#0100000000000000
(1788797355.613856) can0 03FF1000#0840112200000001
(1788797355.624846) can0 03FF1001#0000000000000000
(1788797355.634846) can0 03FF1603#0000D05700000000
(1788797355.639846) can0 02294605#
(1788797355.640846) can0 05124605#1010000000000000
(1788797355.645847) can0 03FF1605#0100000000000000
(1788797355.688849) can0 05FF4610#0000D0DAFFFFFFCA
(1788797355.718851) can0 03FF1000#0840112200000001
(1788797355.729851) can0 03FF1001#0000000000000000
(1788797355.739852) can0 03FF1603#0000D05700000000
(1788797355.750852) can0 03FF1605#0100000000000000
(1788797355.773853) can0 05FF4001#0000000000000000
(1788797355.775853) can0 05FF4000#0000000000000000
(1788797355.823891) can0 03FF1000#0840112200000001
(1788797355.834858) can0 03FF1001#0000000000000000
(1788797355.844858) can0 03FF1603#0000D05700000000
(1788797355.855858) can0 05FF4602#0B10101010101010
(1788797355.855907) can0 03FF1605#0100000000000000
(1788797355.865113) can0 05FF4603#10100F1012101310
(1788797355.875113) can0 05FF4604#1110111014101510
(1788797355.885860) can0 05FF4605#1010000000000000
(1788797355.914949) can0 05FF4606#1E1E1D
(1788797355.924942) can0 05FF4607#1E1D1D
(1788797355.928919) can0 03FF1000#0840112200000001
(1788797355.934989) can0 05FF4608#0019007C
(1788797355.939862) can0 03FF1001#0000000000000000
(1788797355.945093) can0 05FF4609#010003CA03CA00
(1788797355.949863) can0 05FF4610#0000D0DAFFFFFFCA
(1788797355.949917) can0 03FF1603#0000D05700000000
(1788797355.960863) can0 03FF1605#0100000000000000
(1788797356.033889) can0 03FF1000#0840112200000001
(1788797356.044868) can0 03FF1001#0000000000000000
(1788797356.054868) can0 03FF1603#0000D05700000000
(1788797356.065869) can0 03FF1605#0100000000000000
(1788797356.138874) can0 03FF1000#0840112200000001
(1788797356.149874) can0 03FF1001#0000000000000000
(1788797356.149927) can0 02294606#
(1788797356.150907) can0 05124606#1E1E1D
(1788797356.159886) can0 03FF1603#0000D05700000000
(1788797356.170874) can0 03FF1605#0100000000000000
(1788797356.201876) can0 03FF1600#142B000104001319
(1788797356.212877) can0 03FF1601#6E50000000000000
(1788797356.222121) can0 05FF4610#0000D0DAFFFFFFCA
(1788797356.222877) can0 03FF1602#000005000000157C
(1788797356.233878) can0 03FF1604#0000000000000000
(1788797356.243897) can0 03FF1000#0840112200000001
(1788797356.250879) can0 02FF2602#F1A3195D05B3E6FF
(1788797356.250934) can0 02294609#0000000000000000
(1788797356.251878) can0 05124609#030003CA03CA00
(1788797356.254878) can0 03FF1001#0000000000000000
(1788797356.264880) can0 03FF1603#0000D05700000000
(1788797356.275880) can0 03FF1605#0100000000000000
(1788797356.348907) can0 03FF1000#0840112200000001
(1788797356.359886) can0 03FF1001#0000000000000000
(1788797356.369886) can0 03FF1603#0000D05700000000
(1788797356.380886) can0 03FF1605#0100000000000000
(1788797356.453936) can0 03FF1000#0840112200000001
(1788797356.464890) can0 03FF1001#0000000000000000
(1788797356.474891) can0 03FF1603#0000D05700000000
(1788797356.483891) can0 05FF4610#0000D0DAFFFFFFCA
(1788797356.485890) can0 03FF1605#0100000000000000
(1788797356.558895) can0 03FF1000#0840112200000001
(1788797356.569896) can0 03FF1001#0000000000000000
(1788797356.579896) can0 03FF1603#0000D05700000000
(1788797356.590897) can0 03FF1605#0100000000000000
(1788797356.660902) can0 02294607#
(1788797356.660979) can0 05124607#1E1D1D
(1788797356.663900) can0 03FF1000#0840112200000001
(1788797356.674902) can0 03FF1001#0000000000000000
(1788797356.684901) can0 03FF1603#0000D05700000000
(1788797356.695903) can0 03FF1605#0100000000000000
(1788797356.760906) can0 02FF2602#F1A3195D05B3E6FF
(1788797356.761905) can0 02294609#0000000000000000
(1788797356.762905) can0 05124609#030003CA03CA00
(1788797356.768906) can0 03FF1000#0840112200000001
(1788797356.771906) can0 05FF4610#0000D0DAFFFFFFCA
(1788797356.779907) can0 03FF1001#0000000000000000
(1788797356.789908) can0 03FF1603#0000D05700000000
(1788797356.800907) can0 03FF1605#0100000000000000
(1788797356.813909) can0 05FF4001#0000000000000000
(1788797356.815908) can0 05FF4000#0000000000000000
(1788797356.873913) can0 03FF1000#0840112200000001
(1788797356.884914) can0 03FF1001#0000000000000000
(1788797356.894913) can0 03FF1603#0000D05700000000
(1788797356.896913) can0 05FF4602#0B10101010101010
(1788797356.900913) can0 02181606#0100190001030200
(1788797356.905914) can0 03FF1605#0100000000000000
(1788797356.906913) can0 05FF4603#11100F1012101310
(1788797356.916914) can0 05FF4604#1010111014101510
(1788797356.926915) can0 05FF4605#1010000000000000
(1788797356.956916) can0 05FF4606#1E1E1D
(1788797356.966172) can0 05FF4607#1E1D1D
(1788797356.976918) can0 05FF4608#0019007C
(1788797356.978917) can0 03FF1000#0840112200000001
(1788797356.986918) can0 05FF4609#030003CA03CA00
(1788797356.989917) can0 03FF1001#0000000000000000
(1788797356.999919) can0 03FF1603#0000D05700000000
(1788797357.010919) can0 03FF1605#0100000000000000
(1788797357.020920) can0 03121606#0000000000000000
(1788797357.033920) can0 05FF4610#0000D0DAFFFFFFCA
(1788797357.083923) can0 03FF1000#0840112200000001
(1788797357.094924) can0 03FF1001#0000000000000000
(1788797357.104924) can0 03FF1603#0000D05700000000
(1788797357.115925) can0 03FF1605#0100000000000000
(1788797357.170929) can0 02294609#
(1788797357.172177) can0 05124609#030003CA03CA00
(1788797357.188928) can0 03FF1000#0840112200000001
(1788797357.199929) can0 03FF1001#0000000000000000
(1788797357.209929) can0 03FF1603#0000D05700000000
(1788797357.220930) can0 03FF1605#0100000000000000
(1788797357.230931) can0 03FF1600#142B000104001319
(1788797357.241931) can0 03FF1601#6E50000000000000
(1788797357.251932) can0 03FF1602#000005000000157C
(1788797357.262932) can0 03FF1604#0000000000000000
(1788797357.293934) can0 03FF1000#0840112200000001
(1788797357.304935) can0 03FF1001#0000000000000000
(1788797357.306935) can0 05FF4610#0000D0DAFFFFFFCA
(1788797357.314936) can0 03FF1603#0000D05700000000
(1788797357.325936) can0 03FF1605#0100000000000000
(1788797357.398940) can0 03FF1000#0840112200000001
(1788797357.409942) can0 03FF1001#0000000000000000
(1788797357.419942) can0 03FF1603#0000D05700000000
(1788797357.430942) can0 03FF1605#0100000000000000
(1788797357.503946) can0 03FF1000#0840112200000001
(1788797357.514946) can0 03FF1001#0000000000000000
(1788797357.524947) can0 03FF1603#0000D05700000000
(1788797357.535947) can0 03FF1605#0100000000000000
(1788797357.595951) can0 05FF4610#0000D0DAFFFFFFCF
(1788797357.608950) can0 03FF1000#0840112200000001
(1788797357.619951) can0 03FF1001#0000000000000000
(1788797357.629952) can0 03FF1603#0000D05700000000
(1788797357.640953) can0 03FF1605#0100000000000000
(1788797357.681956) can0 02294610#
(1788797357.683955) can0 05124610#0000D0DAFFFFFFCF
(1788797357.713956) can0 03FF1000#0840112200000001
(1788797357.724958) can0 03FF1001#0000000000000000
(1788797357.734957) can0 03FF1603#0000D05700000000
(1788797357.745958) can0 03FF1605#0100000000000000
(1788797357.818962) can0 03FF1000#0840112200000001
(1788797357.829962) can0 03FF1001#0000000000000000
(1788797357.839963) can0 03FF1603#0000D05700000000
(1788797357.850963) can0 03FF1605#0100000000000000
(1788797357.855963) can0 05FF4001#0000000000000000
(1788797357.856964) can0 05FF4610#0000D0DAFFFFFFCF
(1788797357.857964) can0 05FF4000#0000000000000000
(1788797357.923969) can0 03FF1000#0840112200000001
(1788797357.924968) can0 02FF2602#834BE32538FDDBF7
(1788797357.925069) can0 02294609#0000000000000000
(1788797357.926002) can0 05124609#030003CA03CA00
(1788797357.934969) can0 03FF1001#0000000000000000
(1788797357.937968) can0 05FF4602#0B10101010101010
(1788797357.944968) can0 03FF1603#0000D05700000000
(1788797357.947969) can0 05FF4603#11100F1012101310
(1788797357.953103) can0 13B16001#
(1788797357.953968) can0 13B16001#
(1788797357.954023) can0 13B16001#
(1788797357.955969) can0 03FF1605#0100000000000000
(1788797357.957969) can0 05FF4604#1010111014101510
(1788797357.968970) can0 05FF4605#1010000000000000
(1788797357.998135) can0 05FF4606#1E1E1D
(1788797358.008123) can0 05FF4607#1E1D1D
(1788797358.018153) can0 05FF4608#0019007C
(1788797358.028973) can0 05FF4609#030003CA03CA00
(1788797358.029028) can0 03FF1000#0840112200000001
(1788797358.039973) can0 03FF1001#0000000000000000
(1788797358.049975) can0 03FF1603#0000D05700000000
(1788797358.060975) can0 03FF1605#0100000000000000
(1788797358.130981) can0 05FF4610#0000D0DAFFFFFFCF
(1788797358.133980) can0 03FF1000#0840112200000001
(1788797358.144979) can0 03FF1001#0000000000000000
(1788797358.154980) can0 03FF1603#0000D05700000000
(1788797358.165981) can0 03FF1605#0100000000000000
(1788797358.191982) can0 02294611#
(1788797358.192981) can0 05124611#0061368C00003526
(1788797358.217983) can0 03FF1600#142B000104001319
(1788797358.228984) can0 03FF1601#6E50000000000000
(1788797358.238984) can0 03FF1602#000005000000157C
(1788797358.249985) can0 03FF1604#0000000000000000
(1788797358.259986) can0 03FF1000#0840112200000001
(1788797358.270987) can0 03FF1001#0000000000000000
(1788797358.280987) can0 03FF1603#0000D05700000000
(1788797358.291987) can0 03FF1605#0100000000000000
(1788797358.343990) can0 03FF1000#0840112200000001
(1788797358.354990) can0 03FF1001#0000000000000000
(1788797358.364990) can0 03FF1603#0000D05700000000
(1788797358.375992) can0 03FF1605#0100000000000000
(1788797358.391993) can0 05FF4610#0000D0DAFFFFFFCF
(1788797358.432995) can0 02FF2602#36A33AA53356DC4B
(1788797358.433061) can0 02294609#0000000000000000
(1788797358.434100) can0 05124609#030003CA03CA00
(1788797358.442997) can0 02181606#0000000000030200
(1788797358.448996) can0 03FF1000#0840112200000001
(1788797358.449996) can0 03FF1605#0000000000000000
(1788797358.573004) can0 02181606#0100190001030200
(1788797358.616005) can0 03FF1001#0000000000000000
(1788797358.652046) can0 03FF1603#0000D05700000000
(1788797358.663011) can0 03FF1605#0100000000000000
(1788797358.665008) can0 05FF4610#0000D0DBFFFFFFCA
(1788797358.673009) can0 1FF8B028#0000000000000000
(1788797358.683009) can0 02181606#0100190001030200
(1788797358.684008) can0 03FF1000#0840112200000001
(1788797358.694011) can0 03FF1605#0000000000000000
(1788797358.702229) can0 02294500#
(1788797358.703194) can0 05124500#0500
(1788797358.705009) can0 03121606#0100000000000000
(1788797358.726011) can0 03FF1000#0840112200000001
(1788797358.736011) can0 03FF1001#0000000000000000
(1788797358.747013) can0 03FF1603#0000D05700000000
(1788797358.757012) can0 03FF1605#0100000000000000
(1788797358.760012) can0 05FF4610#0000D0DBFFFFFFCA
(1788797358.768012) can0 03121606#0000000000000000
(1788797358.831017) can0 03FF1000#0840112200000001
(1788797358.841017) can0 03FF1001#0000000000000000
(1788797358.852018) can0 03FF1603#0000D05700000000
(1788797358.862018) can0 03FF1605#0100000000000000
(1788797358.873018) can0 03121606#0000000000000000
(1788797358.888020) can0 05FF4001#0000000000000000
(1788797358.890019) can0 05FF4000#0000000000000000
(1788797358.936022) can0 03FF1000#0840112200000001
(1788797358.946024) can0 03FF1001#0000000000000000
(1788797358.957024) can0 03FF1603#0000D05700000000
(1788797358.967023) can0 03FF1605#0100000000000000
(1788797358.970023) can0 05FF4602#0B10101011101010
(1788797358.973028) can0 02519500#
(1788797358.973076) can0 02519500#
(1788797358.973129) can0 02519500#
(1788797358.980024) can0 05FF4603#11100F1012101310
(1788797358.990028) can0 05FF4604#1010111014101510
(1788797359.000028) can0 05FF4605#1010000000000000
(1788797359.021027) can0 05FF4610#0000D0DBFFFFFFCA
(1788797359.030028) can0 05FF4606#1E1E1D
(1788797359.040027) can0 05FF4607#1E1D1D
(1788797359.041027) can0 03FF1000#0840112200000001
(1788797359.050028) can0 05FF4608#0019007C
(1788797359.051028) can0 03FF1001#0000000000000000
(1788797359.060029) can0 05FF4609#010003CA03CA00
(1788797359.062029) can0 03FF1603#0000D05700000000
(1788797359.072030) can0 03FF1605#0100000000000000
(1788797359.146038) can0 03FF1000#0840112200000001
(1788797359.156037) can0 03FF1001#0000000000000000
(1788797359.167035) can0 03FF1603#0000D05700000000
(1788797359.177036) can0 03FF1605#0100000000000000
(1788797359.193035) can0 02191602#0000000000000000
(1788797359.213037) can0 02294501#
(1788797359.213265) can0 05124501#0103
(1788797359.224036) can0 05FF4400#0000000F
(1788797359.230037) can0 03FF1600#142B000104001319
(1788797359.240037) can0 03FF1601#6E50000000000000
(1788797359.251039) can0 03FF1602#000005000000157C
(1788797359.261039) can0 03FF1604#0000000000000000
(1788797359.263039) can0 02181606#0000000000030200
(1788797359.264039) can0 02203606#0200000000000000
(1788797359.272040) can0 03FF1000#0840112200000001
(1788797359.272106) can0 03FF1605#0000000000000000
(1788797359.273039) can0 02181606#0000000000030200
(1788797359.274040) can0 02203606#0200000000000000
(1788797359.274094) can0 05FF4600#0D0300900303
(1788797359.283041) can0 02181606#0000000000030200
(1788797359.284040) can0 02203606#0200000000000000
(1788797359.293191) can0 02203607#0000000300000000
(1788797359.430183) can0 04FF3400#0000003B00000000
(1788797359.431048) can0 04FF3603#0300000000000000
(1788797359.439049) can0 03FF1001#0000000000000000
(1788797359.449051) can0 03FF1603#0000D05700000000
(1788797359.459050) can0 03FF1605#0100000000000000
(1788797359.462050) can0 05FF4610#0000D0DBFFFFFFCA
(1788797359.470050) can0 1FF8B028#0000000000000000
(1788797359.480051) can0 03FF1000#0840112200000001
(1788797359.491051) can0 03FF1605#0000000000000000
(1788797359.501052) can0 03121606#0100000000000000
(1788797359.543054) can0 03FF1000#0840112200000001
(1788797359.554055) can0 03121606#0100000000000000
(1788797359.648063) can0 03FF1000#0840112200000001
(1788797359.659063) can0 03121606#0100000000000000
(1788797359.753067) can0 03FF1000#0840112200000001
(1788797359.858071) can0 03FF1000#0840112200000001
(1788797359.963079) can0 03FF1000#0840112200000001
(1788797359.994083) can0 02519501#
(1788797359.994132) can0 02519501#
(1788797359.994189) can0 02519501#
(1788797360.068083) can0 03FF1000#0840112200000001
(1788797360.173091) can0 03FF1000#0840112200000001
(1788797360.278094) can0 03FF1000#0840112200000001
(1788797360.314108) can0 02203607#0000000300000000
(1788797360.383100) can0 03FF1000#0840112200000001
(1788797360.488109) can0 03FF1000#0840112200000001
(1788797360.593116) can0 03FF1000#0840112200000001
(1788797360.698120) can0 03FF1000#0840112200000001
(1788797360.803125) can0 03FF1000#0840112200000001
(1788797360.908129) can0 03FF1000#0840112200000001
(1788797361.013136) can0 03FF1000#0840112200000001
(1788797361.118143) can0 03FF1000#0840112200000001
(1788797361.223147) can0 03FF1000#0840112200000001
(1788797361.325151) can0 02203607#0000000300000000
(1788797361.328150) can0 03FF1000#0840112200000001
(1788797361.433156) can0 03FF1000#0840112200000001
(1788797361.538165) can0 03FF1000#0840112200000001
(1788797361.643173) can0 03FF1000#0840112200000001
(1788797361.748174) can0 03FF1000#0840112200000001
(1788797361.853180) can0 03FF1000#0840112200000001
(1788797361.958183) can0 03FF1000#0840112200000001
(1788797362.063192) can0 03FF1000#0840112200000001
(1788797362.168200) can0 03FF1000#0840112200000001
(1788797362.273203) can0 03FF1000#0840112200000001
(1788797362.336204) can0 02203607#0000000300000000
(1788797362.378205) can0 03FF1000#0840112200000001
(1788797362.483215) can0 03FF1000#0840112200000001
(1788797362.588220) can0 03FF1000#0840112200000001
(1788797362.693228) can0 03FF1000#0840112200000001
(1788797362.798231) can0 03FF1000#0840112200000001
(1788797362.903235) can0 03FF1000#0840112200000001
(1788797363.008242) can0 03FF1000#0840112200000001
(1788797363.113248) can0 03FF1000#0840112200000001
(1788797363.218255) can0 03FF1000#0840112200000001
(1788797363.323259) can0 03FF1000#0840112200000001
(1788797363.428262) can0 03FF1000#0840112200000001
(1788797363.533271) can0 03FF1000#0840112200000001
(1788797363.638275) can0 03FF1000#0840112200000001
(1788797363.743283) can0 03FF1000#0840112200000001
(1788797363.848286) can0 03FF1000#0840112200000001
(1788797363.953290) can0 03FF1000#0840112200000001
(1788797364.058297) can0 03FF1000#0840112200000001
(1788797364.087483) can0 13B16001#
(1788797364.088296) can0 13B16001#
(1788797364.088362) can0 13B16001#
(1788797364.163304) can0 03FF1000#0840112200000001
(1788797364.268310) can0 03FF1000#0840112200000001
(1788797364.373313) can0 03FF1000#0840112200000001
(1788797364.478322) can0 03FF1000#0840112200000001
(1788797364.583327) can0 03FF1000#0840112200000001
(1788797364.688333) can0 03FF1000#0840112200000001
(1788797364.793338) can0 03FF1000#0840112200000001
(1788797364.898345) can0 03FF1000#0840112200000001
(1788797365.003350) can0 03FF1000#0840112200000001
(1788797365.108357) can0 03FF1000#0840112200000001
(1788797365.213361) can0 03FF1000#0840112200000001
(1788797365.318366) can0 03FF1000#0840112200000001
(1788797365.423369) can0 03FF1000#0840112200000001
(1788797365.528374) can0 03FF1000#0840112200000001
(1788797365.633380) can0 03FF1000#0840112200000001
(1788797365.738387) can0 03FF1000#0840112200000001
(1788797365.843393) can0 03FF1000#0840112200000001
(1788797365.948396) can0 03FF1000#0840112200000001
(1788797366.053403) can0 03FF1000#0840112200000001
(1788797366.158412) can0 03FF1000#0840112200000001
(1788797366.263415) can0 03FF1000#0840112200000001
(1788797366.368420) can0 03FF1000#0840112200000001
(1788797366.473427) can0 03FF1000#0840112200000001
(1788797366.578430) can0 03FF1000#0840112200000001
(1788797366.683440) can0 03FF1000#0840112200000001
(1788797366.788444) can0 03FF1000#0840112200000001
(1788797366.893447) can0 03FF1000#0840112200000001
(1788797366.998454) can0 03FF1000#0840112200000001
(1788797367.103459) can0 03FF1000#0840112200000001
(1788797367.208467) can0 03FF1000#0840112200000001
(1788797367.313471) can0 03FF1000#0840112200000001
(1788797367.418476) can0 03FF1000#0840112200000001
(1788797367.523480) can0 03FF1000#0840112200000001
(1788797367.628485) can0 03FF1000#0840112200000001
(1788797367.733493) can0 03FF1000#0840112200000001
(1788797367.838499) can0 03FF1000#0840112200000001
(1788797367.943504) can0 03FF1000#0840112200000001
(1788797368.048510) can0 03FF1000#0840112200000001
(1788797368.153517) can0 03FF1000#0840112200000001
(1788797368.258522) can0 03FF1000#0840112200000001
(1788797368.363528) can0 03FF1000#0840112200000001
(1788797368.468531) can0 03FF1000#0840112200000001
(1788797368.573536) can0 03FF1000#0840112200000001
(1788797368.678544) can0 03FF1000#0840112200000001
(1788797368.783549) can0 03FF1000#0840112200000001
(1788797368.888553) can0 03FF1000#0840112200000001
(1788797368.993562) can0 03FF1000#0840112200000001
(1788797369.098572) can0 03FF1000#0840112200000001
(1788797369.203575) can0 03FF1000#0840112200000001
(1788797369.308577) can0 03FF1000#0840112200000001
(1788797369.413580) can0 03FF1000#0840112200000001
(1788797369.430582) can0 04FF3400#0000003C00000000
(1788797369.518586) can0 03FF1000#0840112200000001
(1788797369.623591) can0 03FF1000#0840112200000001
(1788797369.728600) can0 03FF1000#0840112200000001
(1788797369.833605) can0 03FF1000#0840112200000001
(1788797369.938608) can0 03FF1000#0840112200000001
(1788797370.043618) can0 03FF1000#0840112200000001
(1788797370.148623) can0 03FF1000#0840112200000001
(1788797370.253627) can0 03FF1000#0840112200000001
(1788797370.358633) can0 03FF1000#0840112200000001
(1788797370.463636) can0 03FF1000#0840112200000001
(1788797370.568643) can0 03FF1000#0840112200000001
(1788797370.673650) can0 03FF1000#0840112200000001
(1788797370.778656) can0 03FF1000#0840112200000001
(1788797370.883659) can0 03FF1000#0840112200000001
(1788797370.988668) can0 03FF1000#0840112200000001
(1788797371.093674) can0 03FF1000#0840112200000001
(1788797371.198682) can0 03FF1000#0840112200000001
(1788797371.303683) can0 03FF1000#0840112200000001
(1788797371.408686) can0 03FF1000#0840112200000001
(1788797371.513692) can0 03FF1000#0840112200000001
(1788797371.618698) can0 03FF1000#0840112200000001
(1788797371.723706) can0 03FF1000#0840112200000001
(1788797371.828711) can0 03FF1000#0840112200000001
(1788797371.933715) can0 03FF1000#0840112200000001
(1788797372.038723) can0 03FF1000#0840112200000001
(1788797372.143731) can0 03FF1000#0840112200000001
(1788797372.248734) can0 03FF1000#0840112200000001
(1788797372.353739) can0 03FF1000#0840112200000001
(1788797372.458743) can0 03FF1000#0840112200000001
(1788797372.563748) can0 03FF1000#0840112200000001
(1788797372.668757) can0 03FF1000#0840112200000001
(1788797372.773761) can0 03FF1000#0840112200000001
(1788797372.878766) can0 03FF1000#0840112200000001
(1788797372.983773) can0 03FF1000#0840112200000001
(1788797373.088778) can0 03FF1000#0840112200000001
(1788797373.193787) can0 03FF1000#0840112200000001
(1788797373.298790) can0 03FF1000#0840112200000001
(1788797373.403792) can0 03FF1000#0840112200000001
(1788797373.508799) can0 03FF1000#0840112200000001
(1788797373.613804) can0 03FF1000#0840112200000001
(1788797373.718814) can0 03FF1000#0840112200000001
(1788797373.823816) can0 03FF1000#0840112200000001
(1788797373.928820) can0 03FF1000#0840112200000001
(1788797374.033829) can0 03FF1000#0840112200000001
(1788797374.138835) can0 03FF1000#0840112200000001
(1788797374.243842) can0 03FF1000#0840112200000001
(1788797374.348846) can0 03FF1000#0840112200000001
(1788797374.453849) can0 03FF1000#0840112200000001
(1788797374.558854) can0 03FF1000#0840112200000001
(1788797374.663862) can0 03FF1000#0840112200000001
(1788797374.768869) can0 03FF1000#0840112200000001
(1788797374.873870) can0 03FF1000#0840112200000001
(1788797374.978879) can0 03FF1000#0840112200000001
(1788797375.083884) can0 03FF1000#0840112200000001
(1788797375.188893) can0 03FF1000#0840112200000001
(1788797375.293898) can0 03FF1000#0840112200000001
(1788797375.398899) can0 03FF1000#0840112200000001
(1788797375.503905) can0 03FF1000#0840112200000001
(1788797375.608910) can0 03FF1000#0840112200000001
(1788797375.713919) can0 03FF1000#0840112200000001
(1788797375.818927) can0 03FF1000#0840112200000001
(1788797375.923928) can0 03FF1000#0840112200000001
(1788797376.028936) can0 03FF1000#0840112200000001
(1788797376.133941) can0 03FF1000#0840112200000001
(1788797376.238946) can0 03FF1000#0840112200000001
(1788797376.343955) can0 03FF1000#0840112200000001
(1788797376.448957) can0 03FF1000#0840112200000001
(1788797376.553963) can0 03FF1000#0840112200000001
(1788797376.658969) can0 03FF1000#0840112200000001
(1788797376.763974) can0 03FF1000#0840112200000001
(1788797376.868982) can0 03FF1000#0840112200000001
(1788797376.973985) can0 03FF1000#0840112200000001
(1788797377.078991) can0 03FF1000#0840112200000001
(1788797377.183998) can0 03FF1000#0840112200000001
(1788797377.289001) can0 03FF1000#0840112200000001
(1788797377.394009) can0 03FF1000#0840112200000001
(1788797377.499014) can0 03FF1000#0840112200000001
(1788797377.604016) can0 03FF1000#0840112200000001
(1788797377.709025) can0 03FF1000#0840112200000001
(1788797377.814029) can0 03FF1000#0840112200000001
(1788797377.919034) can0 03FF1000#0840112200000001
(1788797378.024040) can0 03FF1000#0840112200000001
(1788797378.129047) can0 03FF1000#0840112200000001
(1788797378.234053) can0 03FF1000#0840112200000001
(1788797378.339057) can0 03FF1000#0840112200000001
(1788797378.444062) can0 03FF1000#0840112200000001
(1788797378.549066) can0 03FF1000#0840112200000001
(1788797378.654072) can0 03FF1000#0840112200000001
(1788797378.759080) can0 03FF1000#0840112200000001
(1788797378.864086) can0 03FF1000#0840112200000001
(1788797378.969090) can0 03FF1000#0840112200000001
(1788797379.074097) can0 03FF1000#0840112200000001
(1788797379.179105) can0 03FF1000#0840112200000001
(1788797379.284108) can0 03FF1000#0840112200000001
(1788797379.389112) can0 03FF1000#0840112200000001
(1788797379.430113) can0 04FF3400#0000003D00000000
(1788797379.494116) can0 03FF1000#0840112200000001
(1788797379.599121) can0 03FF1000#0840112200000001
(1788797379.704131) can0 03FF1000#0840112200000001
(1788797379.809136) can0 03FF1000#0840112200000001
(1788797379.914139) can0 03FF1000#0840112200000001
(1788797380.019148) can0 03FF1000#0840112200000001
(1788797380.124152) can0 03FF1000#0840112200000001
(1788797380.229158) can0 03FF1000#0840112200000001
(1788797380.334164) can0 03FF1000#0840112200000001
(1788797380.439167) can0 03FF1000#0840112200000001
(1788797380.544174) can0 03FF1000#0840112200000001
(1788797380.649177) can0 03FF1000#0840112200000001
(1788797380.754187) can0 03FF1000#0840112200000001
(1788797380.859192) can0 03FF1000#0840112200000001
(1788797380.964195) can0 03FF1000#0840112200000001
(1788797381.069204) can0 03FF1000#0840112200000001
(1788797381.174208) can0 03FF1000#0840112200000001
(1788797381.279213) can0 03FF1000#0840112200000001
(1788797381.384217) can0 03FF1000#0840112200000001
(1788797381.489224) can0 03FF1000#0840112200000001
(1788797381.594229) can0 03FF1000#0840112200000001
(1788797381.699236) can0 03FF1000#0840112200000001
(1788797381.804242) can0 03FF1000#0840112200000001
(1788797381.909244) can0 03FF1000#0840112200000001
(1788797382.014253) can0 03FF1000#0840112200000001
(1788797382.118513) can0 03FF1000#0840112200000001
(1788797382.223519) can0 03FF1000#0840112200000001
(1788797382.328508) can0 03FF1000#0840112200000001
(1788797382.434272) can0 03FF1000#0840112200000001
(1788797382.538521) can0 03FF1000#0840112200000001
(1788797382.643529) can0 03FF1000#0840112200000001
(1788797382.748523) can0 03FF1000#0840112200000001
(1788797382.853518) can0 03FF1000#0840112200000001
(1788797382.958544) can0 03FF1000#0840112200000001
(1788797383.063539) can0 03FF1000#0840112200000001
(1788797383.168534) can0 03FF1000#0840112200000001
(1788797383.273541) can0 03FF1000#0840112200000001
(1788797383.378522) can0 03FF1000#0840112200000001
(1788797383.483571) can0 03FF1000#0840112200000001
(1788797383.588548) can0 03FF1000#0840112200000001
(1788797383.693540) can0 03FF1000#0840112200000001
(1788797383.798603) can0 03FF1000#0840112200000001
(1788797383.903536) can0 03FF1000#0840112200000001
(1788797384.008568) can0 03FF1000#0840112200000001
(1788797384.113573) can0 03FF1000#0840112200000001
(1788797384.218556) can0 03FF1000#0840112200000001
(1788797384.323607) can0 03FF1000#0840112200000001
(1788797384.428575) can0 03FF1000#0840112200000001
(1788797384.533570) can0 03FF1000#0840112200000001
(1788797384.638570) can0 03FF1000#0840112200000001
(1788797384.743557) can0 03FF1000#0840112200000001
(1788797384.848611) can0 03FF1000#0840112200000001
(1788797384.953557) can0 03FF1000#0840112200000001
(1788797385.058600) can0 03FF1000#0840112200000001
(1788797385.163595) can0 03FF1000#0840112200000001
(1788797385.268578) can0 03FF1000#0840112200000001
(1788797385.373593) can0 03FF1000#0840112200000001
(1788797385.478573) can0 03FF1000#0840112200000001
(1788797385.583597) can0 03FF1000#0840112200000001
(1788797385.688610) can0 03FF1000#0840112200000001
(1788797385.793583) can0 03FF1000#0840112200000001
(1788797385.898587) can0 03FF1000#0840112200000001
(1788797386.003575) can0 03FF1000#0840112200000001
(1788797386.108609) can0 03FF1000#0840112200000001
(1788797386.213615) can0 03FF1000#0840112200000001
(1788797386.318599) can0 03FF1000#0840112200000001
(1788797386.423600) can0 03FF1000#0840112200000001
(1788797386.528593) can0 03FF1000#0840112200000001
(1788797386.633669) can0 03FF1000#0840112200000001
(1788797386.738632) can0 03FF1000#0840112200000001
(1788797386.843610) can0 03FF1000#0840112200000001
(1788797386.948617) can0 03FF1000#0840112200000001
(1788797387.053615) can0 03FF1000#0840112200000001
(1788797387.158655) can0 03FF1000#0840112200000001
(1788797387.263632) can0 03FF1000#0840112200000001
(1788797387.368631) can0 03FF1000#0840112200000001
(1788797387.473621) can0 03FF1000#0840112200000001
(1788797387.578627) can0 03FF1000#0840112200000001
(1788797387.683681) can0 03FF1000#0840112200000001
(1788797387.788652) can0 03FF1000#0840112200000001
(1788797387.893646) can0 03FF1000#0840112200000001
(1788797387.998630) can0 03FF1000#0840112200000001
(1788797388.103642) can0 03FF1000#0840112200000001
(1788797388.208651) can0 03FF1000#0840112200000001
(1788797388.313657) can0 03FF1000#0840112200000001
(1788797388.418651) can0 03FF1000#0840112200000001
(1788797388.523650) can0 03FF1000#0840112200000001
(1788797388.628649) can0 03FF1000#0840112200000001
(1788797388.733669) can0 03FF1000#0840112200000001
(1788797388.838673) can0 03FF1000#0840112200000001
(1788797388.943656) can0 03FF1000#0840112200000001
(1788797389.048662) can0 03FF1000#0840112200000001
(1788797389.153669) can0 03FF1000#0840112200000001
(1788797389.258686) can0 03FF1000#0840112200000001
(1788797389.363685) can0 03FF1000#0840112200000001
(1788797389.430647) can0 04FF3400#0000003E00000000
(1788797389.468670) can0 03FF1000#0840112200000001
(1788797389.573675) can0 03FF1000#0840112200000001
(1788797389.678667) can0 03FF1000#0840112200000001
(1788797389.783701) can0 03FF1000#0840112200000001
(1788797389.888692) can0 03FF1000#0840112200000001
(1788797389.993748) can0 03FF1000#0840112200000001
(1788797390.098682) can0 03FF1000#0840112200000001
(1788797390.203689) can0 03FF1000#0840112200000001
(1788797390.308705) can0 03FF1000#0840112200000001
(1788797390.413721) can0 03FF1000#0840112200000001
(1788797390.518747) can0 03FF1000#0840112200000001
(1788797390.623708) can0 03FF1000#0840112200000001
(1788797390.728716) can0 03FF1000#0840112200000001
(1788797390.833722) can0 03FF1000#0840112200000001
(1788797390.938726) can0 03FF1000#0840112200000001
(1788797391.043770) can0 03FF1000#0840112200000001
(1788797391.148740) can0 03FF1000#0840112200000001
(1788797391.253744) can0 03FF1000#0840112200000001
(1788797391.358750) can0 03FF1000#0840112200000001
(1788797391.463753) can0 03FF1000#0840112200000001
(1788797391.568760) can0 03FF1000#0840112200000001
(1788797391.673766) can0 03FF1000#0840112200000001
(1788797391.778771) can0 03FF1000#0840112200000001
(1788797391.883778) can0 03FF1000#0840112200000001
(1788797391.988783) can0 03FF1000#0840112200000001
(1788797392.093790) can0 03FF1000#0840112200000001
(1788797392.198796) can0 03FF1000#0840112200000001
(1788797392.303800) can0 03FF1000#0840112200000001
(1788797392.408803) can0 03FF1000#0840112200000001
(1788797392.513809) can0 03FF1000#0840112200000001
(1788797392.618816) can0 03FF1000#0840112200000001
(1788797392.723822) can0 03FF1000#0840112200000001
(1788797392.828828) can0 03FF1000#0840112200000001
(1788797392.933831) can0 03FF1000#0840112200000001
(1788797393.038840) can0 03FF1000#0840112200000001
(1788797393.143846) can0 03FF1000#0840112200000001
(1788797393.248850) can0 03FF1000#0840112200000001
(1788797393.353856) can0 03FF1000#0840112200000001
(1788797393.458860) can0 03FF1000#0840112200000001
(1788797393.563865) can0 03FF1000#0840112200000001
(1788797393.668871) can0 03FF1000#0840112200000001
(1788797393.773880) can0 03FF1000#0840112200000001
(1788797393.878884) can0 03FF1000#0840112200000001
(1788797393.983891) can0 03FF1000#0840112200000001
(1788797394.088895) can0 03FF1000#0840112200000001
(1788797394.193902) can0 03FF1000#0840112200000001
(1788797394.298907) can0 03FF1000#0840112200000001
(1788797394.403910) can0 03FF1000#0840112200000001
(1788797394.508916) can0 03FF1000#0840112200000001
(1788797394.613920) can0 03FF1000#0840112200000001
(1788797394.718931) can0 03FF1000#0840112200000001
(1788797394.823933) can0 03FF1000#0840112200000001
(1788797394.928939) can0 03FF1000#0840112200000001
(1788797395.033947) can0 03FF1000#0840112200000001
(1788797395.138953) can0 03FF1000#0840112200000001
(1788797395.243960) can0 03FF1000#0840112200000001
(1788797395.348965) can0 03FF1000#0840112200000001
(1788797395.453967) can0 03FF1000#0840112200000001
(1788797395.558974) can0 03FF1000#0840112200000001
(1788797395.663979) can0 03FF1000#0840112200000001
(1788797395.768987) can0 03FF1000#0840112200000001
(1788797395.873991) can0 03FF1000#0840112200000001
(1788797395.978996) can0 03FF1000#0840112200000001
(1788797396.084004) can0 03FF1000#0840112200000001
(1788797396.189008) can0 03FF1000#0840112200000001
(1788797396.294017) can0 03FF1000#0840112200000001
(1788797396.399018) can0 03FF1000#0840112200000001
(1788797396.504024) can0 03FF1000#0840112200000001
(1788797396.609030) can0 03FF1000#0840112200000001
(1788797396.714036) can0 03FF1000#0840112200000001
(1788797396.819043) can0 03FF1000#0840112200000001
(1788797396.924046) can0 03FF1000#0840112200000001
(1788797397.029052) can0 03FF1000#0840112200000001
(1788797397.134058) can0 03FF1000#0840112200000001
(1788797397.239063) can0 03FF1000#0840112200000001
(1788797397.344070) can0 03FF1000#0840112200000001
(1788797397.449074) can0 03FF1000#0840112200000001
(1788797397.554079) can0 03FF1000#0840112200000001
(1788797397.659085) can0 03FF1000#0840112200000001
(1788797397.764091) can0 03FF1000#0840112200000001
(1788797397.869099) can0 03FF1000#0840112200000001
(1788797397.974102) can0 03FF1000#0840112200000001
(1788797398.079109) can0 03FF1000#0840112200000001
(1788797398.184116) can0 03FF1000#0840112200000001
(1788797398.289120) can0 03FF1000#0840112200000001
(1788797398.394126) can0 03FF1000#0840112200000001
(1788797398.499131) can0 03FF1000#0840112200000001
(1788797398.604133) can0 03FF1000#0840112200000001
(1788797398.709143) can0 03FF1000#0840112200000001
(1788797398.814146) can0 03FF1000#0840112200000001
(1788797398.919151) can0 03FF1000#0840112200000001
(1788797399.024160) can0 03FF1000#0840112200000001
(1788797399.129166) can0 03FF1000#0840112200000001
(1788797399.234170) can0 03FF1000#0840112200000001
(1788797399.339176) can0 03FF1000#0840112200000001
(1788797399.430182) can0 04FF3400#0000003F00000000
(1788797399.444180) can0 03FF1000#0840112200000001
(1788797399.549186) can0 03FF1000#0840112200000001
(1788797399.654198) can0 03FF1000#0840112200000001
(1788797399.759198) can0 03FF1000#0840112200000001
(1788797399.864202) can0 03FF1000#0840112200000001
(1788797399.969210) can0 03FF1000#0840112200000001
(1788797400.074215) can0 03FF1000#0840112200000001
(1788797400.179220) can0 03FF1000#0840112200000001
(1788797400.284227) can0 03FF1000#0840112200000001
(1788797400.389229) can0 03FF1000#0840112200000001
(1788797400.494239) can0 03FF1000#0840112200000001
(1788797400.599241) can0 03FF1000#0840112200000001
(1788797400.704249) can0 03FF1000#0840112200000001
(1788797400.809253) can0 03FF1000#0840112200000001
(1788797400.914259) can0 03FF1000#0840112200000001
(1788797401.019267) can0 03FF1000#0840112200000001
(1788797401.124271) can0 03FF1000#0840112200000001
(1788797401.229277) can0 03FF1000#0840112200000001
(1788797401.334282) can0 03FF1000#0840112200000001
(1788797401.439288) can0 03FF1000#0840112200000001
(1788797401.544294) can0 03FF1000#0840112200000001
(1788797401.649297) can0 03FF1000#0840112200000001
(1788797401.754305) can0 03FF1000#0840112200000001
(1788797401.859308) can0 03FF1000#0840112200000001
(1788797401.964314) can0 03FF1000#0840112200000001
(1788797402.069322) can0 03FF1000#0840112200000001
(1788797402.174326) can0 03FF1000#0840112200000001
(1788797402.279331) can0 03FF1000#0840112200000001
(1788797402.384336) can0 03FF1000#0840112200000001
(1788797402.489342) can0 03FF1000#0840112200000001
(1788797402.594350) can0 03FF1000#0840112200000001
(1788797402.699355) can0 03FF1000#0840112200000001
(1788797402.804359) can0 03FF1000#0840112200000001
(1788797402.909365) can0 03FF1000#0840112200000001
(1788797403.014371) can0 03FF1000#0840112200000001
(1788797403.119379) can0 03FF1000#0840112200000001
(1788797403.224381) can0 03FF1000#0840112200000001
(1788797403.329387) can0 03FF1000#0840112200000001
(1788797403.434392) can0 03FF1000#0840112200000001
(1788797403.539398) can0 03FF1000#0840112200000001
(1788797403.644405) can0 03FF1000#0840112200000001
(1788797403.749410) can0 03FF1000#0840112200000001
(1788797403.854416) can0 03FF1000#0840112200000001
(1788797403.959421) can0 03FF1000#0840112200000001
(1788797404.064426) can0 03FF1000#0840112200000001
(1788797404.169434) can0 03FF1000#0840112200000001
(1788797404.274439) can0 03FF1000#0840112200000001
(1788797404.379442) can0 03FF1000#0840112200000001
(1788797404.484448) can0 03FF1000#0840112200000001
(1788797404.589453) can0 03FF1000#0840112200000001
(1788797404.694462) can0 03FF1000#0840112200000001
(1788797404.799466) can0 03FF1000#0840112200000001
(1788797404.904471) can0 03FF1000#0840112200000001
(1788797405.009477) can0 03FF1000#0840112200000001
(1788797405.114482) can0 03FF1000#0840112200000001
(1788797405.219489) can0 03FF1000#0840112200000001
(1788797405.324494) can0 03FF1000#0840112200000001
(1788797405.429500) can0 03FF1000#0840112200000001
(1788797405.534504) can0 03FF1000#0840112200000001
(1788797405.639510) can0 03FF1000#0840112200000001
(1788797405.744517) can0 03FF1000#0840112200000001
(1788797405.849521) can0 03FF1000#0840112200000001
(1788797405.954527) can0 03FF1000#0840112200000001
(1788797406.059532) can0 03FF1000#0840112200000001
(1788797406.164539) can0 03FF1000#0840112200000001
(1788797406.269547) can0 03FF1000#0840112200000001
(1788797406.374563) can0 03FF1000#0840112200000001
(1788797406.479557) can0 03FF1000#0840112200000001
(1788797406.584559) can0 03FF1000#0840112200000001
(1788797406.689563) can0 03FF1000#0840112200000001
(1788797406.794580) can0 03FF1000#0840112200000001
(1788797406.899577) can0 03FF1000#0840112200000001
(1788797407.004582) can0 03FF1000#0840112200000001
(1788797407.109589) can0 03FF1000#0840112200000001
(1788797407.214594) can0 03FF1000#0840112200000001
(1788797407.319604) can0 03FF1000#0840112200000001
(1788797407.424606) can0 03FF1000#0840112200000001
(1788797407.529608) can0 03FF1000#0840112200000001
(1788797407.634614) can0 03FF1000#0840112200000001
(1788797407.739622) can0 03FF1000#0840112200000001
(1788797407.844629) can0 03FF1000#0840112200000001
(1788797407.949633) can0 03FF1000#0840112200000001
(1788797408.054639) can0 03FF1000#0840112200000001
(1788797408.159644) can0 03FF1000#0840112200000001
(1788797408.264649) can0 03FF1000#0840112200000001
(1788797408.369658) can0 03FF1000#0840112200000001
(1788797408.474660) can0 03FF1000#0840112200000001
(1788797408.579664) can0 03FF1000#0840112200000001
(1788797408.684668) can0 03FF1000#0840112200000001
(1788797408.789678) can0 03FF1000#0840112200000001
(1788797408.894681) can0 03FF1000#0840112200000001
(1788797408.999689) can0 03FF1000#0840112200000001
(1788797409.104695) can0 03FF1000#0840112200000001
(1788797409.209703) can0 03FF1000#0840112200000001
(1788797409.314706) can0 03FF1000#0840112200000001
(1788797409.419715) can0 03FF1000#0840112200000001
(1788797409.429757) can0 04FF3400#0000004000000000
(1788797409.524713) can0 03FF1000#0840112200000001
(1788797409.629718) can0 03FF1000#0840112200000001
(1788797409.734729) can0 03FF1000#0840112200000001
(1788797409.839734) can0 03FF1000#0840112200000001
(1788797409.944743) can0 03FF1000#0840112200000001
(1788797410.049745) can0 03FF1000#0840112200000001
(1788797410.154749) can0 03FF1000#0840112200000001
(1788797410.259756) can0 03FF1000#0840112200000001
(1788797410.364761) can0 03FF1000#0840112200000001
(1788797410.469770) can0 03FF1000#0840112200000001
(1788797410.574773) can0 03FF1000#0840112200000001
(1788797410.679775) can0 03FF1000#0840112200000001
(1788797410.784783) can0 03FF1000#0840112200000001
(1788797410.889789) can0 03FF1000#0840112200000001
(1788797410.994797) can0 03FF1000#0840112200000001
(1788797411.099801) can0 03FF1000#0840112200000001
(1788797411.204806) can0 03FF1000#0840112200000001
(1788797411.309811) can0 03FF1000#0840112200000001
(1788797411.414817) can0 03FF1000#0840112200000001
(1788797411.519825) can0 03FF1000#0840112200000001
(1788797411.624828) can0 03FF1000#0840112200000001
(1788797411.729834) can0 03FF1000#0840112200000001
(1788797411.834840) can0 03FF1000#0840112200000001
(1788797411.939843) can0 03FF1000#0840112200000001
(1788797412.044853) can0 03FF1000#0840112200000001
(1788797412.149856) can0 03FF1000#0840112200000001
(1788797412.254861) can0 03FF1000#0840112200000001
(1788797412.359866) can0 03FF1000#0840112200000001
(1788797412.464870) can0 03FF1000#0840112200000001
(1788797412.569881) can0 03FF1000#0840112200000001
(1788797412.674884) can0 03FF1000#0840112200000001
(1788797412.779890) can0 03FF1000#0840112200000001
(1788797412.884896) can0 03FF1000#0840112200000001
(1788797412.989901) can0 03FF1000#0840112200000001
(1788797413.094910) can0 03FF1000#0840112200000001
(1788797413.199913) can0 03FF1000#0840112200000001
(1788797413.304918) can0 03FF1000#0840112200000001
(1788797413.409178) can0 03FF1000#0840112200000001
(1788797413.514926) can0 03FF1000#0840112200000001
(1788797413.619936) can0 03FF1000#0840112200000001
(1788797413.724941) can0 03FF1000#0840112200000001
(1788797413.829945) can0 03FF1000#0840112200000001
(1788797413.934193) can0 03FF1000#0840112200000001
(1788797414.039212) can0 03FF1000#0840112200000001
(1788797414.144214) can0 03FF1000#0840112200000001
(1788797414.249212) can0 03FF1000#0840112200000001
(1788797414.354205) can0 03FF1000#0840112200000001
(1788797414.459208) can0 03FF1000#0840112200000001
(1788797414.564209) can0 03FF1000#0840112200000001
(1788797414.669249) can0 03FF1000#0840112200000001
(1788797414.774241) can0 03FF1000#0840112200000001
(1788797414.879220) can0 03FF1000#0840112200000001
(1788797414.984214) can0 03FF1000#0840112200000001
(1788797415.089222) can0 03FF1000#0840112200000001
(1788797415.194253) can0 03FF1000#0840112200000001
(1788797415.300026) can0 03FF1000#0840112200000001
(1788797415.404232) can0 03FF1000#0840112200000001
(1788797415.509241) can0 03FF1000#0840112200000001
(1788797415.614224) can0 03FF1000#0840112200000001
(1788797415.719269) can0 03FF1000#0840112200000001
(1788797415.825051) can0 03FF1000#0840112200000001
(1788797415.929242) can0 03FF1000#0840112200000001
(1788797416.034248) can0 03FF1000#0840112200000001
(1788797416.139252) can0 03FF1000#0840112200000001
(1788797416.244264) can0 03FF1000#0840112200000001
(1788797416.349310) can0 03FF1000#0840112200000001
(1788797416.454268) can0 03FF1000#0840112200000001
(1788797416.559251) can0 03FF1000#0840112200000001
(1788797416.664251) can0 03FF1000#0840112200000001
(1788797416.769291) can0 03FF1000#0840112200000001
(1788797416.874281) can0 03FF1000#0840112200000001
(1788797416.979274) can0 03FF1000#0840112200000001
(1788797417.084266) can0 03FF1000#0840112200000001
(1788797417.189275) can0 03FF1000#0840112200000001
(1788797417.294294) can0 03FF1000#0840112200000001
(1788797417.399286) can0 03FF1000#0840112200000001
(1788797417.504268) can0 03FF1000#0840112200000001
(1788797417.609274) can0 03FF1000#0840112200000001
(1788797417.714280) can0 03FF1000#0840112200000001
(1788797417.819298) can0 03FF1000#0840112200000001
(1788797417.924297) can0 03FF1000#0840112200000001
(1788797418.029286) can0 03FF1000#0840112200000001
(1788797418.134291) can0 03FF1000#0840112200000001
(1788797418.239295) can0 03FF1000#0840112200000001
(1788797418.344323) can0 03FF1000#0840112200000001
(1788797418.449307) can0 03FF1000#0840112200000001
(1788797418.554301) can0 03FF1000#0840112200000001
(1788797418.659352) can0 03FF1000#0840112200000001
(1788797418.764300) can0 03FF1000#0840112200000001
(1788797418.869331) can0 03FF1000#0840112200000001
(1788797418.974323) can0 03FF1000#0840112200000001
(1788797419.079329) can0 03FF1000#0840112200000001
(1788797419.184366) can0 03FF1000#0840112200000001
(1788797419.289320) can0 03FF1000#0840112200000001
(1788797419.394347) can0 03FF1000#0840112200000001
(1788797419.430243) can0 04FF3400#0000004100000000
(1788797419.430294) can0 04FF3603#0300000000000000
(1788797419.499339) can0 03FF1000#0840112200000001
(1788797419.604322) can0 03FF1000#0840112200000001
(1788797419.709387) can0 03FF1000#0840112200000001
(1788797419.814321) can0 03FF1000#0840112200000001
(1788797419.919354) can0 03FF1000#0840112200000001
(1788797420.024345) can0 03FF1000#0840112200000001
(1788797420.129339) can0 03FF1000#0840112200000001
(1788797420.234329) can0 03FF1000#0840112200000001
(1788797420.339326) can0 03FF1000#0840112200000001
(1788797420.444358) can0 03FF1000#0840112200000001
(1788797420.549348) can0 03FF1000#0840112200000001
(1788797420.654349) can0 03FF1000#0840112200000001
(1788797420.759337) can0 03FF1000#0840112200000001
(1788797420.864355) can0 03FF1000#0840112200000001
(1788797420.969374) can0 03FF1000#0840112200000001
(1788797421.074378) can0 03FF1000#0840112200000001
(1788797421.179359) can0 03FF1000#0840112200000001
(1788797421.284364) can0 03FF1000#0840112200000001
(1788797421.389370) can0 03FF1000#0840112200000001
(1788797421.494409) can0 03FF1000#0840112200000001
(1788797421.599393) can0 03FF1000#0840112200000001
(1788797421.704373) can0 03FF1000#0840112200000001
(1788797421.809381) can0 03FF1000#0840112200000001
(1788797421.914375) can0 03FF1000#0840112200000001
(1788797422.019420) can0 03FF1000#0840112200000001
(1788797422.124398) can0 03FF1000#0840112200000001
(1788797422.229392) can0 03FF1000#0840112200000001
(1788797422.334396) can0 03FF1000#0840112200000001
(1788797422.439400) can0 03FF1000#0840112200000001
(1788797422.544435) can0 03FF1000#0840112200000001
(1788797422.649414) can0 03FF1000#0840112200000001
(1788797422.754421) can0 03FF1000#0840112200000001
(1788797422.859425) can0 03FF1000#0840112200000001
(1788797422.964430) can0 03FF1000#0840112200000001
(1788797423.069440) can0 03FF1000#0840112200000001
(1788797423.174442) can0 03FF1000#0840112200000001
(1788797423.279449) can0 03FF1000#0840112200000001
(1788797423.384453) can0 03FF1000#0840112200000001
(1788797423.489456) can0 03FF1000#0840112200000001
(1788797423.594467) can0 03FF1000#0840112200000001
(1788797423.699470) can0 03FF1000#0840112200000001
(1788797423.804476) can0 03FF1000#0840112200000001
(1788797423.909482) can0 03FF1000#0840112200000001
(1788797424.014487) can0 03FF1000#0840112200000001
(1788797424.119495) can0 03FF1000#0840112200000001
(1788797424.224502) can0 03FF1000#0840112200000001
(1788797424.329505) can0 03FF1000#0840112200000001
(1788797424.434509) can0 03FF1000#0840112200000001
(1788797424.539515) can0 03FF1000#0840112200000001
(1788797424.644523) can0 03FF1000#0840112200000001
(1788797424.749527) can0 03FF1000#0840112200000001
(1788797424.854532) can0 03FF1000#0840112200000001
(1788797424.959538) can0 03FF1000#0840112200000001
(1788797425.064543) can0 03FF1000#0840112200000001
(1788797425.169552) can0 03FF1000#0840112200000001
(1788797425.274557) can0 03FF1000#0840112200000001
(1788797425.379559) can0 03FF1000#0840112200000001
(1788797425.484562) can0 03FF1000#0840112200000001
(1788797425.589567) can0 03FF1000#0840112200000001
(1788797425.694578) can0 03FF1000#0840112200000001
(1788797425.799583) can0 03FF1000#0840112200000001
(1788797425.904586) can0 03FF1000#0840112200000001
(1788797426.009595) can0 03FF1000#0840112200000001
(1788797426.114599) can0 03FF1000#0840112200000001
(1788797426.219607) can0 03FF1000#0840112200000001
(1788797426.324610) can0 03FF1000#0840112200000001
(1788797426.429615) can0 03FF1000#0840112200000001
(1788797426.534618) can0 03FF1000#0840112200000001
(1788797426.639623) can0 03FF1000#0840112200000001
(1788797426.744634) can0 03FF1000#0840112200000001
(1788797426.849637) can0 03FF1000#0840112200000001
(1788797426.954639) can0 03FF1000#0840112200000001
(1788797427.059649) can0 03FF1000#0840112200000001
(1788797427.164655) can0 03FF1000#0840112200000001
(1788797427.269663) can0 03FF1000#0840112200000001
(1788797427.374666) can0 03FF1000#0840112200000001
(1788797427.479667) can0 03FF1000#0840112200000001
(1788797427.584673) can0 03FF1000#0840112200000001
(1788797427.689679) can0 03FF1000#0840112200000001
(1788797427.794691) can0 03FF1000#0840112200000001
(1788797427.899693) can0 03FF1000#0840112200000001
(1788797428.004698) can0 03FF1000#0840112200000001
(1788797428.109703) can0 03FF1000#0840112200000001
(1788797428.214708) can0 03FF1000#0840112200000001
(1788797428.319717) can0 03FF1000#0840112200000001
(1788797428.424720) can0 03FF1000#0840112200000001
(1788797428.529723) can0 03FF1000#0840112200000001
(1788797428.634728) can0 03FF1000#0840112200000001
(1788797428.739737) can0 03FF1000#0840112200000001
(1788797428.844745) can0 03FF1000#0840112200000001
(1788797428.949749) can0 03FF1000#0840112200000001
(1788797429.054755) can0 03FF1000#0840112200000001
(1788797429.159765) can0 03FF1000#0840112200000001
(1788797429.264766) can0 03FF1000#0840112200000001
(1788797429.369774) can0 03FF1000#0840112200000001
(1788797429.429774) can0 04FF3400#0000004200000000
(1788797429.474773) can0 03FF1000#0840112200000001
(1788797429.579780) can0 03FF1000#0840112200000001
(1788797429.684784) can0 03FF1000#0840112200000001
(1788797429.789792) can0 03FF1000#0840112200000001
(1788797429.894800) can0 03FF1000#0840112200000001
(1788797429.999805) can0 03FF1000#0840112200000001
(1788797430.104810) can0 03FF1000#0840112200000001
(1788797430.209813) can0 03FF1000#0840112200000001
(1788797430.314821) can0 03FF1000#0840112200000001
(1788797430.419829) can0 03FF1000#0840112200000001
(1788797430.524832) can0 03FF1000#0840112200000001
(1788797430.629837) can0 03FF1000#0840112200000001
(1788797430.734843) can0 03FF1000#0840112200000001
(1788797430.839849) can0 03FF1000#0840112200000001
(1788797430.944858) can0 03FF1000#0840112200000001
(1788797431.049861) can0 03FF1000#0840112200000001
(1788797431.154869) can0 03FF1000#0840112200000001
(1788797431.259873) can0 03FF1000#0840112200000001
(1788797431.364878) can0 03FF1000#0840112200000001
(1788797431.469884) can0 03FF1000#0840112200000001
(1788797431.574888) can0 03FF1000#0840112200000001
(1788797431.679890) can0 03FF1000#0840112200000001
(1788797431.784900) can0 03FF1000#0840112200000001
(1788797431.889904) can0 03FF1000#0840112200000001
(1788797431.994913) can0 03FF1000#0840112200000001
(1788797432.099915) can0 03FF1000#0840112200000001
(1788797432.204920) can0 03FF1000#0840112200000001
(1788797432.309927) can0 03FF1000#0840112200000001
(1788797432.414932) can0 03FF1000#0840112200000001
(1788797432.519942) can0 03FF1000#0840112200000001
(1788797432.624943) can0 03FF1000#0840112200000001
(1788797432.729950) can0 03FF1000#0840112200000001
(1788797432.834953) can0 03FF1000#0840112200000001
(1788797432.939959) can0 03FF1000#0840112200000001
(1788797433.044968) can0 03FF1000#0840112200000001
(1788797433.149972) can0 03FF1000#0840112200000001
(1788797433.254977) can0 03FF1000#0840112200000001
(1788797433.359982) can0 03FF1000#0840112200000001
(1788797433.464986) can0 03FF1000#0840112200000001
(1788797433.569995) can0 03FF1000#0840112200000001
(1788797433.675000) can0 03FF1000#0840112200000001
(1788797433.780005) can0 03FF1000#0840112200000001
(1788797433.885009) can0 03FF1000#0840112200000001
(1788797433.990016) can0 03FF1000#0840112200000001
(1788797434.095025) can0 03FF1000#0840112200000001
(1788797434.200027) can0 03FF1000#0840112200000001
(1788797434.305032) can0 03FF1000#0840112200000001
(1788797434.410038) can0 03FF1000#0840112200000001
(1788797434.515041) can0 03FF1000#0840112200000001
(1788797434.620052) can0 03FF1000#0840112200000001
(1788797434.725056) can0 03FF1000#0840112200000001
(1788797434.830061) can0 03FF1000#0840112200000001
(1788797434.935065) can0 03FF1000#0840112200000001
(1788797435.040071) can0 03FF1000#0840112200000001
(1788797435.145080) can0 03FF1000#0840112200000001
(1788797435.250084) can0 03FF1000#0840112200000001
(1788797435.355089) can0 03FF1000#0840112200000001
(1788797435.460092) can0 03FF1000#0840112200000001
(1788797435.565097) can0 03FF1000#0840112200000001
(1788797435.670108) can0 03FF1000#0840112200000001
(1788797435.775112) can0 03FF1000#0840112200000001
(1788797435.880116) can0 03FF1000#0840112200000001
(1788797435.985122) can0 03FF1000#0840112200000001
(1788797436.090128) can0 03FF1000#0840112200000001
(1788797436.195134) can0 03FF1000#0840112200000001
(1788797436.300139) can0 03FF1000#0840112200000001
(1788797436.405143) can0 03FF1000#0840112200000001
(1788797436.510150) can0 03FF1000#0840112200000001
(1788797436.615156) can0 03FF1000#0840112200000001
(1788797436.720162) can0 03FF1000#0840112200000001
(1788797436.825167) can0 03FF1000#0840112200000001
(1788797436.930171) can0 03FF1000#0840112200000001
(1788797437.035178) can0 03FF1000#0840112200000001
(1788797437.140184) can0 03FF1000#0840112200000001
(1788797437.245191) can0 03FF1000#0840112200000001
(1788797437.350194) can0 03FF1000#0840112200000001
(1788797437.455199) can0 03FF1000#0840112200000001
(1788797437.560205) can0 03FF1000#0840112200000001
(1788797437.665211) can0 03FF1000#0840112200000001
(1788797437.770220) can0 03FF1000#0840112200000001
(1788797437.875220) can0 03FF1000#0840112200000001
(1788797437.980228) can0 03FF1000#0840112200000001
(1788797438.085235) can0 03FF1000#0840112200000001
(1788797438.190238) can0 03FF1000#0840112200000001
(1788797438.295248) can0 03FF1000#0840112200000001
(1788797438.400250) can0 03FF1000#0840112200000001
(1788797438.505254) can0 03FF1000#0840112200000001
(1788797438.610263) can0 03FF1000#0840112200000001
(1788797438.715267) can0 03FF1000#0840112200000001
(1788797438.820275) can0 03FF1000#0840112200000001
(1788797438.925278) can0 03FF1000#0840112200000001
(1788797439.030283) can0 03FF1000#0840112200000001
(1788797439.135289) can0 03FF1000#0840112200000001
(1788797439.240295) can0 03FF1000#0840112200000001
(1788797439.345301) can0 03FF1000#0840112200000001
(1788797439.429490) can0 04FF3400#0000004300000000
(1788797439.450306) can0 03FF1000#0840112200000001
(1788797439.555311) can0 03FF1000#0840112200000001
(1788797439.660318) can0 03FF1000#0840112200000001
(1788797439.765322) can0 03FF1000#0840112200000001
(1788797439.870328) can0 03FF1000#0840112200000001
(1788797439.975333) can0 03FF1000#0840112200000001
(1788797440.080340) can0 03FF1000#0840112200000001
(1788797440.185344) can0 03FF1000#0840112200000001
(1788797440.290350) can0 03FF1000#0840112200000001
(1788797440.395357) can0 03FF1000#0840112200000001
(1788797440.500360) can0 03FF1000#0840112200000001
(1788797440.605365) can0 03FF1000#0840112200000001
(1788797440.710373) can0 03FF1000#0840112200000001
(1788797440.815377) can0 03FF1000#0840112200000001
(1788797440.920386) can0 03FF1000#0840112200000001
(1788797441.025388) can0 03FF1000#0840112200000001
(1788797441.130393) can0 03FF1000#0840112200000001
(1788797441.235401) can0 03FF1000#0840112200000001
(1788797441.340405) can0 03FF1000#0840112200000001
(1788797441.445412) can0 03FF1000#0840112200000001
(1788797441.550417) can0 03FF1000#0840112200000001
(1788797441.655422) can0 03FF1000#0840112200000001
(1788797441.760429) can0 03FF1000#0840112200000001
(1788797441.865433) can0 03FF1000#0840112200000001
(1788797441.970441) can0 03FF1000#0840112200000001
(1788797442.075445) can0 03FF1000#0840112200000001
(1788797442.180450) can0 03FF1000#0840112200000001
(1788797442.285456) can0 03FF1000#0840112200000001
(1788797442.390460) can0 03FF1000#0840112200000001
(1788797442.495468) can0 03FF1000#0840112200000001
(1788797442.600471) can0 03FF1000#0840112200000001
(1788797442.705479) can0 03FF1000#0840112200000001
(1788797442.810483) can0 03FF1000#0840112200000001
(1788797442.915489) can0 03FF1000#0840112200000001
(1788797443.020497) can0 03FF1000#0840112200000001
(1788797443.125502) can0 03FF1000#0840112200000001
(1788797443.230507) can0 03FF1000#0840112200000001
(1788797443.335512) can0 03FF1000#0840112200000001
(1788797443.440517) can0 03FF1000#0840112200000001
(1788797443.545524) can0 03FF1000#0840112200000001
(1788797443.650528) can0 03FF1000#0840112200000001
(1788797443.755535) can0 03FF1000#0840112200000001
(1788797443.860542) can0 03FF1000#0840112200000001
(1788797443.965547) can0 03FF1000#0840112200000001
(1788797444.070553) can0 03FF1000#0840112200000001
(1788797444.175558) can0 03FF1000#0840112200000001
(1788797444.280562) can0 03FF1000#0840112200000001
(1788797444.385567) can0 03FF1000#0840112200000001
(1788797444.490572) can0 03FF1000#0840112200000001
(1788797444.595580) can0 03FF1000#0840112200000001
(1788797444.700584) can0 03FF1000#0840112200000001
(1788797444.805590) can0 03FF1000#0840112200000001
(1788797444.910595) can0 03FF1000#0840112200000001
(1788797445.015602) can0 03FF1000#0840112200000001
(1788797445.120608) can0 03FF1000#0840112200000001
(1788797445.224866) can0 03FF1000#0840112200000001
(1788797445.330617) can0 03FF1000#0840112200000001
(1788797445.435622) can0 03FF1000#0840112200000001
(1788797445.539866) can0 03FF1000#0840112200000001
(1788797445.644879) can0 03FF1000#0840112200000001
(1788797445.749873) can0 03FF1000#0840112200000001
(1788797445.855644) can0 03FF1000#0840112200000001
(1788797445.959906) can0 03FF1000#0840112200000001
(1788797446.064899) can0 03FF1000#0840112200000001
(1788797446.169895) can0 03FF1000#0840112200000001
(1788797446.274899) can0 03FF1000#0840112200000001
(1788797446.379900) can0 03FF1000#0840112200000001
(1788797446.484919) can0 03FF1000#0840112200000001
(1788797446.589900) can0 03FF1000#0840112200000001
(1788797446.694908) can0 03FF1000#0840112200000001
(1788797446.799911) can0 03FF1000#0840112200000001
(1788797446.904919) can0 03FF1000#0840112200000001
(1788797447.009940) can0 03FF1000#0840112200000001
(1788797447.114920) can0 03FF1000#0840112200000001
(1788797447.219915) can0 03FF1000#0840112200000001
(1788797447.324966) can0 03FF1000#0840112200000001
(1788797447.429937) can0 03FF1000#0840112200000001
(1788797447.534943) can0 03FF1000#0840112200000001
(1788797447.639944) can0 03FF1000#0840112200000001
(1788797447.744921) can0 03FF1000#0840112200000001
(1788797447.849984) can0 03FF1000#0840112200000001
(1788797447.954955) can0 03FF1000#0840112200000001
(1788797448.059955) can0 03FF1000#0840112200000001
(1788797448.164954) can0 03FF1000#0840112200000001
(1788797448.269940) can0 03FF1000#0840112200000001
(1788797448.374986) can0 03FF1000#0840112200000001
(1788797448.479969) can0 03FF1000#0840112200000001
(1788797448.584950) can0 03FF1000#0840112200000001
(1788797448.689957) can0 03FF1000#0840112200000001
(1788797448.794954) can0 03FF1000#0840112200000001
(1788797448.899939) can0 03FF1000#0840112200000001
(1788797449.004974) can0 03FF1000#0840112200000001
(1788797449.109979) can0 03FF1000#0840112200000001
(1788797449.214972) can0 03FF1000#0840112200000001
(1788797449.319965) can0 03FF1000#0840112200000001
(1788797449.424961) can0 03FF1000#0840112200000001
(1788797449.429833) can0 04FF3400#0000004400000000
(1788797449.529991) can0 03FF1000#0840112200000001
(1788797449.634996) can0 03FF1000#0840112200000001
(1788797449.739977) can0 03FF1000#0840112200000001
(1788797449.844963) can0 03FF1000#0840112200000001
(1788797449.949980) can0 03FF1000#0840112200000001
(1788797450.054990) can0 03FF1000#0840112200000001
(1788797450.160056) can0 03FF1000#0840112200000001
(1788797450.264993) can0 03FF1000#0840112200000001
(1788797450.369990) can0 03FF1000#0840112200000001
(1788797450.474975) can0 03FF1000#0840112200000001
(1788797450.579996) can0 03FF1000#0840112200000001
(1788797450.685060) can0 03FF1000#0840112200000001
(1788797450.790000) can0 03FF1000#0840112200000001
(1788797450.894994) can0 03FF1000#0840112200000001
(1788797450.999988) can0 03FF1000#0840112200000001
(1788797451.105015) can0 03FF1000#0840112200000001
(1788797451.210075) can0 03FF1000#0840112200000001
(1788797451.315011) can0 03FF1000#0840112200000001
(1788797451.420012) can0 03FF1000#0840112200000001
(1788797451.525002) can0 03FF1000#0840112200000001
(1788797451.630006) can0 03FF1000#0840112200000001
(1788797451.735018) can0 03FF1000#0840112200000001
(1788797451.840031) can0 03FF1000#0840112200000001
(1788797451.945026) can0 03FF1000#0840112200000001
(1788797452.050009) can0 03FF1000#0840112200000001
(1788797452.155046) can0 03FF1000#0840112200000001
(1788797452.260042) can0 03FF1000#0840112200000001
(1788797452.365046) can0 03FF1000#0840112200000001
(1788797452.470019) can0 03FF1000#0840112200000001
(1788797452.575029) can0 03FF1000#0840112200000001
(1788797452.680027) can0 03FF1000#0840112200000001
(1788797452.785060) can0 03FF1000#0840112200000001
(1788797452.890061) can0 03FF1000#0840112200000001
(1788797452.995046) can0 03FF1000#0840112200000001
(1788797453.100028) can0 03FF1000#0840112200000001
(1788797453.205067) can0 03FF1000#0840112200000001
(1788797453.310086) can0 03FF1000#0840112200000001
(1788797453.415067) can0 03FF1000#0840112200000001
(1788797453.520109) can0 03FF1000#0840112200000001
(1788797453.625053) can0 03FF1000#0840112200000001
(1788797453.730082) can0 03FF1000#0840112200000001
(1788797453.835085) can0 03FF1000#0840112200000001
(1788797453.940072) can0 03FF1000#0840112200000001
(1788797454.045116) can0 03FF1000#0840112200000001
(1788797454.150084) can0 03FF1000#0840112200000001
(1788797454.255089) can0 03FF1000#0840112200000001
(1788797454.360095) can0 03FF1000#0840112200000001
(1788797454.465100) can0 03FF1000#0840112200000001
(1788797454.570142) can0 03FF1000#0840112200000001
(1788797454.675112) can0 03FF1000#0840112200000001
(1788797454.780118) can0 03FF1000#0840112200000001
(1788797454.885122) can0 03FF1000#0840112200000001
(1788797454.990129) can0 03FF1000#0840112200000001
(1788797455.095141) can0 03FF1000#0840112200000001
(1788797455.200141) can0 03FF1000#0840112200000001
(1788797455.305146) can0 03FF1000#0840112200000001
(1788797455.410149) can0 03FF1000#0840112200000001
(1788797455.515154) can0 03FF1000#0840112200000001
(1788797455.620163) can0 03FF1000#0840112200000001
(1788797455.725165) can0 03FF1000#0840112200000001
(1788797455.830172) can0 03FF1000#0840112200000001
(1788797455.935178) can0 03FF1000#0840112200000001
(1788797456.040185) can0 03FF1000#0840112200000001
(1788797456.145191) can0 03FF1000#0840112200000001
(1788797456.250196) can0 03FF1000#0840112200000001
(1788797456.355202) can0 03FF1000#0840112200000001
(1788797456.460206) can0 03FF1000#0840112200000001
(1788797456.565210) can0 03FF1000#0840112200000001
(1788797456.670220) can0 03FF1000#0840112200000001
(1788797456.775224) can0 03FF1000#0840112200000001
(1788797456.880227) can0 03FF1000#0840112200000001
(1788797456.985235) can0 03FF1000#0840112200000001
(1788797457.090239) can0 03FF1000#0840112200000001
(1788797457.195247) can0 03FF1000#0840112200000001
(1788797457.300252) can0 03FF1000#0840112200000001
(1788797457.405255) can0 03FF1000#0840112200000001
(1788797457.510261) can0 03FF1000#0840112200000001
(1788797457.615266) can0 03FF1000#0840112200000001
(1788797457.720274) can0 03FF1000#0840112200000001
(1788797457.825279) can0 03FF1000#0840112200000001
(1788797457.930283) can0 03FF1000#0840112200000001
(1788797458.035292) can0 03FF1000#0840112200000001
(1788797458.140293) can0 03FF1000#0840112200000001
(1788797458.245304) can0 03FF1000#0840112200000001
(1788797458.350308) can0 03FF1000#0840112200000001
(1788797458.455312) can0 03FF1000#0840112200000001
(1788797458.560316) can0 03FF1000#0840112200000001
(1788797458.665321) can0 03FF1000#0840112200000001
(1788797458.770332) can0 03FF1000#0840112200000001
(1788797458.875333) can0 03FF1000#0840112200000001
(1788797458.980343) can0 03FF1000#0840112200000001
(1788797459.085347) can0 03FF1000#0840112200000001
(1788797459.190352) can0 03FF1000#0840112200000001
(1788797459.295358) can0 03FF1000#0840112200000001
(1788797459.400359) can0 03FF1000#0840112200000001
(1788797459.429361) can0 04FF3400#0000004500000000
(1788797459.505366) can0 03FF1000#0840112200000001
(1788797459.610371) can0 03FF1000#0840112200000001
(1788797459.715377) can0 03FF1000#0840112200000001
(1788797459.820382) can0 03FF1000#0840112200000001
(1788797459.925387) can0 03FF1000#0840112200000001
(1788797460.030398) can0 03FF1000#0840112200000001
(1788797460.135400) can0 03FF1000#0840112200000001
(1788797460.240403) can0 03FF1000#0840112200000001
(1788797460.345412) can0 03FF1000#0840112200000001
(1788797460.450414) can0 03FF1000#0840112200000001
(1788797460.555421) can0 03FF1000#0840112200000001
(1788797460.660426) can0 03FF1000#0840112200000001
(1788797460.765432) can0 03FF1000#0840112200000001
(1788797460.870440) can0 03FF1000#0840112200000001
(1788797460.975447) can0 03FF1000#0840112200000001
(1788797461.080451) can0 03FF1000#0840112200000001
(1788797461.185455) can0 03FF1000#0840112200000001
(1788797461.290461) can0 03FF1000#0840112200000001
(1788797461.395466) can0 03FF1000#0840112200000001
(1788797461.500470) can0 03FF1000#0840112200000001
(1788797461.605476) can0 03FF1000#0840112200000001
(1788797461.710481) can0 03FF1000#0840112200000001
(1788797461.815487) can0 03FF1000#0840112200000001
(1788797461.920494) can0 03FF1000#0840112200000001
(1788797462.025503) can0 03FF1000#0840112200000001
(1788797462.130504) can0 03FF1000#0840112200000001
(1788797462.235511) can0 03FF1000#0840112200000001
(1788797462.340517) can0 03FF1000#0840112200000001
(1788797462.445522) can0 03FF1000#0840112200000001
(1788797462.550528) can0 03FF1000#0840112200000001
(1788797462.655533) can0 03FF1000#0840112200000001
(1788797462.760538) can0 03FF1000#0840112200000001
(1788797462.865543) can0 03FF1000#0840112200000001
(1788797462.970554) can0 03FF1000#0840112200000001
(1788797463.075557) can0 03FF1000#0840112200000001
(1788797463.180564) can0 03FF1000#0840112200000001
(1788797463.285569) can0 03FF1000#0840112200000001
(1788797463.390571) can0 03FF1000#0840112200000001
(1788797463.495578) can0 03FF1000#0840112200000001
(1788797463.600581) can0 03FF1000#0840112200000001
(1788797463.705588) can0 03FF1000#0840112200000001
(1788797463.810595) can0 03FF1000#0840112200000001
(1788797463.915598) can0 03FF1000#0840112200000001
(1788797464.020611) can0 03FF1000#0840112200000001
(1788797464.125611) can0 03FF1000#0840112200000001
(1788797464.230617) can0 03FF1000#0840112200000001
(1788797464.335623) can0 03FF1000#0840112200000001
(1788797464.440626) can0 03FF1000#0840112200000001
(1788797464.545632) can0 03FF1000#0840112200000001
(1788797464.650637) can0 03FF1000#0840112200000001
(1788797464.755644) can0 03FF1000#0840112200000001
(1788797464.860652) can0 03FF1000#0840112200000001
(1788797464.965659) can0 03FF1000#0840112200000001
(1788797465.070665) can0 03FF1000#0840112200000001
(1788797465.175666) can0 03FF1000#0840112200000001
(1788797465.280673) can0 03FF1000#0840112200000001
(1788797465.385677) can0 03FF1000#0840112200000001
(1788797465.490682) can0 03FF1000#0840112200000001
(1788797465.595690) can0 03FF1000#0840112200000001
(1788797465.700694) can0 03FF1000#0840112200000001
(1788797465.805700) can0 03FF1000#0840112200000001
(1788797465.910704) can0 03FF1000#0840112200000001
(1788797466.015716) can0 03FF1000#0840112200000001
(1788797466.120718) can0 03FF1000#0840112200000001
(1788797466.225722) can0 03FF1000#0840112200000001
(1788797466.330727) can0 03FF1000#0840112200000001
(1788797466.435737) can0 03FF1000#0840112200000001
(1788797466.540737) can0 03FF1000#0840112200000001
(1788797466.645744) can0 03FF1000#0840112200000001
(1788797466.750750) can0 03FF1000#0840112200000001
(1788797466.855757) can0 03FF1000#0840112200000001
(1788797466.960760) can0 03FF1000#0840112200000001
(1788797467.065770) can0 03FF1000#0840112200000001
(1788797467.170777) can0 03FF1000#0840112200000001
(1788797467.275780) can0 03FF1000#0840112200000001
(1788797467.380782) can0 03FF1000#0840112200000001
(1788797467.485788) can0 03FF1000#0840112200000001
(1788797467.590794) can0 03FF1000#0840112200000001
(1788797467.695800) can0 03FF1000#0840112200000001
(1788797467.800806) can0 03FF1000#0840112200000001
(1788797467.905809) can0 03FF1000#0840112200000001
(1788797468.010820) can0 03FF1000#0840112200000001
(1788797468.115821) can0 03FF1000#0840112200000001
(1788797468.220829) can0 03FF1000#0840112200000001
(1788797468.325833) can0 03FF1000#0840112200000001
(1788797468.430839) can0 03FF1000#0840112200000001
(1788797468.535843) can0 03FF1000#0840112200000001
(1788797468.640848) can0 03FF1000#0840112200000001
(1788797468.745856) can0 03FF1000#0840112200000001
(1788797468.850863) can0 03FF1000#0840112200000001
(1788797468.955865) can0 03FF1000#0840112200000001
(1788797469.060877) can0 03FF1000#0840112200000001
(1788797469.165878) can0 03FF1000#0840112200000001
(1788797469.270885) can0 03FF1000#0840112200000001
(1788797469.375890) can0 03FF1000#0840112200000001
(1788797469.429891) can0 04FF3400#0000004600000000
(1788797469.480892) can0 03FF1000#0840112200000001
(1788797469.585899) can0 03FF1000#0840112200000001
(1788797469.690905) can0 03FF1000#0840112200000001
(1788797469.795912) can0 03FF1000#0840112200000001
(1788797469.900916) can0 03FF1000#0840112200000001
(1788797470.005927) can0 03FF1000#0840112200000001
(1788797470.110928) can0 03FF1000#0840112200000001
(1788797470.215933) can0 03FF1000#0840112200000001
(1788797470.320941) can0 03FF1000#0840112200000001
(1788797470.425944) can0 03FF1000#0840112200000001
(1788797470.530950) can0 03FF1000#0840112200000001
(1788797470.635954) can0 03FF1000#0840112200000001
(1788797470.740960) can0 03FF1000#0840112200000001
(1788797470.845969) can0 03FF1000#0840112200000001
(1788797470.950971) can0 03FF1000#0840112200000001
(1788797471.055982) can0 03FF1000#0840112200000001
(1788797471.160987) can0 03FF1000#0840112200000001
(1788797471.265989) can0 03FF1000#0840112200000001
(1788797471.371000) can0 03FF1000#0840112200000001
(1788797471.476000) can0 03FF1000#0840112200000001
(1788797471.581004) can0 03FF1000#0840112200000001
(1788797471.686010) can0 03FF1000#0840112200000001
(1788797471.791016) can0 03FF1000#0840112200000001
(1788797471.896023) can0 03FF1000#0840112200000001
(1788797472.001031) can0 03FF1000#0840112200000001
(1788797472.106034) can0 03FF1000#0840112200000001
(1788797472.211039) can0 03FF1000#0840112200000001
(1788797472.316045) can0 03FF1000#0840112200000001
(1788797472.421052) can0 03FF1000#0840112200000001
(1788797472.526056) can0 03FF1000#0840112200000001
(1788797472.631059) can0 03FF1000#0840112200000001
(1788797472.736070) can0 03FF1000#0840112200000001
(1788797472.841075) can0 03FF1000#0840112200000001
(1788797472.946082) can0 03FF1000#0840112200000001
(1788797473.051087) can0 03FF1000#0840112200000001
(1788797473.156090) can0 03FF1000#0840112200000001
(1788797473.261097) can0 03FF1000#0840112200000001
(1788797473.366105) can0 03FF1000#0840112200000001
(1788797473.471110) can0 03FF1000#0840112200000001
(1788797473.576112) can0 03FF1000#0840112200000001
(1788797473.681117) can0 03FF1000#0840112200000001
(1788797473.786125) can0 03FF1000#0840112200000001
(1788797473.891129) can0 03FF1000#0840112200000001
(1788797473.996139) can0 03FF1000#0840112200000001
(1788797474.101142) can0 03FF1000#0840112200000001
(1788797474.206145) can0 03FF1000#0840112200000001
(1788797474.311150) can0 03FF1000#0840112200000001
(1788797474.416156) can0 03FF1000#0840112200000001
(1788797474.521163) can0 03FF1000#0840112200000001
(1788797474.626166) can0 03FF1000#0840112200000001
(1788797474.731173) can0 03FF1000#0840112200000001
(1788797474.836179) can0 03FF1000#0840112200000001
(1788797474.941183) can0 03FF1000#0840112200000001
(1788797475.046195) can0 03FF1000#0840112200000001
(1788797475.151199) can0 03FF1000#0840112200000001
(1788797475.256200) can0 03FF1000#0840112200000001
(1788797475.361209) can0 03FF1000#0840112200000001
(1788797475.466213) can0 03FF1000#0840112200000001
(1788797475.571222) can0 03FF1000#0840112200000001
(1788797475.676223) can0 03FF1000#0840112200000001
(1788797475.781232) can0 03FF1000#0840112200000001
(1788797475.886236) can0 03FF1000#0840112200000001
(1788797475.991244) can0 03FF1000#0840112200000001
(1788797476.096256) can0 03FF1000#0840112200000001
(1788797476.201251) can0 03FF1000#0840112200000001
(1788797476.306261) can0 03FF1000#0840112200000001
(1788797476.411265) can0 03FF1000#0840112200000001
(1788797476.516268) can0 03FF1000#0840112200000001
(1788797476.621276) can0 03FF1000#0840112200000001
(1788797476.726279) can0 03FF1000#0840112200000001
(1788797476.830539) can0 03FF1000#0840112200000001
(1788797476.935545) can0 03FF1000#0840112200000001
(1788797477.041300) can0 03FF1000#0840112200000001
(1788797477.146305) can0 03FF1000#0840112200000001
(1788797477.250561) can0 03FF1000#0840112200000001
(1788797477.355567) can0 03FF1000#0840112200000001
(1788797477.460556) can0 03FF1000#0840112200000001
(1788797477.566323) can0 03FF1000#0840112200000001
(1788797477.671332) can0 03FF1000#0840112200000001
(1788797477.775566) can0 03FF1000#0840112200000001
(1788797477.880555) can0 03FF1000#0840112200000001
(1788797477.985580) can0 03FF1000#0840112200000001
(1788797478.090560) can0 03FF1000#0840112200000001
(1788797478.195592) can0 03FF1000#0840112200000001
(1788797478.300594) can0 03FF1000#0840112200000001
(1788797478.405588) can0 03FF1000#0840112200000001
(1788797478.510570) can0 03FF1000#0840112200000001
(1788797478.615609) can0 03FF1000#0840112200000001
(1788797478.720615) can0 03FF1000#0840112200000001
(1788797478.825645) can0 03FF1000#0840112200000001
(1788797478.930581) can0 03FF1000#0840112200000001
(1788797479.035601) can0 03FF1000#0840112200000001
(1788797479.140614) can0 03FF1000#0840112200000001
(1788797479.245613) can0 03FF1000#0840112200000001
(1788797479.350662) can0 03FF1000#0840112200000001
(1788797479.429423) can0 04FF3400#0000004700000000
(1788797479.430420) can0 04FF3603#0300000000000000
(1788797479.455608) can0 03FF1000#0840112200000001
(1788797479.560591) can0 03FF1000#0840112200000001
(1788797479.665621) can0 03FF1000#0840112200000001
(1788797479.770625) can0 03FF1000#0840112200000001
(1788797479.875678) can0 03FF1000#0840112200000001
(1788797479.980607) can0 03FF1000#0840112200000001
(1788797480.085611) can0 03FF1000#0840112200000001
(1788797480.190632) can0 03FF1000#0840112200000001
(1788797480.295645) can0 03FF1000#0840112200000001
(1788797480.400626) can0 03FF1000#0840112200000001
(1788797480.505630) can0 03FF1000#0840112200000001
(1788797480.610624) can0 03FF1000#0840112200000001
(1788797480.715629) can0 03FF1000#0840112200000001
(1788797480.820662) can0 03FF1000#0840112200000001
(1788797480.925640) can0 03FF1000#0840112200000001
(1788797481.030633) can0 03FF1000#0840112200000001
(1788797481.135640) can0 03FF1000#0840112200000001
(1788797481.240645) can0 03FF1000#0840112200000001
(1788797481.345666) can0 03FF1000#0840112200000001
(1788797481.450653) can0 03FF1000#0840112200000001
(1788797481.555662) can0 03FF1000#0840112200000001
(1788797481.660658) can0 03FF1000#0840112200000001
(1788797481.765650) can0 03FF1000#0840112200000001
(1788797481.870671) can0 03FF1000#0840112200000001
(1788797481.975674) can0 03FF1000#0840112200000001
(1788797482.080659) can0 03FF1000#0840112200000001
(1788797482.185707) can0 03FF1000#0840112200000001
(1788797482.290662) can0 03FF1000#0840112200000001
(1788797482.395687) can0 03FF1000#0840112200000001
(1788797482.500678) can0 03FF1000#0840112200000001
(1788797482.605671) can0 03FF1000#0840112200000001
(1788797482.710719) can0 03FF1000#0840112200000001
(1788797482.815671) can0 03FF1000#0840112200000001
(1788797482.920703) can0 03FF1000#0840112200000001
(1788797483.025699) can0 03FF1000#0840112200000001
(1788797483.130679) can0 03FF1000#0840112200000001
(1788797483.235728) can0 03FF1000#0840112200000001
(1788797483.340687) can0 03FF1000#0840112200000001
(1788797483.445707) can0 03FF1000#0840112200000001
(1788797483.550707) can0 03FF1000#0840112200000001
(1788797483.655693) can0 03FF1000#0840112200000001
(1788797483.760699) can0 03FF1000#0840112200000001
(1788797483.865707) can0 03FF1000#0840112200000001
(1788797483.970721) can0 03FF1000#0840112200000001
(1788797484.075730) can0 03FF1000#0840112200000001
(1788797484.180712) can0 03FF1000#0840112200000001
(1788797484.285714) can0 03FF1000#0840112200000001
(1788797484.390734) can0 03FF1000#0840112200000001
(1788797484.495740) can0 03FF1000#0840112200000001
(1788797484.600731) can0 03FF1000#0840112200000001
(1788797484.705714) can0 03FF1000#0840112200000001
(1788797484.810715) can0 03FF1000#0840112200000001
(1788797484.915725) can0 03FF1000#0840112200000001
(1788797485.020770) can0 03FF1000#0840112200000001
(1788797485.125747) can0 03FF1000#0840112200000001
(1788797485.230748) can0 03FF1000#0840112200000001
(1788797485.335736) can0 03FF1000#0840112200000001
(1788797485.440740) can0 03FF1000#0840112200000001
(1788797485.545785) can0 03FF1000#0840112200000001
(1788797485.650753) can0 03FF1000#0840112200000001
(1788797485.755758) can0 03FF1000#0840112200000001
(1788797485.860764) can0 03FF1000#0840112200000001
(1788797485.965768) can0 03FF1000#0840112200000001
(1788797486.070785) can0 03FF1000#0840112200000001
(1788797486.175780) can0 03FF1000#0840112200000001
(1788797486.280786) can0 03FF1000#0840112200000001
(1788797486.385792) can0 03FF1000#0840112200000001
(1788797486.490796) can0 03FF1000#0840112200000001
(1788797486.595807) can0 03FF1000#0840112200000001
(1788797486.700809) can0 03FF1000#0840112200000001
(1788797486.805815) can0 03FF1000#0840112200000001
(1788797486.910820) can0 03FF1000#0840112200000001
(1788797487.015825) can0 03FF1000#0840112200000001
(1788797487.120835) can0 03FF1000#0840112200000001
(1788797487.225837) can0 03FF1000#0840112200000001
(1788797487.330842) can0 03FF1000#0840112200000001
(1788797487.435849) can0 03FF1000#0840112200000001
(1788797487.540852) can0 03FF1000#0840112200000001
(1788797487.645860) can0 03FF1000#0840112200000001
(1788797487.750864) can0 03FF1000#0840112200000001
(1788797487.855869) can0 03FF1000#0840112200000001
(1788797487.960875) can0 03FF1000#0840112200000001
(1788797488.065880) can0 03FF1000#0840112200000001
(1788797488.170889) can0 03FF1000#0840112200000001
(1788797488.275891) can0 03FF1000#0840112200000001
(1788797488.380897) can0 03FF1000#0840112200000001
(1788797488.485903) can0 03FF1000#0840112200000001
(1788797488.590907) can0 03FF1000#0840112200000001
(1788797488.695914) can0 03FF1000#0840112200000001
(1788797488.800918) can0 03FF1000#0840112200000001
(1788797488.905924) can0 03FF1000#0840112200000001
(1788797489.010930) can0 03FF1000#0840112200000001
(1788797489.115936) can0 03FF1000#0840112200000001
(1788797489.220948) can0 03FF1000#0840112200000001
(1788797489.325948) can0 03FF1000#0840112200000001
(1788797489.429044) can0 04FF3400#0000004800000000
(1788797489.430951) can0 03FF1000#0840112200000001
(1788797489.535957) can0 03FF1000#0840112200000001
(1788797489.640963) can0 03FF1000#0840112200000001
(1788797489.745970) can0 03FF1000#0840112200000001
(1788797489.850976) can0 03FF1000#0840112200000001
(1788797489.955980) can0 03FF1000#0840112200000001
(1788797490.060985) can0 03FF1000#0840112200000001
(1788797490.165991) can0 03FF1000#0840112200000001
(1788797490.270998) can0 03FF1000#0840112200000001
(1788797490.376002) can0 03FF1000#0840112200000001
(1788797490.481008) can0 03FF1000#0840112200000001
(1788797490.586012) can0 03FF1000#0840112200000001
(1788797490.691020) can0 03FF1000#0840112200000001
(1788797490.796026) can0 03FF1000#0840112200000001
(1788797490.901030) can0 03FF1000#0840112200000001
(1788797491.006037) can0 03FF1000#0840112200000001
(1788797491.111045) can0 03FF1000#0840112200000001
(1788797491.216050) can0 03FF1000#0840112200000001
(1788797491.321054) can0 03FF1000#0840112200000001
(1788797491.426060) can0 03FF1000#0840112200000001
(1788797491.531064) can0 03FF1000#0840112200000001
(1788797491.636069) can0 03FF1000#0840112200000001
(1788797491.741075) can0 03FF1000#0840112200000001
(1788797491.846084) can0 03FF1000#0840112200000001
(1788797491.951086) can0 03FF1000#0840112200000001
(1788797492.056092) can0 03FF1000#0840112200000001
(1788797492.161097) can0 03FF1000#0840112200000001
(1788797492.266102) can0 03FF1000#0840112200000001
(1788797492.371112) can0 03FF1000#0840112200000001
(1788797492.476113) can0 03FF1000#0840112200000001
(1788797492.581120) can0 03FF1000#0840112200000001
(1788797492.686127) can0 03FF1000#0840112200000001
(1788797492.791130) can0 03FF1000#0840112200000001
(1788797492.896139) can0 03FF1000#0840112200000001
(1788797493.001143) can0 03FF1000#0840112200000001
(1788797493.106148) can0 03FF1000#0840112200000001
(1788797493.211153) can0 03FF1000#0840112200000001
(1788797493.316163) can0 03FF1000#0840112200000001
(1788797493.421168) can0 03FF1000#0840112200000001
(1788797493.526172) can0 03FF1000#0840112200000001
(1788797493.631178) can0 03FF1000#0840112200000001
(1788797493.736184) can0 03FF1000#0840112200000001
(1788797493.841190) can0 03FF1000#0840112200000001
(1788797493.946197) can0 03FF1000#0840112200000001
(1788797494.051200) can0 03FF1000#0840112200000001
(1788797494.156207) can0 03FF1000#0840112200000001
(1788797494.261213) can0 03FF1000#0840112200000001
(1788797494.366217) can0 03FF1000#0840112200000001
(1788797494.471224) can0 03FF1000#0840112200000001
(1788797494.576228) can0 03FF1000#0840112200000001
(1788797494.681235) can0 03FF1000#0840112200000001
(1788797494.786240) can0 03FF1000#0840112200000001
(1788797494.891246) can0 03FF1000#0840112200000001
(1788797494.996252) can0 03FF1000#0840112200000001
(1788797495.101257) can0 03FF1000#0840112200000001
(1788797495.206262) can0 03FF1000#0840112200000001
(1788797495.311268) can0 03FF1000#0840112200000001
(1788797495.416273) can0 03FF1000#0840112200000001
(1788797495.521280) can0 03FF1000#0840112200000001
(1788797495.626284) can0 03FF1000#0840112200000001
(1788797495.731288) can0 03FF1000#0840112200000001
(1788797495.836295) can0 03FF1000#0840112200000001
(1788797495.941302) can0 03FF1000#0840112200000001
(1788797496.046309) can0 03FF1000#0840112200000001
(1788797496.151312) can0 03FF1000#0840112200000001
(1788797496.256315) can0 03FF1000#0840112200000001
(1788797496.361323) can0 03FF1000#0840112200000001
(1788797496.466328) can0 03FF1000#0840112200000001
(1788797496.571336) can0 03FF1000#0840112200000001
(1788797496.676339) can0 03FF1000#0840112200000001
(1788797496.781344) can0 03FF1000#0840112200000001
(1788797496.886351) can0 03FF1000#0840112200000001
(1788797496.991356) can0 03FF1000#0840112200000001
(1788797497.096365) can0 03FF1000#0840112200000001
(1788797497.201367) can0 03FF1000#0840112200000001
(1788797497.306374) can0 03FF1000#0840112200000001
(1788797497.411379) can0 03FF1000#0840112200000001
(1788797497.516385) can0 03FF1000#0840112200000001
(1788797497.621392) can0 03FF1000#0840112200000001
(1788797497.726395) can0 03FF1000#0840112200000001
(1788797497.831400) can0 03FF1000#0840112200000001
(1788797497.936406) can0 03FF1000#0840112200000001
(1788797498.041412) can0 03FF1000#0840112200000001
(1788797498.146419) can0 03FF1000#0840112200000001
(1788797498.251423) can0 03FF1000#0840112200000001
(1788797498.356429) can0 03FF1000#0840112200000001
(1788797498.461435) can0 03FF1000#0840112200000001
(1788797498.566440) can0 03FF1000#0840112200000001
(1788797498.671447) can0 03FF1000#0840112200000001
(1788797498.776450) can0 03FF1000#0840112200000001
(1788797498.881456) can0 03FF1000#0840112200000001
(1788797498.986463) can0 03FF1000#0840112200000001
(1788797499.091467) can0 03FF1000#0840112200000001
(1788797499.196475) can0 03FF1000#0840112200000001
(1788797499.301478) can0 03FF1000#0840112200000001
(1788797499.406484) can0 03FF1000#0840112200000001
(1788797499.429486) can0 04FF3400#0000004900000000
(1788797499.511490) can0 03FF1000#0840112200000001
(1788797499.616496) can0 03FF1000#0840112200000001
(1788797499.721504) can0 03FF1000#0840112200000001
(1788797499.826507) can0 03FF1000#0840112200000001
(1788797499.931512) can0 03FF1000#0840112200000001
(1788797500.036521) can0 03FF1000#0840112200000001
(1788797500.141524) can0 03FF1000#0840112200000001
(1788797500.246532) can0 03FF1000#0840112200000001
(1788797500.351535) can0 03FF1000#0840112200000001
(1788797500.456540) can0 03FF1000#0840112200000001
(1788797500.561546) can0 03FF1000#0840112200000001
(1788797500.666553) can0 03FF1000#0840112200000001
(1788797500.771560) can0 03FF1000#0840112200000001
(1788797500.876562) can0 03FF1000#0840112200000001
(1788797500.981568) can0 03FF1000#0840112200000001
(1788797501.086574) can0 03FF1000#0840112200000001
(1788797501.191580) can0 03FF1000#0840112200000001
(1788797501.296588) can0 03FF1000#0840112200000001
(1788797501.401591) can0 03FF1000#0840112200000001
(1788797501.506594) can0 03FF1000#0840112200000001
(1788797501.611598) can0 03FF1000#0840112200000001
(1788797501.716604) can0 03FF1000#0840112200000001
(1788797501.821615) can0 03FF1000#0840112200000001
(1788797501.926618) can0 03FF1000#0840112200000001
(1788797502.031622) can0 03FF1000#0840112200000001
(1788797502.136627) can0 03FF1000#0840112200000001
(1788797502.241633) can0 03FF1000#0840112200000001
(1788797502.346645) can0 03FF1000#0840112200000001
(1788797502.451646) can0 03FF1000#0840112200000001
(1788797502.556649) can0 03FF1000#0840112200000001
(1788797502.661654) can0 03FF1000#0840112200000001
(1788797502.766659) can0 03FF1000#0840112200000001
(1788797502.871673) can0 03FF1000#0840112200000001
(1788797502.976674) can0 03FF1000#0840112200000001
(1788797503.081682) can0 03FF1000#0840112200000001
(1788797503.186685) can0 03FF1000#0840112200000001
(1788797503.291689) can0 03FF1000#0840112200000001
(1788797503.396699) can0 03FF1000#0840112200000001
(1788797503.501702) can0 03FF1000#0840112200000001
(1788797503.606705) can0 03FF1000#0840112200000001
(1788797503.711710) can0 03FF1000#0840112200000001
(1788797503.816716) can0 03FF1000#0840112200000001
(1788797503.921726) can0 03FF1000#0840112200000001
(1788797504.026735) can0 03FF1000#0840112200000001
(1788797504.131735) can0 03FF1000#0840112200000001
(1788797504.236738) can0 03FF1000#0840112200000001
(1788797504.341748) can0 03FF1000#0840112200000001
(1788797504.446756) can0 03FF1000#0840112200000001
(1788797504.551757) can0 03FF1000#0840112200000001
(1788797504.656764) can0 03FF1000#0840112200000001
(1788797504.761767) can0 03FF1000#0840112200000001
(1788797504.866773) can0 03FF1000#0840112200000001
(1788797504.971782) can0 03FF1000#0840112200000001
(1788797505.076787) can0 03FF1000#0840112200000001
(1788797505.181792) can0 03FF1000#0840112200000001
(1788797505.286796) can0 03FF1000#0840112200000001
(1788797505.391803) can0 03FF1000#0840112200000001
(1788797505.496810) can0 03FF1000#0840112200000001
(1788797505.601813) can0 03FF1000#0840112200000001
(1788797505.706818) can0 03FF1000#0840112200000001
(1788797505.811825) can0 03FF1000#0840112200000001
(1788797505.916830) can0 03FF1000#0840112200000001
(1788797506.021839) can0 03FF1000#0840112200000001
(1788797506.126841) can0 03FF1000#0840112200000001
(1788797506.231847) can0 03FF1000#0840112200000001
(1788797506.336853) can0 03FF1000#0840112200000001
(1788797506.441857) can0 03FF1000#0840112200000001
(1788797506.546866) can0 03FF1000#0840112200000001
(1788797506.651868) can0 03FF1000#0840112200000001
(1788797506.756874) can0 03FF1000#0840112200000001
(1788797506.861881) can0 03FF1000#0840112200000001
(1788797506.966885) can0 03FF1000#0840112200000001
(1788797507.071894) can0 03FF1000#0840112200000001
(1788797507.176897) can0 03FF1000#0840112200000001
(1788797507.281903) can0 03FF1000#0840112200000001
(1788797507.386908) can0 03FF1000#0840112200000001
(1788797507.491914) can0 03FF1000#0840112200000001
(1788797507.596921) can0 03FF1000#0840112200000001
(1788797507.701925) can0 03FF1000#0840112200000001
(1788797507.806930) can0 03FF1000#0840112200000001
(1788797507.911937) can0 03FF1000#0840112200000001
(1788797508.016943) can0 03FF1000#0840112200000001
(1788797508.121950) can0 03FF1000#0840112200000001
(1788797508.226953) can0 03FF1000#0840112200000001
(1788797508.331959) can0 03FF1000#0840112200000001
(1788797508.436963) can0 03FF1000#0840112200000001
(1788797508.541967) can0 03FF1000#0840112200000001
(1788797508.646231) can0 03FF1000#0840112200000001
(1788797508.751980) can0 03FF1000#0840112200000001
(1788797508.856987) can0 03FF1000#0840112200000001
(1788797508.961991) can0 03FF1000#0840112200000001
(1788797509.066243) can0 03FF1000#0840112200000001
(1788797509.171250) can0 03FF1000#0840112200000001
(1788797509.276240) can0 03FF1000#0840112200000001
(1788797509.381268) can0 03FF1000#0840112200000001
(1788797509.429016) can0 04FF3400#0000004A00000000
(1788797509.486260) can0 03FF1000#0840112200000001
(1788797509.591249) can0 03FF1000#0840112200000001
(1788797509.696241) can0 03FF1000#0840112200000001
(1788797509.801245) can0 03FF1000#0840112200000001
(1788797509.906286) can0 03FF1000#0840112200000001
(1788797510.011276) can0 03FF1000#0840112200000001
(1788797510.116261) can0 03FF1000#0840112200000001
(1788797510.221268) can0 03FF1000#0840112200000001
(1788797510.326297) can0 03FF1000#0840112200000001
(1788797510.431289) can0 03FF1000#0840112200000001
(1788797510.536283) can0 03FF1000#0840112200000001
(1788797510.641263) can0 03FF1000#0840112200000001
(1788797510.746285) can0 03FF1000#0840112200000001
(1788797510.851333) can0 03FF1000#0840112200000001
(1788797510.956307) can0 03FF1000#0840112200000001
(1788797511.061289) can0 03FF1000#0840112200000001
(1788797511.166294) can0 03FF1000#0840112200000001
(1788797511.271274) can0 03FF1000#0840112200000001
(1788797511.376332) can0 03FF1000#0840112200000001
(1788797511.481310) can0 03FF1000#0840112200000001
(1788797511.586303) can0 03FF1000#0840112200000001
(1788797511.691296) can0 03FF1000#0840112200000001
(1788797511.796294) can0 03FF1000#0840112200000001
(1788797511.901333) can0 03FF1000#0840112200000001
(1788797512.006329) can0 03FF1000#0840112200000001
(1788797512.111330) can0 03FF1000#0840112200000001
(1788797512.216315) can0 03FF1000#0840112200000001
(1788797512.321312) can0 03FF1000#0840112200000001
(1788797512.426303) can0 03FF1000#0840112200000001
(1788797512.531328) can0 03FF1000#0840112200000001
(1788797512.636335) can0 03FF1000#0840112200000001
(1788797512.741306) can0 03FF1000#0840112200000001
(1788797512.846330) can0 03FF1000#0840112200000001
(1788797512.951308) can0 03FF1000#0840112200000001
(1788797513.056350) can0 03FF1000#0840112200000001
(1788797513.161342) can0 03FF1000#0840112200000001
(1788797513.266335) can0 03FF1000#0840112200000001
(1788797513.371329) can0 03FF1000#0840112200000001
(1788797513.476336) can0 03FF1000#0840112200000001
(1788797513.581364) can0 03FF1000#0840112200000001
(1788797513.686402) can0 03FF1000#0840112200000001
(1788797513.791345) can0 03FF1000#0840112200000001
(1788797513.896350) can0 03FF1000#0840112200000001
(1788797514.001341) can0 03FF1000#0840112200000001
(1788797514.106370) can0 03FF1000#0840112200000001
(1788797514.211422) can0 03FF1000#0840112200000001
(1788797514.316368) can0 03FF1000#0840112200000001
(1788797514.421366) can0 03FF1000#0840112200000001
(1788797514.526359) can0 03FF1000#0840112200000001
(1788797514.631379) can0 03FF1000#0840112200000001
(1788797514.736424) can0 03FF1000#0840112200000001
(1788797514.841375) can0 03FF1000#0840112200000001
(1788797514.946370) can0 03FF1000#0840112200000001
(1788797515.051369) can0 03FF1000#0840112200000001
(1788797515.156405) can0 03FF1000#0840112200000001
(1788797515.261395) can0 03FF1000#0840112200000001
(1788797515.366378) can0 03FF1000#0840112200000001
(1788797515.471385) can0 03FF1000#0840112200000001
(1788797515.576378) can0 03FF1000#0840112200000001
(1788797515.681416) can0 03FF1000#0840112200000001
(1788797515.786396) can0 03FF1000#0840112200000001
(1788797515.891401) can0 03FF1000#0840112200000001
(1788797515.996390) can0 03FF1000#0840112200000001
(1788797516.101407) can0 03FF1000#0840112200000001
(1788797516.206418) can0 03FF1000#0840112200000001
(1788797516.311427) can0 03FF1000#0840112200000001
(1788797516.416411) can0 03FF1000#0840112200000001
(1788797516.521395) can0 03FF1000#0840112200000001
(1788797516.626399) can0 03FF1000#0840112200000001
(1788797516.731437) can0 03FF1000#0840112200000001
(1788797516.836433) can0 03FF1000#0840112200000001
(1788797516.941418) can0 03FF1000#0840112200000001
(1788797517.046467) can0 03FF1000#0840112200000001
(1788797517.151426) can0 03FF1000#0840112200000001
(1788797517.256432) can0 03FF1000#0840112200000001
(1788797517.361450) can0 03FF1000#0840112200000001
(1788797517.466445) can0 03FF1000#0840112200000001
(1788797517.571486) can0 03FF1000#0840112200000001
(1788797517.676454) can0 03FF1000#0840112200000001
(1788797517.781458) can0 03FF1000#0840112200000001
(1788797517.886466) can0 03FF1000#0840112200000001
(1788797517.991471) can0 03FF1000#0840112200000001
(1788797518.096492) can0 03FF1000#0840112200000001
(1788797518.201483) can0 03FF1000#0840112200000001
(1788797518.306488) can0 03FF1000#0840112200000001
(1788797518.411494) can0 03FF1000#0840112200000001
(1788797518.516500) can0 03FF1000#0840112200000001
(1788797518.621507) can0 03FF1000#0840112200000001
(1788797518.726510) can0 03FF1000#0840112200000001
(1788797518.831517) can0 03FF1000#0840112200000001
(1788797518.936521) can0 03FF1000#0840112200000001
(1788797519.041529) can0 03FF1000#0840112200000001
(1788797519.146536) can0 03FF1000#0840112200000001
(1788797519.251538) can0 03FF1000#0840112200000001
(1788797519.356544) can0 03FF1000#0840112200000001
(1788797519.428779) can0 04FF3400#0000004B00000000
(1788797519.461546) can0 03FF1000#0840112200000001
(1788797519.566551) can0 03FF1000#0840112200000001
(1788797519.671563) can0 03FF1000#0840112200000001
(1788797519.776566) can0 03FF1000#0840112200000001
(1788797519.881572) can0 03FF1000#0840112200000001
(1788797519.986579) can0 03FF1000#0840112200000001
(1788797520.091585) can0 03FF1000#0840112200000001
(1788797520.196591) can0 03FF1000#0840112200000001
(1788797520.301595) can0 03FF1000#0840112200000001
(1788797520.406602) can0 03FF1000#0840112200000001
(1788797520.511605) can0 03FF1000#0840112200000001
(1788797520.616610) can0 03FF1000#0840112200000001
(1788797520.721618) can0 03FF1000#0840112200000001
(1788797520.826623) can0 03FF1000#0840112200000001
(1788797520.931628) can0 03FF1000#0840112200000001
(1788797521.036633) can0 03FF1000#0840112200000001
(1788797521.141638) can0 03FF1000#0840112200000001
(1788797521.246647) can0 03FF1000#0840112200000001
(1788797521.351652) can0 03FF1000#0840112200000001
(1788797521.456655) can0 03FF1000#0840112200000001
(1788797521.561659) can0 03FF1000#0840112200000001
(1788797521.666663) can0 03FF1000#0840112200000001
(1788797521.771675) can0 03FF1000#0840112200000001
(1788797521.876680) can0 03FF1000#0840112200000001
(1788797521.981683) can0 03FF1000#0840112200000001
(1788797522.086690) can0 03FF1000#0840112200000001
(1788797522.191694) can0 03FF1000#0840112200000001
(1788797522.296701) can0 03FF1000#0840112200000001
(1788797522.401706) can0 03FF1000#0840112200000001
(1788797522.506711) can0 03FF1000#0840112200000001
(1788797522.611715) can0 03FF1000#0840112200000001
(1788797522.716719) can0 03FF1000#0840112200000001
(1788797522.821729) can0 03FF1000#0840112200000001
(1788797522.926735) can0 03FF1000#0840112200000001
(1788797523.031739) can0 03FF1000#0840112200000001
(1788797523.136745) can0 03FF1000#0840112200000001
(1788797523.241749) can0 03FF1000#0840112200000001
(1788797523.346758) can0 03FF1000#0840112200000001
(1788797523.451761) can0 03FF1000#0840112200000001
(1788797523.556764) can0 03FF1000#0840112200000001
(1788797523.661771) can0 03FF1000#0840112200000001
(1788797523.766775) can0 03FF1000#0840112200000001
(1788797523.871787) can0 03FF1000#0840112200000001
(1788797523.976789) can0 03FF1000#0840112200000001
(1788797524.081796) can0 03FF1000#0840112200000001
(1788797524.186800) can0 03FF1000#0840112200000001
(1788797524.291804) can0 03FF1000#0840112200000001
(1788797524.396815) can0 03FF1000#0840112200000001
(1788797524.501817) can0 03FF1000#0840112200000001
(1788797524.606820) can0 03FF1000#0840112200000001
(1788797524.711826) can0 03FF1000#0840112200000001
(1788797524.816831) can0 03FF1000#0840112200000001
(1788797524.921842) can0 03FF1000#0840112200000001
(1788797525.026847) can0 03FF1000#0840112200000001
(1788797525.131850) can0 03FF1000#0840112200000001
(1788797525.236854) can0 03FF1000#0840112200000001
(1788797525.341861) can0 03FF1000#0840112200000001
(1788797525.446870) can0 03FF1000#0840112200000001
(1788797525.551874) can0 03FF1000#0840112200000001
(1788797525.656878) can0 03FF1000#0840112200000001
(1788797525.761880) can0 03FF1000#0840112200000001
(1788797525.866892) can0 03FF1000#0840112200000001
(1788797525.971898) can0 03FF1000#0840112200000001
(1788797526.076902) can0 03FF1000#0840112200000001
(1788797526.181907) can0 03FF1000#0840112200000001
(1788797526.286909) can0 03FF1000#0840112200000001
(1788797526.391922) can0 03FF1000#0840112200000001
(1788797526.496926) can0 03FF1000#0840112200000001
(1788797526.601928) can0 03FF1000#0840112200000001
(1788797526.706933) can0 03FF1000#0840112200000001
(1788797526.811937) can0 03FF1000#0840112200000001
(1788797526.916945) can0 03FF1000#0840112200000001
(1788797527.021953) can0 03FF1000#0840112200000001
(1788797527.126959) can0 03FF1000#0840112200000001
(1788797527.231962) can0 03FF1000#0840112200000001
(1788797527.336967) can0 03FF1000#0840112200000001
(1788797527.441974) can0 03FF1000#0840112200000001
(1788797527.546980) can0 03FF1000#0840112200000001
(1788797527.651984) can0 03FF1000#0840112200000001
(1788797527.756988) can0 03FF1000#0840112200000001
(1788797527.861995) can0 03FF1000#0840112200000001
(1788797527.967001) can0 03FF1000#0840112200000001
(1788797528.072009) can0 03FF1000#0840112200000001
(1788797528.177013) can0 03FF1000#0840112200000001
(1788797528.282016) can0 03FF1000#0840112200000001
(1788797528.387024) can0 03FF1000#0840112200000001
(1788797528.492029) can0 03FF1000#0840112200000001
(1788797528.597037) can0 03FF1000#0840112200000001
(1788797528.702041) can0 03FF1000#0840112200000001
(1788797528.807043) can0 03FF1000#0840112200000001
(1788797528.912051) can0 03FF1000#0840112200000001
(1788797529.017057) can0 03FF1000#0840112200000001
(1788797529.122064) can0 03FF1000#0840112200000001
(1788797529.227070) can0 03FF1000#0840112200000001
(1788797529.332074) can0 03FF1000#0840112200000001
(1788797529.429079) can0 04FF3400#0000004C00000000
(1788797529.437079) can0 03FF1000#0840112200000001
(1788797529.542084) can0 03FF1000#0840112200000001
(1788797529.647093) can0 03FF1000#0840112200000001
(1788797529.752095) can0 03FF1000#0840112200000001
(1788797529.857104) can0 03FF1000#0840112200000001
(1788797529.962112) can0 03FF1000#0840112200000001
(1788797530.067114) can0 03FF1000#0840112200000001
(1788797530.172122) can0 03FF1000#0840112200000001
(1788797530.277124) can0 03FF1000#0840112200000001
(1788797530.382130) can0 03FF1000#0840112200000001
(1788797530.487136) can0 03FF1000#0840112200000001
(1788797530.592139) can0 03FF1000#0840112200000001
(1788797530.697148) can0 03FF1000#0840112200000001
(1788797530.802153) can0 03FF1000#0840112200000001
(1788797530.907158) can0 03FF1000#0840112200000001
(1788797531.012162) can0 03FF1000#0840112200000001
(1788797531.117170) can0 03FF1000#0840112200000001
(1788797531.222177) can0 03FF1000#0840112200000001
(1788797531.327181) can0 03FF1000#0840112200000001
(1788797531.432188) can0 03FF1000#0840112200000001
(1788797531.537190) can0 03FF1000#0840112200000001
(1788797531.642194) can0 03FF1000#0840112200000001
(1788797531.747204) can0 03FF1000#0840112200000001
(1788797531.852209) can0 03FF1000#0840112200000001
(1788797531.957213) can0 03FF1000#0840112200000001
(1788797532.062220) can0 03FF1000#0840112200000001
(1788797532.167223) can0 03FF1000#0840112200000001
(1788797532.272232) can0 03FF1000#0840112200000001
(1788797532.377237) can0 03FF1000#0840112200000001
(1788797532.482241) can0 03FF1000#0840112200000001
(1788797532.587245) can0 03FF1000#0840112200000001
(1788797532.692250) can0 03FF1000#0840112200000001
(1788797532.797261) can0 03FF1000#0840112200000001
(1788797532.902265) can0 03FF1000#0840112200000001
(1788797533.007269) can0 03FF1000#0840112200000001
(1788797533.112275) can0 03FF1000#0840112200000001
(1788797533.217280) can0 03FF1000#0840112200000001
(1788797533.322287) can0 03FF1000#0840112200000001
(1788797533.427293) can0 03FF1000#0840112200000001
(1788797533.532297) can0 03FF1000#0840112200000001
(1788797533.637300) can0 03FF1000#0840112200000001
(1788797533.742305) can0 03FF1000#0840112200000001
(1788797533.847316) can0 03FF1000#0840112200000001
(1788797533.952320) can0 03FF1000#0840112200000001
(1788797534.057326) can0 03FF1000#0840112200000001
(1788797534.162330) can0 03FF1000#0840112200000001
(1788797534.267333) can0 03FF1000#0840112200000001
(1788797534.372344) can0 03FF1000#0840112200000001
(1788797534.477347) can0 03FF1000#0840112200000001
(1788797534.582350) can0 03FF1000#0840112200000001
(1788797534.687355) can0 03FF1000#0840112200000001
(1788797534.792361) can0 03FF1000#0840112200000001
(1788797534.897372) can0 03FF1000#0840112200000001
(1788797535.002374) can0 03FF1000#0840112200000001
(1788797535.107381) can0 03FF1000#0840112200000001
(1788797535.212386) can0 03FF1000#0840112200000001
(1788797535.317389) can0 03FF1000#0840112200000001
(1788797535.422401) can0 03FF1000#0840112200000001
(1788797535.527403) can0 03FF1000#0840112200000001
(1788797535.632404) can0 03FF1000#0840112200000001
(1788797535.737414) can0 03FF1000#0840112200000001
(1788797535.842418) can0 03FF1000#0840112200000001
(1788797535.947429) can0 03FF1000#0840112200000001
(1788797536.052431) can0 03FF1000#0840112200000001
(1788797536.157433) can0 03FF1000#0840112200000001
(1788797536.262440) can0 03FF1000#0840112200000001
(1788797536.367447) can0 03FF1000#0840112200000001
(1788797536.472457) can0 03FF1000#0840112200000001
(1788797536.577459) can0 03FF1000#0840112200000001
(1788797536.682462) can0 03FF1000#0840112200000001
(1788797536.787466) can0 03FF1000#0840112200000001
(1788797536.892474) can0 03FF1000#0840112200000001
(1788797536.997484) can0 03FF1000#0840112200000001
(1788797537.102487) can0 03FF1000#0840112200000001
(1788797537.207490) can0 03FF1000#0840112200000001
(1788797537.312494) can0 03FF1000#0840112200000001
(1788797537.417500) can0 03FF1000#0840112200000001
(1788797537.522511) can0 03FF1000#0840112200000001
(1788797537.627513) can0 03FF1000#0840112200000001
(1788797537.732517) can0 03FF1000#0840112200000001
(1788797537.837522) can0 03FF1000#0840112200000001
(1788797537.942528) can0 03FF1000#0840112200000001
(1788797538.047538) can0 03FF1000#0840112200000001
(1788797538.152542) can0 03FF1000#0840112200000001
(1788797538.257545) can0 03FF1000#0840112200000001
(1788797538.362551) can0 03FF1000#0840112200000001
(1788797538.467557) can0 03FF1000#0840112200000001
(1788797538.572566) can0 03FF1000#0840112200000001
(1788797538.677569) can0 03FF1000#0840112200000001
(1788797538.782573) can0 03FF1000#0840112200000001
(1788797538.887579) can0 03FF1000#0840112200000001
(1788797538.992585) can0 03FF1000#0840112200000001
(1788797539.097597) can0 03FF1000#0840112200000001
(1788797539.202599) can0 03FF1000#0840112200000001
(1788797539.307602) can0 03FF1000#0840112200000001
(1788797539.412607) can0 03FF1000#0840112200000001
(1788797539.428607) can0 04FF3400#0000004D00000000
(1788797539.429607) can0 04FF3603#0300000000000000
(1788797539.517612) can0 03FF1000#0840112200000001
(1788797539.622624) can0 03FF1000#0840112200000001
(1788797539.727626) can0 03FF1000#0840112200000001
(1788797539.832629) can0 03FF1000#0840112200000001
(1788797539.937634) can0 03FF1000#0840112200000001
(1788797540.042640) can0 03FF1000#0840112200000001
(1788797540.147650) can0 03FF1000#0840112200000001
(1788797540.252654) can0 03FF1000#0840112200000001
(1788797540.357656) can0 03FF1000#0840112200000001
(1788797540.461921) can0 03FF1000#0840112200000001
(1788797540.567670) can0 03FF1000#0840112200000001
(1788797540.672678) can0 03FF1000#0840112200000001
(1788797540.776925) can0 03FF1000#0840112200000001
(1788797540.881929) can0 03FF1000#0840112200000001
(1788797540.986930) can0 03FF1000#0840112200000001
(1788797541.091950) can0 03FF1000#0840112200000001
(1788797541.196960) can0 03FF1000#0840112200000001
(1788797541.301929) can0 03FF1000#0840112200000001
(1788797541.406920) can0 03FF1000#0840112200000001
(1788797541.511939) can0 03FF1000#0840112200000001
(1788797541.616955) can0 03FF1000#0840112200000001
(1788797541.721964) can0 03FF1000#0840112200000001
(1788797541.826941) can0 03FF1000#0840112200000001
(1788797541.931961) can0 03FF1000#0840112200000001
(1788797542.036954) can0 03FF1000#0840112200000001
(1788797542.141973) can0 03FF1000#0840112200000001
(1788797542.246966) can0 03FF1000#0840112200000001
(1788797542.352019) can0 03FF1000#0840112200000001
(1788797542.456966) can0 03FF1000#0840112200000001
(1788797542.561959) can0 03FF1000#0840112200000001
(1788797542.666987) can0 03FF1000#0840112200000001
(1788797542.771987) can0 03FF1000#0840112200000001
(1788797542.877025) can0 03FF1000#0840112200000001
(1788797542.981958) can0 03FF1000#0840112200000001
(1788797543.086978) can0 03FF1000#0840112200000001
(1788797543.191993) can0 03FF1000#0840112200000001
(1788797543.296986) can0 03FF1000#0840112200000001
(1788797543.402026) can0 03FF1000#0840112200000001
(1788797543.506975) can0 03FF1000#0840112200000001
(1788797543.611969) can0 03FF1000#0840112200000001
(1788797543.717008) can0 03FF1000#0840112200000001
(1788797543.822007) can0 03FF1000#0840112200000001
(1788797543.926999) can0 03FF1000#0840112200000001
(1788797544.031993) can0 03FF1000#0840112200000001
(1788797544.136986) can0 03FF1000#0840112200000001
(1788797544.242012) can0 03FF1000#0840112200000001
(1788797544.347011) can0 03FF1000#0840112200000001
(1788797544.452004) can0 03FF1000#0840112200000001
(1788797544.557007) can0 03FF1000#0840112200000001
(1788797544.661996) can0 03FF1000#0840112200000001
(1788797544.767029) can0 03FF1000#0840112200000001
(1788797544.872028) can0 03FF1000#0840112200000001
(1788797544.977021) can0 03FF1000#0840112200000001
(1788797545.082026) can0 03FF1000#0840112200000001
(1788797545.187018) can0 03FF1000#0840112200000001
(1788797545.292034) can0 03FF1000#0840112200000001
(1788797545.397045) can0 03FF1000#0840112200000001
(1788797545.502021) can0 03FF1000#0840112200000001
(1788797545.607027) can0 03FF1000#0840112200000001
(1788797545.712091) can0 03FF1000#0840112200000001
(1788797545.817039) can0 03FF1000#0840112200000001
(1788797545.922057) can0 03FF1000#0840112200000001
(1788797546.027041) can0 03FF1000#0840112200000001
(1788797546.132045) can0 03FF1000#0840112200000001
(1788797546.237084) can0 03FF1000#0840112200000001
(1788797546.342066) can0 03FF1000#0840112200000001
(1788797546.447067) can0 03FF1000#0840112200000001
(1788797546.552057) can0 03FF1000#0840112200000001
(1788797546.657049) can0 03FF1000#0840112200000001
(1788797546.762096) can0 03FF1000#0840112200000001
(1788797546.867048) can0 03FF1000#0840112200000001
(1788797546.972083) can0 03FF1000#0840112200000001
(1788797547.077074) can0 03FF1000#0840112200000001
(1788797547.182061) can0 03FF1000#0840112200000001
(1788797547.287059) can0 03FF1000#0840112200000001
(1788797547.392093) can0 03FF1000#0840112200000001
(1788797547.497098) can0 03FF1000#0840112200000001
(1788797547.602078) can0 03FF1000#0840112200000001
(1788797547.707073) can0 03FF1000#0840112200000001
(1788797547.812076) can0 03FF1000#0840112200000001
(1788797547.917084) can0 03FF1000#0840112200000001
(1788797548.022101) can0 03FF1000#0840112200000001
(1788797548.127107) can0 03FF1000#0840112200000001
(1788797548.232100) can0 03FF1000#0840112200000001
(1788797548.337081) can0 03FF1000#0840112200000001
(1788797548.442091) can0 03FF1000#0840112200000001
(1788797548.547167) can0 03FF1000#0840112200000001
(1788797548.652101) can0 03FF1000#0840112200000001
(1788797548.757104) can0 03FF1000#0840112200000001
(1788797548.862113) can0 03FF1000#0840112200000001
(1788797548.967140) can0 03FF1000#0840112200000001
(1788797549.072183) can0 03FF1000#0840112200000001
(1788797549.177133) can0 03FF1000#0840112200000001
(1788797549.282133) can0 03FF1000#0840112200000001
(1788797549.387139) can0 03FF1000#0840112200000001
(1788797549.429141) can0 04FF3400#0000004E00000000
(1788797549.492143) can0 03FF1000#0840112200000001
(1788797549.597159) can0 03FF1000#0840112200000001
(1788797549.702157) can0 03FF1000#0840112200000001
(1788797549.807159) can0 03FF1000#0840112200000001
(1788797549.912167) can0 03FF1000#0840112200000001
(1788797550.017171) can0 03FF1000#0840112200000001
(1788797550.122181) can0 03FF1000#0840112200000001
(1788797550.227184) can0 03FF1000#0840112200000001
(1788797550.332186) can0 03FF1000#0840112200000001
(1788797550.437197) can0 03FF1000#0840112200000001
(1788797550.542200) can0 03FF1000#0840112200000001
(1788797550.647209) can0 03FF1000#0840112200000001
(1788797550.752211) can0 03FF1000#0840112200000001
(1788797550.857214) can0 03FF1000#0840112200000001
(1788797550.962223) can0 03FF1000#0840112200000001
(1788797551.067229) can0 03FF1000#0840112200000001
(1788797551.172238) can0 03FF1000#0840112200000001
(1788797551.277240) can0 03FF1000#0840112200000001
(1788797551.382245) can0 03FF1000#0840112200000001
(1788797551.487251) can0 03FF1000#0840112200000001
(1788797551.592254) can0 03FF1000#0840112200000001
(1788797551.697263) can0 03FF1000#0840112200000001
(1788797551.802267) can0 03FF1000#0840112200000001
(1788797551.907274) can0 03FF1000#0840112200000001
(1788797552.012277) can0 03FF1000#0840112200000001
(1788797552.117284) can0 03FF1000#0840112200000001
(1788797552.222291) can0 03FF1000#0840112200000001
(1788797552.327295) can0 03FF1000#0840112200000001
(1788797552.432300) can0 03FF1000#0840112200000001
(1788797552.537305) can0 03FF1000#0840112200000001
(1788797552.642310) can0 03FF1000#0840112200000001
(1788797552.747321) can0 03FF1000#0840112200000001
(1788797552.852322) can0 03FF1000#0840112200000001
(1788797552.957329) can0 03FF1000#0840112200000001
(1788797553.062335) can0 03FF1000#0840112200000001
(1788797553.167339) can0 03FF1000#0840112200000001
(1788797553.272348) can0 03FF1000#0840112200000001
(1788797553.377351) can0 03FF1000#0840112200000001
(1788797553.482357) can0 03FF1000#0840112200000001
(1788797553.587360) can0 03FF1000#0840112200000001
(1788797553.692364) can0 03FF1000#0840112200000001
(1788797553.797375) can0 03FF1000#0840112200000001
(1788797553.902380) can0 03FF1000#0840112200000001
(1788797554.007385) can0 03FF1000#0840112200000001
(1788797554.112389) can0 03FF1000#0840112200000001
(1788797554.217394) can0 03FF1000#0840112200000001
(1788797554.322403) can0 03FF1000#0840112200000001
(1788797554.427410) can0 03FF1000#0840112200000001
(1788797554.532413) can0 03FF1000#0840112200000001
(1788797554.637415) can0 03FF1000#0840112200000001
(1788797554.742423) can0 03FF1000#0840112200000001
(1788797554.847432) can0 03FF1000#0840112200000001
(1788797554.952436) can0 03FF1000#0840112200000001
(1788797555.057443) can0 03FF1000#0840112200000001
(1788797555.162447) can0 03FF1000#0840112200000001
(1788797555.267448) can0 03FF1000#0840112200000001
(1788797555.372460) can0 03FF1000#0840112200000001
(1788797555.477463) can0 03FF1000#0840112200000001
(1788797555.582466) can0 03FF1000#0840112200000001
(1788797555.687471) can0 03FF1000#0840112200000001
(1788797555.792476) can0 03FF1000#0840112200000001
(1788797555.897488) can0 03FF1000#0840112200000001
(1788797556.002490) can0 03FF1000#0840112200000001
(1788797556.107496) can0 03FF1000#0840112200000001
(1788797556.212501) can0 03FF1000#0840112200000001
(1788797556.317506) can0 03FF1000#0840112200000001
(1788797556.422519) can0 03FF1000#0840112200000001
(1788797556.527519) can0 03FF1000#0840112200000001
(1788797556.632520) can0 03FF1000#0840112200000001
(1788797556.737526) can0 03FF1000#0840112200000001
(1788797556.842533) can0 03FF1000#0840112200000001
(1788797556.947543) can0 03FF1000#0840112200000001
(1788797557.052548) can0 03FF1000#0840112200000001
(1788797557.157551) can0 03FF1000#0840112200000001
(1788797557.262555) can0 03FF1000#0840112200000001
(1788797557.367561) can0 03FF1000#0840112200000001
(1788797557.472571) can0 03FF1000#0840112200000001
(1788797557.577574) can0 03FF1000#0840112200000001
(1788797557.682577) can0 03FF1000#0840112200000001
(1788797557.787582) can0 03FF1000#0840112200000001
(1788797557.892591) can0 03FF1000#0840112200000001
(1788797557.997598) can0 03FF1000#0840112200000001
(1788797558.102603) can0 03FF1000#0840112200000001
(1788797558.207607) can0 03FF1000#0840112200000001
(1788797558.312611) can0 03FF1000#0840112200000001
(1788797558.417619) can0 03FF1000#0840112200000001
(1788797558.522627) can0 03FF1000#0840112200000001
(1788797558.627629) can0 03FF1000#0840112200000001
(1788797558.732632) can0 03FF1000#0840112200000001
(1788797558.837638) can0 03FF1000#0840112200000001
(1788797558.942648) can0 03FF1000#0840112200000001
(1788797559.047655) can0 03FF1000#0840112200000001
(1788797559.152659) can0 03FF1000#0840112200000001
(1788797559.257667) can0 03FF1000#0840112200000001
(1788797559.362670) can0 03FF1000#0840112200000001
(1788797559.428674) can0 04FF3400#0000004F00000000
(1788797559.467674) can0 03FF1000#0840112200000001
(1788797559.572682) can0 03FF1000#0840112200000001
(1788797559.677686) can0 03FF1000#0840112200000001
(1788797559.782689) can0 03FF1000#0840112200000001
(1788797559.887697) can0 03FF1000#0840112200000001
(1788797559.992702) can0 03FF1000#0840112200000001
(1788797560.097712) can0 03FF1000#0840112200000001
(1788797560.202714) can0 03FF1000#0840112200000001
(1788797560.307718) can0 03FF1000#0840112200000001
(1788797560.412726) can0 03FF1000#0840112200000001
(1788797560.517729) can0 03FF1000#0840112200000001
(1788797560.622739) can0 03FF1000#0840112200000001
(1788797560.727742) can0 03FF1000#0840112200000001
(1788797560.832744) can0 03FF1000#0840112200000001
(1788797560.937754) can0 03FF1000#0840112200000001
(1788797561.042758) can0 03FF1000#0840112200000001
(1788797561.147767) can0 03FF1000#0840112200000001
(1788797561.252769) can0 03FF1000#0840112200000001
(1788797561.357772) can0 03FF1000#0840112200000001
(1788797561.462782) can0 03FF1000#0840112200000001
(1788797561.567785) can0 03FF1000#0840112200000001
(1788797561.672794) can0 03FF1000#0840112200000001
(1788797561.777797) can0 03FF1000#0840112200000001
(1788797561.882803) can0 03FF1000#0840112200000001
(1788797561.987809) can0 03FF1000#0840112200000001
(1788797562.092815) can0 03FF1000#0840112200000001
(1788797562.197822) can0 03FF1000#0840112200000001
(1788797562.302825) can0 03FF1000#0840112200000001
(1788797562.407831) can0 03FF1000#0840112200000001
(1788797562.512836) can0 03FF1000#0840112200000001
(1788797562.617839) can0 03FF1000#0840112200000001
(1788797562.722850) can0 03FF1000#0840112200000001
(1788797562.827852) can0 03FF1000#0840112200000001
(1788797562.932859) can0 03FF1000#0840112200000001
(1788797563.037865) can0 03FF1000#0840112200000001
(1788797563.142873) can0 03FF1000#0840112200000001
(1788797563.247878) can0 03FF1000#0840112200000001
(1788797563.352881) can0 03FF1000#0840112200000001
(1788797563.457888) can0 03FF1000#0840112200000001
(1788797563.562891) can0 03FF1000#0840112200000001
(1788797563.667895) can0 03FF1000#0840112200000001
(1788797563.772905) can0 03FF1000#0840112200000001
(1788797563.877910) can0 03FF1000#0840112200000001
(1788797563.982915) can0 03FF1000#0840112200000001
(1788797564.087921) can0 03FF1000#0840112200000001
(1788797564.192926) can0 03FF1000#0840112200000001
(1788797564.297934) can0 03FF1000#0840112200000001
(1788797564.402938) can0 03FF1000#0840112200000001
(1788797564.507943) can0 03FF1000#0840112200000001
(1788797564.612946) can0 03FF1000#0840112200000001
(1788797564.717950) can0 03FF1000#0840112200000001
(1788797564.822962) can0 03FF1000#0840112200000001
(1788797564.927966) can0 03FF1000#0840112200000001
(1788797565.032971) can0 03FF1000#0840112200000001
(1788797565.137976) can0 03FF1000#0840112200000001
(1788797565.242978) can0 03FF1000#0840112200000001
(1788797565.347989) can0 03FF1000#0840112200000001
(1788797565.452994) can0 03FF1000#0840112200000001
(1788797565.557999) can0 03FF1000#0840112200000001
(1788797565.663000) can0 03FF1000#0840112200000001
(1788797565.768010) can0 03FF1000#0840112200000001
(1788797565.873017) can0 03FF1000#0840112200000001
(1788797565.978023) can0 03FF1000#0840112200000001
(1788797566.083027) can0 03FF1000#0840112200000001
(1788797566.188032) can0 03FF1000#0840112200000001
(1788797566.293035) can0 03FF1000#0840112200000001
(1788797566.398046) can0 03FF1000#0840112200000001
(1788797566.503049) can0 03FF1000#0840112200000001
(1788797566.608052) can0 03FF1000#0840112200000001
(1788797566.713058) can0 03FF1000#0840112200000001
(1788797566.818063) can0 03FF1000#0840112200000001
(1788797566.923075) can0 03FF1000#0840112200000001
(1788797567.028078) can0 03FF1000#0840112200000001
(1788797567.133082) can0 03FF1000#0840112200000001
(1788797567.238085) can0 03FF1000#0840112200000001
(1788797567.343090) can0 03FF1000#0840112200000001
(1788797567.448102) can0 03FF1000#0840112200000001
(1788797567.553104) can0 03FF1000#0840112200000001
(1788797567.658107) can0 03FF1000#0840112200000001
(1788797567.763113) can0 03FF1000#0840112200000001
(1788797567.868118) can0 03FF1000#0840112200000001
(1788797567.973129) can0 03FF1000#0840112200000001
(1788797568.078133) can0 03FF1000#0840112200000001
(1788797568.183137) can0 03FF1000#0840112200000001
(1788797568.288141) can0 03FF1000#0840112200000001
(1788797568.393148) can0 03FF1000#0840112200000001
(1788797568.498158) can0 03FF1000#0840112200000001
(1788797568.603160) can0 03FF1000#0840112200000001
(1788797568.708163) can0 03FF1000#0840112200000001
(1788797568.813167) can0 03FF1000#0840112200000001
(1788797568.918176) can0 03FF1000#0840112200000001
(1788797569.023185) can0 03FF1000#0840112200000001
(1788797569.128192) can0 03FF1000#0840112200000001
(1788797569.233194) can0 03FF1000#0840112200000001
(1788797569.338196) can0 03FF1000#0840112200000001
(1788797569.428343) can0 04FF3400#0000005000000000
(1788797569.443207) can0 03FF1000#0840112200000001
(1788797569.548211) can0 03FF1000#0840112200000001
(1788797569.653214) can0 03FF1000#0840112200000001
(1788797569.758213) can0 03FF1000#0840112200000001
(1788797569.863224) can0 03FF1000#0840112200000001
(1788797569.968232) can0 03FF1000#0840112200000001
(1788797570.073241) can0 03FF1000#0840112200000001
(1788797570.178245) can0 03FF1000#0840112200000001
(1788797570.283246) can0 03FF1000#0840112200000001
(1788797570.388255) can0 03FF1000#0840112200000001
(1788797570.493260) can0 03FF1000#0840112200000001
(1788797570.598269) can0 03FF1000#0840112200000001
(1788797570.703272) can0 03FF1000#0840112200000001
(1788797570.808275) can0 03FF1000#0840112200000001
(1788797570.913284) can0 03FF1000#0840112200000001
(1788797571.018287) can0 03FF1000#0840112200000001
(1788797571.123297) can0 03FF1000#0840112200000001
(1788797571.228300) can0 03FF1000#0840112200000001
(1788797571.333303) can0 03FF1000#0840112200000001
(1788797571.438311) can0 03FF1000#0840112200000001
(1788797571.543316) can0 03FF1000#0840112200000001
(1788797571.648324) can0 03FF1000#0840112200000001
(1788797571.753328) can0 03FF1000#0840112200000001
(1788797571.858331) can0 03FF1000#0840112200000001
(1788797571.962590) can0 03FF1000#0840112200000001
(1788797572.068345) can0 03FF1000#0840112200000001
(1788797572.172606) can0 03FF1000#0840112200000001
(1788797572.278357) can0 03FF1000#0840112200000001
(1788797572.383359) can0 03FF1000#0840112200000001
(1788797572.487611) can0 03FF1000#0840112200000001
(1788797572.592603) can0 03FF1000#0840112200000001
(1788797572.697600) can0 03FF1000#0840112200000001
(1788797572.802633) can0 03FF1000#0840112200000001
(1788797572.907644) can0 03FF1000#0840112200000001
(1788797573.012626) can0 03FF1000#0840112200000001
(1788797573.117620) can0 03FF1000#0840112200000001
(1788797573.222623) can0 03FF1000#0840112200000001
(1788797573.327654) can0 03FF1000#0840112200000001
(1788797573.432648) can0 03FF1000#0840112200000001
(1788797573.537642) can0 03FF1000#0840112200000001
(1788797573.642634) can0 03FF1000#0840112200000001
(1788797573.747643) can0 03FF1000#0840112200000001
(1788797573.852659) can0 03FF1000#0840112200000001
(1788797573.957665) can0 03FF1000#0840112200000001
(1788797574.062641) can0 03FF1000#0840112200000001
(1788797574.167642) can0 03FF1000#0840112200000001
(1788797574.272649) can0 03FF1000#0840112200000001
(1788797574.377687) can0 03FF1000#0840112200000001
(1788797574.482665) can0 03FF1000#0840112200000001
(1788797574.587651) can0 03FF1000#0840112200000001
(1788797574.692656) can0 03FF1000#0840112200000001
(1788797574.797654) can0 03FF1000#0840112200000001
(1788797574.902715) can0 03FF1000#0840112200000001
(1788797575.007673) can0 03FF1000#0840112200000001
(1788797575.112682) can0 03FF1000#0840112200000001
(1788797575.217674) can0 03FF1000#0840112200000001
(1788797575.322653) can0 03FF1000#0840112200000001
(1788797575.427697) can0 03FF1000#0840112200000001
(1788797575.532701) can0 03FF1000#0840112200000001
(1788797575.637693) can0 03FF1000#0840112200000001
(1788797575.742671) can0 03FF1000#0840112200000001
(1788797575.847688) can0 03FF1000#0840112200000001
(1788797575.952701) can0 03FF1000#0840112200000001
(1788797576.057706) can0 03FF1000#0840112200000001
(1788797576.162699) can0 03FF1000#0840112200000001
(1788797576.267692) can0 03FF1000#0840112200000001
(1788797576.372702) can0 03FF1000#0840112200000001
(1788797576.477706) can0 03FF1000#0840112200000001
(1788797576.582718) can0 03FF1000#0840112200000001
(1788797576.687702) can0 03FF1000#0840112200000001
(1788797576.792707) can0 03FF1000#0840112200000001
(1788797576.897696) can0 03FF1000#0840112200000001
(1788797577.002694) can0 03FF1000#0840112200000001
(1788797577.107727) can0 03FF1000#0840112200000001
(1788797577.212768) can0 03FF1000#0840112200000001
(1788797577.317703) can0 03FF1000#0840112200000001
(1788797577.422725) can0 03FF1000#0840112200000001
(1788797577.527716) can0 03FF1000#0840112200000001
(1788797577.632742) can0 03FF1000#0840112200000001
(1788797577.737783) can0 03FF1000#0840112200000001
(1788797577.842714) can0 03FF1000#0840112200000001
(1788797577.947730) can0 03FF1000#0840112200000001
(1788797578.052745) can0 03FF1000#0840112200000001
(1788797578.157749) can0 03FF1000#0840112200000001
(1788797578.262794) can0 03FF1000#0840112200000001
(1788797578.367734) can0 03FF1000#0840112200000001
(1788797578.472734) can0 03FF1000#0840112200000001
(1788797578.577736) can0 03FF1000#0840112200000001
(1788797578.682751) can0 03FF1000#0840112200000001
(1788797578.787746) can0 03FF1000#0840112200000001
(1788797578.892752) can0 03FF1000#0840112200000001
(1788797578.997761) can0 03FF1000#0840112200000001
(1788797579.102749) can0 03FF1000#0840112200000001
(1788797579.207770) can0 03FF1000#0840112200000001
(1788797579.312773) can0 03FF1000#0840112200000001
(1788797579.417758) can0 03FF1000#0840112200000001
(1788797579.428738) can0 04FF3400#0000005100000000
(1788797579.522754) can0 03FF1000#0840112200000001
(1788797579.627780) can0 03FF1000#0840112200000001
(1788797579.732785) can0 03FF1000#0840112200000001
(1788797579.837789) can0 03FF1000#0840112200000001
(1788797579.942765) can0 03FF1000#0840112200000001
(1788797580.047772) can0 03FF1000#0840112200000001
(1788797580.152797) can0 03FF1000#0840112200000001
(1788797580.257795) can0 03FF1000#0840112200000001
(1788797580.362794) can0 03FF1000#0840112200000001
(1788797580.467792) can0 03FF1000#0840112200000001
(1788797580.572821) can0 03FF1000#0840112200000001
(1788797580.677808) can0 03FF1000#0840112200000001
(1788797580.782804) can0 03FF1000#0840112200000001
(1788797580.887810) can0 03FF1000#0840112200000001
(1788797580.992821) can0 03FF1000#0840112200000001
(1788797581.097853) can0 03FF1000#0840112200000001
(1788797581.202830) can0 03FF1000#0840112200000001
(1788797581.307833) can0 03FF1000#0840112200000001
(1788797581.412843) can0 03FF1000#0840112200000001
(1788797581.517846) can0 03FF1000#0840112200000001
(1788797581.622865) can0 03FF1000#0840112200000001
(1788797581.727857) can0 03FF1000#0840112200000001
(1788797581.832861) can0 03FF1000#0840112200000001
(1788797581.937869) can0 03FF1000#0840112200000001
(1788797582.042875) can0 03FF1000#0840112200000001
(1788797582.147882) can0 03FF1000#0840112200000001
(1788797582.252885) can0 03FF1000#0840112200000001
(1788797582.357888) can0 03FF1000#0840112200000001
(1788797582.462897) can0 03FF1000#0840112200000001
(1788797582.567902) can0 03FF1000#0840112200000001
(1788797582.672910) can0 03FF1000#0840112200000001
(1788797582.777914) can0 03FF1000#0840112200000001
(1788797582.882917) can0 03FF1000#0840112200000001
(1788797582.987925) can0 03FF1000#0840112200000001
(1788797583.092929) can0 03FF1000#0840112200000001
(1788797583.197937) can0 03FF1000#0840112200000001
(1788797583.302942) can0 03FF1000#0840112200000001
(1788797583.407948) can0 03FF1000#0840112200000001
(1788797583.512952) can0 03FF1000#0840112200000001
(1788797583.617958) can0 03FF1000#0840112200000001
(1788797583.722966) can0 03FF1000#0840112200000001
(1788797583.827969) can0 03FF1000#0840112200000001
(1788797583.932976) can0 03FF1000#0840112200000001
(1788797584.037981) can0 03FF1000#0840112200000001
(1788797584.142986) can0 03FF1000#0840112200000001
(1788797584.247993) can0 03FF1000#0840112200000001
(1788797584.352997) can0 03FF1000#0840112200000001
(1788797584.458004) can0 03FF1000#0840112200000001
(1788797584.563009) can0 03FF1000#0840112200000001
(1788797584.668011) can0 03FF1000#0840112200000001
(1788797584.773021) can0 03FF1000#0840112200000001
(1788797584.878025) can0 03FF1000#0840112200000001
(1788797584.983031) can0 03FF1000#0840112200000001
(1788797585.088035) can0 03FF1000#0840112200000001
(1788797585.193042) can0 03FF1000#0840112200000001
(1788797585.298049) can0 03FF1000#0840112200000001
(1788797585.403053) can0 03FF1000#0840112200000001
(1788797585.508059) can0 03FF1000#0840112200000001
(1788797585.613064) can0 03FF1000#0840112200000001
(1788797585.718067) can0 03FF1000#0840112200000001
(1788797585.823077) can0 03FF1000#0840112200000001
(1788797585.928081) can0 03FF1000#0840112200000001
(1788797586.033087) can0 03FF1000#0840112200000001
(1788797586.138092) can0 03FF1000#0840112200000001
(1788797586.243097) can0 03FF1000#0840112200000001
(1788797586.348108) can0 03FF1000#0840112200000001
(1788797586.453113) can0 03FF1000#0840112200000001
(1788797586.558115) can0 03FF1000#0840112200000001
(1788797586.663118) can0 03FF1000#0840112200000001
(1788797586.768123) can0 03FF1000#0840112200000001
(1788797586.873132) can0 03FF1000#0840112200000001
(1788797586.978137) can0 03FF1000#0840112200000001
(1788797587.083142) can0 03FF1000#0840112200000001
(1788797587.188150) can0 03FF1000#0840112200000001
(1788797587.293154) can0 03FF1000#0840112200000001
(1788797587.398160) can0 03FF1000#0840112200000001
(1788797587.503165) can0 03FF1000#0840112200000001
(1788797587.608170) can0 03FF1000#0840112200000001
(1788797587.713172) can0 03FF1000#0840112200000001
(1788797587.818178) can0 03FF1000#0840112200000001
(1788797587.923189) can0 03FF1000#0840112200000001
(1788797588.028193) can0 03FF1000#0840112200000001
(1788797588.133198) can0 03FF1000#0840112200000001
(1788797588.238204) can0 03FF1000#0840112200000001
(1788797588.343206) can0 03FF1000#0840112200000001
(1788797588.448218) can0 03FF1000#0840112200000001
(1788797588.553220) can0 03FF1000#0840112200000001
(1788797588.658224) can0 03FF1000#0840112200000001
(1788797588.763229) can0 03FF1000#0840112200000001
(1788797588.868234) can0 03FF1000#0840112200000001
(1788797588.973245) can0 03FF1000#0840112200000001
(1788797589.078249) can0 03FF1000#0840112200000001
(1788797589.183259) can0 03FF1000#0840112200000001
(1788797589.288259) can0 03FF1000#0840112200000001
(1788797589.393262) can0 03FF1000#0840112200000001
(1788797589.428271) can0 04FF3400#0000005200000000
(1788797589.498271) can0 03FF1000#0840112200000001
(1788797589.603274) can0 03FF1000#0840112200000001
(1788797589.708280) can0 03FF1000#0840112200000001
(1788797589.813284) can0 03FF1000#0840112200000001
(1788797589.918293) can0 03FF1000#0840112200000001
(1788797590.023301) can0 03FF1000#0840112200000001
(1788797590.128304) can0 03FF1000#0840112200000001
(1788797590.233310) can0 03FF1000#0840112200000001
(1788797590.338313) can0 03FF1000#0840112200000001
(1788797590.443320) can0 03FF1000#0840112200000001
(1788797590.548328) can0 03FF1000#0840112200000001
(1788797590.653332) can0 03FF1000#0840112200000001
(1788797590.758335) can0 03FF1000#0840112200000001
(1788797590.863341) can0 03FF1000#0840112200000001
(1788797590.968350) can0 03FF1000#0840112200000001
(1788797591.073357) can0 03FF1000#0840112200000001
(1788797591.178360) can0 03FF1000#0840112200000001
(1788797591.283365) can0 03FF1000#0840112200000001
(1788797591.388369) can0 03FF1000#0840112200000001
(1788797591.493377) can0 03FF1000#0840112200000001
(1788797591.598385) can0 03FF1000#0840112200000001
(1788797591.703388) can0 03FF1000#0840112200000001
(1788797591.808390) can0 03FF1000#0840112200000001
(1788797591.913400) can0 03FF1000#0840112200000001
(1788797592.018406) can0 03FF1000#0840112200000001
(1788797592.123412) can0 03FF1000#0840112200000001
(1788797592.228416) can0 03FF1000#0840112200000001
(1788797592.333418) can0 03FF1000#0840112200000001
(1788797592.438428) can0 03FF1000#0840112200000001
(1788797592.543432) can0 03FF1000#0840112200000001
(1788797592.648440) can0 03FF1000#0840112200000001
(1788797592.753443) can0 03FF1000#0840112200000001
(1788797592.858446) can0 03FF1000#0840112200000001
(1788797592.963454) can0 03FF1000#0840112200000001
(1788797593.068461) can0 03FF1000#0840112200000001
(1788797593.173472) can0 03FF1000#0840112200000001
(1788797593.278472) can0 03FF1000#0840112200000001
(1788797593.383474) can0 03FF1000#0840112200000001
(1788797593.488485) can0 03FF1000#0840112200000001
(1788797593.593487) can0 03FF1000#0840112200000001
(1788797593.698495) can0 03FF1000#0840112200000001
(1788797593.803499) can0 03FF1000#0840112200000001
(1788797593.908505) can0 03FF1000#0840112200000001
(1788797594.013511) can0 03FF1000#0840112200000001
(1788797594.118516) can0 03FF1000#0840112200000001
(1788797594.223523) can0 03FF1000#0840112200000001
(1788797594.328527) can0 03FF1000#0840112200000001
(1788797594.433534) can0 03FF1000#0840112200000001
(1788797594.538538) can0 03FF1000#0840112200000001
(1788797594.643541) can0 03FF1000#0840112200000001
(1788797594.748552) can0 03FF1000#0840112200000001
(1788797594.853555) can0 03FF1000#0840112200000001
(1788797594.958562) can0 03FF1000#0840112200000001
(1788797595.063567) can0 03FF1000#0840112200000001
(1788797595.168571) can0 03FF1000#0840112200000001
(1788797595.273582) can0 03FF1000#0840112200000001
(1788797595.378584) can0 03FF1000#0840112200000001
(1788797595.483591) can0 03FF1000#0840112200000001
(1788797595.588594) can0 03FF1000#0840112200000001
(1788797595.693598) can0 03FF1000#0840112200000001
(1788797595.798610) can0 03FF1000#0840112200000001
(1788797595.903610) can0 03FF1000#0840112200000001
(1788797596.008618) can0 03FF1000#0840112200000001
(1788797596.113629) can0 03FF1000#0840112200000001
(1788797596.218628) can0 03FF1000#0840112200000001
(1788797596.323637) can0 03FF1000#0840112200000001
(1788797596.428639) can0 03FF1000#0840112200000001
(1788797596.533643) can0 03FF1000#0840112200000001
(1788797596.638650) can0 03FF1000#0840112200000001
(1788797596.743653) can0 03FF1000#0840112200000001
(1788797596.848664) can0 03FF1000#0840112200000001
(1788797596.953667) can0 03FF1000#0840112200000001
(1788797597.058671) can0 03FF1000#0840112200000001
(1788797597.163678) can0 03FF1000#0840112200000001
(1788797597.268680) can0 03FF1000#0840112200000001
(1788797597.373691) can0 03FF1000#0840112200000001
(1788797597.478697) can0 03FF1000#0840112200000001
(1788797597.583699) can0 03FF1000#0840112200000001
(1788797597.688702) can0 03FF1000#0840112200000001
(1788797597.793708) can0 03FF1000#0840112200000001
(1788797597.898719) can0 03FF1000#0840112200000001
(1788797598.003723) can0 03FF1000#0840112200000001
(1788797598.108728) can0 03FF1000#0840112200000001
(1788797598.213733) can0 03FF1000#0840112200000001
(1788797598.318738) can0 03FF1000#0840112200000001
(1788797598.423747) can0 03FF1000#0840112200000001
(1788797598.528751) can0 03FF1000#0840112200000001
(1788797598.633756) can0 03FF1000#0840112200000001
(1788797598.738758) can0 03FF1000#0840112200000001
(1788797598.843764) can0 03FF1000#0840112200000001
(1788797598.948775) can0 03FF1000#0840112200000001
(1788797599.053778) can0 03FF1000#0840112200000001
(1788797599.158787) can0 03FF1000#0840112200000001
(1788797599.263789) can0 03FF1000#0840112200000001
(1788797599.368792) can0 03FF1000#0840112200000001
(1788797599.428800) can0 04FF3400#0000005300000000
(1788797599.428864) can0 04FF3603#0300000000000000
(1788797599.473801) can0 03FF1000#0840112200000001
(1788797599.578806) can0 03FF1000#0840112200000001
(1788797599.683810) can0 03FF1000#0840112200000001
(1788797599.788814) can0 03FF1000#0840112200000001
(1788797599.893819) can0 03FF1000#0840112200000001
(1788797599.998830) can0 03FF1000#0840112200000001
(1788797600.103834) can0 03FF1000#0840112200000001
(1788797600.208840) can0 03FF1000#0840112200000001
(1788797600.313843) can0 03FF1000#0840112200000001
(1788797600.418848) can0 03FF1000#0840112200000001
(1788797600.523859) can0 03FF1000#0840112200000001
(1788797600.628862) can0 03FF1000#0840112200000001
(1788797600.733868) can0 03FF1000#0840112200000001
(1788797600.838873) can0 03FF1000#0840112200000001
(1788797600.943879) can0 03FF1000#0840112200000001
(1788797601.048888) can0 03FF1000#0840112200000001
(1788797601.153891) can0 03FF1000#0840112200000001
(1788797601.258894) can0 03FF1000#0840112200000001
(1788797601.363898) can0 03FF1000#0840112200000001
(1788797601.468908) can0 03FF1000#0840112200000001
(1788797601.573915) can0 03FF1000#0840112200000001
(1788797601.678919) can0 03FF1000#0840112200000001
(1788797601.783923) can0 03FF1000#0840112200000001
(1788797601.888926) can0 03FF1000#0840112200000001
(1788797601.993935) can0 03FF1000#0840112200000001
(1788797602.098942) can0 03FF1000#0840112200000001
(1788797602.203946) can0 03FF1000#0840112200000001
(1788797602.308949) can0 03FF1000#0840112200000001
(1788797602.413955) can0 03FF1000#0840112200000001
(1788797602.518963) can0 03FF1000#0840112200000001
(1788797602.623970) can0 03FF1000#0840112200000001
(1788797602.728975) can0 03FF1000#0840112200000001
(1788797602.833978) can0 03FF1000#0840112200000001
(1788797602.938985) can0 03FF1000#0840112200000001
(1788797603.043990) can0 03FF1000#0840112200000001
(1788797603.149000) can0 03FF1000#0840112200000001
(1788797603.254003) can0 03FF1000#0840112200000001
(1788797603.359005) can0 03FF1000#0840112200000001
(1788797603.464013) can0 03FF1000#0840112200000001
(1788797603.569019) can0 03FF1000#0840112200000001
(1788797603.674028) can0 03FF1000#0840112200000001
(1788797603.778281) can0 03FF1000#0840112200000001
(1788797603.883291) can0 03FF1000#0840112200000001
(1788797603.988285) can0 03FF1000#0840112200000001
(1788797604.094048) can0 03FF1000#0840112200000001
(1788797604.198305) can0 03FF1000#0840112200000001
(1788797604.303290) can0 03FF1000#0840112200000001
(1788797604.408303) can0 03FF1000#0840112200000001
(1788797604.513327) can0 03FF1000#0840112200000001
(1788797604.618316) can0 03FF1000#0840112200000001
(1788797604.723313) can0 03FF1000#0840112200000001
(1788797604.828305) can0 03FF1000#0840112200000001
(1788797604.933313) can0 03FF1000#0840112200000001
(1788797605.038301) can0 03FF1000#0840112200000001
(1788797605.143336) can0 03FF1000#0840112200000001
(1788797605.248331) can0 03FF1000#0840112200000001
(1788797605.353310) can0 03FF1000#0840112200000001
(1788797605.458312) can0 03FF1000#0840112200000001
(1788797605.563321) can0 03FF1000#0840112200000001
(1788797605.668336) can0 03FF1000#0840112200000001
(1788797605.773334) can0 03FF1000#0840112200000001
(1788797605.878384) can0 03FF1000#0840112200000001
(1788797605.983334) can0 03FF1000#0840112200000001
(1788797606.088361) can0 03FF1000#0840112200000001
(1788797606.193354) can0 03FF1000#0840112200000001
(1788797606.298357) can0 03FF1000#0840112200000001
(1788797606.403389) can0 03FF1000#0840112200000001
(1788797606.508338) can0 03FF1000#0840112200000001
(1788797606.613365) can0 03FF1000#0840112200000001
(1788797606.718356) can0 03FF1000#0840112200000001
(1788797606.823367) can0 03FF1000#0840112200000001
(1788797606.928406) can0 03FF1000#0840112200000001
(1788797607.033353) can0 03FF1000#0840112200000001
(1788797607.138359) can0 03FF1000#0840112200000001
(1788797607.243376) can0 03FF1000#0840112200000001
(1788797607.348385) can0 03FF1000#0840112200000001
(1788797607.453365) can0 03FF1000#0840112200000001
(1788797607.558364) can0 03FF1000#0840112200000001
(1788797607.663373) can0 03FF1000#0840112200000001
(1788797607.768393) can0 03FF1000#0840112200000001
(1788797607.873399) can0 03FF1000#0840112200000001
(1788797607.978377) can0 03FF1000#0840112200000001
(1788797608.083374) can0 03FF1000#0840112200000001
(1788797608.188379) can0 03FF1000#0840112200000001
(1788797608.293406) can0 03FF1000#0840112200000001
(1788797608.398393) can0 03FF1000#0840112200000001
(1788797608.503397) can0 03FF1000#0840112200000001
(1788797608.608378) can0 03FF1000#0840112200000001
(1788797608.713385) can0 03FF1000#0840112200000001
(1788797608.818397) can0 03FF1000#0840112200000001
(1788797608.923421) can0 03FF1000#0840112200000001
(1788797609.028402) can0 03FF1000#0840112200000001
(1788797609.133407) can0 03FF1000#0840112200000001
(1788797609.238459) can0 03FF1000#0840112200000001
(1788797609.343427) can0 03FF1000#0840112200000001
(1788797609.428333) can0 04FF3400#0000005400000000
(1788797609.448424) can0 03FF1000#0840112200000001
(1788797609.553405) can0 03FF1000#0840112200000001
(1788797609.658420) can0 03FF1000#0840112200000001
(1788797609.763464) can0 03FF1000#0840112200000001
(1788797609.868433) can0 03FF1000#0840112200000001
(1788797609.973438) can0 03FF1000#0840112200000001
(1788797610.078435) can0 03FF1000#0840112200000001
(1788797610.183428) can0 03FF1000#0840112200000001
(1788797610.288454) can0 03FF1000#0840112200000001
(1788797610.393442) can0 03FF1000#0840112200000001
(1788797610.498446) can0 03FF1000#0840112200000001
(1788797610.603438) can0 03FF1000#0840112200000001
(1788797610.708434) can0 03FF1000#0840112200000001
(1788797610.813449) can0 03FF1000#0840112200000001
(1788797610.918451) can0 03FF1000#0840112200000001
(1788797611.023475) can0 03FF1000#0840112200000001
(1788797611.128457) can0 03FF1000#0840112200000001
(1788797611.233444) can0 03FF1000#0840112200000001
(1788797611.338441) can0 03FF1000#0840112200000001
(1788797611.443471) can0 03FF1000#0840112200000001
(1788797611.548466) can0 03FF1000#0840112200000001
(1788797611.653463) can0 03FF1000#0840112200000001
(1788797611.758455) can0 03FF1000#0840112200000001
(1788797611.863458) can0 03FF1000#0840112200000001
(1788797611.968488) can0 03FF1000#0840112200000001
(1788797612.073540) can0 03FF1000#0840112200000001
(1788797612.178487) can0 03FF1000#0840112200000001
(1788797612.283479) can0 03FF1000#0840112200000001
(1788797612.388483) can0 03FF1000#0840112200000001
(1788797612.493493) can0 03FF1000#0840112200000001
(1788797612.598534) can0 03FF1000#0840112200000001
(1788797612.703505) can0 03FF1000#0840112200000001
(1788797612.808509) can0 03FF1000#0840112200000001
(1788797612.913513) can0 03FF1000#0840112200000001
(1788797613.018521) can0 03FF1000#0840112200000001
(1788797613.123563) can0 03FF1000#0840112200000001
(1788797613.228532) can0 03FF1000#0840112200000001
(1788797613.333534) can0 03FF1000#0840112200000001
(1788797613.438543) can0 03FF1000#0840112200000001
(1788797613.543549) can0 03FF1000#0840112200000001
(1788797613.648554) can0 03FF1000#0840112200000001
(1788797613.753561) can0 03FF1000#0840112200000001
(1788797613.858564) can0 03FF1000#0840112200000001
(1788797613.963572) can0 03FF1000#0840112200000001
(1788797614.068577) can0 03FF1000#0840112200000001
(1788797614.173582) can0 03FF1000#0840112200000001
(1788797614.278586) can0 03FF1000#0840112200000001
(1788797614.383590) can0 03FF1000#0840112200000001
(1788797614.488600) can0 03FF1000#0840112200000001
(1788797614.593603) can0 03FF1000#0840112200000001
(1788797614.698612) can0 03FF1000#0840112200000001
(1788797614.803615) can0 03FF1000#0840112200000001
(1788797614.908619) can0 03FF1000#0840112200000001
(1788797615.013626) can0 03FF1000#0840112200000001
(1788797615.118634) can0 03FF1000#0840112200000001
(1788797615.223639) can0 03FF1000#0840112200000001
(1788797615.328640) can0 03FF1000#0840112200000001
(1788797615.433645) can0 03FF1000#0840112200000001
(1788797615.538654) can0 03FF1000#0840112200000001
(1788797615.643659) can0 03FF1000#0840112200000001
(1788797615.748668) can0 03FF1000#0840112200000001
(1788797615.853670) can0 03FF1000#0840112200000001
(1788797615.958676) can0 03FF1000#0840112200000001
(1788797616.063682) can0 03FF1000#0840112200000001
(1788797616.168687) can0 03FF1000#0840112200000001
(1788797616.273692) can0 03FF1000#0840112200000001
(1788797616.378696) can0 03FF1000#0840112200000001
(1788797616.483705) can0 03FF1000#0840112200000001
(1788797616.588710) can0 03FF1000#0840112200000001
(1788797616.693717) can0 03FF1000#0840112200000001
(1788797616.798723) can0 03FF1000#0840112200000001
(1788797616.903724) can0 03FF1000#0840112200000001
(1788797617.008733) can0 03FF1000#0840112200000001
(1788797617.113747) can0 03FF1000#0840112200000001
(1788797617.218742) can0 03FF1000#0840112200000001
(1788797617.323748) can0 03FF1000#0840112200000001
(1788797617.428752) can0 03FF1000#0840112200000001
(1788797617.533761) can0 03FF1000#0840112200000001
(1788797617.638763) can0 03FF1000#0840112200000001
(1788797617.743774) can0 03FF1000#0840112200000001
(1788797617.848776) can0 03FF1000#0840112200000001
(1788797617.953783) can0 03FF1000#0840112200000001
(1788797618.058786) can0 03FF1000#0840112200000001
(1788797618.163790) can0 03FF1000#0840112200000001
(1788797618.268796) can0 03FF1000#0840112200000001
(1788797618.373804) can0 03FF1000#0840112200000001
(1788797618.478807) can0 03FF1000#0840112200000001
(1788797618.583813) can0 03FF1000#0840112200000001
(1788797618.688818) can0 03FF1000#0840112200000001
(1788797618.793828) can0 03FF1000#0840112200000001
(1788797618.898833) can0 03FF1000#0840112200000001
(1788797619.003839) can0 03FF1000#0840112200000001
(1788797619.108844) can0 03FF1000#0840112200000001
(1788797619.213849) can0 03FF1000#0840112200000001
(1788797619.318853) can0 03FF1000#0840112200000001
(1788797619.423859) can0 03FF1000#0840112200000001
(1788797619.427891) can0 04FF3400#0000005500000000
(1788797619.528867) can0 03FF1000#0840112200000001
(1788797619.633868) can0 03FF1000#0840112200000001
(1788797619.738879) can0 03FF1000#0840112200000001
(1788797619.843881) can0 03FF1000#0840112200000001
(1788797619.948889) can0 03FF1000#0840112200000001
(1788797620.053893) can0 03FF1000#0840112200000001
(1788797620.158897) can0 03FF1000#0840112200000001
(1788797620.263902) can0 03FF1000#0840112200000001
(1788797620.368911) can0 03FF1000#0840112200000001
(1788797620.473915) can0 03FF1000#0840112200000001
(1788797620.578919) can0 03FF1000#0840112200000001
(1788797620.683923) can0 03FF1000#0840112200000001
(1788797620.788935) can0 03FF1000#0840112200000001
(1788797620.893936) can0 03FF1000#0840112200000001
(1788797620.998947) can0 03FF1000#0840112200000001
(1788797621.103947) can0 03FF1000#0840112200000001
(1788797621.208953) can0 03FF1000#0840112200000001
(1788797621.313958) can0 03FF1000#0840112200000001
(1788797621.418964) can0 03FF1000#0840112200000001
(1788797621.523972) can0 03FF1000#0840112200000001
(1788797621.628975) can0 03FF1000#0840112200000001
(1788797621.733984) can0 03FF1000#0840112200000001
(1788797621.838987) can0 03FF1000#0840112200000001
(1788797621.943991) can0 03FF1000#0840112200000001
(1788797622.049001) can0 03FF1000#0840112200000001
(1788797622.154004) can0 03FF1000#0840112200000001
(1788797622.259008) can0 03FF1000#0840112200000001
(1788797622.364014) can0 03FF1000#0840112200000001
(1788797622.469020) can0 03FF1000#0840112200000001
(1788797622.574027) can0 03FF1000#0840112200000001
(1788797622.679030) can0 03FF1000#0840112200000001
(1788797622.784040) can0 03FF1000#0840112200000001
(1788797622.889042) can0 03FF1000#0840112200000001
(1788797622.994051) can0 03FF1000#0840112200000001
(1788797623.099060) can0 03FF1000#0840112200000001
(1788797623.204059) can0 03FF1000#0840112200000001
(1788797623.309065) can0 03FF1000#0840112200000001
(1788797623.414070) can0 03FF1000#0840112200000001
(1788797623.519079) can0 03FF1000#0840112200000001
(1788797623.624082) can0 03FF1000#0840112200000001
(1788797623.729091) can0 03FF1000#0840112200000001
(1788797623.834094) can0 03FF1000#0840112200000001
(1788797623.939100) can0 03FF1000#0840112200000001
(1788797624.044107) can0 03FF1000#0840112200000001
(1788797624.149111) can0 03FF1000#0840112200000001
(1788797624.254114) can0 03FF1000#0840112200000001
(1788797624.359119) can0 03FF1000#0840112200000001
(1788797624.464129) can0 03FF1000#0840112200000001
(1788797624.569131) can0 03FF1000#0840112200000001
(1788797624.674138) can0 03FF1000#0840112200000001
(1788797624.779146) can0 03FF1000#0840112200000001
(1788797624.884148) can0 03FF1000#0840112200000001
(1788797624.989156) can0 03FF1000#0840112200000001
(1788797625.094161) can0 03FF1000#0840112200000001
(1788797625.199167) can0 03FF1000#0840112200000001
(1788797625.304169) can0 03FF1000#0840112200000001
(1788797625.409178) can0 03FF1000#0840112200000001
(1788797625.514182) can0 03FF1000#0840112200000001
(1788797625.619187) can0 03FF1000#0840112200000001
(1788797625.724198) can0 03FF1000#0840112200000001
(1788797625.829198) can0 03FF1000#0840112200000001
(1788797625.934203) can0 03FF1000#0840112200000001
(1788797626.039211) can0 03FF1000#0840112200000001
(1788797626.144214) can0 03FF1000#0840112200000001
(1788797626.249222) can0 03FF1000#0840112200000001
(1788797626.354226) can0 03FF1000#0840112200000001
(1788797626.459232) can0 03FF1000#0840112200000001
(1788797626.564237) can0 03FF1000#0840112200000001
(1788797626.669241) can0 03FF1000#0840112200000001
(1788797626.774255) can0 03FF1000#0840112200000001
(1788797626.879254) can0 03FF1000#0840112200000001
(1788797626.984262) can0 03FF1000#0840112200000001
(1788797627.089265) can0 03FF1000#0840112200000001
(1788797627.194274) can0 03FF1000#0840112200000001
(1788797627.299278) can0 03FF1000#0840112200000001
(1788797627.404281) can0 03FF1000#0840112200000001
(1788797627.509291) can0 03FF1000#0840112200000001
(1788797627.614293) can0 03FF1000#0840112200000001
(1788797627.719303) can0 03FF1000#0840112200000001
(1788797627.824306) can0 03FF1000#0840112200000001
(1788797627.929309) can0 03FF1000#0840112200000001
(1788797628.034319) can0 03FF1000#0840112200000001
(1788797628.139321) can0 03FF1000#0840112200000001
(1788797628.244326) can0 03FF1000#0840112200000001
(1788797628.349333) can0 03FF1000#0840112200000001
(1788797628.454338) can0 03FF1000#0840112200000001
(1788797628.559344) can0 03FF1000#0840112200000001
(1788797628.664348) can0 03FF1000#0840112200000001
(1788797628.769359) can0 03FF1000#0840112200000001
(1788797628.874363) can0 03FF1000#0840112200000001
(1788797628.979369) can0 03FF1000#0840112200000001
(1788797629.084372) can0 03FF1000#0840112200000001
(1788797629.189381) can0 03FF1000#0840112200000001
(1788797629.294382) can0 03FF1000#0840112200000001
(1788797629.399390) can0 03FF1000#0840112200000001
(1788797629.428389) can0 04FF3400#0000005600000000
(1788797629.504396) can0 03FF1000#0840112200000001
(1788797629.609399) can0 03FF1000#0840112200000001
(1788797629.714409) can0 03FF1000#0840112200000001
(1788797629.819412) can0 03FF1000#0840112200000001
(1788797629.924417) can0 03FF1000#0840112200000001
(1788797630.029424) can0 03FF1000#0840112200000001
(1788797630.134428) can0 03FF1000#0840112200000001
(1788797630.239431) can0 03FF1000#0840112200000001
(1788797630.344438) can0 03FF1000#0840112200000001
(1788797630.449445) can0 03FF1000#0840112200000001
(1788797630.554450) can0 03FF1000#0840112200000001
(1788797630.659454) can0 03FF1000#0840112200000001
(1788797630.764464) can0 03FF1000#0840112200000001
(1788797630.869465) can0 03FF1000#0840112200000001
(1788797630.974477) can0 03FF1000#0840112200000001
(1788797631.079478) can0 03FF1000#0840112200000001
(1788797631.184486) can0 03FF1000#0840112200000001
(1788797631.289488) can0 03FF1000#0840112200000001
(1788797631.394493) can0 03FF1000#0840112200000001
(1788797631.499505) can0 03FF1000#0840112200000001
(1788797631.604506) can0 03FF1000#0840112200000001
(1788797631.709514) can0 03FF1000#0840112200000001
(1788797631.814517) can0 03FF1000#0840112200000001
(1788797631.919521) can0 03FF1000#0840112200000001
(1788797632.024532) can0 03FF1000#0840112200000001
(1788797632.129533) can0 03FF1000#0840112200000001
(1788797632.234538) can0 03FF1000#0840112200000001
(1788797632.339544) can0 03FF1000#0840112200000001
(1788797632.444549) can0 03FF1000#0840112200000001
(1788797632.549557) can0 03FF1000#0840112200000001
(1788797632.654561) can0 03FF1000#0840112200000001
(1788797632.759571) can0 03FF1000#0840112200000001
(1788797632.864572) can0 03FF1000#0840112200000001
(1788797632.969579) can0 03FF1000#0840112200000001
(1788797633.074586) can0 03FF1000#0840112200000001
(1788797633.179588) can0 03FF1000#0840112200000001
(1788797633.284593) can0 03FF1000#0840112200000001
(1788797633.389601) can0 03FF1000#0840112200000001
(1788797633.494606) can0 03FF1000#0840112200000001
(1788797633.599613) can0 03FF1000#0840112200000001
(1788797633.704617) can0 03FF1000#0840112200000001
(1788797633.809626) can0 03FF1000#0840112200000001
(1788797633.914629) can0 03FF1000#0840112200000001
(1788797634.019636) can0 03FF1000#0840112200000001
(1788797634.124640) can0 03FF1000#0840112200000001
(1788797634.229644) can0 03FF1000#0840112200000001
(1788797634.334650) can0 03FF1000#0840112200000001
(1788797634.439656) can0 03FF1000#0840112200000001
(1788797634.544665) can0 03FF1000#0840112200000001
(1788797634.649670) can0 03FF1000#0840112200000001
(1788797634.754678) can0 03FF1000#0840112200000001
(1788797634.859679) can0 03FF1000#0840112200000001
(1788797634.964688) can0 03FF1000#0840112200000001
(1788797635.069691) can0 03FF1000#0840112200000001
(1788797635.173956) can0 03FF1000#0840112200000001
(1788797635.279701) can0 03FF1000#0840112200000001
(1788797635.384705) can0 03FF1000#0840112200000001
(1788797635.488970) can0 03FF1000#0840112200000001
(1788797635.594717) can0 03FF1000#0840112200000001
(1788797635.698981) can0 03FF1000#0840112200000001
(1788797635.803986) can0 03FF1000#0840112200000001
(1788797635.908988) can0 03FF1000#0840112200000001
(1788797636.013986) can0 03FF1000#0840112200000001
(1788797636.118972) can0 03FF1000#0840112200000001
(1788797636.223985) can0 03FF1000#0840112200000001
(1788797636.329011) can0 03FF1000#0840112200000001
(1788797636.434005) can0 03FF1000#0840112200000001
(1788797636.538982) can0 03FF1000#0840112200000001
(1788797636.643992) can0 03FF1000#0840112200000001
(1788797636.748994) can0 03FF1000#0840112200000001
(1788797636.854015) can0 03FF1000#0840112200000001
(1788797636.959010) can0 03FF1000#0840112200000001
(1788797637.064007) can0 03FF1000#0840112200000001
(1788797637.169009) can0 03FF1000#0840112200000001
(1788797637.274005) can0 03FF1000#0840112200000001
(1788797637.379038) can0 03FF1000#0840112200000001
(1788797637.484026) can0 03FF1000#0840112200000001
(1788797637.589019) can0 03FF1000#0840112200000001
(1788797637.694013) can0 03FF1000#0840112200000001
(1788797637.799008) can0 03FF1000#0840112200000001
(1788797637.904071) can0 03FF1000#0840112200000001
(1788797638.009046) can0 03FF1000#0840112200000001
(1788797638.114025) can0 03FF1000#0840112200000001
(1788797638.219029) can0 03FF1000#0840112200000001
(1788797638.324027) can0 03FF1000#0840112200000001
(1788797638.429075) can0 03FF1000#0840112200000001
(1788797638.534060) can0 03FF1000#0840112200000001
(1788797638.639037) can0 03FF1000#0840112200000001
(1788797638.744026) can0 03FF1000#0840112200000001
(1788797638.849055) can0 03FF1000#0840112200000001
(1788797638.954071) can0 03FF1000#0840112200000001
(1788797639.059063) can0 03FF1000#0840112200000001
(1788797639.164049) can0 03FF1000#0840112200000001
(1788797639.269040) can0 03FF1000#0840112200000001
(1788797639.374047) can0 03FF1000#0840112200000001
(1788797639.427920) can0 04FF3400#0000005700000000
(1788797639.479077) can0 03FF1000#0840112200000001
(1788797639.584068) can0 03FF1000#0840112200000001
(1788797639.689074) can0 03FF1000#0840112200000001
(1788797639.794056) can0 03FF1000#0840112200000001
(1788797639.899064) can0 03FF1000#0840112200000001
(1788797640.004082) can0 03FF1000#0840112200000001
(1788797640.109096) can0 03FF1000#0840112200000001
(1788797640.214062) can0 03FF1000#0840112200000001
(1788797640.319074) can0 03FF1000#0840112200000001
(1788797640.424082) can0 03FF1000#0840112200000001
(1788797640.529099) can0 03FF1000#0840112200000001
(1788797640.634089) can0 03FF1000#0840112200000001
(1788797640.739156) can0 03FF1000#0840112200000001
(1788797640.844079) can0 03FF1000#0840112200000001
(1788797640.949097) can0 03FF1000#0840112200000001
(1788797641.054111) can0 03FF1000#0840112200000001
(1788797641.159122) can0 03FF1000#0840112200000001
(1788797641.264147) can0 03FF1000#0840112200000001
(1788797641.369094) can0 03FF1000#0840112200000001
(1788797641.474098) can0 03FF1000#0840112200000001
(1788797641.579117) can0 03FF1000#0840112200000001
(1788797641.684122) can0 03FF1000#0840112200000001
(1788797641.789165) can0 03FF1000#0840112200000001
(1788797641.894111) can0 03FF1000#0840112200000001
(1788797641.999121) can0 03FF1000#0840112200000001
(1788797642.104122) can0 03FF1000#0840112200000001
(1788797642.209137) can0 03FF1000#0840112200000001
(1788797642.314116) can0 03FF1000#0840112200000001
(1788797642.419115) can0 03FF1000#0840112200000001
(1788797642.524123) can0 03FF1000#0840112200000001
(1788797642.629138) can0 03FF1000#0840112200000001
(1788797642.734141) can0 03FF1000#0840112200000001
(1788797642.839136) can0 03FF1000#0840112200000001
(1788797642.944131) can0 03FF1000#0840112200000001
(1788797643.049141) can0 03FF1000#0840112200000001
(1788797643.154135) can0 03FF1000#0840112200000001
(1788797643.259159) can0 03FF1000#0840112200000001
(1788797643.364153) can0 03FF1000#0840112200000001
(1788797643.469134) can0 03FF1000#0840112200000001
(1788797643.574153) can0 03FF1000#0840112200000001
(1788797643.679147) can0 03FF1000#0840112200000001
(1788797643.784180) can0 03FF1000#0840112200000001
(1788797643.889160) can0 03FF1000#0840112200000001
(1788797643.994167) can0 03FF1000#0840112200000001
(1788797644.099206) can0 03FF1000#0840112200000001
(1788797644.204175) can0 03FF1000#0840112200000001
(1788797644.309180) can0 03FF1000#0840112200000001
(1788797644.414186) can0 03FF1000#0840112200000001
(1788797644.519195) can0 03FF1000#0840112200000001
(1788797644.624211) can0 03FF1000#0840112200000001
(1788797644.729206) can0 03FF1000#0840112200000001
(1788797644.834208) can0 03FF1000#0840112200000001
(1788797644.939214) can0 03FF1000#0840112200000001
(1788797645.044223) can0 03FF1000#0840112200000001
(1788797645.149228) can0 03FF1000#0840112200000001
(1788797645.254230) can0 03FF1000#0840112200000001
(1788797645.359236) can0 03FF1000#0840112200000001
(1788797645.464242) can0 03FF1000#0840112200000001
(1788797645.569247) can0 03FF1000#0840112200000001
(1788797645.674255) can0 03FF1000#0840112200000001
(1788797645.779263) can0 03FF1000#0840112200000001
(1788797645.884264) can0 03FF1000#0840112200000001
(1788797645.989274) can0 03FF1000#0840112200000001
(1788797646.094277) can0 03FF1000#0840112200000001
(1788797646.199283) can0 03FF1000#0840112200000001
(1788797646.304287) can0 03FF1000#0840112200000001
(1788797646.409298) can0 03FF1000#0840112200000001
(1788797646.514300) can0 03FF1000#0840112200000001
(1788797646.619304) can0 03FF1000#0840112200000001
(1788797646.724314) can0 03FF1000#0840112200000001
(1788797646.829315) can0 03FF1000#0840112200000001
(1788797646.934320) can0 03FF1000#0840112200000001
(1788797647.039328) can0 03FF1000#0840112200000001
(1788797647.144335) can0 03FF1000#0840112200000001
(1788797647.249338) can0 03FF1000#0840112200000001
(1788797647.354343) can0 03FF1000#0840112200000001
(1788797647.459347) can0 03FF1000#0840112200000001
(1788797647.564357) can0 03FF1000#0840112200000001
(1788797647.669358) can0 03FF1000#0840112200000001
(1788797647.774369) can0 03FF1000#0840112200000001
(1788797647.879370) can0 03FF1000#0840112200000001
(1788797647.984379) can0 03FF1000#0840112200000001
(1788797648.089382) can0 03FF1000#0840112200000001
(1788797648.194388) can0 03FF1000#0840112200000001
(1788797648.299394) can0 03FF1000#0840112200000001
(1788797648.404398) can0 03FF1000#0840112200000001
(1788797648.509406) can0 03FF1000#0840112200000001
(1788797648.614408) can0 03FF1000#0840112200000001
(1788797648.719415) can0 03FF1000#0840112200000001
(1788797648.824425) can0 03FF1000#0840112200000001
(1788797648.929426) can0 03FF1000#0840112200000001
(1788797649.034435) can0 03FF1000#0840112200000001
(1788797649.139438) can0 03FF1000#0840112200000001
(1788797649.244444) can0 03FF1000#0840112200000001
(1788797649.349450) can0 03FF1000#0840112200000001
(1788797649.427648) can0 04FF3400#0000005800000000
(1788797649.454454) can0 03FF1000#0840112200000001
(1788797649.559469) can0 03FF1000#0840112200000001
(1788797649.664465) can0 03FF1000#0840112200000001
(1788797649.769476) can0 03FF1000#0840112200000001
(1788797649.874477) can0 03FF1000#0840112200000001
(1788797649.979481) can0 03FF1000#0840112200000001
(1788797650.084492) can0 03FF1000#0840112200000001
(1788797650.189493) can0 03FF1000#0840112200000001
(1788797650.294498) can0 03FF1000#0840112200000001
(1788797650.399505) can0 03FF1000#0840112200000001
(1788797650.504511) can0 03FF1000#0840112200000001
(1788797650.609515) can0 03FF1000#0840112200000001
(1788797650.714520) can0 03FF1000#0840112200000001
(1788797650.819530) can0 03FF1000#0840112200000001
(1788797650.924533) can0 03FF1000#0840112200000001
(1788797651.029540) can0 03FF1000#0840112200000001
(1788797651.134546) can0 03FF1000#0840112200000001
(1788797651.239549) can0 03FF1000#0840112200000001
(1788797651.344554) can0 03FF1000#0840112200000001
(1788797651.449562) can0 03FF1000#0840112200000001
(1788797651.554568) can0 03FF1000#0840112200000001
(1788797651.659570) can0 03FF1000#0840112200000001
(1788797651.764580) can0 03FF1000#0840112200000001
(1788797651.869582) can0 03FF1000#0840112200000001
(1788797651.974591) can0 03FF1000#0840112200000001
(1788797652.079596) can0 03FF1000#0840112200000001
(1788797652.184599) can0 03FF1000#0840112200000001
(1788797652.289604) can0 03FF1000#0840112200000001
(1788797652.394610) can0 03FF1000#0840112200000001
(1788797652.499618) can0 03FF1000#0840112200000001
(1788797652.604622) can0 03FF1000#0840112200000001
(1788797652.709626) can0 03FF1000#0840112200000001
(1788797652.814636) can0 03FF1000#0840112200000001
(1788797652.919638) can0 03FF1000#0840112200000001
(1788797653.024648) can0 03FF1000#0840112200000001
(1788797653.129651) can0 03FF1000#0840112200000001
(1788797653.234655) can0 03FF1000#0840112200000001
(1788797653.339660) can0 03FF1000#0840112200000001
(1788797653.444665) can0 03FF1000#0840112200000001
(1788797653.549675) can0 03FF1000#0840112200000001
(1788797653.654678) can0 03FF1000#0840112200000001
(1788797653.759686) can0 03FF1000#0840112200000001
(1788797653.864688) can0 03FF1000#0840112200000001
(1788797653.969696) can0 03FF1000#0840112200000001
(1788797654.074704) can0 03FF1000#0840112200000001
(1788797654.179705) can0 03FF1000#0840112200000001
(1788797654.284711) can0 03FF1000#0840112200000001
(1788797654.389716) can0 03FF1000#0840112200000001
(1788797654.494724) can0 03FF1000#0840112200000001
(1788797654.593729) can0 02294609#
(1788797654.593788) can0 05124609#010003CA03CA00
(1788797654.599726) can0 03FF1000#0840112200000001
(1788797654.704733) can0 03FF1000#0840112200000001
(1788797654.809743) can0 03FF1000#0840112200000001
(1788797654.914745) can0 03FF1000#0840112200000001
(1788797655.019752) can0 03FF1000#0840112200000001
(1788797655.124760) can0 03FF1000#0840112200000001
(1788797655.229762) can0 03FF1000#0840112200000001
(1788797655.334766) can0 03FF1000#0840112200000001
(1788797655.439771) can0 03FF1000#0840112200000001
(1788797655.544782) can0 03FF1000#0840112200000001
(1788797655.649785) can0 03FF1000#0840112200000001
(1788797655.754794) can0 03FF1000#0840112200000001
(1788797655.859796) can0 03FF1000#0840112200000001
(1788797655.964800) can0 03FF1000#0840112200000001
(1788797656.069808) can0 03FF1000#0840112200000001
(1788797656.174814) can0 03FF1000#0840112200000001
(1788797656.279816) can0 03FF1000#0840112200000001
(1788797656.384822) can0 03FF1000#0840112200000001
(1788797656.489827) can0 03FF1000#0840112200000001
(1788797656.594833) can0 03FF1000#0840112200000001
(1788797656.699840) can0 03FF1000#0840112200000001
(1788797656.804848) can0 03FF1000#0840112200000001
(1788797656.909851) can0 03FF1000#0840112200000001
(1788797657.014859) can0 03FF1000#0840112200000001
(1788797657.119861) can0 03FF1000#0840112200000001
(1788797657.224869) can0 03FF1000#0840112200000001
(1788797657.329873) can0 03FF1000#0840112200000001
(1788797657.434876) can0 03FF1000#0840112200000001
(1788797657.539884) can0 03FF1000#0840112200000001
(1788797657.644889) can0 03FF1000#0840112200000001
(1788797657.749901) can0 03FF1000#0840112200000001
(1788797657.854900) can0 03FF1000#0840112200000001
(1788797657.959907) can0 03FF1000#0840112200000001
(1788797658.064914) can0 03FF1000#0840112200000001
(1788797658.169917) can0 03FF1000#0840112200000001
(1788797658.274926) can0 03FF1000#0840112200000001
(1788797658.379927) can0 03FF1000#0840112200000001
(1788797658.484933) can0 03FF1000#0840112200000001
(1788797658.589940) can0 03FF1000#0840112200000001
(1788797658.694945) can0 03FF1000#0840112200000001
(1788797658.799957) can0 03FF1000#0840112200000001
(1788797658.904956) can0 03FF1000#0840112200000001
(1788797659.009964) can0 03FF1000#0840112200000001
(1788797659.114971) can0 03FF1000#0840112200000001
(1788797659.219973) can0 03FF1000#0840112200000001
(1788797659.324980) can0 03FF1000#0840112200000001
(1788797659.427983) can0 04FF3400#0000005900000000
(1788797659.428149) can0 04FF3603#0300000000000000
(1788797659.429982) can0 03FF1000#0840112200000001
(1788797659.534994) can0 03FF1000#0840112200000001
(1788797659.639994) can0 03FF1000#0840112200000001
(1788797659.745005) can0 03FF1000#0840112200000001
(1788797659.850010) can0 03FF1000#0840112200000001
(1788797659.955012) can0 03FF1000#0840112200000001
(1788797660.060021) can0 03FF1000#0840112200000001
(1788797660.165023) can0 03FF1000#0840112200000001
(1788797660.270028) can0 03FF1000#0840112200000001
(1788797660.375036) can0 03FF1000#0840112200000001
(1788797660.480039) can0 03FF1000#0840112200000001
(1788797660.585046) can0 03FF1000#0840112200000001
(1788797660.690050) can0 03FF1000#0840112200000001
(1788797660.795061) can0 03FF1000#0840112200000001
(1788797660.900064) can0 03FF1000#0840112200000001
(1788797661.005071) can0 03FF1000#0840112200000001
(1788797661.110075) can0 03FF1000#0840112200000001
(1788797661.215079) can0 03FF1000#0840112200000001
(1788797661.320085) can0 03FF1000#0840112200000001
(1788797661.425090) can0 03FF1000#0840112200000001
(1788797661.530097) can0 03FF1000#0840112200000001
(1788797661.635102) can0 03FF1000#0840112200000001
(1788797661.740111) can0 03FF1000#0840112200000001
(1788797661.845113) can0 03FF1000#0840112200000001
(1788797661.950125) can0 03FF1000#0840112200000001
(1788797662.055128) can0 03FF1000#0840112200000001
(1788797662.160132) can0 03FF1000#0840112200000001
(1788797662.265134) can0 03FF1000#0840112200000001
(1788797662.370143) can0 03FF1000#0840112200000001
(1788797662.475149) can0 03FF1000#0840112200000001
(1788797662.580155) can0 03FF1000#0840112200000001
(1788797662.685158) can0 03FF1000#0840112200000001
(1788797662.790167) can0 03FF1000#0840112200000001
(1788797662.895169) can0 03FF1000#0840112200000001
(1788797663.000178) can0 03FF1000#0840112200000001
(1788797663.105183) can0 03FF1000#0840112200000001
(1788797663.210185) can0 03FF1000#0840112200000001
(1788797663.315190) can0 03FF1000#0840112200000001
(1788797663.420196) can0 03FF1000#0840112200000001
(1788797663.525206) can0 03FF1000#0840112200000001
(1788797663.630206) can0 03FF1000#0840112200000001
(1788797663.735212) can0 03FF1000#0840112200000001
(1788797663.840225) can0 03FF1000#0840112200000001
(1788797663.945225) can0 03FF1000#0840112200000001
(1788797664.050237) can0 03FF1000#0840112200000001
(1788797664.155236) can0 03FF1000#0840112200000001
(1788797664.260241) can0 03FF1000#0840112200000001
(1788797664.365247) can0 03FF1000#0840112200000001
(1788797664.470252) can0 03FF1000#0840112200000001
(1788797664.575262) can0 03FF1000#0840112200000001
(1788797664.680263) can0 03FF1000#0840112200000001
(1788797664.785273) can0 03FF1000#0840112200000001
(1788797664.890276) can0 03FF1000#0840112200000001
(1788797664.995279) can0 03FF1000#0840112200000001
(1788797665.100292) can0 03FF1000#0840112200000001
(1788797665.205290) can0 03FF1000#0840112200000001
(1788797665.310296) can0 03FF1000#0840112200000001
(1788797665.415302) can0 03FF1000#0840112200000001
(1788797665.520307) can0 03FF1000#0840112200000001
(1788797665.625314) can0 03FF1000#0840112200000001
(1788797665.730317) can0 03FF1000#0840112200000001
(1788797665.835329) can0 03FF1000#0840112200000001
(1788797665.940332) can0 03FF1000#0840112200000001
(1788797666.045338) can0 03FF1000#0840112200000001
(1788797666.150344) can0 03FF1000#0840112200000001
(1788797666.255346) can0 03FF1000#0840112200000001
(1788797666.360354) can0 03FF1000#0840112200000001
(1788797666.465359) can0 03FF1000#0840112200000001
(1788797666.570364) can0 03FF1000#0840112200000001
(1788797666.675370) can0 03FF1000#0840112200000001
(1788797666.780377) can0 03FF1000#0840112200000001
(1788797666.885380) can0 03FF1000#0840112200000001
(1788797666.990386) can0 03FF1000#0840112200000001
(1788797667.095395) can0 03FF1000#0840112200000001
(1788797667.200399) can0 03FF1000#0840112200000001
(1788797667.304651) can0 03FF1000#0840112200000001
(1788797667.409661) can0 03FF1000#0840112200000001
(1788797667.515419) can0 03FF1000#0840112200000001
(1788797667.620419) can0 03FF1000#0840112200000001
(1788797667.724682) can0 03FF1000#0840112200000001
(1788797667.829666) can0 03FF1000#0840112200000001
(1788797667.934667) can0 03FF1000#0840112200000001
(1788797668.039698) can0 03FF1000#0840112200000001
(1788797668.144687) can0 03FF1000#0840112200000001
(1788797668.249697) can0 03FF1000#0840112200000001
(1788797668.354680) can0 03FF1000#0840112200000001
(1788797668.459683) can0 03FF1000#0840112200000001
(1788797668.564696) can0 03FF1000#0840112200000001
(1788797668.669708) can0 03FF1000#0840112200000001
(1788797668.774695) can0 03FF1000#0840112200000001
(1788797668.879682) can0 03FF1000#0840112200000001
(1788797668.984691) can0 03FF1000#0840112200000001
(1788797669.089720) can0 03FF1000#0840112200000001
(1788797669.194723) can0 03FF1000#0840112200000001
(1788797669.299715) can0 03FF1000#0840112200000001
(1788797669.404741) can0 03FF1000#0840112200000001
(1788797669.427514) can0 04FF3400#0000005A00000000
(1788797669.509694) can0 03FF1000#0840112200000001
(1788797669.614722) can0 03FF1000#0840112200000001
(1788797669.719734) can0 03FF1000#0840112200000001
(1788797669.824728) can0 03FF1000#0840112200000001
(1788797669.929775) can0 03FF1000#0840112200000001
(1788797670.034713) can0 03FF1000#0840112200000001
(1788797670.139739) can0 03FF1000#0840112200000001
(1788797670.244745) can0 03FF1000#0840112200000001
(1788797670.349732) can0 03FF1000#0840112200000001
(1788797670.454779) can0 03FF1000#0840112200000001
(1788797670.559725) can0 03FF1000#0840112200000001
(1788797670.664754) can0 03FF1000#0840112200000001
(1788797670.769753) can0 03FF1000#0840112200000001
(1788797670.874759) can0 03FF1000#0840112200000001
(1788797670.979721) can0 03FF1000#0840112200000001
(1788797671.084747) can0 03FF1000#0840112200000001
(1788797671.189746) can0 03FF1000#0840112200000001
(1788797671.294766) can0 03FF1000#0840112200000001
(1788797671.399752) can0 03FF1000#0840112200000001
(1788797671.504755) can0 03FF1000#0840112200000001
(1788797671.609751) can0 03FF1000#0840112200000001
(1788797671.714764) can0 03FF1000#0840112200000001
(1788797671.819782) can0 03FF1000#0840112200000001
(1788797671.924769) can0 03FF1000#0840112200000001
(1788797672.029761) can0 03FF1000#0840112200000001
(1788797672.134764) can0 03FF1000#0840112200000001
(1788797672.239775) can0 03FF1000#0840112200000001
(1788797672.344774) can0 03FF1000#0840112200000001
(1788797672.449797) can0 03FF1000#0840112200000001
(1788797672.554767) can0 03FF1000#0840112200000001
(1788797672.659767) can0 03FF1000#0840112200000001
(1788797672.764825) can0 03FF1000#0840112200000001
(1788797672.869791) can0 03FF1000#0840112200000001
(1788797672.974790) can0 03FF1000#0840112200000001
(1788797673.079778) can0 03FF1000#0840112200000001
(1788797673.184772) can0 03FF1000#0840112200000001
(1788797673.289825) can0 03FF1000#0840112200000001
(1788797673.394807) can0 03FF1000#0840112200000001
(1788797673.499814) can0 03FF1000#0840112200000001
(1788797673.604787) can0 03FF1000#0840112200000001
(1788797673.709800) can0 03FF1000#0840112200000001
(1788797673.814822) can0 03FF1000#0840112200000001
(1788797673.919813) can0 03FF1000#0840112200000001
(1788797674.024810) can0 03FF1000#0840112200000001
(1788797674.129792) can0 03FF1000#0840112200000001
(1788797674.234807) can0 03FF1000#0840112200000001
(1788797674.339795) can0 03FF1000#0840112200000001
(1788797674.444827) can0 03FF1000#0840112200000001
(1788797674.549840) can0 03FF1000#0840112200000001
(1788797674.654811) can0 03FF1000#0840112200000001
(1788797674.759827) can0 03FF1000#0840112200000001
(1788797674.864840) can0 03FF1000#0840112200000001
(1788797674.969846) can0 03FF1000#0840112200000001
(1788797675.074845) can0 03FF1000#0840112200000001
(1788797675.179825) can0 03FF1000#0840112200000001
(1788797675.284838) can0 03FF1000#0840112200000001
(1788797675.389845) can0 03FF1000#0840112200000001
(1788797675.494856) can0 03FF1000#0840112200000001
(1788797675.599919) can0 03FF1000#0840112200000001
(1788797675.704849) can0 03FF1000#0840112200000001
(1788797675.809862) can0 03FF1000#0840112200000001
(1788797675.914860) can0 03FF1000#0840112200000001
(1788797676.019880) can0 03FF1000#0840112200000001
(1788797676.124926) can0 03FF1000#0840112200000001
(1788797676.229878) can0 03FF1000#0840112200000001
(1788797676.334881) can0 03FF1000#0840112200000001
(1788797676.439890) can0 03FF1000#0840112200000001
(1788797676.544894) can0 03FF1000#0840112200000001
(1788797676.649929) can0 03FF1000#0840112200000001
(1788797676.754909) can0 03FF1000#0840112200000001
(1788797676.859910) can0 03FF1000#0840112200000001
(1788797676.964916) can0 03FF1000#0840112200000001
(1788797677.069924) can0 03FF1000#0840112200000001
(1788797677.174937) can0 03FF1000#0840112200000001
(1788797677.279934) can0 03FF1000#0840112200000001
(1788797677.384938) can0 03FF1000#0840112200000001
(1788797677.489943) can0 03FF1000#0840112200000001
(1788797677.594952) can0 03FF1000#0840112200000001
(1788797677.699960) can0 03FF1000#0840112200000001
(1788797677.804964) can0 03FF1000#0840112200000001
(1788797677.909967) can0 03FF1000#0840112200000001
(1788797678.014970) can0 03FF1000#0840112200000001
(1788797678.119981) can0 03FF1000#0840112200000001
(1788797678.224988) can0 03FF1000#0840112200000001
(1788797678.329987) can0 03FF1000#0840112200000001
(1788797678.434993) can0 03FF1000#0840112200000001
(1788797678.540003) can0 03FF1000#0840112200000001
(1788797678.645004) can0 03FF1000#0840112200000001
(1788797678.750016) can0 03FF1000#0840112200000001
(1788797678.855020) can0 03FF1000#0840112200000001
(1788797678.960020) can0 03FF1000#0840112200000001
(1788797679.065030) can0 03FF1000#0840112200000001
(1788797679.170036) can0 03FF1000#0840112200000001
(1788797679.275044) can0 03FF1000#0840112200000001
(1788797679.380043) can0 03FF1000#0840112200000001
(1788797679.428048) can0 04FF3400#0000005B00000000
(1788797679.485049) can0 03FF1000#0840112200000001
(1788797679.590057) can0 03FF1000#0840112200000001
(1788797679.695062) can0 03FF1000#0840112200000001
(1788797679.800073) can0 03FF1000#0840112200000001
(1788797679.905071) can0 03FF1000#0840112200000001
(1788797680.010076) can0 03FF1000#0840112200000001
(1788797680.115087) can0 03FF1000#0840112200000001
(1788797680.220090) can0 03FF1000#0840112200000001
(1788797680.325100) can0 03FF1000#0840112200000001
(1788797680.430099) can0 03FF1000#0840112200000001
(1788797680.535108) can0 03FF1000#0840112200000001
(1788797680.640110) can0 03FF1000#0840112200000001
(1788797680.745116) can0 03FF1000#0840112200000001
(1788797680.850127) can0 03FF1000#0840112200000001
(1788797680.955127) can0 03FF1000#0840112200000001
(1788797681.060138) can0 03FF1000#0840112200000001
(1788797681.165138) can0 03FF1000#0840112200000001
(1788797681.270154) can0 03FF1000#0840112200000001
(1788797681.375156) can0 03FF1000#0840112200000001
(1788797681.480156) can0 03FF1000#0840112200000001
(1788797681.585168) can0 03FF1000#0840112200000001
(1788797681.690167) can0 03FF1000#0840112200000001
(1788797681.795177) can0 03FF1000#0840112200000001
(1788797681.900183) can0 03FF1000#0840112200000001
(1788797682.005183) can0 03FF1000#0840112200000001
(1788797682.110193) can0 03FF1000#0840112200000001
(1788797682.215197) can0 03FF1000#0840112200000001
(1788797682.320200) can0 03FF1000#0840112200000001
(1788797682.425210) can0 03FF1000#0840112200000001
(1788797682.530216) can0 03FF1000#0840112200000001
(1788797682.635217) can0 03FF1000#0840112200000001
(1788797682.740223) can0 03FF1000#0840112200000001
(1788797682.845233) can0 03FF1000#0840112200000001
(1788797682.950238) can0 03FF1000#0840112200000001
(1788797683.055243) can0 03FF1000#0840112200000001
(1788797683.160250) can0 03FF1000#0840112200000001
(1788797683.265250) can0 03FF1000#0840112200000001
(1788797683.370257) can0 03FF1000#0840112200000001
(1788797683.475266) can0 03FF1000#0840112200000001
(1788797683.580272) can0 03FF1000#0840112200000001
(1788797683.685272) can0 03FF1000#0840112200000001
(1788797683.790282) can0 03FF1000#0840112200000001
(1788797683.895285) can0 03FF1000#0840112200000001
(1788797684.000294) can0 03FF1000#0840112200000001
(1788797684.105299) can0 03FF1000#0840112200000001
(1788797684.210302) can0 03FF1000#0840112200000001
(1788797684.315305) can0 03FF1000#0840112200000001
(1788797684.420311) can0 03FF1000#0840112200000001
(1788797684.525322) can0 03FF1000#0840112200000001
(1788797684.630324) can0 03FF1000#0840112200000001
(1788797684.735327) can0 03FF1000#0840112200000001
(1788797684.840334) can0 03FF1000#0840112200000001
(1788797684.945339) can0 03FF1000#0840112200000001
(1788797685.050351) can0 03FF1000#0840112200000001
(1788797685.155350) can0 03FF1000#0840112200000001
(1788797685.260357) can0 03FF1000#0840112200000001
(1788797685.365361) can0 03FF1000#0840112200000001
(1788797685.470366) can0 03FF1000#0840112200000001
(1788797685.575377) can0 03FF1000#0840112200000001
(1788797685.680377) can0 03FF1000#0840112200000001
(1788797685.785385) can0 03FF1000#0840112200000001
(1788797685.890389) can0 03FF1000#0840112200000001
(1788797685.995396) can0 03FF1000#0840112200000001
(1788797686.100408) can0 03FF1000#0840112200000001
(1788797686.205405) can0 03FF1000#0840112200000001
(1788797686.310411) can0 03FF1000#0840112200000001
(1788797686.415417) can0 03FF1000#0840112200000001
(1788797686.520421) can0 03FF1000#0840112200000001
(1788797686.625435) can0 03FF1000#0840112200000001
(1788797686.730434) can0 03FF1000#0840112200000001
(1788797686.835439) can0 03FF1000#0840112200000001
(1788797686.940445) can0 03FF1000#0840112200000001
(1788797687.045453) can0 03FF1000#0840112200000001
(1788797687.150463) can0 03FF1000#0840112200000001
(1788797687.255461) can0 03FF1000#0840112200000001
(1788797687.360466) can0 03FF1000#0840112200000001
(1788797687.465473) can0 03FF1000#0840112200000001
(1788797687.570480) can0 03FF1000#0840112200000001
(1788797687.675488) can0 03FF1000#0840112200000001
(1788797687.780489) can0 03FF1000#0840112200000001
(1788797687.885495) can0 03FF1000#0840112200000001
(1788797687.990500) can0 03FF1000#0840112200000001
(1788797688.095506) can0 03FF1000#0840112200000001
(1788797688.200516) can0 03FF1000#0840112200000001
(1788797688.305516) can0 03FF1000#0840112200000001
(1788797688.410525) can0 03FF1000#0840112200000001
(1788797688.515529) can0 03FF1000#0840112200000001
(1788797688.620534) can0 03FF1000#0840112200000001
(1788797688.725549) can0 03FF1000#0840112200000001
(1788797688.830545) can0 03FF1000#0840112200000001
(1788797688.935554) can0 03FF1000#0840112200000001
(1788797689.040556) can0 03FF1000#0840112200000001
(1788797689.145568) can0 03FF1000#0840112200000001
(1788797689.250574) can0 03FF1000#0840112200000001
(1788797689.355573) can0 03FF1000#0840112200000001
(1788797689.427575) can0 04FF3400#0000005C00000000
(1788797689.460578) can0 03FF1000#0840112200000001
(1788797689.565586) can0 03FF1000#0840112200000001
(1788797689.670588) can0 03FF1000#0840112200000001
(1788797689.775599) can0 03FF1000#0840112200000001
(1788797689.880600) can0 03FF1000#0840112200000001
(1788797689.985607) can0 03FF1000#0840112200000001
(1788797690.090612) can0 03FF1000#0840112200000001
(1788797690.195617) can0 03FF1000#0840112200000001
(1788797690.300627) can0 03FF1000#0840112200000001
(1788797690.405629) can0 03FF1000#0840112200000001
(1788797690.510636) can0 03FF1000#0840112200000001
(1788797690.615641) can0 03FF1000#0840112200000001
(1788797690.720645) can0 03FF1000#0840112200000001
(1788797690.825656) can0 03FF1000#0840112200000001
(1788797690.930655) can0 03FF1000#0840112200000001
(1788797691.035662) can0 03FF1000#0840112200000001
(1788797691.140671) can0 03FF1000#0840112200000001
(1788797691.245675) can0 03FF1000#0840112200000001
(1788797691.350684) can0 03FF1000#0840112200000001
(1788797691.455686) can0 03FF1000#0840112200000001
(1788797691.560690) can0 03FF1000#0840112200000001
(1788797691.665694) can0 03FF1000#0840112200000001
(1788797691.770702) can0 03FF1000#0840112200000001
(1788797691.875711) can0 03FF1000#0840112200000001
(1788797691.980713) can0 03FF1000#0840112200000001
(1788797692.085719) can0 03FF1000#0840112200000001
(1788797692.190722) can0 03FF1000#0840112200000001
(1788797692.295727) can0 03FF1000#0840112200000001
(1788797692.400739) can0 03FF1000#0840112200000001
(1788797692.505739) can0 03FF1000#0840112200000001
(1788797692.610747) can0 03FF1000#0840112200000001
(1788797692.715751) can0 03FF1000#0840112200000001
(1788797692.820755) can0 03FF1000#0840112200000001
(1788797692.925766) can0 03FF1000#0840112200000001
(1788797693.030768) can0 03FF1000#0840112200000001
(1788797693.135774) can0 03FF1000#0840112200000001
(1788797693.240781) can0 03FF1000#0840112200000001
(1788797693.345784) can0 03FF1000#0840112200000001
(1788797693.450795) can0 03FF1000#0840112200000001
(1788797693.555797) can0 03FF1000#0840112200000001
(1788797693.660800) can0 03FF1000#0840112200000001
(1788797693.765807) can0 03FF1000#0840112200000001
(1788797693.870812) can0 03FF1000#0840112200000001
(1788797693.975821) can0 03FF1000#0840112200000001
(1788797694.080825) can0 03FF1000#0840112200000001
(1788797694.185831) can0 03FF1000#0840112200000001
(1788797694.290838) can0 03FF1000#0840112200000001
(1788797694.395840) can0 03FF1000#0840112200000001
(1788797694.500850) can0 03FF1000#0840112200000001
(1788797694.605857) can0 03FF1000#0840112200000001
(1788797694.710858) can0 03FF1000#0840112200000001
(1788797694.815863) can0 03FF1000#0840112200000001
(1788797694.920867) can0 03FF1000#0840112200000001
(1788797695.025878) can0 03FF1000#0840112200000001
(1788797695.130889) can0 03FF1000#0840112200000001
(1788797695.235885) can0 03FF1000#0840112200000001
(1788797695.340889) can0 03FF1000#0840112200000001
(1788797695.445898) can0 03FF1000#0840112200000001
(1788797695.550907) can0 03FF1000#0840112200000001
(1788797695.655906) can0 03FF1000#0840112200000001
(1788797695.760911) can0 03FF1000#0840112200000001
(1788797695.865918) can0 03FF1000#0840112200000001
(1788797695.970923) can0 03FF1000#0840112200000001
(1788797696.075934) can0 03FF1000#0840112200000001
(1788797696.180935) can0 03FF1000#0840112200000001
(1788797696.285939) can0 03FF1000#0840112200000001
(1788797696.390948) can0 03FF1000#0840112200000001
(1788797696.495951) can0 03FF1000#0840112200000001
(1788797696.600961) can0 03FF1000#0840112200000001
(1788797696.705965) can0 03FF1000#0840112200000001
(1788797696.810967) can0 03FF1000#0840112200000001
(1788797696.915972) can0 03FF1000#0840112200000001
(1788797697.020978) can0 03FF1000#0840112200000001
(1788797697.125990) can0 03FF1000#0840112200000001
(1788797697.230991) can0 03FF1000#0840112200000001
(1788797697.335996) can0 03FF1000#0840112200000001
(1788797697.441000) can0 03FF1000#0840112200000001
(1788797697.546011) can0 03FF1000#0840112200000001
(1788797697.651018) can0 03FF1000#0840112200000001
(1788797697.756019) can0 03FF1000#0840112200000001
(1788797697.861024) can0 03FF1000#0840112200000001
(1788797697.966028) can0 03FF1000#0840112200000001
(1788797698.071040) can0 03FF1000#0840112200000001
(1788797698.176044) can0 03FF1000#0840112200000001
(1788797698.281045) can0 03FF1000#0840112200000001
(1788797698.386052) can0 03FF1000#0840112200000001
(1788797698.491056) can0 03FF1000#0840112200000001
(1788797698.596066) can0 03FF1000#0840112200000001
(1788797698.701073) can0 03FF1000#0840112200000001
(1788797698.806076) can0 03FF1000#0840112200000001
(1788797698.911080) can0 03FF1000#0840112200000001
(1788797699.015340) can0 03FF1000#0840112200000001
(1788797699.121097) can0 03FF1000#0840112200000001
(1788797699.226100) can0 03FF1000#0840112200000001
(1788797699.331101) can0 03FF1000#0840112200000001
(1788797699.427189) can0 04FF3400#0000005D00000000
(1788797699.435349) can0 03FF1000#0840112200000001
(1788797699.540351) can0 03FF1000#0840112200000001
(1788797699.645354) can0 03FF1000#0840112200000001
(1788797699.750352) can0 03FF1000#0840112200000001
(1788797699.855383) can0 03FF1000#0840112200000001
(1788797699.960366) can0 03FF1000#0840112200000001
(1788797700.065368) can0 03FF1000#0840112200000001
(1788797700.170369) can0 03FF1000#0840112200000001
(1788797700.275377) can0 03FF1000#0840112200000001
(1788797700.380385) can0 03FF1000#0840112200000001
(1788797700.485381) can0 03FF1000#0840112200000001
(1788797700.590380) can0 03FF1000#0840112200000001
(1788797700.695372) can0 03FF1000#0840112200000001
(1788797700.800378) can0 03FF1000#0840112200000001
(1788797700.905415) can0 03FF1000#0840112200000001
(1788797701.010402) can0 03FF1000#0840112200000001
(1788797701.115388) can0 03FF1000#0840112200000001
(1788797701.220390) can0 03FF1000#0840112200000001
(1788797701.325408) can0 03FF1000#0840112200000001
(1788797701.430433) can0 03FF1000#0840112200000001
(1788797701.535416) can0 03FF1000#0840112200000001
(1788797701.640400) can0 03FF1000#0840112200000001
(1788797701.745394) can0 03FF1000#0840112200000001
(1788797701.850399) can0 03FF1000#0840112200000001
(1788797701.955446) can0 03FF1000#0840112200000001
(1788797702.060424) can0 03FF1000#0840112200000001
(1788797702.165402) can0 03FF1000#0840112200000001
(1788797702.270420) can0 03FF1000#0840112200000001
(1788797702.375419) can0 03FF1000#0840112200000001
(1788797702.480431) can0 03FF1000#0840112200000001
(1788797702.585440) can0 03FF1000#0840112200000001
(1788797702.690418) can0 03FF1000#0840112200000001
(1788797702.795408) can0 03FF1000#0840112200000001
(1788797702.900434) can0 03FF1000#0840112200000001
(1788797703.005446) can0 03FF1000#0840112200000001
(1788797703.110446) can0 03FF1000#0840112200000001
(1788797703.215430) can0 03FF1000#0840112200000001
(1788797703.320428) can0 03FF1000#0840112200000001
(1788797703.425440) can0 03FF1000#0840112200000001
(1788797703.530452) can0 03FF1000#0840112200000001
(1788797703.635449) can0 03FF1000#0840112200000001
(1788797703.740440) can0 03FF1000#0840112200000001
(1788797703.845433) can0 03FF1000#0840112200000001
(1788797703.950443) can0 03FF1000#0840112200000001
(1788797704.055467) can0 03FF1000#0840112200000001
(1788797704.160463) can0 03FF1000#0840112200000001
(1788797704.265501) can0 03FF1000#0840112200000001
(1788797704.370462) can0 03FF1000#0840112200000001
(1788797704.475467) can0 03FF1000#0840112200000001
(1788797704.580487) can0 03FF1000#0840112200000001
(1788797704.685480) can0 03FF1000#0840112200000001
(1788797704.790519) can0 03FF1000#0840112200000001
(1788797704.895454) can0 03FF1000#0840112200000001
(1788797705.000465) can0 03FF1000#0840112200000001
(1788797705.105482) can0 03FF1000#0840112200000001
(1788797705.210493) can0 03FF1000#0840112200000001
(1788797705.315520) can0 03FF1000#0840112200000001
(1788797705.420470) can0 03FF1000#0840112200000001
(1788797705.525469) can0 03FF1000#0840112200000001
(1788797705.630508) can0 03FF1000#0840112200000001
(1788797705.735506) can0 03FF1000#0840112200000001
(1788797705.840481) can0 03FF1000#0840112200000001
(1788797705.945486) can0 03FF1000#0840112200000001
(1788797706.050496) can0 03FF1000#0840112200000001
(1788797706.155513) can0 03FF1000#0840112200000001
(1788797706.260503) can0 03FF1000#0840112200000001
(1788797706.365503) can0 03FF1000#0840112200000001
(1788797706.470492) can0 03FF1000#0840112200000001
(1788797706.575510) can0 03FF1000#0840112200000001
(1788797706.680516) can0 03FF1000#0840112200000001
(1788797706.785531) can0 03FF1000#0840112200000001
(1788797706.890514) can0 03FF1000#0840112200000001
(1788797706.995514) can0 03FF1000#0840112200000001
(1788797707.100523) can0 03FF1000#0840112200000001
(1788797707.205543) can0 03FF1000#0840112200000001
(1788797707.310524) can0 03FF1000#0840112200000001
(1788797707.415529) can0 03FF1000#0840112200000001
(1788797707.520534) can0 03FF1000#0840112200000001
(1788797707.625594) can0 03FF1000#0840112200000001
(1788797707.730546) can0 03FF1000#0840112200000001
(1788797707.835552) can0 03FF1000#0840112200000001
(1788797707.940557) can0 03FF1000#0840112200000001
(1788797708.045565) can0 03FF1000#0840112200000001
(1788797708.150597) can0 03FF1000#0840112200000001
(1788797708.255573) can0 03FF1000#0840112200000001
(1788797708.360578) can0 03FF1000#0840112200000001
(1788797708.465586) can0 03FF1000#0840112200000001
(1788797708.570591) can0 03FF1000#0840112200000001
(1788797708.675602) can0 03FF1000#0840112200000001
(1788797708.780601) can0 03FF1000#0840112200000001
(1788797708.885607) can0 03FF1000#0840112200000001
(1788797708.990614) can0 03FF1000#0840112200000001
(1788797709.095622) can0 03FF1000#0840112200000001
(1788797709.200630) can0 03FF1000#0840112200000001
(1788797709.305632) can0 03FF1000#0840112200000001
(1788797709.410635) can0 03FF1000#0840112200000001
(1788797709.427635) can0 04FF3400#0000005E00000000
(1788797709.515640) can0 03FF1000#0840112200000001
(1788797709.620650) can0 03FF1000#0840112200000001
(1788797709.725656) can0 03FF1000#0840112200000001
(1788797709.830659) can0 03FF1000#0840112200000001
(1788797709.935663) can0 03FF1000#0840112200000001
(1788797710.040668) can0 03FF1000#0840112200000001
(1788797710.145677) can0 03FF1000#0840112200000001
(1788797710.250685) can0 03FF1000#0840112200000001
(1788797710.355684) can0 03FF1000#0840112200000001
(1788797710.460690) can0 03FF1000#0840112200000001
(1788797710.565698) can0 03FF1000#0840112200000001
(1788797710.670703) can0 03FF1000#0840112200000001
(1788797710.775712) can0 03FF1000#0840112200000001
(1788797710.880713) can0 03FF1000#0840112200000001
(1788797710.985720) can0 03FF1000#0840112200000001
(1788797711.090729) can0 03FF1000#0840112200000001
(1788797711.195732) can0 03FF1000#0840112200000001
(1788797711.300741) can0 03FF1000#0840112200000001
(1788797711.405740) can0 03FF1000#0840112200000001
(1788797711.510747) can0 03FF1000#0840112200000001
(1788797711.615755) can0 03FF1000#0840112200000001
(1788797711.720757) can0 03FF1000#0840112200000001
(1788797711.825768) can0 03FF1000#0840112200000001
(1788797711.930771) can0 03FF1000#0840112200000001
(1788797712.035776) can0 03FF1000#0840112200000001
(1788797712.140783) can0 03FF1000#0840112200000001
(1788797712.245786) can0 03FF1000#0840112200000001
(1788797712.350796) can0 03FF1000#0840112200000001
(1788797712.455797) can0 03FF1000#0840112200000001
(1788797712.560805) can0 03FF1000#0840112200000001
(1788797712.665810) can0 03FF1000#0840112200000001
(1788797712.770812) can0 03FF1000#0840112200000001
(1788797712.875824) can0 03FF1000#0840112200000001
(1788797712.980826) can0 03FF1000#0840112200000001
(1788797713.085834) can0 03FF1000#0840112200000001
(1788797713.190841) can0 03FF1000#0840112200000001
(1788797713.295842) can0 03FF1000#0840112200000001
(1788797713.400851) can0 03FF1000#0840112200000001
(1788797713.505853) can0 03FF1000#0840112200000001
(1788797713.610861) can0 03FF1000#0840112200000001
(1788797713.715864) can0 03FF1000#0840112200000001
(1788797713.820869) can0 03FF1000#0840112200000001
(1788797713.925879) can0 03FF1000#0840112200000001
(1788797714.030880) can0 03FF1000#0840112200000001
(1788797714.135888) can0 03FF1000#0840112200000001
(1788797714.240892) can0 03FF1000#0840112200000001
(1788797714.345896) can0 03FF1000#0840112200000001
(1788797714.450906) can0 03FF1000#0840112200000001
(1788797714.555912) can0 03FF1000#0840112200000001
(1788797714.660916) can0 03FF1000#0840112200000001
(1788797714.765920) can0 03FF1000#0840112200000001
(1788797714.870923) can0 03FF1000#0840112200000001
(1788797714.975937) can0 03FF1000#0840112200000001
(1788797715.080940) can0 03FF1000#0840112200000001
(1788797715.185944) can0 03FF1000#0840112200000001
(1788797715.290947) can0 03FF1000#0840112200000001
(1788797715.395954) can0 03FF1000#0840112200000001
(1788797715.500963) can0 03FF1000#0840112200000001
(1788797715.605967) can0 03FF1000#0840112200000001
(1788797715.710970) can0 03FF1000#0840112200000001
(1788797715.815974) can0 03FF1000#0840112200000001
(1788797715.920980) can0 03FF1000#0840112200000001
(1788797716.025991) can0 03FF1000#0840112200000001
(1788797716.131002) can0 03FF1000#0840112200000001
(1788797716.235996) can0 03FF1000#0840112200000001
(1788797716.341003) can0 03FF1000#0840112200000001
(1788797716.446007) can0 03FF1000#0840112200000001
(1788797716.551019) can0 03FF1000#0840112200000001
(1788797716.656022) can0 03FF1000#0840112200000001
(1788797716.761023) can0 03FF1000#0840112200000001
(1788797716.866029) can0 03FF1000#0840112200000001
(1788797716.971037) can0 03FF1000#0840112200000001
(1788797717.076047) can0 03FF1000#0840112200000001
(1788797717.181047) can0 03FF1000#0840112200000001
(1788797717.286051) can0 03FF1000#0840112200000001
(1788797717.391056) can0 03FF1000#0840112200000001
(1788797717.496063) can0 03FF1000#0840112200000001
(1788797717.601075) can0 03FF1000#0840112200000001
(1788797717.706075) can0 03FF1000#0840112200000001
(1788797717.811080) can0 03FF1000#0840112200000001
(1788797717.916087) can0 03FF1000#0840112200000001
(1788797718.021090) can0 03FF1000#0840112200000001
(1788797718.126103) can0 03FF1000#0840112200000001
(1788797718.231104) can0 03FF1000#0840112200000001
(1788797718.336107) can0 03FF1000#0840112200000001
(1788797718.441114) can0 03FF1000#0840112200000001
(1788797718.546118) can0 03FF1000#0840112200000001
(1788797718.651131) can0 03FF1000#0840112200000001
(1788797718.756132) can0 03FF1000#0840112200000001
(1788797718.861135) can0 03FF1000#0840112200000001
(1788797718.966140) can0 03FF1000#0840112200000001
(1788797719.071149) can0 03FF1000#0840112200000001
(1788797719.176161) can0 03FF1000#0840112200000001
(1788797719.281157) can0 03FF1000#0840112200000001
(1788797719.386162) can0 03FF1000#0840112200000001
(1788797719.427165) can0 04FF3400#0000005F00000000
(1788797719.428164) can0 04FF3603#0300000000000000
(1788797719.491167) can0 03FF1000#0840112200000001
(1788797719.596177) can0 03FF1000#0840112200000001
(1788797719.701185) can0 03FF1000#0840112200000001
(1788797719.806186) can0 03FF1000#0840112200000001
(1788797719.911190) can0 03FF1000#0840112200000001
(1788797720.016198) can0 03FF1000#0840112200000001
(1788797720.121206) can0 03FF1000#0840112200000001
(1788797720.226213) can0 03FF1000#0840112200000001
(1788797720.331216) can0 03FF1000#0840112200000001
(1788797720.436218) can0 03FF1000#0840112200000001
(1788797720.541223) can0 03FF1000#0840112200000001
(1788797720.646234) can0 03FF1000#0840112200000001
(1788797720.751239) can0 03FF1000#0840112200000001
(1788797720.856240) can0 03FF1000#0840112200000001
(1788797720.961248) can0 03FF1000#0840112200000001
(1788797721.066256) can0 03FF1000#0840112200000001
(1788797721.171260) can0 03FF1000#0840112200000001
(1788797721.276268) can0 03FF1000#0840112200000001
(1788797721.381269) can0 03FF1000#0840112200000001
(1788797721.486275) can0 03FF1000#0840112200000001
(1788797721.591284) can0 03FF1000#0840112200000001
(1788797721.696285) can0 03FF1000#0840112200000001
(1788797721.801295) can0 03FF1000#0840112200000001
(1788797721.906296) can0 03FF1000#0840112200000001
(1788797722.011302) can0 03FF1000#0840112200000001
(1788797722.116312) can0 03FF1000#0840112200000001
(1788797722.221316) can0 03FF1000#0840112200000001
(1788797722.326324) can0 03FF1000#0840112200000001
(1788797722.431325) can0 03FF1000#0840112200000001
(1788797722.536329) can0 03FF1000#0840112200000001
(1788797722.641341) can0 03FF1000#0840112200000001
(1788797722.746343) can0 03FF1000#0840112200000001
(1788797722.851351) can0 03FF1000#0840112200000001
(1788797722.956351) can0 03FF1000#0840112200000001
(1788797723.061357) can0 03FF1000#0840112200000001
(1788797723.166368) can0 03FF1000#0840112200000001
(1788797723.271369) can0 03FF1000#0840112200000001
(1788797723.376378) can0 03FF1000#0840112200000001
(1788797723.481379) can0 03FF1000#0840112200000001
(1788797723.586389) can0 03FF1000#0840112200000001
(1788797723.691391) can0 03FF1000#0840112200000001
(1788797723.796396) can0 03FF1000#0840112200000001
(1788797723.901407) can0 03FF1000#0840112200000001
(1788797724.006409) can0 03FF1000#0840112200000001
(1788797724.111418) can0 03FF1000#0840112200000001
(1788797724.216423) can0 03FF1000#0840112200000001
(1788797724.321426) can0 03FF1000#0840112200000001
(1788797724.426434) can0 03FF1000#0840112200000001
(1788797724.531437) can0 03FF1000#0840112200000001
(1788797724.636447) can0 03FF1000#0840112200000001
(1788797724.741448) can0 03FF1000#0840112200000001
(1788797724.846452) can0 03FF1000#0840112200000001
(1788797724.951469) can0 03FF1000#0840112200000001
(1788797725.056465) can0 03FF1000#0840112200000001
(1788797725.161475) can0 03FF1000#0840112200000001
(1788797725.266477) can0 03FF1000#0840112200000001
(1788797725.371480) can0 03FF1000#0840112200000001
(1788797725.476491) can0 03FF1000#0840112200000001
(1788797725.581496) can0 03FF1000#0840112200000001
(1788797725.686497) can0 03FF1000#0840112200000001
(1788797725.791503) can0 03FF1000#0840112200000001
(1788797725.896509) can0 03FF1000#0840112200000001
(1788797726.001518) can0 03FF1000#0840112200000001
(1788797726.106522) can0 03FF1000#0840112200000001
(1788797726.211527) can0 03FF1000#0840112200000001
(1788797726.316531) can0 03FF1000#0840112200000001
(1788797726.421536) can0 03FF1000#0840112200000001
(1788797726.526547) can0 03FF1000#0840112200000001
(1788797726.631550) can0 03FF1000#0840112200000001
(1788797726.736553) can0 03FF1000#0840112200000001
(1788797726.841558) can0 03FF1000#0840112200000001
(1788797726.946563) can0 03FF1000#0840112200000001
(1788797727.051575) can0 03FF1000#0840112200000001
(1788797727.156580) can0 03FF1000#0840112200000001
(1788797727.261580) can0 03FF1000#0840112200000001
(1788797727.366586) can0 03FF1000#0840112200000001
(1788797727.471591) can0 03FF1000#0840112200000001
(1788797727.576602) can0 03FF1000#0840112200000001
(1788797727.681606) can0 03FF1000#0840112200000001
(1788797727.786609) can0 03FF1000#0840112200000001
(1788797727.891614) can0 03FF1000#0840112200000001
(1788797727.996618) can0 03FF1000#0840112200000001
(1788797728.101630) can0 03FF1000#0840112200000001
(1788797728.206631) can0 03FF1000#0840112200000001
(1788797728.311635) can0 03FF1000#0840112200000001
(1788797728.416642) can0 03FF1000#0840112200000001
(1788797728.521648) can0 03FF1000#0840112200000001
(1788797728.626659) can0 03FF1000#0840112200000001
(1788797728.731662) can0 03FF1000#0840112200000001
(1788797728.836663) can0 03FF1000#0840112200000001
(1788797728.941669) can0 03FF1000#0840112200000001
(1788797729.046675) can0 03FF1000#0840112200000001
(1788797729.151686) can0 03FF1000#0840112200000001
(1788797729.256685) can0 03FF1000#0840112200000001
(1788797729.361694) can0 03FF1000#0840112200000001
(1788797729.426949) can0 04FF3400#0000006000000000
(1788797729.466697) can0 03FF1000#0840112200000001
(1788797729.571707) can0 03FF1000#0840112200000001
(1788797729.676715) can0 03FF1000#0840112200000001
(1788797729.781714) can0 03FF1000#0840112200000001
(1788797729.886723) can0 03FF1000#0840112200000001
(1788797729.991726) can0 03FF1000#0840112200000001
(1788797730.096734) can0 03FF1000#0840112200000001
(1788797730.201745) can0 03FF1000#0840112200000001
(1788797730.306742) can0 03FF1000#0840112200000001
(1788797730.411748) can0 03FF1000#0840112200000001
(1788797730.516752) can0 03FF1000#0840112200000001
(1788797730.621761) can0 03FF1000#0840112200000001
(1788797730.726022) can0 03FF1000#0840112200000001
(1788797730.831012) can0 03FF1000#0840112200000001
(1788797730.936018) can0 03FF1000#0840112200000001
(1788797731.041035) can0 03FF1000#0840112200000001
(1788797731.146046) can0 03FF1000#0840112200000001
(1788797731.251023) can0 03FF1000#0840112200000001
(1788797731.356028) can0 03FF1000#0840112200000001
(1788797731.461035) can0 03FF1000#0840112200000001
(1788797731.566051) can0 03FF1000#0840112200000001
(1788797731.671056) can0 03FF1000#0840112200000001
(1788797731.776043) can0 03FF1000#0840112200000001
(1788797731.881044) can0 03FF1000#0840112200000001
(1788797731.986028) can0 03FF1000#0840112200000001
(1788797732.091070) can0 03FF1000#0840112200000001
(1788797732.196073) can0 03FF1000#0840112200000001
(1788797732.301060) can0 03FF1000#0840112200000001
(1788797732.406061) can0 03FF1000#0840112200000001
(1788797732.511038) can0 03FF1000#0840112200000001
(1788797732.616075) can0 03FF1000#0840112200000001
(1788797732.721090) can0 03FF1000#0840112200000001
(1788797732.826065) can0 03FF1000#0840112200000001
(1788797732.931109) can0 03FF1000#0840112200000001
(1788797733.036071) can0 03FF1000#0840112200000001
(1788797733.141093) can0 03FF1000#0840112200000001
(1788797733.246083) can0 03FF1000#0840112200000001
(1788797733.351067) can0 03FF1000#0840112200000001
(1788797733.456127) can0 03FF1000#0840112200000001
(1788797733.561075) can0 03FF1000#0840112200000001
(1788797733.666093) can0 03FF1000#0840112200000001
(1788797733.771081) can0 03FF1000#0840112200000001
(1788797733.876094) can0 03FF1000#0840112200000001
(1788797733.981121) can0 03FF1000#0840112200000001
(1788797734.086094) can0 03FF1000#0840112200000001
(1788797734.191105) can0 03FF1000#0840112200000001
(1788797734.296114) can0 03FF1000#0840112200000001
(1788797734.401099) can0 03FF1000#0840112200000001
(1788797734.506091) can0 03FF1000#0840112200000001
(1788797734.611102) can0 03FF1000#0840112200000001
(1788797734.716115) can0 03FF1000#0840112200000001
(1788797734.821130) can0 03FF1000#0840112200000001
(1788797734.926126) can0 03FF1000#0840112200000001
(1788797735.031092) can0 03FF1000#0840112200000001
(1788797735.136103) can0 03FF1000#0840112200000001
(1788797735.241129) can0 03FF1000#0840112200000001
(1788797735.346125) can0 03FF1000#0840112200000001
(1788797735.451127) can0 03FF1000#0840112200000001
(1788797735.556124) can0 03FF1000#0840112200000001
(1788797735.661129) can0 03FF1000#0840112200000001
(1788797735.766146) can0 03FF1000#0840112200000001
(1788797735.871139) can0 03FF1000#0840112200000001
(1788797735.976125) can0 03FF1000#0840112200000001
(1788797736.081131) can0 03FF1000#0840112200000001
(1788797736.186123) can0 03FF1000#0840112200000001
(1788797736.291182) can0 03FF1000#0840112200000001
(1788797736.396156) can0 03FF1000#0840112200000001
(1788797736.501151) can0 03FF1000#0840112200000001
(1788797736.606135) can0 03FF1000#0840112200000001
(1788797736.711121) can0 03FF1000#0840112200000001
(1788797736.816202) can0 03FF1000#0840112200000001
(1788797736.921173) can0 03FF1000#0840112200000001
(1788797737.026156) can0 03FF1000#0840112200000001
(1788797737.131151) can0 03FF1000#0840112200000001
(1788797737.236166) can0 03FF1000#0840112200000001
(1788797737.341171) can0 03FF1000#0840112200000001
(1788797737.446189) can0 03FF1000#0840112200000001
(1788797737.551168) can0 03FF1000#0840112200000001
(1788797737.656166) can0 03FF1000#0840112200000001
(1788797737.761159) can0 03FF1000#0840112200000001
(1788797737.866189) can0 03FF1000#0840112200000001
(1788797737.971188) can0 03FF1000#0840112200000001
(1788797738.076191) can0 03FF1000#0840112200000001
(1788797738.181185) can0 03FF1000#0840112200000001
(1788797738.286175) can0 03FF1000#0840112200000001
(1788797738.391181) can0 03FF1000#0840112200000001
(1788797738.496198) can0 03FF1000#0840112200000001
(1788797738.601207) can0 03FF1000#0840112200000001
(1788797738.706188) can0 03FF1000#0840112200000001
(1788797738.811192) can0 03FF1000#0840112200000001
(1788797738.916196) can0 03FF1000#0840112200000001
(1788797739.021203) can0 03FF1000#0840112200000001
(1788797739.126260) can0 03FF1000#0840112200000001
(1788797739.231214) can0 03FF1000#0840112200000001
(1788797739.336219) can0 03FF1000#0840112200000001
(1788797739.427224) can0 04FF3400#0000006100000000
(1788797739.441224) can0 03FF1000#0840112200000001
(1788797739.546231) can0 03FF1000#0840112200000001
(1788797739.651274) can0 03FF1000#0840112200000001
(1788797739.756243) can0 03FF1000#0840112200000001
(1788797739.861247) can0 03FF1000#0840112200000001
(1788797739.966253) can0 03FF1000#0840112200000001
(1788797740.071261) can0 03FF1000#0840112200000001
(1788797740.176291) can0 03FF1000#0840112200000001
(1788797740.281269) can0 03FF1000#0840112200000001
(1788797740.386274) can0 03FF1000#0840112200000001
(1788797740.491280) can0 03FF1000#0840112200000001
(1788797740.596287) can0 03FF1000#0840112200000001
(1788797740.701297) can0 03FF1000#0840112200000001
(1788797740.806298) can0 03FF1000#0840112200000001
(1788797740.911305) can0 03FF1000#0840112200000001
(1788797741.016308) can0 03FF1000#0840112200000001
(1788797741.121316) can0 03FF1000#0840112200000001
(1788797741.226324) can0 03FF1000#0840112200000001
(1788797741.331327) can0 03FF1000#0840112200000001
(1788797741.436331) can0 03FF1000#0840112200000001
(1788797741.541339) can0 03FF1000#0840112200000001
(1788797741.646345) can0 03FF1000#0840112200000001
(1788797741.751351) can0 03FF1000#0840112200000001
(1788797741.856353) can0 03FF1000#0840112200000001
(1788797741.961359) can0 03FF1000#0840112200000001
(1788797742.066363) can0 03FF1000#0840112200000001
(1788797742.171372) can0 03FF1000#0840112200000001
(1788797742.276378) can0 03FF1000#0840112200000001
(1788797742.381381) can0 03FF1000#0840112200000001
(1788797742.486388) can0 03FF1000#0840112200000001
(1788797742.591392) can0 03FF1000#0840112200000001
(1788797742.696400) can0 03FF1000#0840112200000001
(1788797742.801405) can0 03FF1000#0840112200000001
(1788797742.906410) can0 03FF1000#0840112200000001
(1788797743.011414) can0 03FF1000#0840112200000001
(1788797743.116424) can0 03FF1000#0840112200000001
(1788797743.221429) can0 03FF1000#0840112200000001
(1788797743.326437) can0 03FF1000#0840112200000001
(1788797743.431438) can0 03FF1000#0840112200000001
(1788797743.536442) can0 03FF1000#0840112200000001
(1788797743.641452) can0 03FF1000#0840112200000001
(1788797743.746455) can0 03FF1000#0840112200000001
(1788797743.851462) can0 03FF1000#0840112200000001
(1788797743.956466) can0 03FF1000#0840112200000001
(1788797744.061471) can0 03FF1000#0840112200000001
(1788797744.166480) can0 03FF1000#0840112200000001
(1788797744.271484) can0 03FF1000#0840112200000001
(1788797744.376489) can0 03FF1000#0840112200000001
(1788797744.481492) can0 03FF1000#0840112200000001
(1788797744.586503) can0 03FF1000#0840112200000001
(1788797744.691508) can0 03FF1000#0840112200000001
(1788797744.796511) can0 03FF1000#0840112200000001
(1788797744.901517) can0 03FF1000#0840112200000001
(1788797745.006521) can0 03FF1000#0840112200000001
(1788797745.111530) can0 03FF1000#0840112200000001
(1788797745.216531) can0 03FF1000#0840112200000001
(1788797745.321536) can0 03FF1000#0840112200000001
(1788797745.426545) can0 03FF1000#0840112200000001
(1788797745.531552) can0 03FF1000#0840112200000001
(1788797745.636557) can0 03FF1000#0840112200000001
(1788797745.741561) can0 03FF1000#0840112200000001
(1788797745.846566) can0 03FF1000#0840112200000001
(1788797745.951572) can0 03FF1000#0840112200000001
(1788797746.056579) can0 03FF1000#0840112200000001
(1788797746.161585) can0 03FF1000#0840112200000001
(1788797746.266587) can0 03FF1000#0840112200000001
(1788797746.371593) can0 03FF1000#0840112200000001
(1788797746.476599) can0 03FF1000#0840112200000001
(1788797746.581602) can0 03FF1000#0840112200000001
(1788797746.686611) can0 03FF1000#0840112200000001
(1788797746.791614) can0 03FF1000#0840112200000001
(1788797746.896620) can0 03FF1000#0840112200000001
(1788797747.001627) can0 03FF1000#0840112200000001
(1788797747.106635) can0 03FF1000#0840112200000001
(1788797747.211637) can0 03FF1000#0840112200000001
(1788797747.316642) can0 03FF1000#0840112200000001
(1788797747.421647) can0 03FF1000#0840112200000001
(1788797747.526656) can0 03FF1000#0840112200000001
(1788797747.631661) can0 03FF1000#0840112200000001
(1788797747.736665) can0 03FF1000#0840112200000001
(1788797747.841670) can0 03FF1000#0840112200000001
(1788797747.946676) can0 03FF1000#0840112200000001
(1788797748.051684) can0 03FF1000#0840112200000001
(1788797748.156689) can0 03FF1000#0840112200000001
(1788797748.261696) can0 03FF1000#0840112200000001
(1788797748.366698) can0 03FF1000#0840112200000001
(1788797748.471703) can0 03FF1000#0840112200000001
(1788797748.576711) can0 03FF1000#0840112200000001
(1788797748.681718) can0 03FF1000#0840112200000001
(1788797748.786724) can0 03FF1000#0840112200000001
(1788797748.891726) can0 03FF1000#0840112200000001
(1788797748.996731) can0 03FF1000#0840112200000001
(1788797749.101746) can0 03FF1000#0840112200000001
(1788797749.206748) can0 03FF1000#0840112200000001
(1788797749.311752) can0 03FF1000#0840112200000001
(1788797749.416755) can0 03FF1000#0840112200000001
(1788797749.426754) can0 04FF3400#0000006200000000
(1788797749.521758) can0 03FF1000#0840112200000001
(1788797749.626771) can0 03FF1000#0840112200000001
(1788797749.731771) can0 03FF1000#0840112200000001
(1788797749.836776) can0 03FF1000#0840112200000001
(1788797749.941782) can0 03FF1000#0840112200000001
(1788797750.046786) can0 03FF1000#0840112200000001
(1788797750.151795) can0 03FF1000#0840112200000001
(1788797750.256798) can0 03FF1000#0840112200000001
(1788797750.361804) can0 03FF1000#0840112200000001
(1788797750.466810) can0 03FF1000#0840112200000001
(1788797750.571815) can0 03FF1000#0840112200000001
(1788797750.676822) can0 03FF1000#0840112200000001
(1788797750.781826) can0 03FF1000#0840112200000001
(1788797750.886833) can0 03FF1000#0840112200000001
(1788797750.991837) can0 03FF1000#0840112200000001
(1788797751.096847) can0 03FF1000#0840112200000001
(1788797751.201854) can0 03FF1000#0840112200000001
(1788797751.306854) can0 03FF1000#0840112200000001
(1788797751.411860) can0 03FF1000#0840112200000001
(1788797751.516865) can0 03FF1000#0840112200000001
(1788797751.621872) can0 03FF1000#0840112200000001
(1788797751.726877) can0 03FF1000#0840112200000001
(1788797751.831881) can0 03FF1000#0840112200000001
(1788797751.936888) can0 03FF1000#0840112200000001
(1788797752.041894) can0 03FF1000#0840112200000001
(1788797752.146901) can0 03FF1000#0840112200000001
(1788797752.251906) can0 03FF1000#0840112200000001
(1788797752.356908) can0 03FF1000#0840112200000001
(1788797752.461916) can0 03FF1000#0840112200000001
(1788797752.566921) can0 03FF1000#0840112200000001
(1788797752.671927) can0 03FF1000#0840112200000001
(1788797752.776933) can0 03FF1000#0840112200000001
(1788797752.881938) can0 03FF1000#0840112200000001
(1788797752.986943) can0 03FF1000#0840112200000001
(1788797753.091949) can0 03FF1000#0840112200000001
(1788797753.196955) can0 03FF1000#0840112200000001
(1788797753.301962) can0 03FF1000#0840112200000001
(1788797753.406966) can0 03FF1000#0840112200000001
(1788797753.511971) can0 03FF1000#0840112200000001
(1788797753.616977) can0 03FF1000#0840112200000001
(1788797753.721982) can0 03FF1000#0840112200000001
(1788797753.826989) can0 03FF1000#0840112200000001
(1788797753.931993) can0 03FF1000#0840112200000001
(1788797754.036999) can0 03FF1000#0840112200000001
(1788797754.142006) can0 03FF1000#0840112200000001
(1788797754.247011) can0 03FF1000#0840112200000001
(1788797754.352017) can0 03FF1000#0840112200000001
(1788797754.457021) can0 03FF1000#0840112200000001
(1788797754.562027) can0 03FF1000#0840112200000001
(1788797754.667035) can0 03FF1000#0840112200000001
(1788797754.772039) can0 03FF1000#0840112200000001
(1788797754.877044) can0 03FF1000#0840112200000001
(1788797754.982049) can0 03FF1000#0840112200000001
(1788797755.087056) can0 03FF1000#0840112200000001
(1788797755.192065) can0 03FF1000#0840112200000001
(1788797755.297066) can0 03FF1000#0840112200000001
(1788797755.402073) can0 03FF1000#0840112200000001
(1788797755.507077) can0 03FF1000#0840112200000001
(1788797755.612083) can0 03FF1000#0840112200000001
(1788797755.717088) can0 03FF1000#0840112200000001
(1788797755.822092) can0 03FF1000#0840112200000001
(1788797755.927102) can0 03FF1000#0840112200000001
(1788797756.032105) can0 03FF1000#0840112200000001
(1788797756.137111) can0 03FF1000#0840112200000001
(1788797756.242116) can0 03FF1000#0840112200000001
(1788797756.347120) can0 03FF1000#0840112200000001
(1788797756.452128) can0 03FF1000#0840112200000001
(1788797756.557132) can0 03FF1000#0840112200000001
(1788797756.662139) can0 03FF1000#0840112200000001
(1788797756.767143) can0 03FF1000#0840112200000001
(1788797756.872149) can0 03FF1000#0840112200000001
(1788797756.977156) can0 03FF1000#0840112200000001
(1788797757.082162) can0 03FF1000#0840112200000001
(1788797757.187167) can0 03FF1000#0840112200000001
(1788797757.292172) can0 03FF1000#0840112200000001
(1788797757.397177) can0 03FF1000#0840112200000001
(1788797757.502184) can0 03FF1000#0840112200000001
(1788797757.607188) can0 03FF1000#0840112200000001
(1788797757.712195) can0 03FF1000#0840112200000001
(1788797757.817199) can0 03FF1000#0840112200000001
(1788797757.922204) can0 03FF1000#0840112200000001
(1788797758.027212) can0 03FF1000#0840112200000001
(1788797758.132217) can0 03FF1000#0840112200000001
(1788797758.237221) can0 03FF1000#0840112200000001
(1788797758.342227) can0 03FF1000#0840112200000001
(1788797758.447233) can0 03FF1000#0840112200000001
(1788797758.552240) can0 03FF1000#0840112200000001
(1788797758.657244) can0 03FF1000#0840112200000001
(1788797758.762249) can0 03FF1000#0840112200000001
(1788797758.867254) can0 03FF1000#0840112200000001
(1788797758.972261) can0 03FF1000#0840112200000001
(1788797759.077268) can0 03FF1000#0840112200000001
(1788797759.182275) can0 03FF1000#0840112200000001
(1788797759.287276) can0 03FF1000#0840112200000001
(1788797759.392282) can0 03FF1000#0840112200000001
(1788797759.427284) can0 04FF3400#0000006300000000
(1788797759.497288) can0 03FF1000#0840112200000001
(1788797759.602296) can0 03FF1000#0840112200000001
(1788797759.707302) can0 03FF1000#0840112200000001
(1788797759.812305) can0 03FF1000#0840112200000001
(1788797759.917310) can0 03FF1000#0840112200000001
(1788797760.022317) can0 03FF1000#0840112200000001
(1788797760.127324) can0 03FF1000#0840112200000001
(1788797760.232327) can0 03FF1000#0840112200000001
(1788797760.337332) can0 03FF1000#0840112200000001
(1788797760.442337) can0 03FF1000#0840112200000001
(1788797760.547343) can0 03FF1000#0840112200000001
(1788797760.652351) can0 03FF1000#0840112200000001
(1788797760.757354) can0 03FF1000#0840112200000001
(1788797760.862361) can0 03FF1000#0840112200000001
(1788797760.967366) can0 03FF1000#0840112200000001
(1788797761.072372) can0 03FF1000#0840112200000001
(1788797761.177382) can0 03FF1000#0840112200000001
(1788797761.282382) can0 03FF1000#0840112200000001
(1788797761.387389) can0 03FF1000#0840112200000001
(1788797761.492394) can0 03FF1000#0840112200000001
(1788797761.597399) can0 03FF1000#0840112200000001
(1788797761.702408) can0 03FF1000#0840112200000001
(1788797761.807410) can0 03FF1000#0840112200000001
(1788797761.912416) can0 03FF1000#0840112200000001
(1788797762.017421) can0 03FF1000#0840112200000001
(1788797762.122429) can0 03FF1000#0840112200000001
(1788797762.227435) can0 03FF1000#0840112200000001
(1788797762.332439) can0 03FF1000#0840112200000001
(1788797762.436698) can0 03FF1000#0840112200000001
(1788797762.541703) can0 03FF1000#0840112200000001
(1788797762.647456) can0 03FF1000#0840112200000001
(1788797762.751713) can0 03FF1000#0840112200000001
(1788797762.856709) can0 03FF1000#0840112200000001
(1788797762.961715) can0 03FF1000#0840112200000001
(1788797763.066709) can0 03FF1000#0840112200000001
(1788797763.171708) can0 03FF1000#0840112200000001
(1788797763.276734) can0 03FF1000#0840112200000001
(1788797763.381725) can0 03FF1000#0840112200000001
(1788797763.486731) can0 03FF1000#0840112200000001
(1788797763.591721) can0 03FF1000#0840112200000001
(1788797763.696725) can0 03FF1000#0840112200000001
(1788797763.801750) can0 03FF1000#0840112200000001
(1788797763.906754) can0 03FF1000#0840112200000001
(1788797764.011731) can0 03FF1000#0840112200000001
(1788797764.116719) can0 03FF1000#0840112200000001
(1788797764.221726) can0 03FF1000#0840112200000001
(1788797764.326754) can0 03FF1000#0840112200000001
(1788797764.432549) can0 03FF1000#0840112200000001
(1788797764.536752) can0 03FF1000#0840112200000001
(1788797764.641746) can0 03FF1000#0840112200000001
(1788797764.746742) can0 03FF1000#0840112200000001
(1788797764.851766) can0 03FF1000#0840112200000001
(1788797764.956789) can0 03FF1000#0840112200000001
(1788797765.061758) can0 03FF1000#0840112200000001
(1788797765.166753) can0 03FF1000#0840112200000001
(1788797765.271752) can0 03FF1000#0840112200000001
(1788797765.376775) can0 03FF1000#0840112200000001
(1788797765.481815) can0 03FF1000#0840112200000001
(1788797765.586773) can0 03FF1000#0840112200000001
(1788797765.691768) can0 03FF1000#0840112200000001
(1788797765.796761) can0 03FF1000#0840112200000001
(1788797765.901768) can0 03FF1000#0840112200000001
(1788797766.006795) can0 03FF1000#0840112200000001
(1788797766.111785) can0 03FF1000#0840112200000001
(1788797766.216773) can0 03FF1000#0840112200000001
(1788797766.321766) can0 03FF1000#0840112200000001
(1788797766.426811) can0 03FF1000#0840112200000001
(1788797766.531794) can0 03FF1000#0840112200000001
(1788797766.636795) can0 03FF1000#0840112200000001
(1788797766.741788) can0 03FF1000#0840112200000001
(1788797766.846794) can0 03FF1000#0840112200000001
(1788797766.951801) can0 03FF1000#0840112200000001
(1788797767.056805) can0 03FF1000#0840112200000001
(1788797767.161818) can0 03FF1000#0840112200000001
(1788797767.266793) can0 03FF1000#0840112200000001
(1788797767.371794) can0 03FF1000#0840112200000001
(1788797767.476828) can0 03FF1000#0840112200000001
(1788797767.581833) can0 03FF1000#0840112200000001
(1788797767.686818) can0 03FF1000#0840112200000001
(1788797767.791852) can0 03FF1000#0840112200000001
(1788797767.896803) can0 03FF1000#0840112200000001
(1788797768.001845) can0 03FF1000#0840112200000001
(1788797768.106838) can0 03FF1000#0840112200000001
(1788797768.211834) can0 03FF1000#0840112200000001
(1788797768.316873) can0 03FF1000#0840112200000001
(1788797768.421819) can0 03FF1000#0840112200000001
(1788797768.526850) can0 03FF1000#0840112200000001
(1788797768.631838) can0 03FF1000#0840112200000001
(1788797768.736848) can0 03FF1000#0840112200000001
(1788797768.841877) can0 03FF1000#0840112200000001
(1788797768.946835) can0 03FF1000#0840112200000001
(1788797769.051838) can0 03FF1000#0840112200000001
(1788797769.156861) can0 03FF1000#0840112200000001
(1788797769.261853) can0 03FF1000#0840112200000001
(1788797769.366859) can0 03FF1000#0840112200000001
(1788797769.426815) can0 04FF3400#0000006400000000
(1788797769.471851) can0 03FF1000#0840112200000001
(1788797769.576883) can0 03FF1000#0840112200000001
(1788797769.681877) can0 03FF1000#0840112200000001
(1788797769.786864) can0 03FF1000#0840112200000001
(1788797769.891852) can0 03FF1000#0840112200000001
(1788797769.996846) can0 03FF1000#0840112200000001
(1788797770.101868) can0 03FF1000#0840112200000001
(1788797770.206876) can0 03FF1000#0840112200000001
(1788797770.311885) can0 03FF1000#0840112200000001
(1788797770.416867) can0 03FF1000#0840112200000001
(1788797770.521873) can0 03FF1000#0840112200000001
(1788797770.626884) can0 03FF1000#0840112200000001
(1788797770.731898) can0 03FF1000#0840112200000001
(1788797770.836902) can0 03FF1000#0840112200000001
(1788797770.941895) can0 03FF1000#0840112200000001
(1788797771.046902) can0 03FF1000#0840112200000001
(1788797771.151935) can0 03FF1000#0840112200000001
(1788797771.256913) can0 03FF1000#0840112200000001
(1788797771.361918) can0 03FF1000#0840112200000001
(1788797771.466923) can0 03FF1000#0840112200000001
(1788797771.571928) can0 03FF1000#0840112200000001
(1788797771.676938) can0 03FF1000#0840112200000001
(1788797771.781940) can0 03FF1000#0840112200000001
(1788797771.886946) can0 03FF1000#0840112200000001
(1788797771.991951) can0 03FF1000#0840112200000001
(1788797772.096956) can0 03FF1000#0840112200000001
(1788797772.201966) can0 03FF1000#0840112200000001
(1788797772.306967) can0 03FF1000#0840112200000001
(1788797772.411974) can0 03FF1000#0840112200000001
(1788797772.516978) can0 03FF1000#0840112200000001
(1788797772.621985) can0 03FF1000#0840112200000001
(1788797772.726992) can0 03FF1000#0840112200000001
(1788797772.831996) can0 03FF1000#0840112200000001
(1788797772.937002) can0 03FF1000#0840112200000001
(1788797773.042006) can0 03FF1000#0840112200000001
(1788797773.147019) can0 03FF1000#0840112200000001
(1788797773.252020) can0 03FF1000#0840112200000001
(1788797773.357024) can0 03FF1000#0840112200000001
(1788797773.462031) can0 03FF1000#0840112200000001
(1788797773.567034) can0 03FF1000#0840112200000001
(1788797773.672042) can0 03FF1000#0840112200000001
(1788797773.777047) can0 03FF1000#0840112200000001
(1788797773.882051) can0 03FF1000#0840112200000001
(1788797773.987057) can0 03FF1000#0840112200000001
(1788797774.092063) can0 03FF1000#0840112200000001
(1788797774.197069) can0 03FF1000#0840112200000001
(1788797774.302074) can0 03FF1000#0840112200000001
(1788797774.407079) can0 03FF1000#0840112200000001
(1788797774.512084) can0 03FF1000#0840112200000001
(1788797774.617095) can0 03FF1000#0840112200000001
(1788797774.722100) can0 03FF1000#0840112200000001
(1788797774.827103) can0 03FF1000#0840112200000001
(1788797774.932108) can0 03FF1000#0840112200000001
(1788797775.037114) can0 03FF1000#0840112200000001
(1788797775.142122) can0 03FF1000#0840112200000001
(1788797775.247124) can0 03FF1000#0840112200000001
(1788797775.352132) can0 03FF1000#0840112200000001
(1788797775.457135) can0 03FF1000#0840112200000001
(1788797775.562140) can0 03FF1000#0840112200000001
(1788797775.667148) can0 03FF1000#0840112200000001
(1788797775.772151) can0 03FF1000#0840112200000001
(1788797775.877161) can0 03FF1000#0840112200000001
(1788797775.982165) can0 03FF1000#0840112200000001
(1788797776.087169) can0 03FF1000#0840112200000001
(1788797776.192175) can0 03FF1000#0840112200000001
(1788797776.297178) can0 03FF1000#0840112200000001
(1788797776.402187) can0 03FF1000#0840112200000001
(1788797776.507191) can0 03FF1000#0840112200000001
(1788797776.612195) can0 03FF1000#0840112200000001
(1788797776.717202) can0 03FF1000#0840112200000001
(1788797776.822207) can0 03FF1000#0840112200000001
(1788797776.927215) can0 03FF1000#0840112200000001
(1788797777.032220) can0 03FF1000#0840112200000001
(1788797777.137226) can0 03FF1000#0840112200000001
(1788797777.242230) can0 03FF1000#0840112200000001
(1788797777.347236) can0 03FF1000#0840112200000001
(1788797777.452243) can0 03FF1000#0840112200000001
(1788797777.557246) can0 03FF1000#0840112200000001
(1788797777.662253) can0 03FF1000#0840112200000001
(1788797777.767259) can0 03FF1000#0840112200000001
(1788797777.872263) can0 03FF1000#0840112200000001
(1788797777.977269) can0 03FF1000#0840112200000001
(1788797778.082275) can0 03FF1000#0840112200000001
(1788797778.187281) can0 03FF1000#0840112200000001
(1788797778.292285) can0 03FF1000#0840112200000001
(1788797778.397291) can0 03FF1000#0840112200000001
(1788797778.502297) can0 03FF1000#0840112200000001
(1788797778.607303) can0 03FF1000#0840112200000001
(1788797778.712308) can0 03FF1000#0840112200000001
(1788797778.817314) can0 03FF1000#0840112200000001
(1788797778.922319) can0 03FF1000#0840112200000001
(1788797779.027327) can0 03FF1000#0840112200000001
(1788797779.132338) can0 03FF1000#0840112200000001
(1788797779.237339) can0 03FF1000#0840112200000001
(1788797779.342342) can0 03FF1000#0840112200000001
(1788797779.426507) can0 04FF3400#0000006500000000
(1788797779.427346) can0 04FF3603#0300000000000000
(1788797779.447347) can0 03FF1000#0840112200000001
(1788797779.552351) can0 03FF1000#0840112200000001
(1788797779.657360) can0 03FF1000#0840112200000001
(1788797779.762365) can0 03FF1000#0840112200000001
(1788797779.867369) can0 03FF1000#0840112200000001
(1788797779.972375) can0 03FF1000#0840112200000001
(1788797780.077383) can0 03FF1000#0840112200000001
(1788797780.182389) can0 03FF1000#0840112200000001
(1788797780.287393) can0 03FF1000#0840112200000001
(1788797780.392397) can0 03FF1000#0840112200000001
(1788797780.497402) can0 03FF1000#0840112200000001
(1788797780.602409) can0 03FF1000#0840112200000001
(1788797780.707414) can0 03FF1000#0840112200000001
(1788797780.812419) can0 03FF1000#0840112200000001
(1788797780.917424) can0 03FF1000#0840112200000001
(1788797781.022430) can0 03FF1000#0840112200000001
(1788797781.127438) can0 03FF1000#0840112200000001
(1788797781.232441) can0 03FF1000#0840112200000001
(1788797781.337447) can0 03FF1000#0840112200000001
(1788797781.442452) can0 03FF1000#0840112200000001
(1788797781.547459) can0 03FF1000#0840112200000001
(1788797781.652467) can0 03FF1000#0840112200000001
(1788797781.757470) can0 03FF1000#0840112200000001
(1788797781.862474) can0 03FF1000#0840112200000001
(1788797781.967480) can0 03FF1000#0840112200000001
(1788797782.072486) can0 03FF1000#0840112200000001
(1788797782.177495) can0 03FF1000#0840112200000001
(1788797782.282497) can0 03FF1000#0840112200000001
(1788797782.387504) can0 03FF1000#0840112200000001
(1788797782.492508) can0 03FF1000#0840112200000001
(1788797782.597514) can0 03FF1000#0840112200000001
(1788797782.702522) can0 03FF1000#0840112200000001
(1788797782.807526) can0 03FF1000#0840112200000001
(1788797782.912530) can0 03FF1000#0840112200000001
(1788797783.017536) can0 03FF1000#0840112200000001
(1788797783.122547) can0 03FF1000#0840112200000001
(1788797783.227552) can0 03FF1000#0840112200000001
(1788797783.332553) can0 03FF1000#0840112200000001
(1788797783.437558) can0 03FF1000#0840112200000001
(1788797783.542564) can0 03FF1000#0840112200000001
(1788797783.647572) can0 03FF1000#0840112200000001
(1788797783.752577) can0 03FF1000#0840112200000001
(1788797783.857582) can0 03FF1000#0840112200000001
(1788797783.962586) can0 03FF1000#0840112200000001
(1788797784.067593) can0 03FF1000#0840112200000001
(1788797784.172601) can0 03FF1000#0840112200000001
(1788797784.277606) can0 03FF1000#0840112200000001
(1788797784.382608) can0 03FF1000#0840112200000001
(1788797784.487614) can0 03FF1000#0840112200000001
(1788797784.592620) can0 03FF1000#0840112200000001
(1788797784.697631) can0 03FF1000#0840112200000001
(1788797784.802634) can0 03FF1000#0840112200000001
(1788797784.907641) can0 03FF1000#0840112200000001
(1788797785.012643) can0 03FF1000#0840112200000001
(1788797785.117652) can0 03FF1000#0840112200000001
(1788797785.222656) can0 03FF1000#0840112200000001
(1788797785.327661) can0 03FF1000#0840112200000001
(1788797785.432665) can0 03FF1000#0840112200000001
(1788797785.537669) can0 03FF1000#0840112200000001
(1788797785.642675) can0 03FF1000#0840112200000001
(1788797785.747683) can0 03FF1000#0840112200000001
(1788797785.852688) can0 03FF1000#0840112200000001
(1788797785.957693) can0 03FF1000#0840112200000001
(1788797786.062700) can0 03FF1000#0840112200000001
(1788797786.167704) can0 03FF1000#0840112200000001
(1788797786.272709) can0 03FF1000#0840112200000001
(1788797786.377717) can0 03FF1000#0840112200000001
(1788797786.482721) can0 03FF1000#0840112200000001
(1788797786.587725) can0 03FF1000#0840112200000001
(1788797786.692733) can0 03FF1000#0840112200000001
(1788797786.797737) can0 03FF1000#0840112200000001
(1788797786.902745) can0 03FF1000#0840112200000001
(1788797787.007749) can0 03FF1000#0840112200000001
(1788797787.112759) can0 03FF1000#0840112200000001
(1788797787.217762) can0 03FF1000#0840112200000001
(1788797787.322767) can0 03FF1000#0840112200000001
(1788797787.427772) can0 03FF1000#0840112200000001
(1788797787.532776) can0 03FF1000#0840112200000001
(1788797787.637783) can0 03FF1000#0840112200000001
(1788797787.742789) can0 03FF1000#0840112200000001
(1788797787.847792) can0 03FF1000#0840112200000001
(1788797787.952801) can0 03FF1000#0840112200000001
(1788797788.057805) can0 03FF1000#0840112200000001
(1788797788.162811) can0 03FF1000#0840112200000001
(1788797788.267815) can0 03FF1000#0840112200000001
(1788797788.372819) can0 03FF1000#0840112200000001
(1788797788.477828) can0 03FF1000#0840112200000001
(1788797788.582831) can0 03FF1000#0840112200000001
(1788797788.687839) can0 03FF1000#0840112200000001
(1788797788.792843) can0 03FF1000#0840112200000001
(1788797788.897847) can0 03FF1000#0840112200000001
(1788797789.002856) can0 03FF1000#0840112200000001
(1788797789.107862) can0 03FF1000#0840112200000001
(1788797789.212866) can0 03FF1000#0840112200000001
(1788797789.317871) can0 03FF1000#0840112200000001
(1788797789.422884) can0 03FF1000#0840112200000001
(1788797789.426875) can0 04FF3400#0000006600000000
(1788797789.527882) can0 03FF1000#0840112200000001
(1788797789.632886) can0 03FF1000#0840112200000001
(1788797789.737895) can0 03FF1000#0840112200000001
(1788797789.842899) can0 03FF1000#0840112200000001
(1788797789.947909) can0 03FF1000#0840112200000001
(1788797790.052912) can0 03FF1000#0840112200000001
(1788797790.157918) can0 03FF1000#0840112200000001
(1788797790.262921) can0 03FF1000#0840112200000001
(1788797790.367927) can0 03FF1000#0840112200000001
(1788797790.472932) can0 03FF1000#0840112200000001
(1788797790.577938) can0 03FF1000#0840112200000001
(1788797790.682945) can0 03FF1000#0840112200000001
(1788797790.787948) can0 03FF1000#0840112200000001
(1788797790.892959) can0 03FF1000#0840112200000001
(1788797790.997962) can0 03FF1000#0840112200000001
(1788797791.102972) can0 03FF1000#0840112200000001
(1788797791.207974) can0 03FF1000#0840112200000001
(1788797791.312976) can0 03FF1000#0840112200000001
(1788797791.417983) can0 03FF1000#0840112200000001
(1788797791.522986) can0 03FF1000#0840112200000001
(1788797791.627995) can0 03FF1000#0840112200000001
(1788797791.733000) can0 03FF1000#0840112200000001
(1788797791.838004) can0 03FF1000#0840112200000001
(1788797791.943014) can0 03FF1000#0840112200000001
(1788797792.048017) can0 03FF1000#0840112200000001
(1788797792.153025) can0 03FF1000#0840112200000001
(1788797792.258028) can0 03FF1000#0840112200000001
(1788797792.363033) can0 03FF1000#0840112200000001
(1788797792.468036) can0 03FF1000#0840112200000001
(1788797792.573042) can0 03FF1000#0840112200000001
(1788797792.678051) can0 03FF1000#0840112200000001
(1788797792.783053) can0 03FF1000#0840112200000001
(1788797792.888064) can0 03FF1000#0840112200000001
(1788797792.993066) can0 03FF1000#0840112200000001
(1788797793.098074) can0 03FF1000#0840112200000001
(1788797793.203079) can0 03FF1000#0840112200000001
(1788797793.308081) can0 03FF1000#0840112200000001
(1788797793.413089) can0 03FF1000#0840112200000001
(1788797793.518093) can0 03FF1000#0840112200000001
(1788797793.623098) can0 03FF1000#0840112200000001
(1788797793.727359) can0 03FF1000#0840112200000001
(1788797793.832365) can0 03FF1000#0840112200000001
(1788797793.938120) can0 03FF1000#0840112200000001
(1788797794.043123) can0 03FF1000#0840112200000001
(1788797794.148129) can0 03FF1000#0840112200000001
(1788797794.252378) can0 03FF1000#0840112200000001
(1788797794.357381) can0 03FF1000#0840112200000001
(1788797794.463144) can0 03FF1000#0840112200000001
(1788797794.567398) can0 03FF1000#0840112200000001
(1788797794.672400) can0 03FF1000#0840112200000001
(1788797794.777381) can0 03FF1000#0840112200000001
(1788797794.882389) can0 03FF1000#0840112200000001
(1788797794.987388) can0 03FF1000#0840112200000001
(1788797795.092413) can0 03FF1000#0840112200000001
(1788797795.197418) can0 03FF1000#0840112200000001
(1788797795.302409) can0 03FF1000#0840112200000001
(1788797795.407402) can0 03FF1000#0840112200000001
(1788797795.512408) can0 03FF1000#0840112200000001
(1788797795.617425) can0 03FF1000#0840112200000001
(1788797795.722420) can0 03FF1000#0840112200000001
(1788797795.827410) can0 03FF1000#0840112200000001
(1788797795.932411) can0 03FF1000#0840112200000001
(1788797796.037412) can0 03FF1000#0840112200000001
(1788797796.142432) can0 03FF1000#0840112200000001
(1788797796.247432) can0 03FF1000#0840112200000001
(1788797796.352430) can0 03FF1000#0840112200000001
(1788797796.457469) can0 03FF1000#0840112200000001
(1788797796.562428) can0 03FF1000#0840112200000001
(1788797796.667445) can0 03FF1000#0840112200000001
(1788797796.772451) can0 03FF1000#0840112200000001
(1788797796.877451) can0 03FF1000#0840112200000001
(1788797796.982487) can0 03FF1000#0840112200000001
(1788797797.087432) can0 03FF1000#0840112200000001
(1788797797.192464) can0 03FF1000#0840112200000001
(1788797797.297456) can0 03FF1000#0840112200000001
(1788797797.402453) can0 03FF1000#0840112200000001
(1788797797.507475) can0 03FF1000#0840112200000001
(1788797797.612448) can0 03FF1000#0840112200000001
(1788797797.717467) can0 03FF1000#0840112200000001
(1788797797.822460) can0 03FF1000#0840112200000001
(1788797797.927461) can0 03FF1000#0840112200000001
(1788797798.032461) can0 03FF1000#0840112200000001
(1788797798.137458) can0 03FF1000#0840112200000001
(1788797798.242485) can0 03FF1000#0840112200000001
(1788797798.347484) can0 03FF1000#0840112200000001
(1788797798.452485) can0 03FF1000#0840112200000001
(1788797798.557465) can0 03FF1000#0840112200000001
(1788797798.662460) can0 03FF1000#0840112200000001
(1788797798.767483) can0 03FF1000#0840112200000001
(1788797798.872493) can0 03FF1000#0840112200000001
(1788797798.977466) can0 03FF1000#0840112200000001
(1788797799.082482) can0 03FF1000#0840112200000001
(1788797799.187481) can0 03FF1000#0840112200000001
(1788797799.292551) can0 03FF1000#0840112200000001
(1788797799.397497) can0 03FF1000#0840112200000001
(1788797799.426409) can0 04FF3400#0000006700000000
(1788797799.502488) can0 03FF1000#0840112200000001
(1788797799.607486) can0 03FF1000#0840112200000001
(1788797799.712493) can0 03FF1000#0840112200000001
(1788797799.817555) can0 03FF1000#0840112200000001
(1788797799.922509) can0 03FF1000#0840112200000001
(1788797800.027510) can0 03FF1000#0840112200000001
(1788797800.132514) can0 03FF1000#0840112200000001
(1788797800.237533) can0 03FF1000#0840112200000001
(1788797800.342560) can0 03FF1000#0840112200000001
(1788797800.447531) can0 03FF1000#0840112200000001
(1788797800.552526) can0 03FF1000#0840112200000001
(1788797800.657506) can0 03FF1000#0840112200000001
(1788797800.762509) can0 03FF1000#0840112200000001
(1788797800.867530) can0 03FF1000#0840112200000001
(1788797800.972547) can0 03FF1000#0840112200000001
(1788797801.077530) can0 03FF1000#0840112200000001
(1788797801.182532) can0 03FF1000#0840112200000001
(1788797801.287529) can0 03FF1000#0840112200000001
(1788797801.392558) can0 03FF1000#0840112200000001
(1788797801.497551) can0 03FF1000#0840112200000001
(1788797801.602536) can0 03FF1000#0840112200000001
(1788797801.707541) can0 03FF1000#0840112200000001
(1788797801.812557) can0 03FF1000#0840112200000001
(1788797801.917574) can0 03FF1000#0840112200000001
(1788797802.022564) can0 03FF1000#0840112200000001
(1788797802.127553) can0 03FF1000#0840112200000001
(1788797802.232556) can0 03FF1000#0840112200000001
(1788797802.337561) can0 03FF1000#0840112200000001
(1788797802.442567) can0 03FF1000#0840112200000001
(1788797802.547572) can0 03FF1000#0840112200000001
(1788797802.652628) can0 03FF1000#0840112200000001
(1788797802.757584) can0 03FF1000#0840112200000001
(1788797802.862588) can0 03FF1000#0840112200000001
(1788797802.967596) can0 03FF1000#0840112200000001
(1788797803.072601) can0 03FF1000#0840112200000001
(1788797803.177635) can0 03FF1000#0840112200000001
(1788797803.282612) can0 03FF1000#0840112200000001
(1788797803.387616) can0 03FF1000#0840112200000001
(1788797803.492623) can0 03FF1000#0840112200000001
(1788797803.597628) can0 03FF1000#0840112200000001
(1788797803.702643) can0 03FF1000#0840112200000001
(1788797803.807641) can0 03FF1000#0840112200000001
(1788797803.912645) can0 03FF1000#0840112200000001
(1788797804.017651) can0 03FF1000#0840112200000001
(1788797804.122657) can0 03FF1000#0840112200000001
(1788797804.227667) can0 03FF1000#0840112200000001
(1788797804.332668) can0 03FF1000#0840112200000001
(1788797804.437673) can0 03FF1000#0840112200000001
(1788797804.542680) can0 03FF1000#0840112200000001
(1788797804.647690) can0 03FF1000#0840112200000001
(1788797804.752693) can0 03FF1000#0840112200000001
(1788797804.857696) can0 03FF1000#0840112200000001
(1788797804.962701) can0 03FF1000#0840112200000001
(1788797805.067708) can0 03FF1000#0840112200000001
(1788797805.172714) can0 03FF1000#0840112200000001
(1788797805.277720) can0 03FF1000#0840112200000001
(1788797805.382725) can0 03FF1000#0840112200000001
(1788797805.487729) can0 03FF1000#0840112200000001
(1788797805.592734) can0 03FF1000#0840112200000001
(1788797805.697743) can0 03FF1000#0840112200000001
(1788797805.802749) can0 03FF1000#0840112200000001
(1788797805.907752) can0 03FF1000#0840112200000001
(1788797806.012758) can0 03FF1000#0840112200000001
(1788797806.117763) can0 03FF1000#0840112200000001
(1788797806.222770) can0 03FF1000#0840112200000001
(1788797806.327777) can0 03FF1000#0840112200000001
(1788797806.432780) can0 03FF1000#0840112200000001
(1788797806.537784) can0 03FF1000#0840112200000001
(1788797806.642792) can0 03FF1000#0840112200000001
(1788797806.747797) can0 03FF1000#0840112200000001
(1788797806.852803) can0 03FF1000#0840112200000001
(1788797806.957809) can0 03FF1000#0840112200000001
(1788797807.062812) can0 03FF1000#0840112200000001
(1788797807.167825) can0 03FF1000#0840112200000001
(1788797807.272830) can0 03FF1000#0840112200000001
(1788797807.377832) can0 03FF1000#0840112200000001
(1788797807.482834) can0 03FF1000#0840112200000001
(1788797807.587840) can0 03FF1000#0840112200000001
(1788797807.692847) can0 03FF1000#0840112200000001
(1788797807.797852) can0 03FF1000#0840112200000001
(1788797807.902860) can0 03FF1000#0840112200000001
(1788797808.007862) can0 03FF1000#0840112200000001
(1788797808.112870) can0 03FF1000#0840112200000001
(1788797808.217876) can0 03FF1000#0840112200000001
(1788797808.322880) can0 03FF1000#0840112200000001
(1788797808.427888) can0 03FF1000#0840112200000001
(1788797808.532896) can0 03FF1000#0840112200000001
(1788797808.637895) can0 03FF1000#0840112200000001
(1788797808.742906) can0 03FF1000#0840112200000001
(1788797808.847907) can0 03FF1000#0840112200000001
(1788797808.952917) can0 03FF1000#0840112200000001
(1788797809.057919) can0 03FF1000#0840112200000001
(1788797809.162928) can0 03FF1000#0840112200000001
(1788797809.267930) can0 03FF1000#0840112200000001
(1788797809.372936) can0 03FF1000#0840112200000001
(1788797809.426942) can0 04FF3400#0000006800000000
(1788797809.477941) can0 03FF1000#0840112200000001
(1788797809.582946) can0 03FF1000#0840112200000001
(1788797809.687953) can0 03FF1000#0840112200000001
(1788797809.792958) can0 03FF1000#0840112200000001
(1788797809.897963) can0 03FF1000#0840112200000001
(1788797810.002972) can0 03FF1000#0840112200000001
(1788797810.107974) can0 03FF1000#0840112200000001
(1788797810.212981) can0 03FF1000#0840112200000001
(1788797810.317987) can0 03FF1000#0840112200000001
(1788797810.422992) can0 03FF1000#0840112200000001
(1788797810.527999) can0 03FF1000#0840112200000001
(1788797810.633002) can0 03FF1000#0840112200000001
(1788797810.738009) can0 03FF1000#0840112200000001
(1788797810.843014) can0 03FF1000#0840112200000001
(1788797810.948018) can0 03FF1000#0840112200000001
(1788797811.053027) can0 03FF1000#0840112200000001
(1788797811.158033) can0 03FF1000#0840112200000001
(1788797811.263038) can0 03FF1000#0840112200000001
(1788797811.368042) can0 03FF1000#0840112200000001
(1788797811.473045) can0 03FF1000#0840112200000001
(1788797811.578055) can0 03FF1000#0840112200000001
(1788797811.683059) can0 03FF1000#0840112200000001
(1788797811.788063) can0 03FF1000#0840112200000001
(1788797811.893069) can0 03FF1000#0840112200000001
(1788797811.998074) can0 03FF1000#0840112200000001
(1788797812.103083) can0 03FF1000#0840112200000001
(1788797812.208087) can0 03FF1000#0840112200000001
(1788797812.313091) can0 03FF1000#0840112200000001
(1788797812.418098) can0 03FF1000#0840112200000001
(1788797812.523104) can0 03FF1000#0840112200000001
(1788797812.628110) can0 03FF1000#0840112200000001
(1788797812.733114) can0 03FF1000#0840112200000001
(1788797812.838119) can0 03FF1000#0840112200000001
(1788797812.943125) can0 03FF1000#0840112200000001
(1788797813.048130) can0 03FF1000#0840112200000001
(1788797813.153140) can0 03FF1000#0840112200000001
(1788797813.258143) can0 03FF1000#0840112200000001
(1788797813.363149) can0 03FF1000#0840112200000001
(1788797813.468155) can0 03FF1000#0840112200000001
(1788797813.573158) can0 03FF1000#0840112200000001
(1788797813.678166) can0 03FF1000#0840112200000001
(1788797813.783170) can0 03FF1000#0840112200000001
(1788797813.888174) can0 03FF1000#0840112200000001
(1788797813.993181) can0 03FF1000#0840112200000001
(1788797814.098187) can0 03FF1000#0840112200000001
(1788797814.203195) can0 03FF1000#0840112200000001
(1788797814.308198) can0 03FF1000#0840112200000001
(1788797814.413204) can0 03FF1000#0840112200000001
(1788797814.518209) can0 03FF1000#0840112200000001
(1788797814.623215) can0 03FF1000#0840112200000001
(1788797814.728226) can0 03FF1000#0840112200000001
(1788797814.833226) can0 03FF1000#0840112200000001
(1788797814.938231) can0 03FF1000#0840112200000001
(1788797815.043236) can0 03FF1000#0840112200000001
(1788797815.148249) can0 03FF1000#0840112200000001
(1788797815.253253) can0 03FF1000#0840112200000001
(1788797815.358253) can0 03FF1000#0840112200000001
(1788797815.463258) can0 03FF1000#0840112200000001
(1788797815.568263) can0 03FF1000#0840112200000001
(1788797815.673269) can0 03FF1000#0840112200000001
(1788797815.778278) can0 03FF1000#0840112200000001
(1788797815.883280) can0 03FF1000#0840112200000001
(1788797815.988287) can0 03FF1000#0840112200000001
(1788797816.093294) can0 03FF1000#0840112200000001
(1788797816.198298) can0 03FF1000#0840112200000001
(1788797816.303305) can0 03FF1000#0840112200000001
(1788797816.408308) can0 03FF1000#0840112200000001
(1788797816.513315) can0 03FF1000#0840112200000001
(1788797816.618320) can0 03FF1000#0840112200000001
(1788797816.723328) can0 03FF1000#0840112200000001
(1788797816.828333) can0 03FF1000#0840112200000001
(1788797816.933337) can0 03FF1000#0840112200000001
(1788797817.038342) can0 03FF1000#0840112200000001
(1788797817.143349) can0 03FF1000#0840112200000001
(1788797817.248354) can0 03FF1000#0840112200000001
(1788797817.353361) can0 03FF1000#0840112200000001
(1788797817.458365) can0 03FF1000#0840112200000001
(1788797817.563369) can0 03FF1000#0840112200000001
(1788797817.668375) can0 03FF1000#0840112200000001
(1788797817.773381) can0 03FF1000#0840112200000001
(1788797817.878389) can0 03FF1000#0840112200000001
(1788797817.983393) can0 03FF1000#0840112200000001
(1788797818.088398) can0 03FF1000#0840112200000001
(1788797818.193404) can0 03FF1000#0840112200000001
(1788797818.298409) can0 03FF1000#0840112200000001
(1788797818.403416) can0 03FF1000#0840112200000001
(1788797818.508420) can0 03FF1000#0840112200000001
(1788797818.613425) can0 03FF1000#0840112200000001
(1788797818.718433) can0 03FF1000#0840112200000001
(1788797818.823438) can0 03FF1000#0840112200000001
(1788797818.928445) can0 03FF1000#0840112200000001
(1788797819.033448) can0 03FF1000#0840112200000001
(1788797819.138458) can0 03FF1000#0840112200000001
(1788797819.243461) can0 03FF1000#0840112200000001
(1788797819.348464) can0 03FF1000#0840112200000001
(1788797819.426471) can0 04FF3400#0000006900000000
(1788797819.453470) can0 03FF1000#0840112200000001
(1788797819.558476) can0 03FF1000#0840112200000001
(1788797819.663480) can0 03FF1000#0840112200000001
(1788797819.768488) can0 03FF1000#0840112200000001
(1788797819.873492) can0 03FF1000#0840112200000001
(1788797819.978502) can0 03FF1000#0840112200000001
(1788797820.083505) can0 03FF1000#0840112200000001
(1788797820.188511) can0 03FF1000#0840112200000001
(1788797820.293515) can0 03FF1000#0840112200000001
(1788797820.398520) can0 03FF1000#0840112200000001
(1788797820.503528) can0 03FF1000#0840112200000001
(1788797820.608532) can0 03FF1000#0840112200000001
(1788797820.713539) can0 03FF1000#0840112200000001
(1788797820.818544) can0 03FF1000#0840112200000001
(1788797820.923548) can0 03FF1000#0840112200000001
(1788797821.028556) can0 03FF1000#0840112200000001
(1788797821.133565) can0 03FF1000#0840112200000001
(1788797821.238568) can0 03FF1000#0840112200000001
(1788797821.343570) can0 03FF1000#0840112200000001
(1788797821.448576) can0 03FF1000#0840112200000001
(1788797821.553583) can0 03FF1000#0840112200000001
(1788797821.658586) can0 03FF1000#0840112200000001
(1788797821.763594) can0 03FF1000#0840112200000001
(1788797821.868618) can0 03FF1000#0840112200000001
(1788797821.973607) can0 03FF1000#0840112200000001
(1788797822.078613) can0 03FF1000#0840112200000001
(1788797822.183619) can0 03FF1000#0840112200000001
(1788797822.288623) can0 03FF1000#0840112200000001
(1788797822.393625) can0 03FF1000#0840112200000001
(1788797822.498631) can0 03FF1000#0840112200000001
(1788797822.603640) can0 03FF1000#0840112200000001
(1788797822.708644) can0 03FF1000#0840112200000001
(1788797822.813649) can0 03FF1000#0840112200000001
(1788797822.918654) can0 03FF1000#0840112200000001
(1788797823.023659) can0 03FF1000#0840112200000001
(1788797823.128672) can0 03FF1000#0840112200000001
(1788797823.233675) can0 03FF1000#0840112200000001
(1788797823.338677) can0 03FF1000#0840112200000001
(1788797823.443682) can0 03FF1000#0840112200000001
(1788797823.548689) can0 03FF1000#0840112200000001
(1788797823.653696) can0 03FF1000#0840112200000001
(1788797823.758700) can0 03FF1000#0840112200000001
(1788797823.863705) can0 03FF1000#0840112200000001
(1788797823.968710) can0 03FF1000#0840112200000001
(1788797824.073716) can0 03FF1000#0840112200000001
(1788797824.178727) can0 03FF1000#0840112200000001
(1788797824.283727) can0 03FF1000#0840112200000001
(1788797824.388732) can0 03FF1000#0840112200000001
(1788797824.493738) can0 03FF1000#0840112200000001
(1788797824.598743) can0 03FF1000#0840112200000001
(1788797824.703754) can0 03FF1000#0840112200000001
(1788797824.808755) can0 03FF1000#0840112200000001
(1788797824.913766) can0 03FF1000#0840112200000001
(1788797825.018766) can0 03FF1000#0840112200000001
(1788797825.123775) can0 03FF1000#0840112200000001
(1788797825.228780) can0 03FF1000#0840112200000001
(1788797825.333783) can0 03FF1000#0840112200000001
(1788797825.438042) can0 03FF1000#0840112200000001
(1788797825.543049) can0 03FF1000#0840112200000001
(1788797825.648799) can0 03FF1000#0840112200000001
(1788797825.753807) can0 03FF1000#0840112200000001
(1788797825.858809) can0 03FF1000#0840112200000001
(1788797825.963075) can0 03FF1000#0840112200000001
(1788797826.068062) can0 03FF1000#0840112200000001
(1788797826.173086) can0 03FF1000#0840112200000001
(1788797826.278079) can0 03FF1000#0840112200000001
(1788797826.383098) can0 03FF1000#0840112200000001
(1788797826.488062) can0 03FF1000#0840112200000001
(1788797826.593069) can0 03FF1000#0840112200000001
(1788797826.698076) can0 03FF1000#0840112200000001
(1788797826.803093) can0 03FF1000#0840112200000001
(1788797826.908085) can0 03FF1000#0840112200000001
(1788797827.013091) can0 03FF1000#0840112200000001
(1788797827.118081) can0 03FF1000#0840112200000001
(1788797827.223084) can0 03FF1000#0840112200000001
(1788797827.328105) can0 03FF1000#0840112200000001
(1788797827.433101) can0 03FF1000#0840112200000001
(1788797827.538095) can0 03FF1000#0840112200000001
(1788797827.643089) can0 03FF1000#0840112200000001
(1788797827.748108) can0 03FF1000#0840112200000001
(1788797827.853127) can0 03FF1000#0840112200000001
(1788797827.958180) can0 03FF1000#0840112200000001
(1788797828.063112) can0 03FF1000#0840112200000001
(1788797828.168116) can0 03FF1000#0840112200000001
(1788797828.273113) can0 03FF1000#0840112200000001
(1788797828.378131) can0 03FF1000#0840112200000001
(1788797828.483193) can0 03FF1000#0840112200000001
(1788797828.588113) can0 03FF1000#0840112200000001
(1788797828.693124) can0 03FF1000#0840112200000001
(1788797828.798131) can0 03FF1000#0840112200000001
(1788797828.903135) can0 03FF1000#0840112200000001
(1788797829.008201) can0 03FF1000#0840112200000001
(1788797829.113125) can0 03FF1000#0840112200000001
(1788797829.218129) can0 03FF1000#0840112200000001
(1788797829.323135) can0 03FF1000#0840112200000001
(1788797829.426043) can0 04FF3400#0000006A00000000
(1788797829.428150) can0 03FF1000#0840112200000001
(1788797829.533166) can0 03FF1000#0840112200000001
(1788797829.638150) can0 03FF1000#0840112200000001
(1788797829.743141) can0 03FF1000#0840112200000001
(1788797829.848137) can0 03FF1000#0840112200000001
(1788797829.953189) can0 03FF1000#0840112200000001
(1788797830.058172) can0 03FF1000#0840112200000001
(1788797830.163159) can0 03FF1000#0840112200000001
(1788797830.268152) can0 03FF1000#0840112200000001
(1788797830.373165) can0 03FF1000#0840112200000001
(1788797830.478173) can0 03FF1000#0840112200000001
(1788797830.583172) can0 03FF1000#0840112200000001
(1788797830.688170) can0 03FF1000#0840112200000001
(1788797830.793168) can0 03FF1000#0840112200000001
(1788797830.898171) can0 03FF1000#0840112200000001
(1788797831.003177) can0 03FF1000#0840112200000001
(1788797831.108184) can0 03FF1000#0840112200000001
(1788797831.213178) can0 03FF1000#0840112200000001
(1788797831.318229) can0 03FF1000#0840112200000001
(1788797831.423175) can0 03FF1000#0840112200000001
(1788797831.528206) can0 03FF1000#0840112200000001
(1788797831.633186) can0 03FF1000#0840112200000001
(1788797831.738205) can0 03FF1000#0840112200000001
(1788797831.843239) can0 03FF1000#0840112200000001
(1788797831.948194) can0 03FF1000#0840112200000001
(1788797832.053211) can0 03FF1000#0840112200000001
(1788797832.158218) can0 03FF1000#0840112200000001
(1788797832.263193) can0 03FF1000#0840112200000001
(1788797832.368249) can0 03FF1000#0840112200000001
(1788797832.473198) can0 03FF1000#0840112200000001
(1788797832.578227) can0 03FF1000#0840112200000001
(1788797832.683219) can0 03FF1000#0840112200000001
(1788797832.788215) can0 03FF1000#0840112200000001
(1788797832.893207) can0 03FF1000#0840112200000001
(1788797832.998228) can0 03FF1000#0840112200000001
(1788797833.103233) can0 03FF1000#0840112200000001
(1788797833.208250) can0 03FF1000#0840112200000001
(1788797833.313225) can0 03FF1000#0840112200000001
(1788797833.418223) can0 03FF1000#0840112200000001
(1788797833.523229) can0 03FF1000#0840112200000001
(1788797833.628263) can0 03FF1000#0840112200000001
(1788797833.733267) can0 03FF1000#0840112200000001
(1788797833.838236) can0 03FF1000#0840112200000001
(1788797833.943242) can0 03FF1000#0840112200000001
(1788797834.048246) can0 03FF1000#0840112200000001
(1788797834.153303) can0 03FF1000#0840112200000001
(1788797834.258267) can0 03FF1000#0840112200000001
(1788797834.363266) can0 03FF1000#0840112200000001
(1788797834.468267) can0 03FF1000#0840112200000001
(1788797834.573274) can0 03FF1000#0840112200000001
(1788797834.678302) can0 03FF1000#0840112200000001
(1788797834.783288) can0 03FF1000#0840112200000001
(1788797834.888294) can0 03FF1000#0840112200000001
(1788797834.993296) can0 03FF1000#0840112200000001
(1788797835.098304) can0 03FF1000#0840112200000001
(1788797835.203316) can0 03FF1000#0840112200000001
(1788797835.308314) can0 03FF1000#0840112200000001
(1788797835.413318) can0 03FF1000#0840112200000001
(1788797835.518323) can0 03FF1000#0840112200000001
(1788797835.623332) can0 03FF1000#0840112200000001
(1788797835.728340) can0 03FF1000#0840112200000001
(1788797835.833341) can0 03FF1000#0840112200000001
(1788797835.938346) can0 03FF1000#0840112200000001
(1788797836.043352) can0 03FF1000#0840112200000001
(1788797836.148359) can0 03FF1000#0840112200000001
(1788797836.253369) can0 03FF1000#0840112200000001
(1788797836.358372) can0 03FF1000#0840112200000001
(1788797836.463376) can0 03FF1000#0840112200000001
(1788797836.568384) can0 03FF1000#0840112200000001
(1788797836.673386) can0 03FF1000#0840112200000001
(1788797836.778396) can0 03FF1000#0840112200000001
(1788797836.883396) can0 03FF1000#0840112200000001
(1788797836.988402) can0 03FF1000#0840112200000001
(1788797837.093410) can0 03FF1000#0840112200000001
(1788797837.198412) can0 03FF1000#0840112200000001
(1788797837.303421) can0 03FF1000#0840112200000001
(1788797837.408425) can0 03FF1000#0840112200000001
(1788797837.513429) can0 03FF1000#0840112200000001
(1788797837.618439) can0 03FF1000#0840112200000001
(1788797837.723443) can0 03FF1000#0840112200000001
(1788797837.828449) can0 03FF1000#0840112200000001
(1788797837.933452) can0 03FF1000#0840112200000001
(1788797838.038457) can0 03FF1000#0840112200000001
(1788797838.143465) can0 03FF1000#0840112200000001
(1788797838.248470) can0 03FF1000#0840112200000001
(1788797838.353477) can0 03FF1000#0840112200000001
(1788797838.458481) can0 03FF1000#0840112200000001
(1788797838.563489) can0 03FF1000#0840112200000001
(1788797838.668491) can0 03FF1000#0840112200000001
(1788797838.773500) can0 03FF1000#0840112200000001
(1788797838.878504) can0 03FF1000#0840112200000001
(1788797838.983509) can0 03FF1000#0840112200000001
(1788797839.088512) can0 03FF1000#0840112200000001
(1788797839.193525) can0 03FF1000#0840112200000001
(1788797839.298528) can0 03FF1000#0840112200000001
(1788797839.403531) can0 03FF1000#0840112200000001
(1788797839.426531) can0 04FF3400#0000006B00000000
(1788797839.426584) can0 04FF3603#0300000000000000
(1788797839.508536) can0 03FF1000#0840112200000001
(1788797839.613545) can0 03FF1000#0840112200000001
(1788797839.718550) can0 03FF1000#0840112200000001
(1788797839.823552) can0 03FF1000#0840112200000001
(1788797839.928559) can0 03FF1000#0840112200000001
(1788797840.033563) can0 03FF1000#0840112200000001
(1788797840.138571) can0 03FF1000#0840112200000001
(1788797840.243575) can0 03FF1000#0840112200000001
(1788797840.348580) can0 03FF1000#0840112200000001
(1788797840.453587) can0 03FF1000#0840112200000001
(1788797840.558597) can0 03FF1000#0840112200000001
(1788797840.663596) can0 03FF1000#0840112200000001
(1788797840.768607) can0 03FF1000#0840112200000001
(1788797840.873607) can0 03FF1000#0840112200000001
(1788797840.978616) can0 03FF1000#0840112200000001
(1788797841.083619) can0 03FF1000#0840112200000001
(1788797841.188624) can0 03FF1000#0840112200000001
(1788797841.293632) can0 03FF1000#0840112200000001
(1788797841.398635) can0 03FF1000#0840112200000001
(1788797841.503642) can0 03FF1000#0840112200000001
(1788797841.608650) can0 03FF1000#0840112200000001
(1788797841.713656) can0 03FF1000#0840112200000001
(1788797841.818659) can0 03FF1000#0840112200000001
(1788797841.923664) can0 03FF1000#0840112200000001
(1788797842.028671) can0 03FF1000#0840112200000001
(1788797842.133676) can0 03FF1000#0840112200000001
(1788797842.238680) can0 03FF1000#0840112200000001
(1788797842.343685) can0 03FF1000#0840112200000001
(1788797842.448690) can0 03FF1000#0840112200000001
(1788797842.553703) can0 03FF1000#0840112200000001
(1788797842.658703) can0 03FF1000#0840112200000001
(1788797842.763713) can0 03FF1000#0840112200000001
(1788797842.868714) can0 03FF1000#0840112200000001
(1788797842.973721) can0 03FF1000#0840112200000001
(1788797843.078727) can0 03FF1000#0840112200000001
(1788797843.183732) can0 03FF1000#0840112200000001
(1788797843.288738) can0 03FF1000#0840112200000001
(1788797843.393741) can0 03FF1000#0840112200000001
(1788797843.498747) can0 03FF1000#0840112200000001
(1788797843.603759) can0 03FF1000#0840112200000001
(1788797843.708758) can0 03FF1000#0840112200000001
(1788797843.813768) can0 03FF1000#0840112200000001
(1788797843.918770) can0 03FF1000#0840112200000001
(1788797844.023775) can0 03FF1000#0840112200000001
(1788797844.128785) can0 03FF1000#0840112200000001
(1788797844.233787) can0 03FF1000#0840112200000001
(1788797844.338792) can0 03FF1000#0840112200000001
(1788797844.443800) can0 03FF1000#0840112200000001
(1788797844.548803) can0 03FF1000#0840112200000001
(1788797844.653810) can0 03FF1000#0840112200000001
(1788797844.758820) can0 03FF1000#0840112200000001
(1788797844.863820) can0 03FF1000#0840112200000001
(1788797844.968826) can0 03FF1000#0840112200000001
(1788797845.073831) can0 03FF1000#0840112200000001
(1788797845.178844) can0 03FF1000#0840112200000001
(1788797845.283844) can0 03FF1000#0840112200000001
(1788797845.388847) can0 03FF1000#0840112200000001
(1788797845.493854) can0 03FF1000#0840112200000001
(1788797845.598860) can0 03FF1000#0840112200000001
(1788797845.703866) can0 03FF1000#0840112200000001
(1788797845.808871) can0 03FF1000#0840112200000001
(1788797845.913876) can0 03FF1000#0840112200000001
(1788797846.018880) can0 03FF1000#0840112200000001
(1788797846.123890) can0 03FF1000#0840112200000001
(1788797846.228894) can0 03FF1000#0840112200000001
(1788797846.333897) can0 03FF1000#0840112200000001
(1788797846.438903) can0 03FF1000#0840112200000001
(1788797846.543909) can0 03FF1000#0840112200000001
(1788797846.648914) can0 03FF1000#0840112200000001
(1788797846.753927) can0 03FF1000#0840112200000001
(1788797846.858927) can0 03FF1000#0840112200000001
(1788797846.963931) can0 03FF1000#0840112200000001
(1788797847.068937) can0 03FF1000#0840112200000001
(1788797847.173946) can0 03FF1000#0840112200000001
(1788797847.278951) can0 03FF1000#0840112200000001
(1788797847.383953) can0 03FF1000#0840112200000001
(1788797847.488961) can0 03FF1000#0840112200000001
(1788797847.593965) can0 03FF1000#0840112200000001
(1788797847.698970) can0 03FF1000#0840112200000001
(1788797847.803981) can0 03FF1000#0840112200000001
(1788797847.908981) can0 03FF1000#0840112200000001
(1788797848.013987) can0 03FF1000#0840112200000001
(1788797848.118997) can0 03FF1000#0840112200000001
(1788797848.223998) can0 03FF1000#0840112200000001
(1788797848.329005) can0 03FF1000#0840112200000001
(1788797848.434009) can0 03FF1000#0840112200000001
(1788797848.539014) can0 03FF1000#0840112200000001
(1788797848.644019) can0 03FF1000#0840112200000001
(1788797848.749031) can0 03FF1000#0840112200000001
(1788797848.854033) can0 03FF1000#0840112200000001
(1788797848.959037) can0 03FF1000#0840112200000001
(1788797849.064044) can0 03FF1000#0840112200000001
(1788797849.169053) can0 03FF1000#0840112200000001
(1788797849.274056) can0 03FF1000#0840112200000001
(1788797849.379061) can0 03FF1000#0840112200000001
(1788797849.426064) can0 04FF3400#0000006C00000000
(1788797849.484065) can0 03FF1000#0840112200000001
(1788797849.589070) can0 03FF1000#0840112200000001
(1788797849.694077) can0 03FF1000#0840112200000001
(1788797849.799083) can0 03FF1000#0840112200000001
(1788797849.904088) can0 03FF1000#0840112200000001
(1788797850.009093) can0 03FF1000#0840112200000001
(1788797850.114104) can0 03FF1000#0840112200000001
(1788797850.219107) can0 03FF1000#0840112200000001
(1788797850.324113) can0 03FF1000#0840112200000001
(1788797850.429118) can0 03FF1000#0840112200000001
(1788797850.534120) can0 03FF1000#0840112200000001
(1788797850.639126) can0 03FF1000#0840112200000001
(1788797850.744136) can0 03FF1000#0840112200000001
(1788797850.849139) can0 03FF1000#0840112200000001
(1788797850.954147) can0 03FF1000#0840112200000001
(1788797851.059149) can0 03FF1000#0840112200000001
(1788797851.164160) can0 03FF1000#0840112200000001
(1788797851.269167) can0 03FF1000#0840112200000001
(1788797851.374168) can0 03FF1000#0840112200000001
(1788797851.479173) can0 03FF1000#0840112200000001
(1788797851.584175) can0 03FF1000#0840112200000001
(1788797851.689183) can0 03FF1000#0840112200000001
(1788797851.786189) can0 02417500#
(1788797851.786253) can0 02417500#
(1788797851.786326) can0 02417500#
(1788797851.792186) can0 08F97500#000000F400000000
(1788797851.794186) can0 03FF1000#0840112200000001
(1788797851.797186) can0 08F97500#000000F400000000
(1788797851.802187) can0 08F97500#000000F400000000
(1788797851.806187) can0 02417501#
(1788797851.806242) can0 02417501#
(1788797851.806343) can0 02417501#
(1788797851.807187) can0 08F97500#000000F400000000
(1788797851.812187) can0 08F97501#0000001500000000
(1788797851.817187) can0 08F97501#0000001500000000
(1788797851.822188) can0 08F97501#0000001500000000
(1788797851.826188) can0 02519500#
(1788797851.826244) can0 02519500#
(1788797851.826403) can0 02519500#
(1788797851.827188) can0 08F97501#0000001500000000
(1788797851.899192) can0 03FF1000#0840112200000001
(1788797852.004203) can0 03FF1000#0840112200000001
(1788797852.086203) can0 02294609#
(1788797852.107208) can0 05124609#010003CA03CA00
(1788797852.109203) can0 03FF1000#0840112200000001
(1788797852.214210) can0 03FF1000#0840112200000001
(1788797852.287215) can0 0258A604#0000000000000000
(1788797852.319215) can0 03FF1000#0840112200000001
(1788797852.424220) can0 03FF1000#0840112200000001
(1788797852.529230) can0 03FF1000#0840112200000001
(1788797852.576391) can0 02294601#
(1788797852.578228) can0 05124601#007300000000
(1788797852.634231) can0 03FF1000#0840112200000001
(1788797852.739240) can0 03FF1000#0840112200000001
(1788797852.797246) can0 0258A604#0000000000000000
(1788797852.844244) can0 03FF1000#0840112200000001
(1788797852.847243) can0 02519501#
(1788797852.847298) can0 02519501#
(1788797852.847353) can0 02519501#
(1788797852.949248) can0 03FF1000#0840112200000001
(1788797853.054257) can0 03FF1000#0840112200000001
(1788797853.087256) can0 02294602#
(1788797853.088255) can0 05124602#0A100F1010100F10
(1788797853.159263) can0 03FF1000#0840112200000001
(1788797853.198262) can0 02294500#
(1788797853.198327) can0 02294501#
(1788797853.199261) can0 02203607#0000000300000000
(1788797853.200261) can0 05124500#0500
(1788797853.200323) can0 05124501#0103
(1788797853.217264) can0 02294503#
(1788797853.218262) can0 05124503#00150C0900000C62
(1788797853.237265) can0 02294609#
(1788797853.238263) can0 05124609#010003CA03CA00
(1788797853.264267) can0 03FF1000#0840112200000001
(1788797853.277267) can0 02294611#
(1788797853.278266) can0 05124611#0061368C00003521
(1788797853.320268) can0 0258A604#0000000000000000
(1788797853.369271) can0 03FF1000#0840112200000001
(1788797853.458276) can0 02181606#0100190001030200
(1788797853.499283) can0 03FF1000#0840112200000001
(1788797853.510279) can0 03FF1001#0000000000000000
(1788797853.520278) can0 03FF1603#0000D05700000000
(1788797853.531278) can0 03FF1605#0100000000000000
(1788797853.533279) can0 05FF4610#0000D0D5FFFFFFDA
(1788797853.541279) can0 03121606#0100000000000000
(1788797853.568281) can0 02181606#0100190001030200
(1788797853.600283) can0 02294603#
(1788797853.601282) can0 05124603#10100F1012101210
(1788797853.604282) can0 03FF1000#0840112200000001
(1788797853.615286) can0 03FF1001#0000000000000000
(1788797853.625285) can0 03FF1603#0000D05700000000
(1788797853.636285) can0 03FF1605#0100000000000000
(1788797853.646288) can0 03121606#0000000000000000
(1788797853.661287) can0 05FF4001#0000000000000000
(1788797853.663286) can0 05FF4000#0000000000000000
(1788797853.709288) can0 03FF1000#0840112200000001
(1788797853.720290) can0 03FF1001#0000000000000000
(1788797853.730295) can0 03FF1603#0000D05700000000
(1788797853.741290) can0 03FF1605#0100000000000000
(1788797853.743290) can0 05FF4602#0A10101010100F10
(1788797853.753291) can0 05FF4603#10100F1012101210
(1788797853.763291) can0 05FF4604#1010111014101510
(1788797853.773292) can0 05FF4605#0F10000000000000
(1788797853.806294) can0 05FF4610#0000D0D5FFFFFFDA
(1788797853.814295) can0 03FF1000#0840112200000001
(1788797853.815293) can0 05FF4606#1E1E1D
(1788797853.825295) can0 03FF1001#0000000000000000
(1788797853.825346) can0 05FF4607#1E1D1D
(1788797853.828294) can0 0258A604#0000000000000000
(1788797853.835295) can0 05FF4608#0019007C
(1788797853.835442) can0 03FF1603#0000D05700000000
(1788797853.845296) can0 05FF4609#010003CA03CA00
(1788797853.846295) can0 03FF1605#0100000000000000
(1788797853.919301) can0 03FF1000#0840112200000001
(1788797853.930300) can0 03FF1001#0000000000000000
(1788797853.940301) can0 03FF1603#0000D05700000000
(1788797853.951301) can0 03FF1605#0100000000000000
(1788797853.995304) can0 05FF4400#00000010
(1788797854.024311) can0 03FF1000#0840112200000001
(1788797854.035306) can0 03FF1001#0000000000000000
(1788797854.045307) can0 05FF4600#0D0300900303
(1788797854.045535) can0 03FF1603#0000D05700000000
(1788797854.056306) can0 03FF1605#0100000000000000
(1788797854.067308) can0 05FF4610#0000D0D5FFFFFFDA
(1788797854.079308) can0 02191602#0000000000000000
(1788797854.095313) can0 05FF4601#007300000000
(1788797854.108529) can0 02294604#
(1788797854.126311) can0 05124604#1010111013101410
(1788797854.129310) can0 03FF1000#0840112200000001
(1788797854.140311) can0 03FF1001#0000000000000000
(1788797854.150312) can0 03FF1603#0000D05700000000
(1788797854.161312) can0 03FF1605#0100000000000000
(1788797854.171313) can0 03FF1600#142B000104001319
(1788797854.182313) can0 03FF1601#6E50000000000000
(1788797854.192314) can0 03FF1602#000005000000157C
(1788797854.203314) can0 03FF1604#0000000000000000
(1788797854.234316) can0 03FF1000#0840112200000001
(1788797854.245317) can0 03FF1001#0000000000000000
(1788797854.255318) can0 03FF1603#0000D05700000000
(1788797854.266318) can0 03FF1605#0100000000000000
(1788797854.339322) can0 0258A604#0000000000000000
(1788797854.339376) can0 03FF1000#0840112200000001
(1788797854.350322) can0 03FF1001#0000000000000000
(1788797854.355323) can0 05FF4610#0000D0D2FFFFFFCF
(1788797854.360323) can0 03FF1603#0000D05700000000
(1788797854.371325) can0 03FF1605#0100000000000000
(1788797854.444329) can0 03FF1000#0840112200000001
(1788797854.455329) can0 03FF1001#0000000000000000
(1788797854.465328) can0 03FF1603#0000D05700000000
(1788797854.476330) can0 03FF1605#0100000000000000
(1788797854.549334) can0 03FF1000#0840112200000001
(1788797854.560338) can0 03FF1001#0000000000000000
(1788797854.570336) can0 03FF1603#0000D05700000000
(1788797854.581336) can0 03FF1605#0100000000000000
(1788797854.616337) can0 05FF4610#0000D0D2FFFFFFCF
(1788797854.618447) can0 02294605#
(1788797854.620336) can0 05124605#0F10000000000000
(1788797854.654343) can0 03FF1000#0840112200000001
(1788797854.665339) can0 03FF1001#0000000000000000
(1788797854.675344) can0 03FF1603#0000D05700000000
(1788797854.686341) can0 03FF1605#0100000000000000
(1788797854.701341) can0 05FF4001#0000000000000000
(1788797854.703341) can0 05FF4000#0000000000000000
(1788797854.759348) can0 03FF1000#0840112200000001
(1788797854.770345) can0 03FF1001#0000000000000000
(1788797854.780346) can0 03FF1603#0000D05700000000
(1788797854.791346) can0 03FF1605#0100000000000000
(1788797854.795345) can0 05FF4602#0A1010100F100F10
(1788797854.805347) can0 05FF4603#10100F1012101210
(1788797854.815347) can0 05FF4604#1010111013101410
(1788797854.825348) can0 05FF4605#0F10000000000000
(1788797854.855349) can0 05FF4606#1E1E1D
(1788797854.864349) can0 03FF1000#0840112200000001
(1788797854.865349) can0 05FF4607#1E1D1D
(1788797854.875350) can0 03FF1001#0000000000000000
(1788797854.875401) can0 05FF4608#0019007C
(1788797854.885350) can0 03FF1603#0000D05700000000
(1788797854.886350) can0 05FF4609#010003CA03CA00
(1788797854.889351) can0 05FF4610#0000D0D2FFFFFFCF
(1788797854.896352) can0 03FF1605#0100000000000000
(1788797854.969356) can0 03FF1000#0840112200000001
(1788797854.980355) can0 03FF1001#0000000000000000
(1788797854.990356) can0 03FF1603#0000D05700000000
(1788797855.001357) can0 03FF1605#0100000000000000
(1788797855.074361) can0 03FF1000#0840112200000001
(1788797855.085367) can0 03FF1001#0000000000000000
(1788797855.095366) can0 03FF1603#0000D05700000000
(1788797855.099363) can0 02FF2602#CC5BA89D2FBC8C8B
(1788797855.100362) can0 02294609#0000000000000000
(1788797855.101361) can0 05124609#030003CA03CA00
(1788797855.106363) can0 03FF1605#0100000000000000
(1788797855.129365) can0 02294606#
(1788797855.136364) can0 05124606#1E1E1D
(1788797855.169366) can0 03FF1600#142B000104001319
(1788797855.177367) can0 05FF4610#0000D0D2FFFFFFCF
(1788797855.180366) can0 03FF1601#6E50000000000000
(1788797855.190368) can0 03FF1602#000005000000157C
(1788797855.200610) can0 03FF1604#0000000000000000
(1788797855.211368) can0 03FF1000#0840112200000001
(1788797855.221607) can0 03FF1001#0000000000000000
(1788797855.232371) can0 03FF1603#0000D05700000000
(1788797855.242624) can0 03FF1605#0100000000000000
(1788797855.285374) can0 03FF1000#0840112200000001
(1788797855.295373) can0 03FF1001#0000000000000000
(1788797855.305605) can0 03FF1603#0000D05700000000
(1788797855.316374) can0 03FF1605#0100000000000000
(1788797855.389609) can0 03FF1000#0840112200000001
(1788797855.400379) can0 03FF1001#0000000000000000
(1788797855.410609) can0 03FF1603#0000D05700000000
(1788797855.421380) can0 03FF1605#0100000000000000
(1788797855.438380) can0 05FF4610#0000D0D2FFFFFFCF
(1788797855.494610) can0 03FF1000#0840112200000001
(1788797855.505383) can0 03FF1001#0000000000000000
(1788797855.515603) can0 03FF1603#0000D05700000000
(1788797855.526385) can0 03FF1605#0100000000000000
(1788797855.599628) can0 03FF1000#0840112200000001
(1788797855.610395) can0 02FF2602#CC5BA89D2FBC8C8B
(1788797855.610440) can0 02294609#0000000000000000
(1788797855.611389) can0 03FF1001#0000000000000000
(1788797855.611467) can0 05124609#030003CA03CA00
(1788797855.620611) can0 03FF1603#0000D05700000000
(1788797855.631391) can0 03FF1605#0100000000000000
(1788797855.639471) can0 02294607#
(1788797855.640390) can0 05124607#1E1D1D
(1788797855.701396) can0 05FF4610#0000D0D2FFFFFFCF
(1788797855.704648) can0 03FF1000#0840112200000001
(1788797855.715395) can0 03FF1001#0000000000000000
(1788797855.725635) can0 03FF1603#0000D05700000000
(1788797855.736399) can0 03FF1605#0100000000000000
(1788797855.743408) can0 05FF4001#0000000000000000
(1788797855.745408) can0 05FF4000#0000000000000000
(1788797855.750396) can0 02181606#0100190001030200
(1788797855.809644) can0 03FF1000#0840112200000001
(1788797855.820401) can0 03FF1001#0000000000000000
(1788797855.830597) can0 03FF1603#0000D05700000000
(1788797855.837401) can0 05FF4602#0A100F1010100F10
(1788797855.841402) can0 03FF1605#0100000000000000
(1788797855.847402) can0 05FF4603#10100F1012101210
(1788797855.851621) can0 03121606#0000000000000000
(1788797855.857402) can0 05FF4604#1010111014101410
(1788797855.867402) can0 05FF4605#0E10000000000000
(1788797855.897404) can0 05FF4606#1E1E1D
(1788797855.907406) can0 05FF4607#1E1D1D
(1788797855.914636) can0 03FF1000#0840112200000001
(1788797855.917405) can0 05FF4608#0019007C
(1788797855.925406) can0 03FF1001#0000000000000000
(1788797855.927406) can0 05FF4609#030003CA03CA00
(1788797855.935622) can0 03FF1603#0000D05700000000
(1788797855.946407) can0 03FF1605#0100000000000000
(1788797855.974409) can0 05FF4610#0000D0D2FFFFFFCF
(1788797856.019643) can0 03FF1000#0840112200000001
(1788797856.030412) can0 03FF1001#0000000000000000
(1788797856.040620) can0 03FF1603#0000D05700000000
(1788797856.051413) can0 03FF1605#0100000000000000
(1788797856.124639) can0 03FF1000#0840112200000001
(1788797856.135422) can0 03FF1001#0000000000000000
(1788797856.145627) can0 03FF1603#0000D05700000000
(1788797856.150419) can0 02294609#
(1788797856.151418) can0 05124609#030003CA03CA00
(1788797856.156418) can0 03FF1605#0100000000000000
(1788797856.177420) can0 03FF1600#142B000104001319
(1788797856.187605) can0 03FF1601#6E50000000000000
(1788797856.198421) can0 03FF1602#000005000000157C
(1788797856.208625) can0 03FF1604#0000000000000000
(1788797856.229658) can0 03FF1000#0840112200000001
(1788797856.240423) can0 03FF1001#0000000000000000
(1788797856.250655) can0 03FF1603#0000D05700000000
(1788797856.261424) can0 03FF1605#0100000000000000
(1788797856.262435) can0 05FF4610#0000D0D3FFFFFFCF
(1788797856.334660) can0 03FF1000#0840112200000001
(1788797856.345428) can0 03FF1001#0000000000000000
(1788797856.355621) can0 03FF1603#0000D05700000000
(1788797856.366429) can0 03FF1605#0100000000000000
(1788797856.439641) can0 03FF1000#0840112200000001
(1788797856.450433) can0 03FF1001#0000000000000000
(1788797856.460604) can0 03FF1603#0000D05700000000
(1788797856.471435) can0 03FF1605#0100000000000000
(1788797856.523450) can0 05FF4610#0000D0D3FFFFFFCF
(1788797856.544658) can0 03FF1000#0840112200000001
(1788797856.555440) can0 03FF1001#0000000000000000
(1788797856.565624) can0 03FF1603#0000D05700000000
(1788797856.576441) can0 03FF1605#0100000000000000
(1788797856.649640) can0 03FF1000#0840112200000001
(1788797856.660450) can0 03FF1001#0000000000000000
(1788797856.660513) can0 02294610#
(1788797856.661456) can0 05124610#0000D0D3FFFFFFCF
(1788797856.670609) can0 03FF1603#0000D05700000000
(1788797856.681447) can0 03FF1605#0100000000000000
(1788797856.754709) can0 03FF1000#0840112200000001
(1788797856.765452) can0 03FF1001#0000000000000000
(1788797856.771451) can0 02FF2602#E37BE38521BDD6FB
(1788797856.771517) can0 02294609#0000000000000000
(1788797856.773451) can0 05124609#030003CA03CA00
(1788797856.775636) can0 03FF1603#0000D05700000000
(1788797856.786452) can0 03FF1605#0100000000000000
(1788797856.795514) can0 05FF4001#0000000000000000
(1788797856.796521) can0 05FF4610#0000D0D3FFFFFFCF
(1788797856.797520) can0 05FF4000#0000000000000000
(1788797856.859678) can0 03FF1000#0840112200000001
(1788797856.870457) can0 03FF1001#0000000000000000
(1788797856.877491) can0 05FF4602#0A100F1010100F10
(1788797856.880642) can0 03FF1603#0000D05700000000
(1788797856.887504) can0 05FF4603#10100F1012101210
(1788797856.891457) can0 03FF1605#0100000000000000
(1788797856.897515) can0 05FF4604#1010111014101410
(1788797856.907516) can0 05FF4605#0F10000000000000
(1788797856.931460) can0 13B16001#
(1788797856.931521) can0 13B16001#
(1788797856.931592) can0 13B16001#
(1788797856.937460) can0 05FF4606#1E1E1D
(1788797856.947460) can0 05FF4607#1E1D1D
(1788797856.957461) can0 05FF4608#0019007C
(1788797856.964658) can0 03FF1000#0840112200000001
(1788797856.967484) can0 05FF4609#030003CA03CA00
(1788797856.975462) can0 03FF1001#0000000000000000
(1788797856.985636) can0 03FF1603#0000D05700000000
(1788797856.996463) can0 03FF1605#0100000000000000
(1788797857.058536) can0 05FF4610#0000D0D3FFFFFFCF
(1788797857.069652) can0 03FF1000#0840112200000001
(1788797857.080468) can0 03FF1001#0000000000000000
(1788797857.090630) can0 03FF1603#0000D05700000000
(1788797857.101476) can0 03FF1605#0100000000000000
(1788797857.171474) can0 02294611#
(1788797857.172508) can0 05124611#0061368C00003521
(1788797857.174660) can0 03FF1000#0840112200000001
(1788797857.185475) can0 03FF1001#0000000000000000
(1788797857.195637) can0 03FF1603#0000D05700000000
(1788797857.206475) can0 03FF1605#0100000000000000
(1788797857.216625) can0 03FF1600#142B000104001319
(1788797857.227476) can0 03FF1601#6E50000000000000
(1788797857.237642) can0 03FF1602#000005000000157C
(1788797857.248477) can0 03FF1604#0000000000000000
(1788797857.279726) can0 03FF1000#0840112200000001
(1788797857.281478) can0 02FF2602#0DD3054D2A27E107
(1788797857.282478) can0 02294609#0000000000000000
(1788797857.283478) can0 05124609#030003CA03CA00
(1788797857.290479) can0 03FF1001#0000000000000000
(1788797857.291478) can0 02181606#0000000000030200
(1788797857.300618) can0 03FF1603#0000D05700000000
(1788797857.301479) can0 03FF1605#0000000000000000
(1788797857.421487) can0 02181606#0100190001030200
(1788797857.467489) can0 03FF1605#0100000000000000
(1788797857.469569) can0 05FF4610#0000D0D3FFFFFFCF
(1788797857.504490) can0 1FF8B028#0000000000000000
(1788797857.514491) can0 03FF1000#0840112200000001
(1788797857.524733) can0 03FF1605#0000000000000000
(1788797857.531538) can0 02181606#0100190001030200
(1788797857.535491) can0 03121606#0100000000000000
(1788797857.577495) can0 03FF1000#0840112200000001
(1788797857.588495) can0 03FF1001#0000000000000000
(1788797857.598495) can0 03FF1603#0000D05700000000
(1788797857.609496) can0 03FF1605#0100000000000000
(1788797857.611588) can0 05FF4610#0000D0D3FFFFFFCF
(1788797857.619496) can0 03121606#0000000000000000
(1788797857.681500) can0 02294500#
(1788797857.682505) can0 03FF1000#0840112200000001
(1788797857.682613) can0 05124500#0500
(1788797857.693501) can0 03FF1001#0000000000000000
(1788797857.703503) can0 03FF1603#0000D05700000000
(1788797857.714502) can0 03FF1605#0100000000000000
(1788797857.724502) can0 03121606#0000000000000000
(1788797857.739634) can0 05FF4001#0000000000000000
(1788797857.741630) can0 05FF4000#0000000000000000
(1788797857.787509) can0 03FF1000#0840112200000001
(1788797857.798506) can0 03FF1001#0000000000000000
(1788797857.808506) can0 03FF1603#0000D05700000000
(1788797857.818745) can0 03FF1605#0100000000000000
(1788797857.833616) can0 05FF4602#0A100F1010100F10
(1788797857.843624) can0 05FF4603#10100F1012101210
(1788797857.853624) can0 05FF4604#1010111014101410
(1788797857.863632) can0 05FF4605#0F10000000000000
(1788797857.884653) can0 05FF4610#0000D0D3FFFFFFCF
(1788797857.892512) can0 03FF1000#0840112200000001
(1788797857.893510) can0 05FF4606#1E1E1D
(1788797857.903512) can0 03FF1001#0000000000000000
(1788797857.903566) can0 05FF4607#1E1D1D
(1788797857.913512) can0 03FF1603#0000D05700000000
(1788797857.913659) can0 05FF4608#0019007C
(1788797857.923611) can0 05FF4609#010003CA03CA00
(1788797857.924511) can0 03FF1605#0100000000000000
(1788797857.951733) can0 02519500#
(1788797857.952513) can0 02519500#
(1788797857.952564) can0 02519500#
(1788797857.997517) can0 03FF1000#0840112200000001
(1788797858.007749) can0 03FF1001#0000000000000000
(1788797858.018518) can0 03FF1603#0000D05700000000
(1788797858.028773) can0 03FF1605#0100000000000000
(1788797858.042518) can0 02191602#0000000000000000
(1788797858.073555) can0 05FF4400#00000011
(1788797858.102526) can0 03FF1000#0840112200000001
(1788797858.113523) can0 03FF1001#0000000000000000
(1788797858.123522) can0 03FF1603#0000D05700000000
(1788797858.123740) can0 05FF4600#0D0300900303
(1788797858.133778) can0 03FF1605#0100000000000000
(1788797858.145716) can0 05FF4610#0000D0D3FFFFFFCF
(1788797858.192527) can0 02294501#
(1788797858.192581) can0 05124501#0103
(1788797858.196767) can0 03FF1600#142B000104001319
(1788797858.200824) can0 05FF4601#007300000000
(1788797858.207529) can0 03FF1601#6E50000000000000
(1788797858.217790) can0 03FF1602#000005000000157C
(1788797858.228530) can0 03FF1604#0000000000000000
(1788797858.238759) can0 03FF1000#0840112200000001
(1788797858.242529) can0 02181606#0000000000030200
(1788797858.243529) can0 02203606#0200000000000000
(1788797858.249530) can0 03FF1001#0000000000000000
(1788797858.250529) can0 03FF1605#0000000000000000
(1788797858.252529) can0 02181606#0000000000030200
(1788797858.252769) can0 02203606#0200000000000000
(1788797858.262531) can0 02181606#0000000000030200
(1788797858.262770) can0 02203606#0200000000000000
(1788797858.272530) can0 02203607#0000000300000000
(1788797858.416543) can0 03FF1603#0000D05700000000
(1788797858.426539) can0 03FF1605#0100000000000000
(1788797858.429539) can0 05FF4610#0000D0D3FFFFFFCF
(1788797858.436794) can0 1FF8B028#0000000000000000
(1788797858.447540) can0 03FF1000#0840112200000001
(1788797858.457773) can0 03FF1605#0000000000000000
(1788797858.468541) can0 03121606#0100000000000000
(1788797858.520767) can0 03FF1000#0840112200000001
(1788797858.531544) can0 03121606#0100000000000000
(1788797858.625794) can0 03FF1000#0840112200000001
(1788797858.636550) can0 03121606#0100000000000000
(1788797858.730790) can0 03FF1000#0840112200000001
(1788797858.835776) can0 03FF1000#0840112200000001
(1788797858.940764) can0 03FF1000#0840112200000001
(1788797858.972726) can0 02519501#
(1788797858.973568) can0 02519501#
(1788797858.973622) can0 02519501#
(1788797859.045769) can0 03FF1000#0840112200000001
(1788797859.150786) can0 03FF1000#0840112200000001
(1788797859.255797) can0 03FF1000#0840112200000001
(1788797859.283589) can0 02203607#0000000300000000
(1788797859.360786) can0 03FF1000#0840112200000001
(1788797859.425786) can0 04FF3400#0000006D00000000
(1788797859.465794) can0 03FF1000#0840112200000001
(1788797859.570832) can0 03FF1000#0840112200000001
(1788797859.675804) can0 03FF1000#0840112200000001
(1788797859.780795) can0 03FF1000#0840112200000001
(1788797859.885808) can0 03FF1000#0840112200000001
(1788797859.990797) can0 03FF1000#0840112200000001
(1788797860.095852) can0 03FF1000#0840112200000001
(1788797860.200815) can0 03FF1000#0840112200000001
(1788797860.294640) can0 02203607#0000000300000000
(1788797860.305829) can0 03FF1000#0840112200000001
(1788797860.410810) can0 03FF1000#0840112200000001
(1788797860.515807) can0 03FF1000#0840112200000001
(1788797860.620865) can0 03FF1000#0840112200000001
(1788797860.725825) can0 03FF1000#0840112200000001
(1788797860.830833) can0 03FF1000#0840112200000001
(1788797860.935836) can0 03FF1000#0840112200000001
(1788797861.040819) can0 03FF1000#0840112200000001
(1788797861.145815) can0 03FF1000#0840112200000001
(1788797861.250830) can0 03FF1000#0840112200000001
(1788797861.305693) can0 02203607#0000000300000000
(1788797861.355858) can0 03FF1000#0840112200000001
(1788797861.460834) can0 03FF1000#0840112200000001
(1788797861.565835) can0 03FF1000#0840112200000001
(1788797861.670829) can0 03FF1000#0840112200000001
(1788797861.775860) can0 03FF1000#0840112200000001
(1788797861.880862) can0 03FF1000#0840112200000001
(1788797861.985850) can0 03FF1000#0840112200000001
(1788797862.090834) can0 03FF1000#0840112200000001
(1788797862.195836) can0 03FF1000#0840112200000001
(1788797862.300851) can0 03FF1000#0840112200000001
(1788797862.405879) can0 03FF1000#0840112200000001
(1788797862.510863) can0 03FF1000#0840112200000001
(1788797862.615843) can0 03FF1000#0840112200000001
(1788797862.720859) can0 03FF1000#0840112200000001
(1788797862.825882) can0 03FF1000#0840112200000001
(1788797862.930907) can0 03FF1000#0840112200000001
(1788797863.035871) can0 03FF1000#0840112200000001
(1788797863.056786) can0 13B16001#
(1788797863.057012) can0 13B16001#
(1788797863.057784) can0 13B16001#
(1788797863.140865) can0 03FF1000#0840112200000001
(1788797863.245867) can0 03FF1000#0840112200000001
(1788797863.350859) can0 03FF1000#0840112200000001
(1788797863.455922) can0 03FF1000#0840112200000001
(1788797863.560887) can0 03FF1000#0840112200000001
(1788797863.665865) can0 03FF1000#0840112200000001
(1788797863.770873) can0 03FF1000#0840112200000001
(1788797863.875899) can0 03FF1000#0840112200000001
(1788797863.980916) can0 03FF1000#0840112200000001
(1788797864.085928) can0 03FF1000#0840112200000001
(1788797864.190897) can0 03FF1000#0840112200000001
(1788797864.295883) can0 03FF1000#0840112200000001
(1788797864.400903) can0 03FF1000#0840112200000001
(1788797864.505909) can0 03FF1000#0840112200000001
(1788797864.610916) can0 03FF1000#0840112200000001
(1788797864.715908) can0 03FF1000#0840112200000001
(1788797864.820907) can0 03FF1000#0840112200000001
(1788797864.925909) can0 03FF1000#0840112200000001
(1788797865.030925) can0 03FF1000#0840112200000001
(1788797865.135925) can0 03FF1000#0840112200000001
(1788797865.240903) can0 03FF1000#0840112200000001
(1788797865.345920) can0 03FF1000#0840112200000001
(1788797865.450912) can0 03FF1000#0840112200000001
(1788797865.555926) can0 03FF1000#0840112200000001
(1788797865.660925) can0 03FF1000#0840112200000001
(1788797865.765932) can0 03FF1000#0840112200000001
(1788797865.870936) can0 03FF1000#0840112200000001
(1788797865.975943) can0 03FF1000#0840112200000001
(1788797866.080947) can0 03FF1000#0840112200000001
(1788797866.185956) can0 03FF1000#0840112200000001
(1788797866.290982) can0 03FF1000#0840112200000001
(1788797866.395963) can0 03FF1000#0840112200000001
(1788797866.500969) can0 03FF1000#0840112200000001
(1788797866.605975) can0 03FF1000#0840112200000001
(1788797866.710981) can0 03FF1000#0840112200000001
(1788797866.816006) can0 03FF1000#0840112200000001
(1788797866.920990) can0 03FF1000#0840112200000001
(1788797867.025997) can0 03FF1000#0840112200000001
(1788797867.131009) can0 03FF1000#0840112200000001
(1788797867.236009) can0 03FF1000#0840112200000001
(1788797867.341014) can0 03FF1000#0840112200000001
(1788797867.446019) can0 03FF1000#0840112200000001
(1788797867.551024) can0 03FF1000#0840112200000001
(1788797867.656030) can0 03FF1000#0840112200000001
(1788797867.761037) can0 03FF1000#0840112200000001
(1788797867.866042) can0 03FF1000#0840112200000001
(1788797867.971047) can0 03FF1000#0840112200000001
(1788797868.076053) can0 03FF1000#0840112200000001
(1788797868.181063) can0 03FF1000#0840112200000001
(1788797868.286067) can0 03FF1000#0840112200000001
(1788797868.391069) can0 03FF1000#0840112200000001
(1788797868.496074) can0 03FF1000#0840112200000001
(1788797868.601080) can0 03FF1000#0840112200000001
(1788797868.706087) can0 03FF1000#0840112200000001
(1788797868.811093) can0 03FF1000#0840112200000001
(1788797868.916096) can0 03FF1000#0840112200000001
(1788797869.021103) can0 03FF1000#0840112200000001
(1788797869.126114) can0 03FF1000#0840112200000001
(1788797869.231115) can0 03FF1000#0840112200000001
(1788797869.336123) can0 03FF1000#0840112200000001
(1788797869.426124) can0 04FF3400#0000006E00000000
(1788797869.441124) can0 03FF1000#0840112200000001
(1788797869.546131) can0 03FF1000#0840112200000001
(1788797869.651135) can0 03FF1000#0840112200000001
(1788797869.756142) can0 03FF1000#0840112200000001
(1788797869.861151) can0 03FF1000#0840112200000001
(1788797869.966153) can0 03FF1000#0840112200000001
(1788797870.071158) can0 03FF1000#0840112200000001
(1788797870.176166) can0 03FF1000#0840112200000001
(1788797870.281171) can0 03FF1000#0840112200000001
(1788797870.386181) can0 03FF1000#0840112200000001
(1788797870.491180) can0 03FF1000#0840112200000001
(1788797870.596191) can0 03FF1000#0840112200000001
(1788797870.701192) can0 03FF1000#0840112200000001
(1788797870.806201) can0 03FF1000#0840112200000001
(1788797870.911208) can0 03FF1000#0840112200000001
(1788797871.016209) can0 03FF1000#0840112200000001
(1788797871.121218) can0 03FF1000#0840112200000001
(1788797871.226221) can0 03FF1000#0840112200000001
(1788797871.331226) can0 03FF1000#0840112200000001
(1788797871.436237) can0 03FF1000#0840112200000001
(1788797871.541237) can0 03FF1000#0840112200000001
(1788797871.646241) can0 03FF1000#0840112200000001
(1788797871.751250) can0 03FF1000#0840112200000001
(1788797871.856254) can0 03FF1000#0840112200000001
(1788797871.961263) can0 03FF1000#0840112200000001
(1788797872.066265) can0 03FF1000#0840112200000001
(1788797872.171273) can0 03FF1000#0840112200000001
(1788797872.276277) can0 03FF1000#0840112200000001
(1788797872.381280) can0 03FF1000#0840112200000001
(1788797872.486293) can0 03FF1000#0840112200000001
(1788797872.591293) can0 03FF1000#0840112200000001
(1788797872.696297) can0 03FF1000#0840112200000001
(1788797872.801307) can0 03FF1000#0840112200000001
(1788797872.906309) can0 03FF1000#0840112200000001
(1788797873.011319) can0 03FF1000#0840112200000001
(1788797873.116323) can0 03FF1000#0840112200000001
(1788797873.221325) can0 03FF1000#0840112200000001
(1788797873.326333) can0 03FF1000#0840112200000001
(1788797873.431337) can0 03FF1000#0840112200000001
(1788797873.536347) can0 03FF1000#0840112200000001
(1788797873.641348) can0 03FF1000#0840112200000001
(1788797873.746353) can0 03FF1000#0840112200000001
(1788797873.851362) can0 03FF1000#0840112200000001
(1788797873.956366) can0 03FF1000#0840112200000001
(1788797874.061374) can0 03FF1000#0840112200000001
(1788797874.166379) can0 03FF1000#0840112200000001
(1788797874.271385) can0 03FF1000#0840112200000001
(1788797874.376387) can0 03FF1000#0840112200000001
(1788797874.481392) can0 03FF1000#0840112200000001
(1788797874.586405) can0 03FF1000#0840112200000001
(1788797874.691408) can0 03FF1000#0840112200000001
(1788797874.796413) can0 03FF1000#0840112200000001
(1788797874.901416) can0 03FF1000#0840112200000001
(1788797875.006421) can0 03FF1000#0840112200000001
(1788797875.111433) can0 03FF1000#0840112200000001
(1788797875.216432) can0 03FF1000#0840112200000001
(1788797875.321437) can0 03FF1000#0840112200000001
(1788797875.426442) can0 03FF1000#0840112200000001
(1788797875.531448) can0 03FF1000#0840112200000001
(1788797875.636460) can0 03FF1000#0840112200000001
(1788797875.741460) can0 03FF1000#0840112200000001
(1788797875.846470) can0 03FF1000#0840112200000001
(1788797875.951470) can0 03FF1000#0840112200000001
(1788797876.056477) can0 03FF1000#0840112200000001
(1788797876.161486) can0 03FF1000#0840112200000001
(1788797876.266489) can0 03FF1000#0840112200000001
(1788797876.371494) can0 03FF1000#0840112200000001
(1788797876.476498) can0 03FF1000#0840112200000001
(1788797876.581503) can0 03FF1000#0840112200000001
(1788797876.686515) can0 03FF1000#0840112200000001
(1788797876.791517) can0 03FF1000#0840112200000001
(1788797876.896520) can0 03FF1000#0840112200000001
(1788797877.001525) can0 03FF1000#0840112200000001
(1788797877.106531) can0 03FF1000#0840112200000001
(1788797877.211542) can0 03FF1000#0840112200000001
(1788797877.316543) can0 03FF1000#0840112200000001
(1788797877.421549) can0 03FF1000#0840112200000001
(1788797877.526554) can0 03FF1000#0840112200000001
(1788797877.631560) can0 03FF1000#0840112200000001
(1788797877.736569) can0 03FF1000#0840112200000001
(1788797877.841570) can0 03FF1000#0840112200000001
(1788797877.946578) can0 03FF1000#0840112200000001
(1788797878.051582) can0 03FF1000#0840112200000001
(1788797878.156588) can0 03FF1000#0840112200000001
(1788797878.261597) can0 03FF1000#0840112200000001
(1788797878.366600) can0 03FF1000#0840112200000001
(1788797878.471605) can0 03FF1000#0840112200000001
(1788797878.576610) can0 03FF1000#0840112200000001
(1788797878.681615) can0 03FF1000#0840112200000001
(1788797878.786625) can0 03FF1000#0840112200000001
(1788797878.891627) can0 03FF1000#0840112200000001
(1788797878.996634) can0 03FF1000#0840112200000001
(1788797879.101638) can0 03FF1000#0840112200000001
(1788797879.206645) can0 03FF1000#0840112200000001
(1788797879.311653) can0 03FF1000#0840112200000001
(1788797879.416655) can0 03FF1000#0840112200000001
(1788797879.425655) can0 04FF3400#0000006F00000000
(1788797879.521659) can0 03FF1000#0840112200000001
(1788797879.626666) can0 03FF1000#0840112200000001
(1788797879.731672) can0 03FF1000#0840112200000001
(1788797879.836683) can0 03FF1000#0840112200000001
(1788797879.941683) can0 03FF1000#0840112200000001
(1788797880.046689) can0 03FF1000#0840112200000001
(1788797880.151694) can0 03FF1000#0840112200000001
(1788797880.256698) can0 03FF1000#0840112200000001
(1788797880.361709) can0 03FF1000#0840112200000001
(1788797880.466711) can0 03FF1000#0840112200000001
(1788797880.571715) can0 03FF1000#0840112200000001
(1788797880.676721) can0 03FF1000#0840112200000001
(1788797880.781728) can0 03FF1000#0840112200000001
(1788797880.886738) can0 03FF1000#0840112200000001
(1788797880.991739) can0 03FF1000#0840112200000001
(1788797881.096751) can0 03FF1000#0840112200000001
(1788797881.201751) can0 03FF1000#0840112200000001
(1788797881.306756) can0 03FF1000#0840112200000001
(1788797881.411767) can0 03FF1000#0840112200000001
(1788797881.516767) can0 03FF1000#0840112200000001
(1788797881.621772) can0 03FF1000#0840112200000001
(1788797881.726776) can0 03FF1000#0840112200000001
(1788797881.831783) can0 03FF1000#0840112200000001
(1788797881.936793) can0 03FF1000#0840112200000001
(1788797882.041794) can0 03FF1000#0840112200000001
(1788797882.146800) can0 03FF1000#0840112200000001
(1788797882.251804) can0 03FF1000#0840112200000001
(1788797882.356810) can0 03FF1000#0840112200000001
(1788797882.461820) can0 03FF1000#0840112200000001
(1788797882.566822) can0 03FF1000#0840112200000001
(1788797882.671827) can0 03FF1000#0840112200000001
(1788797882.776832) can0 03FF1000#0840112200000001
(1788797882.881838) can0 03FF1000#0840112200000001
(1788797882.986850) can0 03FF1000#0840112200000001
(1788797883.091851) can0 03FF1000#0840112200000001
(1788797883.196857) can0 03FF1000#0840112200000001
(1788797883.301862) can0 03FF1000#0840112200000001
(1788797883.406865) can0 03FF1000#0840112200000001
(1788797883.511877) can0 03FF1000#0840112200000001
(1788797883.616877) can0 03FF1000#0840112200000001
(1788797883.721883) can0 03FF1000#0840112200000001
(1788797883.826890) can0 03FF1000#0840112200000001
(1788797883.931896) can0 03FF1000#0840112200000001
(1788797884.036904) can0 03FF1000#0840112200000001
(1788797884.141906) can0 03FF1000#0840112200000001
(1788797884.246912) can0 03FF1000#0840112200000001
(1788797884.351918) can0 03FF1000#0840112200000001
(1788797884.456922) can0 03FF1000#0840112200000001
(1788797884.561931) can0 03FF1000#0840112200000001
(1788797884.666934) can0 03FF1000#0840112200000001
(1788797884.771944) can0 03FF1000#0840112200000001
(1788797884.876946) can0 03FF1000#0840112200000001
(1788797884.981951) can0 03FF1000#0840112200000001
(1788797885.086961) can0 03FF1000#0840112200000001
(1788797885.191963) can0 03FF1000#0840112200000001
(1788797885.296966) can0 03FF1000#0840112200000001
(1788797885.401972) can0 03FF1000#0840112200000001
(1788797885.506978) can0 03FF1000#0840112200000001
(1788797885.611989) can0 03FF1000#0840112200000001
(1788797885.716989) can0 03FF1000#0840112200000001
(1788797885.821995) can0 03FF1000#0840112200000001
(1788797885.927000) can0 03FF1000#0840112200000001
(1788797886.032006) can0 03FF1000#0840112200000001
(1788797886.137017) can0 03FF1000#0840112200000001
(1788797886.242017) can0 03FF1000#0840112200000001
(1788797886.347026) can0 03FF1000#0840112200000001
(1788797886.452030) can0 03FF1000#0840112200000001
(1788797886.557034) can0 03FF1000#0840112200000001
(1788797886.662045) can0 03FF1000#0840112200000001
(1788797886.767045) can0 03FF1000#0840112200000001
(1788797886.872050) can0 03FF1000#0840112200000001
(1788797886.977056) can0 03FF1000#0840112200000001
(1788797887.082063) can0 03FF1000#0840112200000001
(1788797887.187077) can0 03FF1000#0840112200000001
(1788797887.292074) can0 03FF1000#0840112200000001
(1788797887.397079) can0 03FF1000#0840112200000001
(1788797887.502085) can0 03FF1000#0840112200000001
(1788797887.607091) can0 03FF1000#0840112200000001
(1788797887.712101) can0 03FF1000#0840112200000001
(1788797887.817102) can0 03FF1000#0840112200000001
(1788797887.922107) can0 03FF1000#0840112200000001
(1788797888.027112) can0 03FF1000#0840112200000001
(1788797888.132118) can0 03FF1000#0840112200000001
(1788797888.237128) can0 03FF1000#0840112200000001
(1788797888.342130) can0 03FF1000#0840112200000001
(1788797888.447134) can0 03FF1000#0840112200000001
(1788797888.552139) can0 03FF1000#0840112200000001
(1788797888.657146) can0 03FF1000#0840112200000001
(1788797888.762155) can0 03FF1000#0840112200000001
(1788797888.867156) can0 03FF1000#0840112200000001
(1788797888.972161) can0 03FF1000#0840112200000001
(1788797889.076410) can0 03FF1000#0840112200000001
(1788797889.181423) can0 03FF1000#0840112200000001
(1788797889.287185) can0 03FF1000#0840112200000001
(1788797889.392186) can0 03FF1000#0840112200000001
(1788797889.426186) can0 04FF3400#0000007000000000
(1788797889.496440) can0 03FF1000#0840112200000001
(1788797889.601427) can0 03FF1000#0840112200000001
(1788797889.706434) can0 03FF1000#0840112200000001
(1788797889.811465) can0 03FF1000#0840112200000001
(1788797889.916456) can0 03FF1000#0840112200000001
(1788797890.021451) can0 03FF1000#0840112200000001
(1788797890.126443) can0 03FF1000#0840112200000001
(1788797890.231450) can0 03FF1000#0840112200000001
(1788797890.336443) can0 03FF1000#0840112200000001
(1788797890.441472) can0 03FF1000#0840112200000001
(1788797890.546465) can0 03FF1000#0840112200000001
(1788797890.651471) can0 03FF1000#0840112200000001
(1788797890.756461) can0 03FF1000#0840112200000001
(1788797890.861488) can0 03FF1000#0840112200000001
(1788797890.966476) can0 03FF1000#0840112200000001
(1788797891.071471) can0 03FF1000#0840112200000001
(1788797891.176476) can0 03FF1000#0840112200000001
(1788797891.281459) can0 03FF1000#0840112200000001
(1788797891.386503) can0 03FF1000#0840112200000001
(1788797891.491493) can0 03FF1000#0840112200000001
(1788797891.596550) can0 03FF1000#0840112200000001
(1788797891.701481) can0 03FF1000#0840112200000001
(1788797891.806486) can0 03FF1000#0840112200000001
(1788797891.911520) can0 03FF1000#0840112200000001
(1788797892.016492) can0 03FF1000#0840112200000001
(1788797892.121561) can0 03FF1000#0840112200000001
(1788797892.226486) can0 03FF1000#0840112200000001
(1788797892.331492) can0 03FF1000#0840112200000001
(1788797892.436490) can0 03FF1000#0840112200000001
(1788797892.541513) can0 03FF1000#0840112200000001
(1788797892.646518) can0 03FF1000#0840112200000001
(1788797892.751501) can0 03FF1000#0840112200000001
(1788797892.856491) can0 03FF1000#0840112200000001
(1788797892.961505) can0 03FF1000#0840112200000001
(1788797893.066530) can0 03FF1000#0840112200000001
(1788797893.171519) can0 03FF1000#0840112200000001
(1788797893.276503) can0 03FF1000#0840112200000001
(1788797893.381512) can0 03FF1000#0840112200000001
(1788797893.486558) can0 03FF1000#0840112200000001
(1788797893.591534) can0 03FF1000#0840112200000001
(1788797893.696540) can0 03FF1000#0840112200000001
(1788797893.801511) can0 03FF1000#0840112200000001
(1788797893.906541) can0 03FF1000#0840112200000001
(1788797894.011528) can0 03FF1000#0840112200000001
(1788797894.116547) can0 03FF1000#0840112200000001
(1788797894.221545) can0 03FF1000#0840112200000001
(1788797894.326552) can0 03FF1000#0840112200000001
(1788797894.431591) can0 03FF1000#0840112200000001
(1788797894.536549) can0 03FF1000#0840112200000001
(1788797894.641567) can0 03FF1000#0840112200000001
(1788797894.746555) can0 03FF1000#0840112200000001
(1788797894.851556) can0 03FF1000#0840112200000001
(1788797894.956595) can0 03FF1000#0840112200000001
(1788797895.061548) can0 03FF1000#0840112200000001
(1788797895.166573) can0 03FF1000#0840112200000001
(1788797895.271567) can0 03FF1000#0840112200000001
(1788797895.376568) can0 03FF1000#0840112200000001
(1788797895.481611) can0 03FF1000#0840112200000001
(1788797895.586575) can0 03FF1000#0840112200000001
(1788797895.691576) can0 03FF1000#0840112200000001
(1788797895.796579) can0 03FF1000#0840112200000001
(1788797895.901576) can0 03FF1000#0840112200000001
(1788797896.006583) can0 03FF1000#0840112200000001
(1788797896.111602) can0 03FF1000#0840112200000001
(1788797896.216593) can0 03FF1000#0840112200000001
(1788797896.321589) can0 03FF1000#0840112200000001
(1788797896.426581) can0 03FF1000#0840112200000001
(1788797896.531587) can0 03FF1000#0840112200000001
(1788797896.636580) can0 03FF1000#0840112200000001
(1788797896.741610) can0 03FF1000#0840112200000001
(1788797896.846604) can0 03FF1000#0840112200000001
(1788797896.951587) can0 03FF1000#0840112200000001
(1788797897.056591) can0 03FF1000#0840112200000001
(1788797897.161602) can0 03FF1000#0840112200000001
(1788797897.266625) can0 03FF1000#0840112200000001
(1788797897.371621) can0 03FF1000#0840112200000001
(1788797897.476613) can0 03FF1000#0840112200000001
(1788797897.581618) can0 03FF1000#0840112200000001
(1788797897.686630) can0 03FF1000#0840112200000001
(1788797897.791666) can0 03FF1000#0840112200000001
(1788797897.896636) can0 03FF1000#0840112200000001
(1788797898.001642) can0 03FF1000#0840112200000001
(1788797898.106649) can0 03FF1000#0840112200000001
(1788797898.211658) can0 03FF1000#0840112200000001
(1788797898.316676) can0 03FF1000#0840112200000001
(1788797898.421665) can0 03FF1000#0840112200000001
(1788797898.526669) can0 03FF1000#0840112200000001
(1788797898.631676) can0 03FF1000#0840112200000001
(1788797898.736685) can0 03FF1000#0840112200000001
(1788797898.841687) can0 03FF1000#0840112200000001
(1788797898.946691) can0 03FF1000#0840112200000001
(1788797899.051696) can0 03FF1000#0840112200000001
(1788797899.156705) can0 03FF1000#0840112200000001
(1788797899.261713) can0 03FF1000#0840112200000001
(1788797899.366715) can0 03FF1000#0840112200000001
(1788797899.425716) can0 04FF3400#0000007100000000
(1788797899.426716) can0 04FF3603#0300000000000000
(1788797899.471719) can0 03FF1000#0840112200000001
(1788797899.576724) can0 03FF1000#0840112200000001
(1788797899.681732) can0 03FF1000#0840112200000001
(1788797899.786740) can0 03FF1000#0840112200000001
(1788797899.891742) can0 03FF1000#0840112200000001
(1788797899.996748) can0 03FF1000#0840112200000001
(1788797900.101755) can0 03FF1000#0840112200000001
(1788797900.206760) can0 03FF1000#0840112200000001
(1788797900.311770) can0 03FF1000#0840112200000001
(1788797900.416773) can0 03FF1000#0840112200000001
(1788797900.521777) can0 03FF1000#0840112200000001
(1788797900.626781) can0 03FF1000#0840112200000001
(1788797900.731786) can0 03FF1000#0840112200000001
(1788797900.836797) can0 03FF1000#0840112200000001
(1788797900.941799) can0 03FF1000#0840112200000001
(1788797901.046803) can0 03FF1000#0840112200000001
(1788797901.151816) can0 03FF1000#0840112200000001
(1788797901.256817) can0 03FF1000#0840112200000001
(1788797901.361825) can0 03FF1000#0840112200000001
(1788797901.466827) can0 03FF1000#0840112200000001
(1788797901.571830) can0 03FF1000#0840112200000001
(1788797901.676837) can0 03FF1000#0840112200000001
(1788797901.781842) can0 03FF1000#0840112200000001
(1788797901.886853) can0 03FF1000#0840112200000001
(1788797901.991854) can0 03FF1000#0840112200000001
(1788797902.096859) can0 03FF1000#0840112200000001
(1788797902.201871) can0 03FF1000#0840112200000001
(1788797902.306871) can0 03FF1000#0840112200000001
(1788797902.411881) can0 03FF1000#0840112200000001
(1788797902.516884) can0 03FF1000#0840112200000001
(1788797902.621888) can0 03FF1000#0840112200000001
(1788797902.726892) can0 03FF1000#0840112200000001
(1788797902.831898) can0 03FF1000#0840112200000001
(1788797902.936908) can0 03FF1000#0840112200000001
(1788797903.041909) can0 03FF1000#0840112200000001
(1788797903.146921) can0 03FF1000#0840112200000001
(1788797903.251921) can0 03FF1000#0840112200000001
(1788797903.356926) can0 03FF1000#0840112200000001
(1788797903.461936) can0 03FF1000#0840112200000001
(1788797903.566939) can0 03FF1000#0840112200000001
(1788797903.671942) can0 03FF1000#0840112200000001
(1788797903.776950) can0 03FF1000#0840112200000001
(1788797903.881957) can0 03FF1000#0840112200000001
(1788797903.986963) can0 03FF1000#0840112200000001
(1788797904.091966) can0 03FF1000#0840112200000001
(1788797904.196975) can0 03FF1000#0840112200000001
(1788797904.301982) can0 03FF1000#0840112200000001
(1788797904.406982) can0 03FF1000#0840112200000001
(1788797904.511991) can0 03FF1000#0840112200000001
(1788797904.616993) can0 03FF1000#0840112200000001
(1788797904.722003) can0 03FF1000#0840112200000001
(1788797904.827005) can0 03FF1000#0840112200000001
(1788797904.932010) can0 03FF1000#0840112200000001
(1788797905.037021) can0 03FF1000#0840112200000001
(1788797905.142028) can0 03FF1000#0840112200000001
(1788797905.247027) can0 03FF1000#0840112200000001
(1788797905.352031) can0 03FF1000#0840112200000001
(1788797905.457038) can0 03FF1000#0840112200000001
(1788797905.562049) can0 03FF1000#0840112200000001
(1788797905.667050) can0 03FF1000#0840112200000001
(1788797905.772054) can0 03FF1000#0840112200000001
(1788797905.877060) can0 03FF1000#0840112200000001
(1788797905.982064) can0 03FF1000#0840112200000001
(1788797906.087077) can0 03FF1000#0840112200000001
(1788797906.192081) can0 03FF1000#0840112200000001
(1788797906.297082) can0 03FF1000#0840112200000001
(1788797906.402087) can0 03FF1000#0840112200000001
(1788797906.507094) can0 03FF1000#0840112200000001
(1788797906.612104) can0 03FF1000#0840112200000001
(1788797906.717105) can0 03FF1000#0840112200000001
(1788797906.822112) can0 03FF1000#0840112200000001
(1788797906.927117) can0 03FF1000#0840112200000001
(1788797907.032122) can0 03FF1000#0840112200000001
(1788797907.137134) can0 03FF1000#0840112200000001
(1788797907.242133) can0 03FF1000#0840112200000001
(1788797907.347138) can0 03FF1000#0840112200000001
(1788797907.452143) can0 03FF1000#0840112200000001
(1788797907.557155) can0 03FF1000#0840112200000001
(1788797907.662159) can0 03FF1000#0840112200000001
(1788797907.767161) can0 03FF1000#0840112200000001
(1788797907.872165) can0 03FF1000#0840112200000001
(1788797907.977174) can0 03FF1000#0840112200000001
(1788797908.082179) can0 03FF1000#0840112200000001
(1788797908.187188) can0 03FF1000#0840112200000001
(1788797908.292191) can0 03FF1000#0840112200000001
(1788797908.397195) can0 03FF1000#0840112200000001
(1788797908.502201) can0 03FF1000#0840112200000001
(1788797908.607210) can0 03FF1000#0840112200000001
(1788797908.712216) can0 03FF1000#0840112200000001
(1788797908.817217) can0 03FF1000#0840112200000001
(1788797908.922225) can0 03FF1000#0840112200000001
(1788797909.027228) can0 03FF1000#0840112200000001
(1788797909.132234) can0 03FF1000#0840112200000001
(1788797909.237244) can0 03FF1000#0840112200000001
(1788797909.342244) can0 03FF1000#0840112200000001
(1788797909.425340) can0 04FF3400#0000007200000000
(1788797909.447248) can0 03FF1000#0840112200000001
(1788797909.552266) can0 03FF1000#0840112200000001
(1788797909.657263) can0 03FF1000#0840112200000001
(1788797909.762271) can0 03FF1000#0840112200000001
(1788797909.867274) can0 03FF1000#0840112200000001
(1788797909.972278) can0 03FF1000#0840112200000001
(1788797910.077282) can0 03FF1000#0840112200000001
(1788797910.182289) can0 03FF1000#0840112200000001
(1788797910.287299) can0 03FF1000#0840112200000001
(1788797910.392301) can0 03FF1000#0840112200000001
(1788797910.497306) can0 03FF1000#0840112200000001
(1788797910.602315) can0 03FF1000#0840112200000001
(1788797910.707318) can0 03FF1000#0840112200000001
(1788797910.812327) can0 03FF1000#0840112200000001
(1788797910.917329) can0 03FF1000#0840112200000001
(1788797911.022334) can0 03FF1000#0840112200000001
(1788797911.127339) can0 03FF1000#0840112200000001
(1788797911.232345) can0 03FF1000#0840112200000001
(1788797911.337355) can0 03FF1000#0840112200000001
(1788797911.442355) can0 03FF1000#0840112200000001
(1788797911.547362) can0 03FF1000#0840112200000001
(1788797911.652371) can0 03FF1000#0840112200000001
(1788797911.757373) can0 03FF1000#0840112200000001
(1788797911.862384) can0 03FF1000#0840112200000001
(1788797911.967385) can0 03FF1000#0840112200000001
(1788797912.072389) can0 03FF1000#0840112200000001
(1788797912.177395) can0 03FF1000#0840112200000001
(1788797912.282400) can0 03FF1000#0840112200000001
(1788797912.387412) can0 03FF1000#0840112200000001
(1788797912.492411) can0 03FF1000#0840112200000001
(1788797912.597420) can0 03FF1000#0840112200000001
(1788797912.702424) can0 03FF1000#0840112200000001
(1788797912.807429) can0 03FF1000#0840112200000001
(1788797912.912439) can0 03FF1000#0840112200000001
(1788797913.017440) can0 03FF1000#0840112200000001
(1788797913.122445) can0 03FF1000#0840112200000001
(1788797913.227452) can0 03FF1000#0840112200000001
(1788797913.332456) can0 03FF1000#0840112200000001
(1788797913.437467) can0 03FF1000#0840112200000001
(1788797913.542471) can0 03FF1000#0840112200000001
(1788797913.647478) can0 03FF1000#0840112200000001
(1788797913.752480) can0 03FF1000#0840112200000001
(1788797913.857486) can0 03FF1000#0840112200000001
(1788797913.962494) can0 03FF1000#0840112200000001
(1788797914.067496) can0 03FF1000#0840112200000001
(1788797914.172501) can0 03FF1000#0840112200000001
(1788797914.277507) can0 03FF1000#0840112200000001
(1788797914.382514) can0 03FF1000#0840112200000001
(1788797914.487522) can0 03FF1000#0840112200000001
(1788797914.592527) can0 03FF1000#0840112200000001
(1788797914.697530) can0 03FF1000#0840112200000001
(1788797914.802537) can0 03FF1000#0840112200000001
(1788797914.907540) can0 03FF1000#0840112200000001
(1788797915.012552) can0 03FF1000#0840112200000001
(1788797915.117552) can0 03FF1000#0840112200000001
(1788797915.222556) can0 03FF1000#0840112200000001
(1788797915.327563) can0 03FF1000#0840112200000001
(1788797915.432569) can0 03FF1000#0840112200000001
(1788797915.537577) can0 03FF1000#0840112200000001
(1788797915.642583) can0 03FF1000#0840112200000001
(1788797915.747586) can0 03FF1000#0840112200000001
(1788797915.852591) can0 03FF1000#0840112200000001
(1788797915.957595) can0 03FF1000#0840112200000001
(1788797916.062607) can0 03FF1000#0840112200000001
(1788797916.167606) can0 03FF1000#0840112200000001
(1788797916.272612) can0 03FF1000#0840112200000001
(1788797916.377617) can0 03FF1000#0840112200000001
(1788797916.482624) can0 03FF1000#0840112200000001
(1788797916.587636) can0 03FF1000#0840112200000001
(1788797916.692634) can0 03FF1000#0840112200000001
(1788797916.797643) can0 03FF1000#0840112200000001
(1788797916.902645) can0 03FF1000#0840112200000001
(1788797917.007652) can0 03FF1000#0840112200000001
(1788797917.112665) can0 03FF1000#0840112200000001
(1788797917.217664) can0 03FF1000#0840112200000001
(1788797917.322670) can0 03FF1000#0840112200000001
(1788797917.427673) can0 03FF1000#0840112200000001
(1788797917.532678) can0 03FF1000#0840112200000001
(1788797917.637691) can0 03FF1000#0840112200000001
(1788797917.742690) can0 03FF1000#0840112200000001
(1788797917.847697) can0 03FF1000#0840112200000001
(1788797917.952701) can0 03FF1000#0840112200000001
(1788797918.057706) can0 03FF1000#0840112200000001
(1788797918.162718) can0 03FF1000#0840112200000001
(1788797918.267719) can0 03FF1000#0840112200000001
(1788797918.372725) can0 03FF1000#0840112200000001
(1788797918.477731) can0 03FF1000#0840112200000001
(1788797918.582739) can0 03FF1000#0840112200000001
(1788797918.687744) can0 03FF1000#0840112200000001
(1788797918.792748) can0 03FF1000#0840112200000001
(1788797918.897756) can0 03FF1000#0840112200000001
(1788797919.002759) can0 03FF1000#0840112200000001
(1788797919.107765) can0 03FF1000#0840112200000001
(1788797919.212773) can0 03FF1000#0840112200000001
(1788797919.317776) can0 03FF1000#0840112200000001
(1788797919.422783) can0 03FF1000#0840112200000001
(1788797919.425779) can0 04FF3400#0000007300000000
(1788797919.527784) can0 03FF1000#0840112200000001
(1788797919.632795) can0 03FF1000#0840112200000001
(1788797919.737802) can0 03FF1000#0840112200000001
(1788797919.842802) can0 03FF1000#0840112200000001
(1788797919.947807) can0 03FF1000#0840112200000001
(1788797920.052813) can0 03FF1000#0840112200000001
(1788797920.157819) can0 03FF1000#0840112200000001
(1788797920.262829) can0 03FF1000#0840112200000001
(1788797920.367831) can0 03FF1000#0840112200000001
(1788797920.472835) can0 03FF1000#0840112200000001
(1788797920.577845) can0 03FF1000#0840112200000001
(1788797920.682847) can0 03FF1000#0840112200000001
(1788797920.787858) can0 03FF1000#0840112200000001
(1788797920.892858) can0 03FF1000#0840112200000001
(1788797920.997117) can0 03FF1000#0840112200000001
(1788797921.102869) can0 03FF1000#0840112200000001
(1788797921.207129) can0 03FF1000#0840112200000001
(1788797921.312122) can0 03FF1000#0840112200000001
(1788797921.417129) can0 03FF1000#0840112200000001
(1788797921.522122) can0 03FF1000#0840112200000001
(1788797921.627156) can0 03FF1000#0840112200000001
(1788797921.732152) can0 03FF1000#0840112200000001
(1788797921.837145) can0 03FF1000#0840112200000001
(1788797921.942133) can0 03FF1000#0840112200000001
(1788797922.047149) can0 03FF1000#0840112200000001
(1788797922.152156) can0 03FF1000#0840112200000001
(1788797922.257161) can0 03FF1000#0840112200000001
(1788797922.362137) can0 03FF1000#0840112200000001
(1788797922.467150) can0 03FF1000#0840112200000001
(1788797922.572142) can0 03FF1000#0840112200000001
(1788797922.677171) can0 03FF1000#0840112200000001
(1788797922.782166) can0 03FF1000#0840112200000001
(1788797922.887165) can0 03FF1000#0840112200000001
(1788797922.992162) can0 03FF1000#0840112200000001
(1788797923.097223) can0 03FF1000#0840112200000001
(1788797923.202177) can0 03FF1000#0840112200000001
(1788797923.307182) can0 03FF1000#0840112200000001
(1788797923.412183) can0 03FF1000#0840112200000001
(1788797923.517160) can0 03FF1000#0840112200000001
(1788797923.622226) can0 03FF1000#0840112200000001
(1788797923.727183) can0 03FF1000#0840112200000001
(1788797923.832194) can0 03FF1000#0840112200000001
(1788797923.937182) can0 03FF1000#0840112200000001
(1788797924.042187) can0 03FF1000#0840112200000001
(1788797924.147239) can0 03FF1000#0840112200000001
(1788797924.252193) can0 03FF1000#0840112200000001
(1788797924.357214) can0 03FF1000#0840112200000001
(1788797924.462198) can0 03FF1000#0840112200000001
(1788797924.567195) can0 03FF1000#0840112200000001
(1788797924.672186) can0 03FF1000#0840112200000001
(1788797924.777214) can0 03FF1000#0840112200000001
(1788797924.882222) can0 03FF1000#0840112200000001
(1788797924.987204) can0 03FF1000#0840112200000001
(1788797925.092192) can0 03FF1000#0840112200000001
(1788797925.197214) can0 03FF1000#0840112200000001
(1788797925.302231) can0 03FF1000#0840112200000001
(1788797925.407224) can0 03FF1000#0840112200000001
(1788797925.512215) can0 03FF1000#0840112200000001
(1788797925.617202) can0 03FF1000#0840112200000001
(1788797925.722212) can0 03FF1000#0840112200000001
(1788797925.827236) can0 03FF1000#0840112200000001
(1788797925.932231) can0 03FF1000#0840112200000001
(1788797926.037228) can0 03FF1000#0840112200000001
(1788797926.142220) can0 03FF1000#0840112200000001
(1788797926.247222) can0 03FF1000#0840112200000001
(1788797926.352247) can0 03FF1000#0840112200000001
(1788797926.457303) can0 03FF1000#0840112200000001
(1788797926.562242) can0 03FF1000#0840112200000001
(1788797926.667239) can0 03FF1000#0840112200000001
(1788797926.772234) can0 03FF1000#0840112200000001
(1788797926.877261) can0 03FF1000#0840112200000001
(1788797926.982322) can0 03FF1000#0840112200000001
(1788797927.087258) can0 03FF1000#0840112200000001
(1788797927.192250) can0 03FF1000#0840112200000001
(1788797927.297257) can0 03FF1000#0840112200000001
(1788797927.402274) can0 03FF1000#0840112200000001
(1788797927.507291) can0 03FF1000#0840112200000001
(1788797927.612262) can0 03FF1000#0840112200000001
(1788797927.717266) can0 03FF1000#0840112200000001
(1788797927.822251) can0 03FF1000#0840112200000001
(1788797927.927277) can0 03FF1000#0840112200000001
(1788797928.032266) can0 03FF1000#0840112200000001
(1788797928.137279) can0 03FF1000#0840112200000001
(1788797928.242271) can0 03FF1000#0840112200000001
(1788797928.347277) can0 03FF1000#0840112200000001
(1788797928.452295) can0 03FF1000#0840112200000001
(1788797928.557299) can0 03FF1000#0840112200000001
(1788797928.662299) can0 03FF1000#0840112200000001
(1788797928.767277) can0 03FF1000#0840112200000001
(1788797928.872286) can0 03FF1000#0840112200000001
(1788797928.977310) can0 03FF1000#0840112200000001
(1788797929.082315) can0 03FF1000#0840112200000001
(1788797929.187317) can0 03FF1000#0840112200000001
(1788797929.292304) can0 03FF1000#0840112200000001
(1788797929.397310) can0 03FF1000#0840112200000001
(1788797929.425311) can0 04FF3400#0000007400000000
(1788797929.502326) can0 03FF1000#0840112200000001
(1788797929.607324) can0 03FF1000#0840112200000001
(1788797929.712328) can0 03FF1000#0840112200000001
(1788797929.817358) can0 03FF1000#0840112200000001
(1788797929.922338) can0 03FF1000#0840112200000001
(1788797930.027343) can0 03FF1000#0840112200000001
(1788797930.132349) can0 03FF1000#0840112200000001
(1788797930.237355) can0 03FF1000#0840112200000001
(1788797930.342378) can0 03FF1000#0840112200000001
(1788797930.447366) can0 03FF1000#0840112200000001
(1788797930.552371) can0 03FF1000#0840112200000001
(1788797930.657382) can0 03FF1000#0840112200000001
(1788797930.762383) can0 03FF1000#0840112200000001
(1788797930.867390) can0 03FF1000#0840112200000001
(1788797930.972393) can0 03FF1000#0840112200000001
(1788797931.077399) can0 03FF1000#0840112200000001
(1788797931.182405) can0 03FF1000#0840112200000001
(1788797931.287411) can0 03FF1000#0840112200000001
(1788797931.392415) can0 03FF1000#0840112200000001
(1788797931.497420) can0 03FF1000#0840112200000001
(1788797931.602431) can0 03FF1000#0840112200000001
(1788797931.707434) can0 03FF1000#0840112200000001
(1788797931.812438) can0 03FF1000#0840112200000001
(1788797931.917447) can0 03FF1000#0840112200000001
(1788797932.022450) can0 03FF1000#0840112200000001
(1788797932.127455) can0 03FF1000#0840112200000001
(1788797932.232459) can0 03FF1000#0840112200000001
(1788797932.337467) can0 03FF1000#0840112200000001
(1788797932.442471) can0 03FF1000#0840112200000001
(1788797932.547476) can0 03FF1000#0840112200000001
(1788797932.652487) can0 03FF1000#0840112200000001
(1788797932.757488) can0 03FF1000#0840112200000001
(1788797932.862499) can0 03FF1000#0840112200000001
(1788797932.967499) can0 03FF1000#0840112200000001
(1788797933.072504) can0 03FF1000#0840112200000001
(1788797933.177510) can0 03FF1000#0840112200000001
(1788797933.282515) can0 03FF1000#0840112200000001
(1788797933.387523) can0 03FF1000#0840112200000001
(1788797933.492526) can0 03FF1000#0840112200000001
(1788797933.597535) can0 03FF1000#0840112200000001
(1788797933.702538) can0 03FF1000#0840112200000001
(1788797933.807543) can0 03FF1000#0840112200000001
(1788797933.912553) can0 03FF1000#0840112200000001
(1788797934.017555) can0 03FF1000#0840112200000001
(1788797934.122561) can0 03FF1000#0840112200000001
(1788797934.227566) can0 03FF1000#0840112200000001
(1788797934.332576) can0 03FF1000#0840112200000001
(1788797934.437581) can0 03FF1000#0840112200000001
(1788797934.542583) can0 03FF1000#0840112200000001
(1788797934.647592) can0 03FF1000#0840112200000001
(1788797934.752596) can0 03FF1000#0840112200000001
(1788797934.857602) can0 03FF1000#0840112200000001
(1788797934.962606) can0 03FF1000#0840112200000001
(1788797935.067611) can0 03FF1000#0840112200000001
(1788797935.172622) can0 03FF1000#0840112200000001
(1788797935.277623) can0 03FF1000#0840112200000001
(1788797935.382627) can0 03FF1000#0840112200000001
(1788797935.487635) can0 03FF1000#0840112200000001
(1788797935.592642) can0 03FF1000#0840112200000001
(1788797935.697643) can0 03FF1000#0840112200000001
(1788797935.802650) can0 03FF1000#0840112200000001
(1788797935.907658) can0 03FF1000#0840112200000001
(1788797936.012662) can0 03FF1000#0840112200000001
(1788797936.117666) can0 03FF1000#0840112200000001
(1788797936.222671) can0 03FF1000#0840112200000001
(1788797936.327677) can0 03FF1000#0840112200000001
(1788797936.432684) can0 03FF1000#0840112200000001
(1788797936.537689) can0 03FF1000#0840112200000001
(1788797936.642699) can0 03FF1000#0840112200000001
(1788797936.747701) can0 03FF1000#0840112200000001
(1788797936.852709) can0 03FF1000#0840112200000001
(1788797936.957711) can0 03FF1000#0840112200000001
(1788797937.062719) can0 03FF1000#0840112200000001
(1788797937.167722) can0 03FF1000#0840112200000001
(1788797937.272729) can0 03FF1000#0840112200000001
(1788797937.377740) can0 03FF1000#0840112200000001
(1788797937.482739) can0 03FF1000#0840112200000001
(1788797937.587749) can0 03FF1000#0840112200000001
(1788797937.692750) can0 03FF1000#0840112200000001
(1788797937.797756) can0 03FF1000#0840112200000001
(1788797937.902764) can0 03FF1000#0840112200000001
(1788797938.007767) can0 03FF1000#0840112200000001
(1788797938.112774) can0 03FF1000#0840112200000001
(1788797938.217778) can0 03FF1000#0840112200000001
(1788797938.322782) can0 03FF1000#0840112200000001
(1788797938.427790) can0 03FF1000#0840112200000001
(1788797938.532795) can0 03FF1000#0840112200000001
(1788797938.637805) can0 03FF1000#0840112200000001
(1788797938.742806) can0 03FF1000#0840112200000001
(1788797938.847815) can0 03FF1000#0840112200000001
(1788797938.952818) can0 03FF1000#0840112200000001
(1788797939.057823) can0 03FF1000#0840112200000001
(1788797939.162830) can0 03FF1000#0840112200000001
(1788797939.267833) can0 03FF1000#0840112200000001
(1788797939.372840) can0 03FF1000#0840112200000001
(1788797939.425083) can0 04FF3400#0000007500000000
(1788797939.477843) can0 03FF1000#0840112200000001
(1788797939.582854) can0 03FF1000#0840112200000001
(1788797939.687858) can0 03FF1000#0840112200000001
(1788797939.792860) can0 03FF1000#0840112200000001
(1788797939.897870) can0 03FF1000#0840112200000001
(1788797940.002871) can0 03FF1000#0840112200000001
(1788797940.107878) can0 03FF1000#0840112200000001
(1788797940.212885) can0 03FF1000#0840112200000001
(1788797940.317888) can0 03FF1000#0840112200000001
(1788797940.422895) can0 03FF1000#0840112200000001
(1788797940.527900) can0 03FF1000#0840112200000001
(1788797940.632909) can0 03FF1000#0840112200000001
(1788797940.737914) can0 03FF1000#0840112200000001
(1788797940.842920) can0 03FF1000#0840112200000001
(1788797940.947922) can0 03FF1000#0840112200000001
(1788797941.052928) can0 03FF1000#0840112200000001
(1788797941.157939) can0 03FF1000#0840112200000001
(1788797941.262942) can0 03FF1000#0840112200000001
(1788797941.367946) can0 03FF1000#0840112200000001
(1788797941.472950) can0 03FF1000#0840112200000001
(1788797941.577956) can0 03FF1000#0840112200000001
(1788797941.682966) can0 03FF1000#0840112200000001
(1788797941.787969) can0 03FF1000#0840112200000001
(1788797941.892976) can0 03FF1000#0840112200000001
(1788797941.997978) can0 03FF1000#0840112200000001
(1788797942.102985) can0 03FF1000#0840112200000001
(1788797942.207990) can0 03FF1000#0840112200000001
(1788797942.312996) can0 03FF1000#0840112200000001
(1788797942.418001) can0 03FF1000#0840112200000001
(1788797942.523005) can0 03FF1000#0840112200000001
(1788797942.628016) can0 03FF1000#0840112200000001
(1788797942.733017) can0 03FF1000#0840112200000001
(1788797942.838028) can0 03FF1000#0840112200000001
(1788797942.943029) can0 03FF1000#0840112200000001
(1788797943.048034) can0 03FF1000#0840112200000001
(1788797943.153040) can0 03FF1000#0840112200000001
(1788797943.258045) can0 03FF1000#0840112200000001
(1788797943.363054) can0 03FF1000#0840112200000001
(1788797943.468057) can0 03FF1000#0840112200000001
(1788797943.573061) can0 03FF1000#0840112200000001
(1788797943.678071) can0 03FF1000#0840112200000001
(1788797943.783073) can0 03FF1000#0840112200000001
(1788797943.888083) can0 03FF1000#0840112200000001
(1788797943.993084) can0 03FF1000#0840112200000001
(1788797944.098089) can0 03FF1000#0840112200000001
(1788797944.203095) can0 03FF1000#0840112200000001
(1788797944.308100) can0 03FF1000#0840112200000001
(1788797944.413108) can0 03FF1000#0840112200000001
(1788797944.518112) can0 03FF1000#0840112200000001
(1788797944.623129) can0 03FF1000#0840112200000001
(1788797944.728123) can0 03FF1000#0840112200000001
(1788797944.833135) can0 03FF1000#0840112200000001
(1788797944.938138) can0 03FF1000#0840112200000001
(1788797945.043140) can0 03FF1000#0840112200000001
(1788797945.148146) can0 03FF1000#0840112200000001
(1788797945.253150) can0 03FF1000#0840112200000001
(1788797945.358157) can0 03FF1000#0840112200000001
(1788797945.463163) can0 03FF1000#0840112200000001
(1788797945.568167) can0 03FF1000#0840112200000001
(1788797945.673178) can0 03FF1000#0840112200000001
(1788797945.778179) can0 03FF1000#0840112200000001
(1788797945.883187) can0 03FF1000#0840112200000001
(1788797945.988193) can0 03FF1000#0840112200000001
(1788797946.093196) can0 03FF1000#0840112200000001
(1788797946.198202) can0 03FF1000#0840112200000001
(1788797946.303206) can0 03FF1000#0840112200000001
(1788797946.408215) can0 03FF1000#0840112200000001
(1788797946.513219) can0 03FF1000#0840112200000001
(1788797946.618229) can0 03FF1000#0840112200000001
(1788797946.723232) can0 03FF1000#0840112200000001
(1788797946.828235) can0 03FF1000#0840112200000001
(1788797946.933244) can0 03FF1000#0840112200000001
(1788797947.038247) can0 03FF1000#0840112200000001
(1788797947.143253) can0 03FF1000#0840112200000001
(1788797947.248257) can0 03FF1000#0840112200000001
(1788797947.353262) can0 03FF1000#0840112200000001
(1788797947.458268) can0 03FF1000#0840112200000001
(1788797947.563274) can0 03FF1000#0840112200000001
(1788797947.668282) can0 03FF1000#0840112200000001
(1788797947.773285) can0 03FF1000#0840112200000001
(1788797947.878294) can0 03FF1000#0840112200000001
(1788797947.983297) can0 03FF1000#0840112200000001
(1788797948.088303) can0 03FF1000#0840112200000001
(1788797948.193308) can0 03FF1000#0840112200000001
(1788797948.298312) can0 03FF1000#0840112200000001
(1788797948.403317) can0 03FF1000#0840112200000001
(1788797948.508323) can0 03FF1000#0840112200000001
(1788797948.613334) can0 03FF1000#0840112200000001
(1788797948.718335) can0 03FF1000#0840112200000001
(1788797948.823340) can0 03FF1000#0840112200000001
(1788797948.928349) can0 03FF1000#0840112200000001
(1788797949.033352) can0 03FF1000#0840112200000001
(1788797949.138359) can0 03FF1000#0840112200000001
(1788797949.243363) can0 03FF1000#0840112200000001
(1788797949.348369) can0 03FF1000#0840112200000001
(1788797949.425372) can0 04FF3400#0000007600000000
(1788797949.453373) can0 03FF1000#0840112200000001
(1788797949.558379) can0 03FF1000#0840112200000001
(1788797949.663389) can0 03FF1000#0840112200000001
(1788797949.768390) can0 03FF1000#0840112200000001
(1788797949.873398) can0 03FF1000#0840112200000001
(1788797949.978402) can0 03FF1000#0840112200000001
(1788797950.083407) can0 03FF1000#0840112200000001
(1788797950.188414) can0 03FF1000#0840112200000001
(1788797950.293417) can0 03FF1000#0840112200000001
(1788797950.398423) can0 03FF1000#0840112200000001
(1788797950.503428) can0 03FF1000#0840112200000001
(1788797950.608439) can0 03FF1000#0840112200000001
(1788797950.713442) can0 03FF1000#0840112200000001
(1788797950.818445) can0 03FF1000#0840112200000001
(1788797950.923455) can0 03FF1000#0840112200000001
(1788797951.028457) can0 03FF1000#0840112200000001
(1788797951.133462) can0 03FF1000#0840112200000001
(1788797951.238470) can0 03FF1000#0840112200000001
(1788797951.343474) can0 03FF1000#0840112200000001
(1788797951.448479) can0 03FF1000#0840112200000001
(1788797951.553485) can0 03FF1000#0840112200000001
(1788797951.658495) can0 03FF1000#0840112200000001
(1788797951.763498) can0 03FF1000#0840112200000001
(1788797951.868504) can0 03FF1000#0840112200000001
(1788797951.973508) can0 03FF1000#0840112200000001
(1788797952.078512) can0 03FF1000#0840112200000001
(1788797952.183518) can0 03FF1000#0840112200000001
(1788797952.288525) can0 03FF1000#0840112200000001
(1788797952.393529) can0 03FF1000#0840112200000001
(1788797952.498534) can0 03FF1000#0840112200000001
(1788797952.602799) can0 03FF1000#0840112200000001
(1788797952.707801) can0 03FF1000#0840112200000001
(1788797952.813552) can0 03FF1000#0840112200000001
(1788797952.918559) can0 03FF1000#0840112200000001
(1788797953.022817) can0 03FF1000#0840112200000001
(1788797953.127817) can0 03FF1000#0840112200000001
(1788797953.232805) can0 03FF1000#0840112200000001
(1788797953.337836) can0 03FF1000#0840112200000001
(1788797953.442828) can0 03FF1000#0840112200000001
(1788797953.547822) can0 03FF1000#0840112200000001
(1788797953.652815) can0 03FF1000#0840112200000001
(1788797953.757805) can0 03FF1000#0840112200000001
(1788797953.862842) can0 03FF1000#0840112200000001
(1788797953.967845) can0 03FF1000#0840112200000001
(1788797954.072820) can0 03FF1000#0840112200000001
(1788797954.177832) can0 03FF1000#0840112200000001
(1788797954.282837) can0 03FF1000#0840112200000001
(1788797954.387856) can0 03FF1000#0840112200000001
(1788797954.492859) can0 03FF1000#0840112200000001
(1788797954.597857) can0 03FF1000#0840112200000001
(1788797954.702839) can0 03FF1000#0840112200000001
(1788797954.807858) can0 03FF1000#0840112200000001
(1788797954.912858) can0 03FF1000#0840112200000001
(1788797955.017875) can0 03FF1000#0840112200000001
(1788797955.122905) can0 03FF1000#0840112200000001
(1788797955.227841) can0 03FF1000#0840112200000001
(1788797955.332841) can0 03FF1000#0840112200000001
(1788797955.437878) can0 03FF1000#0840112200000001
(1788797955.542881) can0 03FF1000#0840112200000001
(1788797955.647926) can0 03FF1000#0840112200000001
(1788797955.752872) can0 03FF1000#0840112200000001
(1788797955.857875) can0 03FF1000#0840112200000001
(1788797955.962894) can0 03FF1000#0840112200000001
(1788797956.067897) can0 03FF1000#0840112200000001
(1788797956.172888) can0 03FF1000#0840112200000001
(1788797956.277873) can0 03FF1000#0840112200000001
(1788797956.382880) can0 03FF1000#0840112200000001
(1788797956.487894) can0 03FF1000#0840112200000001
(1788797956.592890) can0 03FF1000#0840112200000001
(1788797956.697901) can0 03FF1000#0840112200000001
(1788797956.802890) can0 03FF1000#0840112200000001
(1788797956.907887) can0 03FF1000#0840112200000001
(1788797957.012916) can0 03FF1000#0840112200000001
(1788797957.117919) can0 03FF1000#0840112200000001
(1788797957.222901) can0 03FF1000#0840112200000001
(1788797957.327889) can0 03FF1000#0840112200000001
(1788797957.432900) can0 03FF1000#0840112200000001
(1788797957.537918) can0 03FF1000#0840112200000001
(1788797957.642939) can0 03FF1000#0840112200000001
(1788797957.747913) can0 03FF1000#0840112200000001
(1788797957.852914) can0 03FF1000#0840112200000001
(1788797957.957962) can0 03FF1000#0840112200000001
(1788797958.062948) can0 03FF1000#0840112200000001
(1788797958.167927) can0 03FF1000#0840112200000001
(1788797958.272923) can0 03FF1000#0840112200000001
(1788797958.377916) can0 03FF1000#0840112200000001
(1788797958.482978) can0 03FF1000#0840112200000001
(1788797958.587934) can0 03FF1000#0840112200000001
(1788797958.692959) can0 03FF1000#0840112200000001
(1788797958.797939) can0 03FF1000#0840112200000001
(1788797958.902935) can0 03FF1000#0840112200000001
(1788797959.007980) can0 03FF1000#0840112200000001
(1788797959.112961) can0 03FF1000#0840112200000001
(1788797959.217963) can0 03FF1000#0840112200000001
(1788797959.322954) can0 03FF1000#0840112200000001
(1788797959.424913) can0 04FF3400#0000007700000000
(1788797959.425900) can0 04FF3603#0300000000000000
(1788797959.427935) can0 03FF1000#0840112200000001
(1788797959.532954) can0 03FF1000#0840112200000001
(1788797959.637973) can0 03FF1000#0840112200000001
(1788797959.742977) can0 03FF1000#0840112200000001
(1788797959.847959) can0 03FF1000#0840112200000001
(1788797959.952968) can0 03FF1000#0840112200000001
(1788797960.057943) can0 03FF1000#0840112200000001
(1788797960.162988) can0 03FF1000#0840112200000001
(1788797960.267980) can0 03FF1000#0840112200000001
(1788797960.372986) can0 03FF1000#0840112200000001
(1788797960.477968) can0 03FF1000#0840112200000001
(1788797960.582961) can0 03FF1000#0840112200000001
(1788797960.687972) can0 03FF1000#0840112200000001
(1788797960.792997) can0 03FF1000#0840112200000001
(1788797960.897982) can0 03FF1000#0840112200000001
(1788797961.002984) can0 03FF1000#0840112200000001
(1788797961.107988) can0 03FF1000#0840112200000001
(1788797961.212997) can0 03FF1000#0840112200000001
(1788797961.318054) can0 03FF1000#0840112200000001
(1788797961.423005) can0 03FF1000#0840112200000001
(1788797961.528010) can0 03FF1000#0840112200000001
(1788797961.633020) can0 03FF1000#0840112200000001
(1788797961.738025) can0 03FF1000#0840112200000001
(1788797961.843039) can0 03FF1000#0840112200000001
(1788797961.948036) can0 03FF1000#0840112200000001
(1788797962.053039) can0 03FF1000#0840112200000001
(1788797962.158044) can0 03FF1000#0840112200000001
(1788797962.263051) can0 03FF1000#0840112200000001
(1788797962.368055) can0 03FF1000#0840112200000001
(1788797962.473059) can0 03FF1000#0840112200000001
(1788797962.578064) can0 03FF1000#0840112200000001
(1788797962.683075) can0 03FF1000#0840112200000001
(1788797962.788078) can0 03FF1000#0840112200000001
(1788797962.893085) can0 03FF1000#0840112200000001
(1788797962.998088) can0 03FF1000#0840112200000001
(1788797963.103092) can0 03FF1000#0840112200000001
(1788797963.208098) can0 03FF1000#0840112200000001
(1788797963.313105) can0 03FF1000#0840112200000001
(1788797963.418111) can0 03FF1000#0840112200000001
(1788797963.523114) can0 03FF1000#0840112200000001
(1788797963.628123) can0 03FF1000#0840112200000001
(1788797963.733124) can0 03FF1000#0840112200000001
(1788797963.838137) can0 03FF1000#0840112200000001
(1788797963.943141) can0 03FF1000#0840112200000001
(1788797964.048143) can0 03FF1000#0840112200000001
(1788797964.153147) can0 03FF1000#0840112200000001
(1788797964.258153) can0 03FF1000#0840112200000001
(1788797964.363164) can0 03FF1000#0840112200000001
(1788797964.468164) can0 03FF1000#0840112200000001
(1788797964.573168) can0 03FF1000#0840112200000001
(1788797964.678178) can0 03FF1000#0840112200000001
(1788797964.783184) can0 03FF1000#0840112200000001
(1788797964.888192) can0 03FF1000#0840112200000001
(1788797964.993190) can0 03FF1000#0840112200000001
(1788797965.098201) can0 03FF1000#0840112200000001
(1788797965.203205) can0 03FF1000#0840112200000001
(1788797965.308206) can0 03FF1000#0840112200000001
(1788797965.413217) can0 03FF1000#0840112200000001
(1788797965.518217) can0 03FF1000#0840112200000001
(1788797965.623227) can0 03FF1000#0840112200000001
(1788797965.728227) can0 03FF1000#0840112200000001
(1788797965.833233) can0 03FF1000#0840112200000001
(1788797965.938245) can0 03FF1000#0840112200000001
(1788797966.043244) can0 03FF1000#0840112200000001
(1788797966.148250) can0 03FF1000#0840112200000001
(1788797966.253255) can0 03FF1000#0840112200000001
(1788797966.358259) can0 03FF1000#0840112200000001
(1788797966.463273) can0 03FF1000#0840112200000001
(1788797966.568271) can0 03FF1000#0840112200000001
(1788797966.673281) can0 03FF1000#0840112200000001
(1788797966.778282) can0 03FF1000#0840112200000001
(1788797966.883291) can0 03FF1000#0840112200000001
(1788797966.988299) can0 03FF1000#0840112200000001
(1788797967.093299) can0 03FF1000#0840112200000001
(1788797967.198307) can0 03FF1000#0840112200000001
(1788797967.303310) can0 03FF1000#0840112200000001
(1788797967.408317) can0 03FF1000#0840112200000001
(1788797967.513325) can0 03FF1000#0840112200000001
(1788797967.618330) can0 03FF1000#0840112200000001
(1788797967.723330) can0 03FF1000#0840112200000001
(1788797967.828336) can0 03FF1000#0840112200000001
(1788797967.933345) can0 03FF1000#0840112200000001
(1788797968.038354) can0 03FF1000#0840112200000001
(1788797968.143356) can0 03FF1000#0840112200000001
(1788797968.248359) can0 03FF1000#0840112200000001
(1788797968.353363) can0 03FF1000#0840112200000001
(1788797968.458370) can0 03FF1000#0840112200000001
(1788797968.563382) can0 03FF1000#0840112200000001
(1788797968.668384) can0 03FF1000#0840112200000001
(1788797968.773386) can0 03FF1000#0840112200000001
(1788797968.878395) can0 03FF1000#0840112200000001
(1788797968.983398) can0 03FF1000#0840112200000001
(1788797969.088408) can0 03FF1000#0840112200000001
(1788797969.193411) can0 03FF1000#0840112200000001
(1788797969.298413) can0 03FF1000#0840112200000001
(1788797969.403418) can0 03FF1000#0840112200000001
(1788797969.425419) can0 04FF3400#0000007800000000
(1788797969.508426) can0 03FF1000#0840112200000001
(1788797969.613438) can0 03FF1000#0840112200000001
(1788797969.718436) can0 03FF1000#0840112200000001
(1788797969.823439) can0 03FF1000#0840112200000001
(1788797969.928448) can0 03FF1000#0840112200000001
(1788797970.033451) can0 03FF1000#0840112200000001
(1788797970.138462) can0 03FF1000#0840112200000001
(1788797970.243462) can0 03FF1000#0840112200000001
(1788797970.348467) can0 03FF1000#0840112200000001
(1788797970.453474) can0 03FF1000#0840112200000001
(1788797970.558478) can0 03FF1000#0840112200000001
(1788797970.663489) can0 03FF1000#0840112200000001
(1788797970.768489) can0 03FF1000#0840112200000001
(1788797970.873497) can0 03FF1000#0840112200000001
(1788797970.978500) can0 03FF1000#0840112200000001
(1788797971.083506) can0 03FF1000#0840112200000001
(1788797971.188520) can0 03FF1000#0840112200000001
(1788797971.293517) can0 03FF1000#0840112200000001
(1788797971.398522) can0 03FF1000#0840112200000001
(1788797971.503526) can0 03FF1000#0840112200000001
(1788797971.608533) can0 03FF1000#0840112200000001
(1788797971.713545) can0 03FF1000#0840112200000001
(1788797971.818542) can0 03FF1000#0840112200000001
(1788797971.923552) can0 03FF1000#0840112200000001
(1788797972.028554) can0 03FF1000#0840112200000001
(1788797972.133559) can0 03FF1000#0840112200000001
(1788797972.238572) can0 03FF1000#0840112200000001
(1788797972.343571) can0 03FF1000#0840112200000001
(1788797972.448578) can0 03FF1000#0840112200000001
(1788797972.553583) can0 03FF1000#0840112200000001
(1788797972.658591) can0 03FF1000#0840112200000001
(1788797972.763598) can0 03FF1000#0840112200000001
(1788797972.868600) can0 03FF1000#0840112200000001
(1788797972.973603) can0 03FF1000#0840112200000001
(1788797973.078608) can0 03FF1000#0840112200000001
(1788797973.183614) can0 03FF1000#0840112200000001
(1788797973.288624) can0 03FF1000#0840112200000001
(1788797973.393628) can0 03FF1000#0840112200000001
(1788797973.498631) can0 03FF1000#0840112200000001
(1788797973.603635) can0 03FF1000#0840112200000001
(1788797973.708644) can0 03FF1000#0840112200000001
(1788797973.813652) can0 03FF1000#0840112200000001
(1788797973.918654) can0 03FF1000#0840112200000001
(1788797974.023660) can0 03FF1000#0840112200000001
(1788797974.128665) can0 03FF1000#0840112200000001
(1788797974.233670) can0 03FF1000#0840112200000001
(1788797974.338679) can0 03FF1000#0840112200000001
(1788797974.443682) can0 03FF1000#0840112200000001
(1788797974.548687) can0 03FF1000#0840112200000001
(1788797974.653695) can0 03FF1000#0840112200000001
(1788797974.758699) can0 03FF1000#0840112200000001
(1788797974.863706) can0 03FF1000#0840112200000001
(1788797974.968710) can0 03FF1000#0840112200000001
(1788797975.073714) can0 03FF1000#0840112200000001
(1788797975.178720) can0 03FF1000#0840112200000001
(1788797975.283725) can0 03FF1000#0840112200000001
(1788797975.388734) can0 03FF1000#0840112200000001
(1788797975.493736) can0 03FF1000#0840112200000001
(1788797975.598743) can0 03FF1000#0840112200000001
(1788797975.703748) can0 03FF1000#0840112200000001
(1788797975.808752) can0 03FF1000#0840112200000001
(1788797975.913761) can0 03FF1000#0840112200000001
(1788797976.018764) can0 03FF1000#0840112200000001
(1788797976.123769) can0 03FF1000#0840112200000001
(1788797976.228774) can0 03FF1000#0840112200000001
(1788797976.333779) can0 03FF1000#0840112200000001
(1788797976.438787) can0 03FF1000#0840112200000001
(1788797976.543790) can0 03FF1000#0840112200000001
(1788797976.648798) can0 03FF1000#0840112200000001
(1788797976.753801) can0 03FF1000#0840112200000001
(1788797976.858808) can0 03FF1000#0840112200000001
(1788797976.963814) can0 03FF1000#0840112200000001
(1788797977.068817) can0 03FF1000#0840112200000001
(1788797977.173826) can0 03FF1000#0840112200000001
(1788797977.278828) can0 03FF1000#0840112200000001
(1788797977.383835) can0 03FF1000#0840112200000001
(1788797977.488842) can0 03FF1000#0840112200000001
(1788797977.593844) can0 03FF1000#0840112200000001
(1788797977.698850) can0 03FF1000#0840112200000001
(1788797977.803856) can0 03FF1000#0840112200000001
(1788797977.908861) can0 03FF1000#0840112200000001
(1788797978.013869) can0 03FF1000#0840112200000001
(1788797978.118872) can0 03FF1000#0840112200000001
(1788797978.223878) can0 03FF1000#0840112200000001
(1788797978.328883) can0 03FF1000#0840112200000001
(1788797978.433889) can0 03FF1000#0840112200000001
(1788797978.538895) can0 03FF1000#0840112200000001
(1788797978.643901) can0 03FF1000#0840112200000001
(1788797978.748905) can0 03FF1000#0840112200000001
(1788797978.853908) can0 03FF1000#0840112200000001
(1788797978.958916) can0 03FF1000#0840112200000001
(1788797979.063924) can0 03FF1000#0840112200000001
(1788797979.168927) can0 03FF1000#0840112200000001
(1788797979.273934) can0 03FF1000#0840112200000001
(1788797979.378937) can0 03FF1000#0840112200000001
(1788797979.424940) can0 04FF3400#0000007900000000
(1788797979.483943) can0 03FF1000#0840112200000001
(1788797979.588950) can0 03FF1000#0840112200000001
(1788797979.693956) can0 03FF1000#0840112200000001
(1788797979.798960) can0 03FF1000#0840112200000001
(1788797979.903965) can0 03FF1000#0840112200000001
(1788797980.008969) can0 03FF1000#0840112200000001
(1788797980.113978) can0 03FF1000#0840112200000001
(1788797980.218981) can0 03FF1000#0840112200000001
(1788797980.323986) can0 03FF1000#0840112200000001
(1788797980.428992) can0 03FF1000#0840112200000001
(1788797980.533996) can0 03FF1000#0840112200000001
(1788797980.639006) can0 03FF1000#0840112200000001
(1788797980.744007) can0 03FF1000#0840112200000001
(1788797980.849010) can0 03FF1000#0840112200000001
(1788797980.954020) can0 03FF1000#0840112200000001
(1788797981.059023) can0 03FF1000#0840112200000001
(1788797981.164031) can0 03FF1000#0840112200000001
(1788797981.269034) can0 03FF1000#0840112200000001
(1788797981.374038) can0 03FF1000#0840112200000001
(1788797981.479047) can0 03FF1000#0840112200000001
(1788797981.584051) can0 03FF1000#0840112200000001
(1788797981.689060) can0 03FF1000#0840112200000001
(1788797981.794062) can0 03FF1000#0840112200000001
(1788797981.899069) can0 03FF1000#0840112200000001
(1788797982.004073) can0 03FF1000#0840112200000001
(1788797982.109076) can0 03FF1000#0840112200000001
(1788797982.214086) can0 03FF1000#0840112200000001
(1788797982.319089) can0 03FF1000#0840112200000001
(1788797982.424094) can0 03FF1000#0840112200000001
(1788797982.529100) can0 03FF1000#0840112200000001
(1788797982.634106) can0 03FF1000#0840112200000001
(1788797982.739114) can0 03FF1000#0840112200000001
(1788797982.844116) can0 03FF1000#0840112200000001
(1788797982.949121) can0 03FF1000#0840112200000001
(1788797983.054127) can0 03FF1000#0840112200000001
(1788797983.159135) can0 03FF1000#0840112200000001
(1788797983.264140) can0 03FF1000#0840112200000001
(1788797983.369143) can0 03FF1000#0840112200000001
(1788797983.474150) can0 03FF1000#0840112200000001
(1788797983.579154) can0 03FF1000#0840112200000001
(1788797983.684162) can0 03FF1000#0840112200000001
(1788797983.789168) can0 03FF1000#0840112200000001
(1788797983.893428) can0 03FF1000#0840112200000001
(1788797983.999177) can0 03FF1000#0840112200000001
(1788797984.104180) can0 03FF1000#0840112200000001
(1788797984.209188) can0 03FF1000#0840112200000001
(1788797984.314195) can0 03FF1000#0840112200000001
(1788797984.418454) can0 03FF1000#0840112200000001
(1788797984.524204) can0 03FF1000#0840112200000001
(1788797984.629210) can0 03FF1000#0840112200000001
(1788797984.733469) can0 03FF1000#0840112200000001
(1788797984.838466) can0 03FF1000#0840112200000001
(1788797984.943466) can0 03FF1000#0840112200000001
(1788797985.048484) can0 03FF1000#0840112200000001
(1788797985.153467) can0 03FF1000#0840112200000001
(1788797985.258473) can0 03FF1000#0840112200000001
(1788797985.363481) can0 03FF1000#0840112200000001
(1788797985.468473) can0 03FF1000#0840112200000001
(1788797985.573488) can0 03FF1000#0840112200000001
(1788797985.678495) can0 03FF1000#0840112200000001
(1788797985.783485) can0 03FF1000#0840112200000001
(1788797985.888485) can0 03FF1000#0840112200000001
(1788797985.993476) can0 03FF1000#0840112200000001
(1788797986.098503) can0 03FF1000#0840112200000001
(1788797986.203506) can0 03FF1000#0840112200000001
(1788797986.308503) can0 03FF1000#0840112200000001
(1788797986.413490) can0 03FF1000#0840112200000001
(1788797986.518493) can0 03FF1000#0840112200000001
(1788797986.623541) can0 03FF1000#0840112200000001
(1788797986.728516) can0 03FF1000#0840112200000001
(1788797986.833496) can0 03FF1000#0840112200000001
(1788797986.938506) can0 03FF1000#0840112200000001
(1788797987.043491) can0 03FF1000#0840112200000001
(1788797987.148560) can0 03FF1000#0840112200000001
(1788797987.253529) can0 03FF1000#0840112200000001
(1788797987.358520) can0 03FF1000#0840112200000001
(1788797987.463516) can0 03FF1000#0840112200000001
(1788797987.568511) can0 03FF1000#0840112200000001
(1788797987.673565) can0 03FF1000#0840112200000001
(1788797987.778546) can0 03FF1000#0840112200000001
(1788797987.883524) can0 03FF1000#0840112200000001
(1788797987.988525) can0 03FF1000#0840112200000001
(1788797988.093539) can0 03FF1000#0840112200000001
(1788797988.198556) can0 03FF1000#0840112200000001
(1788797988.303545) can0 03FF1000#0840112200000001
(1788797988.408543) can0 03FF1000#0840112200000001
(1788797988.513529) can0 03FF1000#0840112200000001
(1788797988.618531) can0 03FF1000#0840112200000001
(1788797988.723522) can0 03FF1000#0840112200000001
(1788797988.828553) can0 03FF1000#0840112200000001
(1788797988.933549) can0 03FF1000#0840112200000001
(1788797989.038556) can0 03FF1000#0840112200000001
(1788797989.143550) can0 03FF1000#0840112200000001
(1788797989.248552) can0 03FF1000#0840112200000001
(1788797989.353566) can0 03FF1000#0840112200000001
(1788797989.424607) can0 04FF3400#0000007A00000000
(1788797989.458558) can0 03FF1000#0840112200000001
(1788797989.563560) can0 03FF1000#0840112200000001
(1788797989.668564) can0 03FF1000#0840112200000001
(1788797989.773556) can0 03FF1000#0840112200000001
(1788797989.878578) can0 03FF1000#0840112200000001
(1788797989.983625) can0 03FF1000#0840112200000001
(1788797990.088575) can0 03FF1000#0840112200000001
(1788797990.193566) can0 03FF1000#0840112200000001
(1788797990.298571) can0 03FF1000#0840112200000001
(1788797990.403588) can0 03FF1000#0840112200000001
(1788797990.508641) can0 03FF1000#0840112200000001
(1788797990.613579) can0 03FF1000#0840112200000001
(1788797990.718579) can0 03FF1000#0840112200000001
(1788797990.823576) can0 03FF1000#0840112200000001
(1788797990.928615) can0 03FF1000#0840112200000001
(1788797991.033598) can0 03FF1000#0840112200000001
(1788797991.138590) can0 03FF1000#0840112200000001
(1788797991.243586) can0 03FF1000#0840112200000001
(1788797991.348590) can0 03FF1000#0840112200000001
(1788797991.453608) can0 03FF1000#0840112200000001
(1788797991.558613) can0 03FF1000#0840112200000001
(1788797991.663600) can0 03FF1000#0840112200000001
(1788797991.768590) can0 03FF1000#0840112200000001
(1788797991.873605) can0 03FF1000#0840112200000001
(1788797991.978632) can0 03FF1000#0840112200000001
(1788797992.083617) can0 03FF1000#0840112200000001
(1788797992.188603) can0 03FF1000#0840112200000001
(1788797992.293617) can0 03FF1000#0840112200000001
(1788797992.398618) can0 03FF1000#0840112200000001
(1788797992.503640) can0 03FF1000#0840112200000001
(1788797992.608633) can0 03FF1000#0840112200000001
(1788797992.713630) can0 03FF1000#0840112200000001
(1788797992.818679) can0 03FF1000#0840112200000001
(1788797992.923640) can0 03FF1000#0840112200000001
(1788797993.028644) can0 03FF1000#0840112200000001
(1788797993.133649) can0 03FF1000#0840112200000001
(1788797993.238657) can0 03FF1000#0840112200000001
(1788797993.343684) can0 03FF1000#0840112200000001
(1788797993.448666) can0 03FF1000#0840112200000001
(1788797993.553671) can0 03FF1000#0840112200000001
(1788797993.658678) can0 03FF1000#0840112200000001
(1788797993.763684) can0 03FF1000#0840112200000001
(1788797993.868687) can0 03FF1000#0840112200000001
(1788797993.973693) can0 03FF1000#0840112200000001
(1788797994.078698) can0 03FF1000#0840112200000001
(1788797994.183704) can0 03FF1000#0840112200000001
(1788797994.288712) can0 03FF1000#0840112200000001
(1788797994.393715) can0 03FF1000#0840112200000001
(1788797994.498720) can0 03FF1000#0840112200000001
(1788797994.603725) can0 03FF1000#0840112200000001
(1788797994.708732) can0 03FF1000#0840112200000001
(1788797994.813739) can0 03FF1000#0840112200000001
(1788797994.918743) can0 03FF1000#0840112200000001
(1788797995.023747) can0 03FF1000#0840112200000001
(1788797995.128753) can0 03FF1000#0840112200000001
(1788797995.233758) can0 03FF1000#0840112200000001
(1788797995.338766) can0 03FF1000#0840112200000001
(1788797995.443770) can0 03FF1000#0840112200000001
(1788797995.548774) can0 03FF1000#0840112200000001
(1788797995.653781) can0 03FF1000#0840112200000001
(1788797995.758786) can0 03FF1000#0840112200000001
(1788797995.863792) can0 03FF1000#0840112200000001
(1788797995.968797) can0 03FF1000#0840112200000001
(1788797996.073802) can0 03FF1000#0840112200000001
(1788797996.178808) can0 03FF1000#0840112200000001
(1788797996.283813) can0 03FF1000#0840112200000001
(1788797996.388820) can0 03FF1000#0840112200000001
(1788797996.493826) can0 03FF1000#0840112200000001
(1788797996.598829) can0 03FF1000#0840112200000001
(1788797996.703836) can0 03FF1000#0840112200000001
(1788797996.808840) can0 03FF1000#0840112200000001
(1788797996.913847) can0 03FF1000#0840112200000001
(1788797997.018850) can0 03FF1000#0840112200000001
(1788797997.123853) can0 03FF1000#0840112200000001
(1788797997.228861) can0 03FF1000#0840112200000001
(1788797997.333866) can0 03FF1000#0840112200000001
(1788797997.438876) can0 03FF1000#0840112200000001
(1788797997.543878) can0 03FF1000#0840112200000001
(1788797997.648885) can0 03FF1000#0840112200000001
(1788797997.753889) can0 03FF1000#0840112200000001
(1788797997.858892) can0 03FF1000#0840112200000001
(1788797997.963902) can0 03FF1000#0840112200000001
(1788797998.068905) can0 03FF1000#0840112200000001
(1788797998.173911) can0 03FF1000#0840112200000001
(1788797998.278915) can0 03FF1000#0840112200000001
(1788797998.383919) can0 03FF1000#0840112200000001
(1788797998.488931) can0 03FF1000#0840112200000001
(1788797998.593933) can0 03FF1000#0840112200000001
(1788797998.698940) can0 03FF1000#0840112200000001
(1788797998.803943) can0 03FF1000#0840112200000001
(1788797998.908949) can0 03FF1000#0840112200000001
(1788797999.013958) can0 03FF1000#0840112200000001
(1788797999.118960) can0 03FF1000#0840112200000001
(1788797999.223965) can0 03FF1000#0840112200000001
(1788797999.328972) can0 03FF1000#0840112200000001
(1788797999.424976) can0 04FF3400#0000007B00000000
(1788797999.433978) can0 03FF1000#0840112200000001
(1788797999.538984) can0 03FF1000#0840112200000001
(1788797999.643988) can0 03FF1000#0840112200000001
(1788797999.748993) can0 03FF1000#0840112200000001
(1788797999.853995) can0 03FF1000#0840112200000001
(1788797999.959003) can0 03FF1000#0840112200000001
(1788798000.064010) can0 03FF1000#0840112200000001
(1788798000.169015) can0 03FF1000#0840112200000001
(1788798000.274020) can0 03FF1000#0840112200000001
(1788798000.379023) can0 03FF1000#0840112200000001
(1788798000.484031) can0 03FF1000#0840112200000001
(1788798000.589037) can0 03FF1000#0840112200000001
(1788798000.694043) can0 03FF1000#0840112200000001
(1788798000.799047) can0 03FF1000#0840112200000001
(1788798000.904052) can0 03FF1000#0840112200000001
(1788798001.009058) can0 03FF1000#0840112200000001
(1788798001.114065) can0 03FF1000#0840112200000001
(1788798001.219070) can0 03FF1000#0840112200000001
(1788798001.324074) can0 03FF1000#0840112200000001
(1788798001.429081) can0 03FF1000#0840112200000001
(1788798001.534085) can0 03FF1000#0840112200000001
(1788798001.639092) can0 03FF1000#0840112200000001
(1788798001.744097) can0 03FF1000#0840112200000001
(1788798001.849101) can0 03FF1000#0840112200000001
(1788798001.954107) can0 03FF1000#0840112200000001
(1788798002.059112) can0 03FF1000#0840112200000001
(1788798002.164119) can0 03FF1000#0840112200000001
(1788798002.269123) can0 03FF1000#0840112200000001
(1788798002.374126) can0 03FF1000#0840112200000001
(1788798002.479134) can0 03FF1000#0840112200000001
(1788798002.584138) can0 03FF1000#0840112200000001
(1788798002.689147) can0 03FF1000#0840112200000001
(1788798002.794152) can0 03FF1000#0840112200000001
(1788798002.899153) can0 03FF1000#0840112200000001
(1788798003.004162) can0 03FF1000#0840112200000001
(1788798003.109166) can0 03FF1000#0840112200000001
(1788798003.214175) can0 03FF1000#0840112200000001
(1788798003.319179) can0 03FF1000#0840112200000001
(1788798003.424182) can0 03FF1000#0840112200000001
(1788798003.529187) can0 03FF1000#0840112200000001
(1788798003.634191) can0 03FF1000#0840112200000001
(1788798003.739202) can0 03FF1000#0840112200000001
(1788798003.844206) can0 03FF1000#0840112200000001
(1788798003.949211) can0 03FF1000#0840112200000001
(1788798004.054215) can0 03FF1000#0840112200000001
(1788798004.159221) can0 03FF1000#0840112200000001
(1788798004.264229) can0 03FF1000#0840112200000001
(1788798004.369232) can0 03FF1000#0840112200000001
(1788798004.474238) can0 03FF1000#0840112200000001
(1788798004.579242) can0 03FF1000#0840112200000001
(1788798004.684250) can0 03FF1000#0840112200000001
(1788798004.789256) can0 03FF1000#0840112200000001
(1788798004.894260) can0 03FF1000#0840112200000001
(1788798004.999266) can0 03FF1000#0840112200000001
(1788798005.104270) can0 03FF1000#0840112200000001
(1788798005.209275) can0 03FF1000#0840112200000001
(1788798005.314283) can0 03FF1000#0840112200000001
(1788798005.419287) can0 03FF1000#0840112200000001
(1788798005.524292) can0 03FF1000#0840112200000001
(1788798005.629295) can0 03FF1000#0840112200000001
(1788798005.734303) can0 03FF1000#0840112200000001
(1788798005.839310) can0 03FF1000#0840112200000001
(1788798005.944315) can0 03FF1000#0840112200000001
(1788798006.049318) can0 03FF1000#0840112200000001
(1788798006.154324) can0 03FF1000#0840112200000001
(1788798006.259331) can0 03FF1000#0840112200000001
(1788798006.364347) can0 03FF1000#0840112200000001
(1788798006.469343) can0 03FF1000#0840112200000001
(1788798006.574342) can0 03FF1000#0840112200000001
(1788798006.679355) can0 03FF1000#0840112200000001
(1788798006.784354) can0 03FF1000#0840112200000001
(1788798006.889367) can0 03FF1000#0840112200000001
(1788798006.994369) can0 03FF1000#0840112200000001
(1788798007.099370) can0 03FF1000#0840112200000001
(1788798007.204376) can0 03FF1000#0840112200000001
(1788798007.309381) can0 03FF1000#0840112200000001
(1788798007.414392) can0 03FF1000#0840112200000001
(1788798007.519393) can0 03FF1000#0840112200000001
(1788798007.624398) can0 03FF1000#0840112200000001
(1788798007.729408) can0 03FF1000#0840112200000001
(1788798007.834409) can0 03FF1000#0840112200000001
(1788798007.939421) can0 03FF1000#0840112200000001
(1788798008.044420) can0 03FF1000#0840112200000001
(1788798008.149424) can0 03FF1000#0840112200000001
(1788798008.254430) can0 03FF1000#0840112200000001
(1788798008.359434) can0 03FF1000#0840112200000001
(1788798008.464447) can0 03FF1000#0840112200000001
(1788798008.569446) can0 03FF1000#0840112200000001
(1788798008.674456) can0 03FF1000#0840112200000001
(1788798008.779459) can0 03FF1000#0840112200000001
(1788798008.884463) can0 03FF1000#0840112200000001
(1788798008.989474) can0 03FF1000#0840112200000001
(1788798009.094475) can0 03FF1000#0840112200000001
(1788798009.199482) can0 03FF1000#0840112200000001
(1788798009.304491) can0 03FF1000#0840112200000001
(1788798009.409492) can0 03FF1000#0840112200000001
(1788798009.424495) can0 04FF3400#0000007C00000000
(1788798009.514497) can0 03FF1000#0840112200000001
(1788798009.619501) can0 03FF1000#0840112200000001
(1788798009.724512) can0 03FF1000#0840112200000001
(1788798009.829513) can0 03FF1000#0840112200000001
(1788798009.934520) can0 03FF1000#0840112200000001
(1788798010.039529) can0 03FF1000#0840112200000001
(1788798010.144531) can0 03FF1000#0840112200000001
(1788798010.249534) can0 03FF1000#0840112200000001
(1788798010.354540) can0 03FF1000#0840112200000001
(1788798010.459545) can0 03FF1000#0840112200000001
(1788798010.564556) can0 03FF1000#0840112200000001
(1788798010.669560) can0 03FF1000#0840112200000001
(1788798010.774561) can0 03FF1000#0840112200000001
(1788798010.879565) can0 03FF1000#0840112200000001
(1788798010.984575) can0 03FF1000#0840112200000001
(1788798011.089582) can0 03FF1000#0840112200000001
(1788798011.194587) can0 03FF1000#0840112200000001
(1788798011.299589) can0 03FF1000#0840112200000001
(1788798011.404594) can0 03FF1000#0840112200000001
(1788798011.509599) can0 03FF1000#0840112200000001
(1788798011.614610) can0 03FF1000#0840112200000001
(1788798011.719614) can0 03FF1000#0840112200000001
(1788798011.824617) can0 03FF1000#0840112200000001
(1788798011.929624) can0 03FF1000#0840112200000001
(1788798012.034627) can0 03FF1000#0840112200000001
(1788798012.139637) can0 03FF1000#0840112200000001
(1788798012.244636) can0 03FF1000#0840112200000001
(1788798012.349643) can0 03FF1000#0840112200000001
(1788798012.454650) can0 03FF1000#0840112200000001
(1788798012.559654) can0 03FF1000#0840112200000001
(1788798012.664666) can0 03FF1000#0840112200000001
(1788798012.769665) can0 03FF1000#0840112200000001
(1788798012.874670) can0 03FF1000#0840112200000001
(1788798012.979678) can0 03FF1000#0840112200000001
(1788798013.084681) can0 03FF1000#0840112200000001
(1788798013.189693) can0 03FF1000#0840112200000001
(1788798013.294693) can0 03FF1000#0840112200000001
